/m/02q87p8	/people/person/profession	/m/02zq43
/m/02q87p8	/people/person/profession	/m/080knyg
/m/02hvkf	/book/book/genre	/m/05hgj
/m/05f4p	/people/person/profession	/m/0q04f
/m/0c66dm	/biology/organism_classification/rank	/m/0235l
/m/0fs8tty	/music/album/genre	/m/02pbzv
/m/02qmjqd	/music/album/genre	/m/0xhtw
/m/026nfdb	/people/person/profession	/m/03q3x5
/m/03v1s	/people/person/profession	/m/0fj9f
/m/04zwc	/people/person/profession	/m/0h9c
/m/04b3ym	/people/person/profession	/m/07ldhs
/m/01gct2	/people/person/profession	/m/0cbd2
/m/050yl	/people/person/profession	/m/02hrh1q
/m/04mx9x_	/people/person/profession	/m/01nbk4
/m/04q7g0w	/book/book/genre	/m/02bkdn
/m/09v0p2c	/biology/organism_classification/rank	/m/09lc9
/m/09gp3y1	/people/person/profession	/m/01flzb
/m/0mxhc	/book/book/genre	/m/014dfn
/m/03_wpf	/book/book/genre	/m/01hmnh
/m/0c90ts	/book/book/genre	/m/0ycht
/m/07hpv3	/people/person/profession	/m/0fj9f
/m/02krdz	/people/person/profession	/m/0d8qb
/m/01z5tr	/people/person/profession	/m/09j9h
/m/024sbq	/music/album/genre	/m/05jt_
/m/01jwy3j	/music/album/genre	/m/05g_nr
/m/01jwy3j	/music/album/genre	/m/02l4rh
/m/02qb0k1	/people/person/profession	/m/01y81r
/m/016cjb	/people/person/profession	/m/012t_z
/m/04q0qff	/sports/pro_athlete/sports_played_professionally./sports/pro_sports_played/sport	/m/01750n
/m/014vm4	/people/person/profession	/m/02hrh1q
/m/0c3_y14	/sports/pro_athlete/sports_played_professionally./sports/pro_sports_played/sport	/m/04t2t
/m/0k_6t	/people/person/profession	/m/05z96
/m/01gqg3	/people/person/profession	/m/0cbd2
/m/0d_c21	/biology/organism_classification/rank	/m/02c98m
/m/055c8	/people/person/profession	/m/0cbd2
/m/02phm7w	/people/person/profession	/m/01f7gh
/m/05ddnxr	/tv/tv_series_episode/series	/m/0bszz
/m/079p5c	/music/album/genre	/m/01vj9c
/m/0dt645q	/sports/pro_athlete/sports_played_professionally./sports/pro_sports_played/sport	/m/02vx4
/m/01trtc	/people/person/profession	/m/0cbd2
/m/01gh30	/people/person/profession	/m/0gj96ln
/m/01jdf89	/music/album/genre	/m/07hyk
/m/028qyn	/music/album/genre	/m/0glt670
/m/01jdf89	/music/album/genre	/m/06r713
/m/02qkwnn	/biology/organism_classification/rank	/m/0gl2ny2
/m/02mz_6	/people/person/profession	/m/0d8qb
/m/04n03fk	/people/person/profession	/m/01tfck
/m/01qg7c	/people/person/profession	/m/0dxtg
/m/05q43vd	/people/person/profession	/m/0q8p8
/m/0l8z1	/people/person/profession	/m/02hrh1q
/m/0lbsddj	/tv/tv_series_episode/series	/m/07h9gp
/m/02ldmw	/music/album/genre	/m/059kh
/m/01_4mn	/music/album/genre	/m/0l14gg
/m/01hs096	/music/album/genre	/m/034bs
/m/025sqz8	/music/album/genre	/m/01fbr2
/m/06t2t	/people/person/profession	/m/05vyk
/m/02qcpzb	/people/person/profession	/m/06cmd2
/m/02rjzd0	/people/person/profession	/m/03rk0
/m/0hkst	/tv/tv_series_episode/series	/m/0n2bh
/m/0x2hn	/people/person/profession	/m/080ntlp
/m/0c30bk	/sports/pro_athlete/sports_played_professionally./sports/pro_sports_played/sport	/m/0cmdwwg
/m/0d8qrb	/people/person/profession	/m/016jfw
/m/0gg4v5t	/people/person/profession	/m/032r4n
/m/0272vm	/music/album/genre	/m/03lty
/m/0gy1grx	/music/album/genre	/m/0nj7b
/m/0gy1grx	/music/album/genre	/m/01n30p
/m/0h962tx	/people/person/profession	/m/07hgm
/m/026vcg2	/sports/pro_athlete/sports_played_professionally./sports/pro_sports_played/sport	/m/088tp3
/m/027914q	/sports/pro_athlete/sports_played_professionally./sports/pro_sports_played/sport	/m/04999m
/m/038c0q	/biology/organism_classification/rank	/m/09lc9
/m/09v5bdn	/people/person/profession	/m/02hrh1q
/m/0f5kw7	/people/person/profession	/m/0dz3r
/m/0gvt1zv	/people/person/profession	/m/06jk5_
/m/0b1xl	/people/person/profession	/m/09jwl
/m/04fd1qx	/people/person/profession	/m/01c979
/m/04fd1qx	/people/person/profession	/m/0f612
/m/01ft14	/people/person/profession	/m/025352
/m/05dv57b	/tv/tv_series_episode/series	/m/01zg98
/m/01ngxm	/music/album/genre	/m/0m40d
/m/08ppn5	/music/album/genre	/m/0bzk8w
/m/0h1m9	/book/book/genre	/m/017fp
/m/09pjnd	/book/book/genre	/m/0xdf
/m/02rtlp5	/sports/pro_athlete/sports_played_professionally./sports/pro_sports_played/sport	/m/02vx4
/m/04vvh9	/people/person/profession	/m/02hrh1q
/m/01r1w3	/people/person/profession	/m/04h07s
/m/01r1w3	/people/person/profession	/m/01dys
/m/01r1w3	/people/person/profession	/m/09sdmz
/m/0kft	/people/person/profession	/m/05t4q
/m/06znpjr	/tv/tv_series_episode/series	/m/023ny6
/m/09rxpkt	/people/person/profession	/m/05jzt3
/m/09rxpkt	/people/person/profession	/m/03jxw
/m/0190zg	/biology/organism_classification/rank	/m/06zf0
/m/0dscdxb	/people/person/profession	/m/087v17
/m/0fgjhc	/people/person/profession	/m/0603qp
/m/05n6sq	/people/person/profession	/m/0fj9f
/m/026w4kw	/people/person/profession	/m/02z1yj
/m/02p289	/biology/organism_classification/rank	/m/02w0dc0
/m/04kjvt	/people/person/profession	/m/0fj9f
/m/02ctzb	/biology/organism_classification/rank	/m/06zf0
/m/0393g	/people/person/profession	/m/03sbb
/m/09tlc8	/sports/pro_athlete/sports_played_professionally./sports/pro_sports_played/sport	/m/03tmr
/m/04dynl	/cvg/computer_videogame/cvg_genre	/m/01tfck
/m/0fvd03	/cvg/computer_videogame/cvg_genre	/m/0hfjk
/m/04dynl	/cvg/computer_videogame/cvg_genre	/m/02rf1y
/m/04dynl	/cvg/computer_videogame/cvg_genre	/m/09g0h
/m/08q1tg	/biology/organism_classification/rank	/m/09lc9
/m/02w9s	/people/person/profession	/m/0np9r
/m/0g5ff	/people/person/profession	/m/02hrh1q
/m/0yc84	/music/album/genre	/m/03339m
/m/027qsnz	/tv/tv_series_episode/series	/m/0bk17k
/m/01dz7z	/sports/pro_athlete/sports_played_professionally./sports/pro_sports_played/sport	/m/09xp_
/m/03d11gf	/people/person/profession	/m/022jr5
/m/03gxqsb	/people/person/profession	/m/06xw2
/m/03mv2p	/biology/organism_classification/rank	/m/02qgqt
/m/047dk_5	/people/person/profession	/m/0nbwf
/m/07vk9f	/people/person/profession	/m/02hrh1q
/m/04v18k	/people/person/profession	/m/02hxcvy
/m/04v18k	/people/person/profession	/m/01q7cb_
/m/020mfr	/people/person/profession	/m/099md
/m/04z_8t7	/cvg/computer_videogame/cvg_genre	/m/016zxr
/m/01ksr1	/cvg/computer_videogame/cvg_genre	/m/02x9hs
/m/0d63kt	/biology/organism_classification/rank	/m/06zf0
/m/0dnkmq	/sports/pro_athlete/sports_played_professionally./sports/pro_sports_played/sport	/m/02vx4
/m/03zbws	/people/person/profession	/m/0cbd2
/m/0bx3jg	/people/person/profession	/m/05qmj
/m/03qmj9	/biology/organism_classification/rank	/m/06zf0
/m/0g5qhgl	/music/album/genre	/m/0ky6d
/m/0g5qhgl	/music/album/genre	/m/0fxwx
/m/0g5qhgl	/music/album/genre	/m/0hpyv
/m/04dqx	/sports/pro_athlete/sports_played_professionally./sports/pro_sports_played/sport	/m/022tzk
/m/014kj2	/people/person/profession	/m/02hrh1q
/m/04dqx	/people/person/profession	/m/0ny75
/m/04dqx	/people/person/profession	/m/01d5vk
/m/05z125	/people/person/profession	/m/03jn4
/m/0jdr0	/tv/tv_series_episode/series	/m/05pbsry
/m/02mv9b	/biology/organism_classification/rank	/m/0fl35
/m/0h0k5n	/people/person/profession	/m/0fxwx
/m/0bxbb	/sports/pro_athlete/sports_played_professionally./sports/pro_sports_played/sport	/m/0jm_
/m/01vtmw6	/sports/pro_athlete/sports_played_professionally./sports/pro_sports_played/sport	/m/09xp_
/m/04kt31	/people/person/profession	/m/06m6p7
/m/08t2v1	/people/person/profession	/m/02psgvg
/m/0brr_f	/people/person/profession	/m/0ncq_
/m/0brr_f	/people/person/profession	/m/029r_2
/m/01vwyqp	/music/album/genre	/m/052smk
/m/0qr4n	/music/album/genre	/m/0mmp3
/m/0gtt5nc	/music/album/genre	/m/016tvq
/m/01mhr3s	/music/album/genre	/m/036k0s
/m/02csf7	/people/person/profession	/m/057__d
/m/02qfq1s	/people/person/profession	/m/0hkwr
/m/02z3bch	/people/person/profession	/m/0vfs8
/m/0qmny	/people/person/profession	/m/02jknp
/m/01t8vq	/people/person/profession	/m/03gjzk
/m/02z3bch	/people/person/profession	/m/0qf3p
/m/07sb1	/people/person/profession	/m/02krf9
/m/037gjc	/music/album/genre	/m/016clz
/m/03gbdgc	/music/album/genre	/m/054gwt
/m/02hfp_	/music/album/genre	/m/05jg58
/m/05d7rk	/music/album/genre	/m/06by7
/m/018lkp	/music/album/genre	/m/01cbwl
/m/05dqhzg	/tv/tv_series_episode/series	/m/015njf
/m/05nfmgt	/tv/tv_series_episode/series	/m/0b_6h7
/m/0621cs	/sports/pro_athlete/sports_played_professionally./sports/pro_sports_played/sport	/m/03tmr
/m/07wh1	/music/album/genre	/m/08cyft
/m/047gpsd	/music/album/genre	/m/02t8gf
/m/0k60	/music/album/genre	/m/0xv2x
/m/02tr7d	/music/album/genre	/m/0m0jc
/m/02g2yr	/people/person/profession	/m/0dz3r
/m/029q_y	/people/person/profession	/m/09jwl
/m/0495ys	/people/person/profession	/m/0nbcg
/m/0dyjz	/music/album/genre	/m/07yklv
/m/0fy34l	/music/album/genre	/m/01243b
/m/0465sdr	/people/person/profession	/m/01r6jt2
/m/0465sdr	/people/person/profession	/m/014jyk
/m/0465sdr	/people/person/profession	/m/02079p
/m/0335fp	/sports/pro_athlete/sports_played_professionally./sports/pro_sports_played/sport	/m/018w8
/m/02qvkj	/people/person/profession	/m/02hrh1q
/m/09qbdc	/people/person/profession	/m/0dz3r
/m/0275676	/people/person/profession	/m/02b10g
/m/017z49	/people/person/profession	/m/0dz96
/m/0djnpm	/biology/organism_classification/rank	/m/01hqk
/m/0180z2	/people/person/profession	/m/018ctl
/m/0dw4b0	/people/person/profession	/m/016z4k
/m/03gqd88	/people/person/profession	/m/04mlmx
/m/03gqd88	/people/person/profession	/m/09b83
/m/03j2xpq	/people/person/profession	/m/02qkt
/m/014l7h	/people/person/profession	/m/09jwl
/m/0pqzh	/sports/pro_athlete/sports_played_professionally./sports/pro_sports_played/sport	/m/018jz
/m/06zq9fc	/music/album/genre	/m/0m5pn
/m/06zq9fc	/music/album/genre	/m/0cj2nl
/m/02p59ry	/music/album/genre	/m/016clz
/m/02bn75	/people/person/profession	/m/0c5lg
/m/016ywb	/people/person/profession	/m/0fj9f
/m/0by0k8h	/people/person/profession	/m/0b1q7c
/m/02l4rh	/people/person/profession	/m/01d30f
/m/0nfwpxb	/music/album/genre	/m/0f_y9
/m/0dq626	/people/person/profession	/m/0fj9f
/m/01rcm2	/people/person/profession	/m/03w6sj
/m/02_w_r9	/biology/organism_classification/rank	/m/09lc9
/m/03ydry	/music/album/genre	/m/0m0jc
/m/03g6k5t	/music/album/genre	/m/06r3p2
/m/03g6k5t	/music/album/genre	/m/07m9cm
/m/02qsqmq	/people/person/profession	/m/0d1pc
/m/0273f9p	/people/person/profession	/m/016z2j
/m/06z9k8	/sports/pro_athlete/sports_played_professionally./sports/pro_sports_played/sport	/m/09xp_
/m/0c4hnm	/sports/pro_athlete/sports_played_professionally./sports/pro_sports_played/sport	/m/018jz
/m/0_g_6	/biology/organism_classification/rank	/m/09lc9
/m/01zh3_	/people/person/profession	/m/04gc2
/m/05gg4	/people/person/profession	/m/0dxtg
/m/074_3b	/people/person/profession	/m/03clwtw
/m/0b__73w	/biology/organism_classification/rank	/m/0521d_3
/m/0cv9b	/people/person/profession	/m/02hrh1q
/m/026ldz7	/music/album/genre	/m/02lkt
/m/01vsrsz	/people/person/profession	/m/03j367r
/m/0b68vs	/people/person/profession	/m/0dz3r
/m/02wgbb	/people/person/profession	/m/0nbcg
/m/0z4_0	/people/person/profession	/m/09jwl
/m/01vsrsz	/people/person/profession	/m/06274w
/m/027gnwg	/sports/pro_athlete/sports_played_professionally./sports/pro_sports_played/sport	/m/01314k
/m/02mh2j	/people/person/profession	/m/0f03_
/m/08z956	/people/person/profession	/m/04gc2
/m/05gxby	/people/person/profession	/m/08lr6s
/m/0c038gn	/music/album/genre	/m/015ln1
/m/0ny57	/music/album/genre	/m/064t9
/m/0c038gn	/music/album/genre	/m/0f1vrl
/m/0c038gn	/music/album/genre	/m/025jbj
/m/0h6sv	/people/person/profession	/m/0fj9f
/m/04b_jc	/people/person/profession	/m/016z4k
/m/01hb9p	/people/person/profession	/m/071ywj
/m/02pxds5	/people/person/profession	/m/097ns
/m/07jwr	/people/person/profession	/m/02hrh1q
/m/02q_ylv	/book/book/genre	/m/03g90h
/m/0_678	/book/book/genre	/m/0xdf
/m/05zn92p	/book/book/genre	/m/014dfn
/m/0ht8h	/book/book/genre	/m/06n90
/m/01vwyqp	/sports/pro_athlete/sports_played_professionally./sports/pro_sports_played/sport	/m/09xp_
/m/04qbrlv	/people/person/profession	/m/026q3s3
/m/09gdb56	/book/book/genre	/m/08yx9q
/m/01llxp	/book/book/genre	/m/0dwly
/m/09gdb56	/book/book/genre	/m/08qnnv
/m/0b4c0p	/people/person/profession	/m/02h40lc
/m/0b1zz	/people/person/profession	/m/02hrh1q
/m/04dm2n	/cvg/computer_videogame/cvg_genre	/m/025zzc
/m/0bmhk0g	/cvg/computer_videogame/cvg_genre	/m/01699
/m/01pxg	/cvg/computer_videogame/cvg_genre	/m/01j17q
/m/0jwl2	/cvg/computer_videogame/cvg_genre	/m/02x9hs
/m/06jnv	/people/person/profession	/m/015cjr
/m/0c6qlf	/people/person/profession	/m/0dg3n1
/m/03cg8gx	/people/person/profession	/m/01fq7
/m/0657zp	/cvg/computer_videogame/cvg_genre	/m/05hyzx
/m/06r713	/people/person/profession	/m/02hrh1q
/m/01dyvs	/sports/pro_athlete/sports_played_professionally./sports/pro_sports_played/sport	/m/037hz
/m/02wh0	/people/person/profession	/m/03sbb
/m/02r3cn	/people/person/profession	/m/0cbd2
/m/03wczc9	/biology/organism_classification/rank	/m/02784z
/m/0cg39k	/tv/tv_series_episode/series	/m/0358x_
/m/02ptczs	/biology/organism_classification/rank	/m/0fl35
/m/04z542	/biology/organism_classification/rank	/m/06zf0
/m/016s0m	/people/person/profession	/m/0jgxn
/m/0jkvj	/music/album/genre	/m/0cx7f
/m/080knyg	/people/person/profession	/m/0cbd2
/m/0124t3	/people/person/profession	/m/02fz3w
/m/024_ql	/people/person/profession	/m/0d8qb
/m/01m15br	/biology/organism_classification/rank	/m/06zf0
/m/03pp8_	/people/person/profession	/m/0h3y
/m/03pp8_	/people/person/profession	/m/08wjc1
/m/03pp8_	/people/person/profession	/m/03c7ln
/m/04fjzv	/tv/tv_series_episode/series	/m/01b65l
/m/0cjyjg	/people/person/profession	/m/0325pb
/m/01lj_c	/biology/organism_classification/rank	/m/09lc9
/m/02q5jsd	/music/album/genre	/m/06y8v
/m/07jjt	/music/album/genre	/m/03lty
/m/062yh9	/music/album/genre	/m/0dl5d
/m/06cl2w	/music/album/genre	/m/0dls3
/m/02q5jsd	/music/album/genre	/m/06whf
/m/02x1n30	/biology/organism_classification/rank	/m/01c99j
/m/02cg2v	/biology/organism_classification/rank	/m/06zf0
/m/02z6gl8	/people/person/profession	/m/017mbb
/m/0h95zbp	/people/person/profession	/m/0fj9f
/m/06sdkq	/people/person/profession	/m/0863x_
/m/01v80y	/biology/organism_classification/rank	/m/06zf0
/m/0dtw1x	/people/person/profession	/m/0fj9f
/m/08vxk5	/people/person/profession	/m/02hrh1q
/m/07fnyl	/book/book/genre	/m/02psgq
/m/0c32fs	/music/album/genre	/m/05fjf
/m/0c32fs	/music/album/genre	/m/0lkm
/m/0fgyvs	/sports/pro_athlete/sports_played_professionally./sports/pro_sports_played/sport	/m/01hdht
/m/0gfx38	/people/person/profession	/m/01ptsx
/m/01v0fn1	/sports/pro_athlete/sports_played_professionally./sports/pro_sports_played/sport	/m/09xp_
/m/0gr69	/people/person/profession	/m/04gc2
/m/027hyk1	/people/person/profession	/m/031hxk
/m/027hyk1	/people/person/profession	/m/026mmy
/m/0x0d	/people/person/profession	/m/0dz3r
/m/025m98	/people/person/profession	/m/02tx6q
/m/0b2k_s	/book/book/genre	/m/0cxgc
/m/0b2k_s	/book/book/genre	/m/0f25y
/m/0b2k_s	/book/book/genre	/m/01tp5bj
/m/0cny4pc	/people/person/profession	/m/0g02vk
/m/0m2gk	/sports/pro_athlete/sports_played_professionally./sports/pro_sports_played/sport	/m/06zgc
/m/02qrbbx	/people/person/profession	/m/02hrh1q
/m/04hgh3	/sports/pro_athlete/sports_played_professionally./sports/pro_sports_played/sport	/m/015y_n
/m/05z61w	/people/person/profession	/m/06gmr
/m/0cw67g	/people/person/profession	/m/0fj9f
/m/01wn718	/people/person/profession	/m/05z96
/m/03zv2t	/tv/tv_series_episode/series	/m/0phrl
/m/0267bjg	/people/person/profession	/m/0642xf3
/m/0267bjg	/people/person/profession	/m/01xysf
/m/0330wg	/book/book/genre	/m/0gltv
/m/0540p10	/sports/pro_athlete/sports_played_professionally./sports/pro_sports_played/sport	/m/03nm_fh
/m/05p0ywh	/biology/organism_classification/rank	/m/09kvv
/m/0m93	/music/album/genre	/m/0190xp
/m/01m7d2m	/music/album/genre	/m/07z542
/m/0gy4k	/music/album/genre	/m/03lty
/m/09xzd	/music/album/genre	/m/07bbw
/m/0dm0f	/music/album/genre	/m/03xnwz
/m/0gl3hr	/people/person/profession	/m/080ntlp
/m/02qmncd	/biology/organism_classification/rank	/m/0fl35
/m/03djpm	/biology/organism_classification/rank	/m/06zf0
/m/07x47cq	/tv/tv_series_episode/series	/m/01r4bps
/m/012fzm	/people/person/profession	/m/0fj9f
/m/0g199d	/people/person/profession	/m/0cdbq
/m/0g199d	/people/person/profession	/m/06dv3
/m/0kxbc	/people/person/profession	/m/0dxtg
/m/0g199d	/people/person/profession	/m/0c_tl
/m/01j03zs	/music/album/genre	/m/0cpz4k
/m/0mbx4	/music/album/genre	/m/0m0jc
/m/01j03zs	/music/album/genre	/m/07yklv
/m/01j03zs	/music/album/genre	/m/0jcpw
/m/01wkmyx	/people/person/profession	/m/0lk8j
/m/01wkmyx	/people/person/profession	/m/0fpj4lx
/m/092vkg	/people/person/profession	/m/0np9r
/m/02nbflm	/book/book/genre	/m/03dpqd
/m/01pbs9w	/people/person/profession	/m/0n1h
/m/02qwwqs	/people/person/profession	/m/021gzd
/m/0jm4v	/people/person/profession	/m/0fj9f
/m/04z9tp	/people/person/profession	/m/049dk
/m/04z9tp	/people/person/profession	/m/05925
/m/05m5xr	/tv/tv_series_episode/series	/m/0k2q
/m/0dwqn8	/sports/pro_athlete/sports_played_professionally./sports/pro_sports_played/sport	/m/04ltf
/m/06ztvyx	/music/album/genre	/m/0glt670
/m/01h_n4h	/music/album/genre	/m/04z1v0
/m/03f02ct	/music/album/genre	/m/016_nr
/m/019mdt	/sports/pro_athlete/sports_played_professionally./sports/pro_sports_played/sport	/m/02vx4
/m/01k9gb	/people/person/profession	/m/0gl2ny2
/m/0c5dd	/cvg/computer_videogame/cvg_genre	/m/07yqn
/m/08t7nz	/cvg/computer_videogame/cvg_genre	/m/025zzc
/m/03y2kr	/sports/pro_athlete/sports_played_professionally./sports/pro_sports_played/sport	/m/09xp_
/m/0c1sgd3	/people/person/profession	/m/03m3mgq
/m/09kvv	/biology/organism_classification/rank	/m/09lc9
/m/03cvfz	/people/person/profession	/m/02zy1z
/m/07c6l	/people/person/profession	/m/0jgxn
/m/027vps	/music/album/genre	/m/04z1v0
/m/0g_rs_	/music/album/genre	/m/016zgj
/m/03hzqc2	/people/person/profession	/m/0lsxr
/m/03nltr8	/cvg/computer_videogame/cvg_genre	/m/0clz1b
/m/0183z2	/cvg/computer_videogame/cvg_genre	/m/02vx4
/m/0c1pj	/book/book/genre	/m/02n4kr
/m/0gwvst	/book/book/genre	/m/01w8sf
/m/0gwvst	/book/book/genre	/m/0c12h
/m/08qz1l	/sports/pro_athlete/sports_played_professionally./sports/pro_sports_played/sport	/m/0jm_
/m/01nhhz	/people/person/profession	/m/02hrh1q
/m/0285c	/sports/pro_athlete/sports_played_professionally./sports/pro_sports_played/sport	/m/018w8
/m/02tkzn	/people/person/profession	/m/030pm0
/m/09dvgb8	/people/person/profession	/m/0d8qb
/m/0gy19r	/people/person/profession	/m/02rjv2w
/m/0jl1ndn	/music/album/genre	/m/01w7nww
/m/0jl1ndn	/music/album/genre	/m/0150t6
/m/01lsh_8	/music/album/genre	/m/07x4qr
/m/03cp2g7	/people/person/profession	/m/0j2zj
/m/060y54	/sports/pro_athlete/sports_played_professionally./sports/pro_sports_played/sport	/m/06dv3
/m/01gvpz	/people/person/profession	/m/0g7nc
/m/0ymff	/people/person/profession	/m/06q2q
/m/01yf92	/people/person/profession	/m/01pxg
/m/04m_zp	/people/person/profession	/m/0fj9f
/m/0kvgxk	/people/person/profession	/m/09j9h
/m/0bqxw	/people/person/profession	/m/05z96
/m/01c_7y	/people/person/profession	/m/01r7pq
/m/0264zzg	/sports/pro_athlete/sports_played_professionally./sports/pro_sports_played/sport	/m/078lk
/m/0ddj0x	/people/person/profession	/m/0d1pc
/m/01m3dv	/people/person/profession	/m/03gkb0
/m/07245g	/people/person/profession	/m/0kyk
/m/017jd9	/people/person/profession	/m/02hrh1q
/m/0s0tr	/biology/organism_classification/rank	/m/06zf0
/m/0kvtr	/people/person/profession	/m/080ntlp
/m/05dhdd7	/tv/tv_series_episode/series	/m/059_y8d
/m/06zll8p	/people/person/profession	/m/01wf86y
/m/0509cr	/people/person/profession	/m/02hrh1q
/m/0dxltb	/people/person/profession	/m/0cvbb9q
/m/0fyjjm	/people/person/profession	/m/03f4k
/m/01kx_st	/music/album/genre	/m/03c6s24
/m/01kx_st	/music/album/genre	/m/04cwcdb
/m/04xrl8	/people/person/profession	/m/0d4fqn
/m/09wvng	/people/person/profession	/m/0204jh
/m/01zfzb	/people/person/profession	/m/0mn6
/m/0194zl	/people/person/profession	/m/0kyk
/m/01jtd16	/music/album/genre	/m/01f2w0
/m/02j416	/music/album/genre	/m/06by7
/m/03kx49	/music/album/genre	/m/01rthc
/m/0276g8h	/sports/pro_athlete/sports_played_professionally./sports/pro_sports_played/sport	/m/0b_yz
/m/01w4c9	/people/person/profession	/m/02hrh1q
/m/04bbx2	/people/person/profession	/m/04_sqm
/m/04bbx2	/people/person/profession	/m/0gtv7pk
/m/04f_qt8	/biology/organism_classification/rank	/m/01ldw4
/m/0cc846d	/people/person/profession	/m/02jknp
/m/018fwv	/people/person/profession	/m/0dxtg
/m/04z0g	/people/person/profession	/m/01d_h8
/m/0ffcvk	/people/person/profession	/m/04smkr
/m/01fbr2	/book/book/genre	/m/05qgc
/m/0cjdk	/biology/organism_classification/rank	/m/06zf0
/m/01p_76k	/people/person/profession	/m/0_rwf
/m/01p_76k	/people/person/profession	/m/0hkpn
/m/01zwn0	/people/person/profession	/m/06f0dc
/m/0sbv7	/people/person/profession	/m/0cbd2
/m/021w0_	/music/album/genre	/m/05r6t
/m/02qx31j	/people/person/profession	/m/0j11
/m/0d19y2	/sports/pro_athlete/sports_played_professionally./sports/pro_sports_played/sport	/m/0jm_
/m/06kkgw	/tv/tv_series_episode/series	/m/030cx
/m/04f2zj	/people/person/profession	/m/01d_h8
/m/07sz1	/people/person/profession	/m/02jknp
/m/0cm_07	/people/person/profession	/m/023gxx
/m/0hn8hw_	/people/person/profession	/m/01qvz8
/m/0ksgxj	/people/person/profession	/m/0g9yrw
/m/014zcr	/cvg/computer_videogame/cvg_genre	/m/0k80c
/m/02pgwh1	/cvg/computer_videogame/cvg_genre	/m/0g2ff
/m/02tn9z	/people/person/profession	/m/06x43v
/m/03gdxp	/people/person/profession	/m/0cc846d
/m/062bt_	/people/person/profession	/m/06k02
/m/09gk1f5	/music/album/genre	/m/05z01
/m/0n23_	/music/album/genre	/m/07gxw
/m/09gk1f5	/music/album/genre	/m/0dc_ms
/m/059x3p	/people/person/profession	/m/0d8qb
/m/01585b	/people/person/profession	/m/0d8qb
/m/0fff1s	/people/person/profession	/m/05397h
/m/026gs8q	/people/person/profession	/m/0fz2y7
/m/020l9r	/biology/organism_classification/rank	/m/06zf0
/m/0dk0dj	/people/person/profession	/m/0cbd2
/m/01wb8bs	/sports/pro_athlete/sports_played_professionally./sports/pro_sports_played/sport	/m/03tmr
/m/02lt8	/biology/organism_classification/rank	/m/06zf0
/m/06kcjr	/people/person/profession	/m/0fj9f
/m/0bs09xw	/people/person/profession	/m/0xn6
/m/07dvs	/people/person/profession	/m/02hrh1q
/m/0gqwjv	/people/person/profession	/m/027qb1
/m/06jntd	/sports/pro_athlete/sports_played_professionally./sports/pro_sports_played/sport	/m/01cgz
/m/015_1q	/people/person/profession	/m/012t_z
/m/0g686w	/people/person/profession	/m/02hrh1q
/m/03nhw1	/people/person/profession	/m/011ykb
/m/04d_hy3	/sports/pro_athlete/sports_played_professionally./sports/pro_sports_played/sport	/m/0cymp
/m/0fby2t	/tv/tv_series_episode/series	/m/06w7mlh
/m/0bs4t29	/cvg/computer_videogame/cvg_genre	/m/07nvmx
/m/0bs4t29	/cvg/computer_videogame/cvg_genre	/m/030tjk
/m/0bs4t29	/cvg/computer_videogame/cvg_genre	/m/013_vh
/m/0127ps	/cvg/computer_videogame/cvg_genre	/m/057m6
/m/0bw5j4	/sports/pro_athlete/sports_played_professionally./sports/pro_sports_played/sport	/m/0jmdb
/m/0d3f0t	/people/person/profession	/m/069nzr
/m/0dd3z5	/book/book/genre	/m/0xdf
/m/041n28	/book/book/genre	/m/02xlf
/m/0c11mj	/book/book/genre	/m/014dfn
/m/0d8cr0	/people/person/profession	/m/01445t
/m/01y665	/people/person/profession	/m/02hrh1q
/m/03l6q0	/people/person/profession	/m/01tkqy
/m/0jcpw	/people/person/profession	/m/02jknp
/m/01kc4s	/people/person/profession	/m/0mn6
/m/03b04g	/people/person/profession	/m/02hrh1q
/m/0dbpwb	/sports/pro_athlete/sports_played_professionally./sports/pro_sports_played/sport	/m/09xp_
/m/06bw5	/music/album/genre	/m/06by7
/m/02qfk4j	/music/album/genre	/m/064t9
/m/02x9439	/biology/organism_classification/rank	/m/07s9rl0
/m/04bp94	/people/person/profession	/m/019fz
/m/0xdf	/people/person/profession	/m/0g7nc
/m/05tk7y	/people/person/profession	/m/0mn6
/m/097c4g	/people/person/profession	/m/0gkjy
/m/097c4g	/people/person/profession	/m/03ynwqj
/m/02qfv5d	/people/person/profession	/m/02jknp
/m/0bqj84	/music/album/genre	/m/0q48z
/m/07vfy4	/music/album/genre	/m/016_v3
/m/03cyxxf	/people/person/profession	/m/07zqnm
/m/04m_wgq	/sports/pro_athlete/sports_played_professionally./sports/pro_sports_played/sport	/m/0b0nq2
/m/04m_wgq	/people/person/profession	/m/0152cw
/m/0796ppm	/tv/tv_series_episode/series	/m/029cr
/m/02ht1k	/people/person/profession	/m/0nbcg
/m/0f2x0	/people/person/profession	/m/05w5d
/m/0f2x0	/people/person/profession	/m/01ycbq
/m/05hs4r	/people/person/profession	/m/09jwl
/m/0gk_dmn	/people/person/profession	/m/0c1gj5
/m/03_lf	/sports/pro_athlete/sports_played_professionally./sports/pro_sports_played/sport	/m/02vx4
/m/04g51	/sports/pro_athlete/sports_played_professionally./sports/pro_sports_played/sport	/m/018w8
/m/07j8r	/people/person/profession	/m/02y5kn
/m/0j2zj	/people/person/profession	/m/0g_qdz
/m/02x20n7	/people/person/profession	/m/0280061
/m/03h46jc	/people/person/profession	/m/01h18v
/m/03h46jc	/people/person/profession	/m/0mn6
/m/03h46jc	/people/person/profession	/m/04pyp5
/m/045c7b	/people/person/profession	/m/02krf9
/m/03ndvj	/people/person/profession	/m/06vbd
/m/03cvfg	/music/album/genre	/m/0gywn
/m/05m_zqb	/music/album/genre	/m/0cbd2
/m/0rxyk	/music/album/genre	/m/0glt670
/m/05m_zqb	/music/album/genre	/m/05p3738
/m/05m_zqb	/music/album/genre	/m/03ttn0
/m/05m_zqb	/music/album/genre	/m/02tkzn
/m/0cbkc	/biology/organism_classification/rank	/m/06zf0
/m/02g2yr	/people/person/profession	/m/04gc2
/m/02v0ff	/people/person/profession	/m/0d8qb
/m/02grjf	/biology/organism_classification/rank	/m/09lc9
/m/086v28	/people/person/profession	/m/0kc8y
/m/02qr69m	/people/person/profession	/m/01d_h8
/m/0gmltkc	/people/person/profession	/m/0785v8
/m/01k6n52	/music/album/genre	/m/01rgdw
/m/02rn_bj	/music/album/genre	/m/03p7rp
/m/01k6n52	/music/album/genre	/m/052h3
/m/034n2g	/sports/pro_athlete/sports_played_professionally./sports/pro_sports_played/sport	/m/018jz
/m/02r8pr1	/cvg/computer_videogame/cvg_genre	/m/02zn1b
/m/015srx	/cvg/computer_videogame/cvg_genre	/m/07yqn
/m/02r8pr1	/cvg/computer_videogame/cvg_genre	/m/026xt5c
/m/02w52ns	/cvg/computer_videogame/cvg_genre	/m/0nzlp
/m/02w52ns	/cvg/computer_videogame/cvg_genre	/m/04f6df0
/m/04gthnd	/sports/pro_athlete/sports_played_professionally./sports/pro_sports_played/sport	/m/0jj85
/m/01750n	/tv/tv_series_episode/series	/m/0phrl
/m/03m5k	/cvg/computer_videogame/cvg_genre	/m/02x9hs
/m/0b4bsm	/cvg/computer_videogame/cvg_genre	/m/07wqr6
/m/0b4bsm	/cvg/computer_videogame/cvg_genre	/m/0p7pw
/m/04ld94	/biology/organism_classification/rank	/m/09lc9
/m/01vq3nl	/sports/pro_athlete/sports_played_professionally./sports/pro_sports_played/sport	/m/02vx4
/m/0hhsxcy	/sports/pro_athlete/sports_played_professionally./sports/pro_sports_played/sport	/m/033s6
/m/01nwvb	/people/person/profession	/m/0g5qmbz
/m/01v1d8	/book/book/genre	/m/014dfn
/m/01w8wp	/book/book/genre	/m/01fpdh
/m/01w8wp	/book/book/genre	/m/0fqy4p
/m/010p3	/people/person/profession	/m/02hrh1q
/m/0170qf	/people/person/profession	/m/0c5lg
/m/01vs73g	/people/person/profession	/m/04gc2
/m/0hptm	/people/person/profession	/m/0cbd2
/m/02wsyb	/people/person/profession	/m/07y0n
/m/02z44tp	/book/book/genre	/m/05hgj
/m/03ynlsw	/people/person/profession	/m/03tn80
/m/0l_j_	/people/person/profession	/m/02krf9
/m/03ynlsw	/people/person/profession	/m/0d29z
/m/04r7jc	/sports/pro_athlete/sports_played_professionally./sports/pro_sports_played/sport	/m/02vx4
/m/08984j	/people/person/profession	/m/0gbbt
/m/0ckrnn	/people/person/profession	/m/09jwl
/m/01rww3	/people/person/profession	/m/0nbcg
/m/0kbf1	/sports/pro_athlete/sports_played_professionally./sports/pro_sports_played/sport	/m/09xp_
/m/08gngx	/people/person/profession	/m/0j06n
/m/0jg1q	/people/person/profession	/m/04gc2
/m/09bnf	/sports/pro_athlete/sports_played_professionally./sports/pro_sports_played/sport	/m/018w8
/m/01sg7_	/sports/pro_athlete/sports_played_professionally./sports/pro_sports_played/sport	/m/03tmr
/m/0k8y7	/tv/tv_series_episode/series	/m/05f4vxd
/m/01vx5w7	/cvg/computer_videogame/cvg_genre	/m/025zzc
/m/047nvdl	/people/person/profession	/m/047fwlg
/m/047nvdl	/people/person/profession	/m/034rd9
/m/04g095g	/sports/pro_athlete/sports_played_professionally./sports/pro_sports_played/sport	/m/01wqg8
/m/0bpfch	/music/album/genre	/m/04sskp
/m/0dhwxj	/music/album/genre	/m/05sxzwc
/m/0190xp	/music/album/genre	/m/03lty
/m/0dhwxj	/music/album/genre	/m/0fhxv
/m/0fvpyw	/people/person/profession	/m/09fb5
/m/0gqkd	/music/album/genre	/m/0glt670
/m/02vz3yk	/people/person/profession	/m/08gg47
/m/02x1qql	/biology/organism_classification/rank	/m/0jm6n
/m/03grbbp	/sports/pro_athlete/sports_played_professionally./sports/pro_sports_played/sport	/m/01wy6
/m/01l47f5	/people/person/profession	/m/0g7nc
/m/02pt6k_	/people/person/profession	/m/02hrh1q
/m/0521_0m	/sports/pro_athlete/sports_played_professionally./sports/pro_sports_played/sport	/m/0fk3s
/m/013nky	/people/person/profession	/m/04gc2
/m/07ll4d	/people/person/profession	/m/013ksx
/m/0c03h2r	/people/person/profession	/m/014gf8
/m/01l0hrh	/music/album/genre	/m/0nj0m
/m/0k8y7	/music/album/genre	/m/02yv6b
/m/0bxjv	/music/album/genre	/m/0xhtw
/m/0276g40	/music/album/genre	/m/0133_p
/m/02z3r5q	/people/person/profession	/m/02hrh1q
/m/0221ly	/people/person/profession	/m/0ftyc
/m/0k4f3	/people/person/profession	/m/02y5kn
/m/034gxk	/people/person/profession	/m/016fly
/m/02cqny	/people/person/profession	/m/02hrh1q
/m/02r_5vd	/sports/pro_athlete/sports_played_professionally./sports/pro_sports_played/sport	/m/09xp_
/m/0gx_gqd	/music/album/genre	/m/03h610
/m/01mh8zn	/music/album/genre	/m/016clz
/m/0gx_gqd	/music/album/genre	/m/04mpbk
/m/028bddt	/people/person/profession	/m/04mn81
/m/028bddt	/people/person/profession	/m/09h_q
/m/0fn2g	/people/person/profession	/m/0fj9f
/m/028bddt	/people/person/profession	/m/08xvpn
/m/02qn1r4	/biology/organism_classification/rank	/m/01v9l67
/m/05td73	/sports/pro_athlete/sports_played_professionally./sports/pro_sports_played/sport	/m/0727_
/m/02w59b	/people/person/profession	/m/01d_h8
/m/0cc9jw7	/people/person/profession	/m/0dzz_
/m/0cc9jw7	/people/person/profession	/m/0qb62
/m/061xhr	/people/person/profession	/m/02hrh1q
/m/01l1pwt	/music/album/genre	/m/02klny
/m/0j603	/music/album/genre	/m/0b_6yv
/m/01l1pwt	/music/album/genre	/m/0415mzy
/m/01l1pwt	/music/album/genre	/m/042d1
/m/02s2lg	/music/album/genre	/m/0175zz
/m/01l1pwt	/music/album/genre	/m/0781g
/m/03flwk	/music/album/genre	/m/08jyyk
/m/047951	/music/album/genre	/m/05w3f
/m/026hh0m	/music/album/genre	/m/016clz
/m/0jnpc	/music/album/genre	/m/0cx7f
/m/01l1pwt	/music/album/genre	/m/03wj4r8
/m/02x2_mr	/people/person/profession	/m/0jc7g
/m/02ytz_	/sports/pro_athlete/sports_played_professionally./sports/pro_sports_played/sport	/m/033wx9
/m/02z4x7z	/cvg/computer_videogame/cvg_genre	/m/0pqz3
/m/06zrvkj	/people/person/profession	/m/0r03f
/m/0clgh6	/people/person/profession	/m/044lbv
/m/01rlz4	/people/person/profession	/m/07s467s
/m/019v3d	/people/person/profession	/m/0rp46
/m/03chypz	/people/person/profession	/m/04gdr
/m/04g2mkf	/music/album/genre	/m/01738f
/m/056k77g	/music/album/genre	/m/016clz
/m/0hz6mv2	/music/album/genre	/m/0jrv_
/m/02bb8j	/music/album/genre	/m/01_bkd
/m/09sm71	/people/person/profession	/m/03mb9
/m/09sm71	/people/person/profession	/m/01lrrt
/m/09j9h	/people/person/profession	/m/0dxtg
/m/04g9gd	/people/person/profession	/m/03gjzk
/m/0l8g0	/people/person/profession	/m/018gz8
/m/0frw9v	/people/person/profession	/m/02773m2
/m/0h73rn	/people/person/profession	/m/01c333
/m/0gsy3b	/music/album/genre	/m/025sc50
/m/04mcw4	/music/album/genre	/m/035wcs
/m/0g8g6	/music/album/genre	/m/0ggx5q
/m/03w5xm	/music/album/genre	/m/02yh8l
/m/0k0k879	/music/album/genre	/m/05dppk
/m/0k0k879	/music/album/genre	/m/033071
/m/01t4bh	/biology/organism_classification/rank	/m/0r04p
/m/063z7tx	/music/album/genre	/m/0fqg8
/m/063z7tx	/music/album/genre	/m/01c6k4
/m/063z7tx	/music/album/genre	/m/0n2k5
/m/0f4x7	/music/album/genre	/m/015pdg
/m/0cp1jm9	/people/person/profession	/m/06zd1c
/m/0gfq1r	/sports/pro_athlete/sports_played_professionally./sports/pro_sports_played/sport	/m/01pg1d
/m/0272r9x	/people/person/profession	/m/0q01m
/m/0pnf3	/sports/pro_athlete/sports_played_professionally./sports/pro_sports_played/sport	/m/02vx4
/m/07b2yw	/people/person/profession	/m/0d8qb
/m/02qkkss	/people/person/profession	/m/0308kx
/m/03c4ct3	/book/book/genre	/m/0cqnss
/m/05cskw	/sports/pro_athlete/sports_played_professionally./sports/pro_sports_played/sport	/m/0pspl
/m/05w39t	/people/person/profession	/m/0bkg4
/m/0g33q	/people/person/profession	/m/02jknp
/m/075rgn9	/people/person/profession	/m/0n228
/m/0ftxw	/people/person/profession	/m/0dgd_
/m/0cdl1	/biology/organism_classification/rank	/m/050_qx
/m/02qsjt	/biology/organism_classification/rank	/m/09lc9
/m/0gmch6y	/people/person/profession	/m/0n6c_
/m/0kcqlv6	/tv/tv_series_episode/series	/m/024c2
/m/05hyn5	/sports/pro_athlete/sports_played_professionally./sports/pro_sports_played/sport	/m/018w8
/m/0c1gj5	/people/person/profession	/m/02hrh1q
/m/03cb_bz	/people/person/profession	/m/01w613
/m/0c3682	/sports/pro_athlete/sports_played_professionally./sports/pro_sports_played/sport	/m/012vwb
/m/0cq7kw	/people/person/profession	/m/02y5kn
/m/0b_6x2	/people/person/profession	/m/0cbd2
/m/0cp_8p	/people/person/profession	/m/09j9h
/m/0gfhbw2	/people/person/profession	/m/03mszl
/m/0n95v	/people/person/profession	/m/080ntlp
/m/01ctw_	/people/person/profession	/m/0fmyd
/m/02qlctl	/sports/pro_athlete/sports_played_professionally./sports/pro_sports_played/sport	/m/0k4fz
/m/01xysf	/biology/organism_classification/rank	/m/06zf0
/m/026g6pr	/sports/pro_athlete/sports_played_professionally./sports/pro_sports_played/sport	/m/0bkmf
/m/02q2dng	/people/person/profession	/m/02qwgk
/m/03f6jpj	/people/person/profession	/m/0kst7v
/m/015bpl	/people/person/profession	/m/09jwl
/m/0219q	/people/person/profession	/m/0nbcg
/m/0d06m5	/people/person/profession	/m/01c72t
/m/0rn0z	/people/person/profession	/m/09jwl
/m/09hd6f	/people/person/profession	/m/01d30f
/m/05dv80y	/tv/tv_series_episode/series	/m/0f6vds
/m/01vtpx	/people/person/profession	/m/07s6tbm
/m/02rkpx1	/people/person/profession	/m/03vfr_
/m/07y07	/music/album/genre	/m/06by7
/m/0mmrd	/people/person/profession	/m/016fly
/m/08v7hk	/people/person/profession	/m/02g2yr
/m/0njj0	/people/person/profession	/m/01d_h8
/m/0194_r	/people/person/profession	/m/0dxtg
/m/09rt9y0	/people/person/profession	/m/02f1c
/m/09txzv	/people/person/profession	/m/018gz8
/m/09rt9y0	/people/person/profession	/m/01j53q
/m/05h5nb8	/book/book/genre	/m/03mfnf
/m/0fl7l	/people/person/profession	/m/0flsf
/m/0fl7l	/people/person/profession	/m/01lpx8
/m/02583l	/sports/pro_athlete/sports_played_professionally./sports/pro_sports_played/sport	/m/018jz
/m/0mgcc	/sports/pro_athlete/sports_played_professionally./sports/pro_sports_played/sport	/m/03tmr
/m/09cpb	/people/person/profession	/m/0cbd2
/m/026mml	/music/album/genre	/m/03ckfl9
/m/01ptwm8	/music/album/genre	/m/02cqbx
/m/02qbjm	/music/album/genre	/m/0m0jc
/m/01wttr1	/people/person/profession	/m/0frz0
/m/02yr1q	/people/person/profession	/m/06q2q
/m/02wcn6t	/people/person/profession	/m/07c1v
/m/03d7_l0	/people/person/profession	/m/02__7n
/m/03nr3qq	/people/person/profession	/m/049tb
/m/02_gzx	/people/person/profession	/m/02jknp
/m/03nr3qq	/people/person/profession	/m/03j722
/m/03nr3qq	/people/person/profession	/m/02q3fdr
/m/08l_c1	/sports/pro_athlete/sports_played_professionally./sports/pro_sports_played/sport	/m/018w8
/m/044p4_	/sports/pro_athlete/sports_played_professionally./sports/pro_sports_played/sport	/m/02_5h
/m/0gxh_l	/people/person/profession	/m/02_w_r9
/m/0gxh_l	/people/person/profession	/m/02rtlp5
/m/05p6ppv	/people/person/profession	/m/0dxtg
/m/0gxh_l	/people/person/profession	/m/0124qd
/m/07lwsz	/people/person/profession	/m/02jknp
/m/018td	/biology/organism_classification/rank	/m/06zf0
/m/0693l	/sports/pro_athlete/sports_played_professionally./sports/pro_sports_played/sport	/m/02vx4
/m/04yptr	/people/person/profession	/m/05g_nr
/m/030s5g	/people/person/profession	/m/02hrh1q
/m/0c7c5b	/people/person/profession	/m/049rl0
/m/0fqjj9	/biology/organism_classification/rank	/m/0fvyz
/m/01ktqr3	/music/album/genre	/m/02qgyv
/m/01ktqr3	/music/album/genre	/m/04bfg
/m/096hm	/music/album/genre	/m/0fd3y
/m/01p17ft	/music/album/genre	/m/03lvyj
/m/0534nr	/music/album/genre	/m/01pfpt
/m/01p17ft	/music/album/genre	/m/03cwwl
/m/07y07	/music/album/genre	/m/02lkt
/m/026r3y	/sports/pro_athlete/sports_played_professionally./sports/pro_sports_played/sport	/m/044zvm
/m/02l6c6	/people/person/profession	/m/0ly8z
/m/047vnkj	/people/person/profession	/m/0fj9f
/m/011yxy	/people/person/profession	/m/04gc2
/m/02r9w0x	/sports/pro_athlete/sports_played_professionally./sports/pro_sports_played/sport	/m/0dt39
/m/0cdbq	/people/person/profession	/m/02hrh1q
/m/03qnbzt	/people/person/profession	/m/0bdgp
/m/047b9kl	/people/person/profession	/m/07vfz
/m/035tlh	/people/person/profession	/m/0kyk
/m/047b9kl	/people/person/profession	/m/0gqfy
/m/048ldh	/people/person/profession	/m/01d_h8
/m/0tz54	/people/person/profession	/m/02jknp
/m/0q48z	/people/person/profession	/m/0jgxn
/m/0748lz	/people/person/profession	/m/0ghvb
/m/04gny	/people/person/profession	/m/0kyk
/m/01y998	/people/person/profession	/m/03krjh
/m/0n5gq	/people/person/profession	/m/025spv
/m/05hz6_	/book/book/genre	/m/03g3w
/m/0j603	/book/book/genre	/m/02j62
/m/07_hy	/people/person/profession	/m/04s2z
/m/02jnw	/people/person/profession	/m/0fj9f
/m/01g4qq	/sports/pro_athlete/sports_played_professionally./sports/pro_sports_played/sport	/m/07bs0
/m/0gvt4n1	/sports/pro_athlete/sports_played_professionally./sports/pro_sports_played/sport	/m/01pfpt
/m/03m8znk	/music/album/genre	/m/01ktz1
/m/011v3	/music/album/genre	/m/06by7
/m/03m8znk	/music/album/genre	/m/08sk8l
/m/03tn9w	/people/person/profession	/m/02hrh1q
/m/03rgvr	/people/person/profession	/m/03gjzk
/m/0cvxns	/people/person/profession	/m/02wbm
/m/0d6vx9	/tv/tv_series_episode/series	/m/0pc7r
/m/0170pk	/people/person/profession	/m/0fj9f
/m/01pfkw	/people/person/profession	/m/012t_z
/m/02mxx4	/people/person/profession	/m/0kyk
/m/0641kkh	/people/person/profession	/m/03m3mgq
/m/04zx1hs	/people/person/profession	/m/03t1s
/m/016h4r	/biology/organism_classification/rank	/m/06zf0
/m/05bpg3	/people/person/profession	/m/0dxtg
/m/0j_5c90	/sports/pro_athlete/sports_played_professionally./sports/pro_sports_played/sport	/m/06py2
/m/0bvls5	/music/album/genre	/m/01243b
/m/04ydr95	/music/album/genre	/m/07yklv
/m/01rr28	/biology/organism_classification/rank	/m/024hh1
/m/027nqf2	/people/person/profession	/m/06jw0s
/m/04l5b4	/people/person/profession	/m/0cbd2
/m/02vy1v1	/people/person/profession	/m/0l67h
/m/01k23t	/people/person/profession	/m/02hrh1q
/m/0fc9js	/people/person/profession	/m/06q2q
/m/03bv26	/people/person/profession	/m/06br6t
/m/013w8y	/people/person/profession	/m/0nbcg
/m/01mkn_d	/sports/pro_athlete/sports_played_professionally./sports/pro_sports_played/sport	/m/02vx4
/m/01dys	/people/person/profession	/m/02hrh1q
/m/06j8q_	/biology/organism_classification/rank	/m/09lc9
/m/085s2	/people/person/profession	/m/0nvrd
/m/0l6px	/people/person/profession	/m/066dv
/m/0prpt	/music/album/genre	/m/02x8m
/m/0h7mww7	/music/album/genre	/m/01gglm
/m/0h7mww7	/music/album/genre	/m/011zf2
/m/04f0xq	/music/album/genre	/m/064t9
/m/0h7mww7	/music/album/genre	/m/088fh
/m/0dx84s	/tv/tv_series_episode/series	/m/0d66j2
/m/018_7x	/people/person/profession	/m/02hv44_
/m/0kszfw	/people/person/profession	/m/01vttb9
/m/026kds	/people/person/profession	/m/09j9h
/m/06gg5c	/people/person/profession	/m/02hrh1q
/m/0c7zf	/biology/organism_classification/rank	/m/06zf0
/m/02nt75	/music/album/genre	/m/0jrv_
/m/044_7j	/music/album/genre	/m/0hdf8
/m/01h96wl	/music/album/genre	/m/0dl08
/m/026ln2v	/people/person/profession	/m/0rj0z
/m/0pf5y	/people/person/profession	/m/016fly
/m/026t44g	/music/album/genre	/m/01vsgrn
/m/04cnp4	/music/album/genre	/m/0145rs
/m/026t44g	/music/album/genre	/m/0170k0
/m/02wwsh8	/music/album/genre	/m/06j6l
/m/02qgcs2	/sports/pro_athlete/sports_played_professionally./sports/pro_sports_played/sport	/m/010016
/m/03hnhsx	/biology/organism_classification/rank	/m/018gmr
/m/06449	/people/person/profession	/m/05xjb
/m/05dn53_	/tv/tv_series_episode/series	/m/038c0q
/m/080hv4k	/book/book/genre	/m/02w_6xj
/m/063yv	/people/person/profession	/m/0dz3r
/m/08_ncy	/people/person/profession	/m/09yxcz
/m/0gxzng	/biology/organism_classification/rank	/m/030x48
/m/0pk_664	/people/person/profession	/m/0bj25
/m/01j66_l	/music/album/genre	/m/0k5fg
/m/01j66_l	/music/album/genre	/m/01dvbd
/m/05dv7gv	/tv/tv_series_episode/series	/m/01qvgl
/m/069d68	/cvg/computer_videogame/cvg_genre	/m/025zzc
/m/024dgj	/cvg/computer_videogame/cvg_genre	/m/07yqn
/m/02_l9	/biology/organism_classification/rank	/m/06zf0
/m/0g_wn2	/people/person/profession	/m/02hrh1q
/m/0275xd_	/music/album/genre	/m/07y_7
/m/09thp87	/people/person/profession	/m/02hrh1q
/m/05h4wfs	/music/album/genre	/m/09p7fh
/m/05h4wfs	/music/album/genre	/m/01pyw
/m/07zn9v	/biology/organism_classification/rank	/m/0zm1
/m/015q1n	/sports/pro_athlete/sports_played_professionally./sports/pro_sports_played/sport	/m/018jz
/m/09vsv4	/biology/organism_classification/rank	/m/071zb
/m/0c314q	/tv/tv_series_episode/series	/m/02_nsc
/m/07vqnc	/people/person/profession	/m/0fj9f
/m/026cl_m	/people/person/profession	/m/080ntlp
/m/0ksb0h	/people/person/profession	/m/0fm2_
/m/027d5g5	/people/person/profession	/m/09jwl
/m/01xy5l_	/people/person/profession	/m/0dz3r
/m/02w29z	/people/person/profession	/m/02dsz
/m/0146hc	/people/person/profession	/m/05t4q
/m/02qknch	/people/person/profession	/m/05jphn
/m/05wb3ct	/people/person/profession	/m/07hgm
/m/01fhsb	/people/person/profession	/m/0kyk
/m/05x2m6	/music/album/genre	/m/03b12
/m/0515zg	/music/album/genre	/m/0l14gg
/m/09cvbq	/tv/tv_series_episode/series	/m/0phrl
/m/040696	/people/person/profession	/m/0fj9f
/m/0h7n2_b	/music/album/genre	/m/043ljr
/m/0164fj	/people/person/profession	/m/04j53
/m/0164fj	/people/person/profession	/m/0b275x
/m/0164fj	/people/person/profession	/m/0c5fr
/m/01p3c3_	/people/person/profession	/m/02dgq2
/m/04ctk7p	/biology/organism_classification/rank	/m/06dr9
/m/0mx2h	/tv/tv_series_episode/series	/m/01b65l
/m/093m89	/sports/pro_athlete/sports_played_professionally./sports/pro_sports_played/sport	/m/01_x6v
/m/032016	/cvg/computer_videogame/cvg_genre	/m/025zzc
/m/01l68n5	/people/person/profession	/m/07xyn1
/m/01l68n5	/people/person/profession	/m/035yzw
/m/0263b0q	/people/person/profession	/m/01xmxj
/m/02qxlrl	/people/person/profession	/m/0dl6fv
/m/03b6m9	/biology/organism_classification/rank	/m/0j5ym
/m/0ngy8	/people/person/profession	/m/0n1h
/m/03nxp0q	/people/person/profession	/m/0d6yv
/m/047ctmk	/music/album/genre	/m/05nyqk
/m/09snz	/tv/tv_series_episode/series	/m/02906
/m/0226k3	/tv/tv_series_episode/series	/m/0180mw
/m/07k6qpv	/people/person/profession	/m/0h6rm
/m/0c68lq	/people/person/profession	/m/0gmd3k7
/m/0xrz2	/people/person/profession	/m/05t4q
/m/04ygm7y	/sports/pro_athlete/sports_played_professionally./sports/pro_sports_played/sport	/m/0bdwqv
/m/051c2c	/cvg/computer_videogame/cvg_genre	/m/09swkk
/m/051c2c	/cvg/computer_videogame/cvg_genre	/m/0psss
/m/05qzvc	/people/person/profession	/m/03f2_rc
/m/0d9kl	/people/person/profession	/m/06q2q
/m/0bl9rd	/people/person/profession	/m/0yjvm
/m/049rl0	/people/person/profession	/m/05snw
/m/0d6j4	/people/person/profession	/m/03ds3
/m/01k4tds	/music/album/genre	/m/099vwn
/m/01k4tds	/music/album/genre	/m/01dbk6
/m/01k4tds	/music/album/genre	/m/0kbvv
/m/01k4tds	/music/album/genre	/m/0jbp0
/m/03hr1p	/music/album/genre	/m/02lkt
/m/01k4tds	/music/album/genre	/m/01flzb
/m/01k4tds	/music/album/genre	/m/0yl_w
/m/027b6qf	/people/person/profession	/m/07s8qm7
/m/07vfj	/people/person/profession	/m/0d1pc
/m/06qbx0f	/sports/pro_athlete/sports_played_professionally./sports/pro_sports_played/sport	/m/01d38t
/m/02wzh5z	/sports/pro_athlete/sports_played_professionally./sports/pro_sports_played/sport	/m/0q8sw
/m/07_658	/sports/pro_athlete/sports_played_professionally./sports/pro_sports_played/sport	/m/01n7q
/m/0d1xx	/music/album/genre	/m/0175zz
/m/026y23w	/music/album/genre	/m/07d2d
/m/01hr72v	/music/album/genre	/m/014tss
/m/03cjr8l	/people/person/profession	/m/05jbn
/m/03cltyq	/people/person/profession	/m/029rmn
/m/0fg1g	/music/album/genre	/m/06by7
/m/051wzcl	/sports/pro_athlete/sports_played_professionally./sports/pro_sports_played/sport	/m/0jq47
/m/01_wfj	/people/person/profession	/m/01445t
/m/05dv8gr	/tv/tv_series_episode/series	/m/02qvkj
/m/0c6vcj	/sports/pro_athlete/sports_played_professionally./sports/pro_sports_played/sport	/m/01cgz
/m/02gs6r	/sports/pro_athlete/sports_played_professionally./sports/pro_sports_played/sport	/m/018jz
/m/05b__vr	/people/person/profession	/m/01d30f
/m/0dnw1	/people/person/profession	/m/0dgd_
/m/0fbkyp	/sports/pro_athlete/sports_played_professionally./sports/pro_sports_played/sport	/m/04pxcx
/m/0gltwr	/people/person/profession	/m/042f1
/m/0tj4y	/people/person/profession	/m/0d8qb
/m/03v40v	/people/person/profession	/m/0cbd2
/m/03cqqf1	/music/album/genre	/m/010z5n
/m/07cdz	/music/album/genre	/m/07v64s
/m/03cqqf1	/music/album/genre	/m/0bjkpt
/m/05cws2	/music/album/genre	/m/0cx7f
/m/05fx1v	/music/album/genre	/m/064t9
/m/03jg2_6	/music/album/genre	/m/02v60l
/m/015grj	/people/person/profession	/m/02jknp
/m/09v5bdn	/people/person/profession	/m/05xjb
/m/0cglgw	/people/person/profession	/m/0564mx
/m/0qmny	/people/person/profession	/m/0g0vx
/m/01pcmd	/people/person/profession	/m/0cbd2
/m/043tz8m	/people/person/profession	/m/0cbd2
/m/0d8qb	/people/person/profession	/m/03jgz
/m/087_xx	/people/person/profession	/m/0cbd2
/m/06924p	/tv/tv_series_episode/series	/m/06qv_
/m/066qvg	/people/person/profession	/m/02mpb
/m/0dfrq	/biology/organism_classification/rank	/m/06zf0
/m/08y7ny	/people/person/profession	/m/07c52
/m/08y7ny	/people/person/profession	/m/02773nt
/m/06z9k8	/sports/pro_athlete/sports_played_professionally./sports/pro_sports_played/sport	/m/09f6b
/m/0b9ztw	/music/album/genre	/m/07k8rt4
/m/06l6nj	/music/album/genre	/m/016clz
/m/0b9ztw	/music/album/genre	/m/0727_
/m/0b9ztw	/music/album/genre	/m/07tjf
/m/018gmr	/music/album/genre	/m/02w4v
/m/0ddhfw5	/music/album/genre	/m/03d8m4
/m/0gtw_5l	/book/book/genre	/m/0bwfn
/m/03bz692	/book/book/genre	/m/03ys48
/m/0cv2m	/people/person/profession	/m/09jwl
/m/063_r97	/people/person/profession	/m/0dyg2
/m/0830n	/people/person/profession	/m/0272kv
/m/0mm0p	/people/person/profession	/m/09jwl
/m/0830n	/people/person/profession	/m/0bkj86
/m/02l6h	/people/person/profession	/m/016z4k
/m/0gwgn1k	/people/person/profession	/m/02pjxr
/m/01wv9xn	/people/person/profession	/m/0mn6
/m/02056s	/people/person/profession	/m/02ynfr
/m/02x3y41	/people/person/profession	/m/02hrh1q
/m/0fnff	/people/person/profession	/m/0mn6
/m/0k0ksbg	/people/person/profession	/m/021q23
/m/02bj6k	/people/person/profession	/m/01d30f
/m/01hjjw3	/music/album/genre	/m/088q1s
/m/0jdd	/people/person/profession	/m/0gl2ny2
/m/03zv3n	/sports/pro_athlete/sports_played_professionally./sports/pro_sports_played/sport	/m/02vx4
/m/0fy_j	/biology/organism_classification/rank	/m/06zf0
/m/03d4bqh	/biology/organism_classification/rank	/m/04rfq
/m/01tv3x2	/music/album/genre	/m/02yv6b
/m/0661m4p	/people/person/profession	/m/0dz3r
/m/07751	/people/person/profession	/m/0fj9f
/m/0k9zjmg	/tv/tv_series_episode/series	/m/0bs8s1p
/m/0hkwr	/people/person/profession	/m/01d_h8
/m/02pqs8l	/music/album/genre	/m/0ck9l7
/m/05zhg	/music/album/genre	/m/01flzq
/m/01ljp93	/music/album/genre	/m/016ksk
/m/01ljp93	/music/album/genre	/m/0hpz8
/m/0301yj	/music/album/genre	/m/0glt670
/m/0n5hw	/music/album/genre	/m/036jv
/m/04t6fk	/sports/pro_athlete/sports_played_professionally./sports/pro_sports_played/sport	/m/02vx4
/m/017s11	/people/person/profession	/m/0fj9f
/m/06hzwd	/cvg/computer_videogame/cvg_genre	/m/02zft0
/m/09gc3l8	/people/person/profession	/m/05prs8
/m/0cchk3	/people/person/profession	/m/06q2q
/m/09gc3l8	/people/person/profession	/m/05zrx3v
/m/0bk73d	/book/book/genre	/m/05c0jwl
/m/0ddc0c	/cvg/computer_videogame/cvg_genre	/m/0163r3
/m/04gmp_z	/cvg/computer_videogame/cvg_genre	/m/057m6
/m/0ddc0c	/cvg/computer_videogame/cvg_genre	/m/02kc_w5
/m/0jm8l	/people/person/profession	/m/05t4q
/m/07bxqz	/people/person/profession	/m/01445t
/m/01d5g	/sports/pro_athlete/sports_played_professionally./sports/pro_sports_played/sport	/m/018jz
/m/031hcx	/music/album/genre	/m/016clz
/m/02lk95	/music/album/genre	/m/07ffjc
/m/03mb9	/music/album/genre	/m/0pm85
/m/05mc7y	/music/album/genre	/m/0190_q
/m/02p10fx	/music/album/genre	/m/03j90
/m/02p10fx	/music/album/genre	/m/01d34b
/m/02l840	/people/person/profession	/m/012t_z
/m/06cmp	/sports/pro_athlete/sports_played_professionally./sports/pro_sports_played/sport	/m/09xp_
/m/035vw8	/people/person/profession	/m/01nms7
/m/03bxp5	/people/person/profession	/m/04gc2
/m/0462zf3	/music/album/genre	/m/03b1sb
/m/0462zf3	/music/album/genre	/m/05g8n
/m/0462zf3	/music/album/genre	/m/034bgm
/m/0462zf3	/music/album/genre	/m/01kcmr
/m/01l4zqz	/music/album/genre	/m/02lnbg
/m/05snc1	/people/person/profession	/m/01f873
/m/01cwcr	/music/album/genre	/m/03lty
/m/01k8q5	/tv/tv_series_episode/series	/m/0phrl
/m/05c493b	/music/album/genre	/m/011_vz
/m/084479	/people/person/profession	/m/035y33
/m/02y0dd	/people/person/profession	/m/0cbd2
/m/06zn2v2	/music/album/genre	/m/05bt6j
/m/0j7bkxn	/tv/tv_series_episode/series	/m/01q99h
/m/03qlbbk	/people/person/profession	/m/03g5jw
/m/03hbbc	/people/person/profession	/m/0jgxn
/m/0d6d2	/book/book/genre	/m/06nbt
/m/05nzvmh	/people/person/profession	/m/05yd5
/m/06_xj46	/music/album/genre	/m/0yvjx
/m/07_48_	/sports/pro_athlete/sports_played_professionally./sports/pro_sports_played/sport	/m/025vn5m
/m/080941l	/music/album/genre	/m/05css_
/m/02rfft	/people/person/profession	/m/02hrh1q
/m/014b_r	/biology/organism_classification/rank	/m/03nb5v
/m/01hbhhm	/music/album/genre	/m/01vd7hn
/m/01hbhhm	/music/album/genre	/m/07wh1
/m/012lzr	/music/album/genre	/m/02k_kn
/m/02p8v8	/music/album/genre	/m/0133_p
/m/01l0xkh	/music/album/genre	/m/01d4cb
/m/088_kf	/music/album/genre	/m/05bt6j
/m/01wt4wc	/music/album/genre	/m/02qm5j
/m/01jz6x	/people/person/profession	/m/0fj9f
/m/0263y0	/people/person/profession	/m/09p5mwg
/m/027_l74	/people/person/profession	/m/0ftkx
/m/027cq9v	/people/person/profession	/m/01m15br
/m/027xf3m	/music/album/genre	/m/040rmy
/m/02w6j83	/biology/organism_classification/rank	/m/01rhrd
/m/02z8k95	/people/person/profession	/m/025r_t
/m/0bfvw2	/people/person/profession	/m/0d1pc
/m/0h0wc	/people/person/profession	/m/0nbcg
/m/06ys3wf	/tv/tv_series_episode/series	/m/0lc1r
/m/0cwpv1	/sports/pro_athlete/sports_played_professionally./sports/pro_sports_played/sport	/m/01q8wk7
/m/0264v8r	/people/person/profession	/m/0d8qb
/m/02np2n	/cvg/computer_videogame/cvg_genre	/m/033th
/m/07zl1	/cvg/computer_videogame/cvg_genre	/m/02x9hs
/m/053xw6	/cvg/computer_videogame/cvg_genre	/m/025zzc
/m/02qkny	/people/person/profession	/m/0cqh6z
/m/02qkny	/people/person/profession	/m/01cgz
/m/0c35b1	/people/person/profession	/m/0frz0
/m/01rgn3	/people/person/profession	/m/04gc2
/m/01yfm8	/people/person/profession	/m/012t_z
/m/04ljr8g	/sports/pro_athlete/sports_played_professionally./sports/pro_sports_played/sport	/m/053x8hr
/m/04lh6	/people/person/profession	/m/05t4q
/m/0gg84x3	/people/person/profession	/m/07mz77
/m/01jp0mw	/music/album/genre	/m/01gsvb
/m/07s2s	/music/album/genre	/m/07sbbz2
/m/03cx0zf	/people/person/profession	/m/0l6ny
/m/03cx0zf	/people/person/profession	/m/01gf5
/m/0fxgg9	/people/person/profession	/m/0frz0
/m/02s4l6	/sports/pro_athlete/sports_played_professionally./sports/pro_sports_played/sport	/m/02vx4
/m/01m5wbq	/music/album/genre	/m/0gt_0v
/m/01m5wbq	/music/album/genre	/m/057176
/m/01m5wbq	/music/album/genre	/m/04j_gs
/m/02_xgp2	/sports/pro_athlete/sports_played_professionally./sports/pro_sports_played/sport	/m/09xp_
/m/044_y7	/people/person/profession	/m/0xn7q
/m/0r_ch	/tv/tv_series_episode/series	/m/0d68qy
/m/07jbh	/people/person/profession	/m/0fj9f
/m/01hffzd	/music/album/genre	/m/03gjzk
/m/0ckrnn	/music/album/genre	/m/01cbwl
/m/03262k	/music/album/genre	/m/05r6t
/m/01j2hk2	/music/album/genre	/m/035p3
/m/01j2hk2	/music/album/genre	/m/0g0dy
/m/01mxg4n	/music/album/genre	/m/01s5nb
/m/0gv5c	/music/album/genre	/m/064t9
/m/02lw5z	/music/album/genre	/m/06j6l
/m/01_k71	/music/album/genre	/m/025sc50
/m/0py9b	/people/person/profession	/m/0fj9f
/m/040db	/people/person/profession	/m/0196pc
/m/07wbk	/people/person/profession	/m/0cbd2
/m/0cks1m	/people/person/profession	/m/012t_z
/m/04rsd2	/biology/organism_classification/rank	/m/06zf0
/m/06n9g5	/tv/tv_series_episode/series	/m/01qdmh
/m/02wr2r	/location/location/people_born_here	/m/0265z9l
/m/09fxpx	/sports/pro_athlete/sports_played_professionally./sports/pro_sports_played/sport	/m/02cw1m
/m/0g768	/music/album/genre	/m/025sc50
/m/0fzhr6w	/music/album/genre	/m/04pry
/m/0fzhr6w	/music/album/genre	/m/06bwtj
/m/017f4y	/music/album/genre	/m/06j6l
/m/0fzhr6w	/music/album/genre	/m/085jw
/m/01vy2q9	/people/person/profession	/m/02vjp3
/m/02qhcm8	/sports/pro_athlete/sports_played_professionally./sports/pro_sports_played/sport	/m/04jnd7
/m/0948xk	/sports/pro_athlete/sports_played_professionally./sports/pro_sports_played/sport	/m/0jm_
/m/0466ls4	/people/person/profession	/m/04l19_
/m/04vx41	/sports/pro_athlete/sports_played_professionally./sports/pro_sports_played/sport	/m/08z956
/m/0m2rv	/music/album/genre	/m/0g_bh
/m/0n839	/music/album/genre	/m/0l8gh
/m/07mr99	/people/person/profession	/m/02j9z
/m/01k7xxj	/music/album/genre	/m/07sbk
/m/07_f2	/music/album/genre	/m/01flzq
/m/0542n	/music/album/genre	/m/016_rm
/m/0vm4s	/music/album/genre	/m/0190zg
/m/01ksw6g	/music/album/genre	/m/016m9h
/m/01ksw6g	/music/album/genre	/m/02rb84n
/m/0btbyn	/people/person/profession	/m/03xks
/m/0h1sz	/people/person/profession	/m/0fj9f
/m/04cmrt	/tv/tv_series_episode/series	/m/07g9f
/m/02qhywy	/music/album/genre	/m/014lc_
/m/02qlm13	/sports/pro_athlete/sports_played_professionally./sports/pro_sports_played/sport	/m/083skw
/m/01y8kf	/sports/pro_athlete/sports_played_professionally./sports/pro_sports_played/sport	/m/0bynt
/m/03c_wt5	/people/person/profession	/m/0n_2q
/m/03c_wt5	/people/person/profession	/m/02bvc5
/m/03_9hm	/people/person/profession	/m/04s2z
/m/01gzm2	/people/person/profession	/m/0c5lg
/m/0d9t0	/music/album/genre	/m/06by7
/m/01lk31	/people/person/profession	/m/0cbd2
/m/04vrxh	/people/person/profession	/m/05snw
/m/02_k82	/people/person/profession	/m/01b85
/m/02_k82	/people/person/profession	/m/0bwx3
/m/01cf5	/people/person/profession	/m/03jgz
/m/07c5l	/people/person/profession	/m/0c5lg
/m/02z3r8t	/people/person/profession	/m/06q2q
/m/05qbckf	/book/book/genre	/m/06n90
/m/06fsjw	/book/book/genre	/m/033071
/m/0l6m5	/book/book/genre	/m/02xlf
/m/08yltg	/people/person/profession	/m/02qm5j
/m/0cq8nx	/tv/tv_series_episode/series	/m/0524b41
/m/0341n5	/people/person/profession	/m/0fj9f
/m/06lc85	/people/person/profession	/m/0cbd2
/m/05hywl	/people/person/profession	/m/0c5lg
/m/04g01lp	/people/person/profession	/m/0d58_
/m/09prnq	/people/person/profession	/m/06q2q
/m/0l34j	/people/person/profession	/m/05t4q
/m/06pctwm	/sports/pro_athlete/sports_played_professionally./sports/pro_sports_played/sport	/m/07c2yr
/m/06mr6	/music/album/genre	/m/05r6t
/m/0dxt3y1	/music/album/genre	/m/05lb30
/m/0dxt3y1	/music/album/genre	/m/0193x
/m/0dxt3y1	/music/album/genre	/m/09zf_q
/m/02rmd_2	/people/person/profession	/m/0d8qb
/m/03_hd	/music/album/genre	/m/02lkt
/m/02hvkf	/music/album/genre	/m/0glt670
/m/01ry_x	/people/person/profession	/m/0n1h
/m/02j6cs	/people/person/profession	/m/03_fk9
/m/02j6cs	/people/person/profession	/m/05zvmcm
/m/02j6cs	/people/person/profession	/m/027j9wd
/m/02j6cs	/people/person/profession	/m/026gb3v
/m/04b19t	/people/person/profession	/m/0kyk
/m/02j8nx	/people/person/profession	/m/09jwl
/m/03krj	/music/album/genre	/m/05r6t
/m/01kff7	/music/album/genre	/m/02lkt
/m/0dzt9	/music/album/genre	/m/016clz
/m/0m93	/music/album/genre	/m/01243b
/m/04tqtl	/people/person/profession	/m/0fj9f
/m/0gbwp	/music/album/genre	/m/01lyv
/m/02f73b	/music/album/genre	/m/05bt6j
/m/06jcc	/music/album/genre	/m/064t9
/m/0qhcklc	/music/album/genre	/m/0gxr1c
/m/01l78d	/music/album/genre	/m/02yv6b
/m/07sgfvl	/music/album/genre	/m/03lty
/m/01kgdyn	/music/album/genre	/m/0mwvq
/m/012x2b	/music/album/genre	/m/0xhtw
/m/01kgdyn	/music/album/genre	/m/06ybb1
/m/01w9k25	/music/album/genre	/m/03_d0
/m/01sn837	/music/album/genre	/m/01y998
/m/01sn837	/music/album/genre	/m/02zkdz
/m/01vgtv	/people/person/profession	/m/01pq4w
/m/06gn7r	/sports/pro_athlete/sports_played_professionally./sports/pro_sports_played/sport	/m/018jz
/m/05_1sc	/book/book/genre	/m/03d34x8
/m/05_1sc	/book/book/genre	/m/03qnc6q
/m/05_1sc	/book/book/genre	/m/02z3r8t
/m/05_1sc	/book/book/genre	/m/0jz9f
/m/04ycjk	/book/book/genre	/m/014dfn
/m/05dqg4m	/tv/tv_series_episode/series	/m/05tgm
/m/056wb	/tv/tv_series_episode/series	/m/01b64v
/m/082mc	/people/person/profession	/m/02y_93f
/m/01pcz9	/sports/pro_athlete/sports_played_professionally./sports/pro_sports_played/sport	/m/02vx4
/m/01hc95g	/music/album/genre	/m/0c3xw46
/m/01hc95g	/music/album/genre	/m/01vsb_
/m/03h1n2q	/people/person/profession	/m/04smdd
/m/03d0d7	/sports/pro_athlete/sports_played_professionally./sports/pro_sports_played/sport	/m/09xp_
/m/03qk7gk	/music/album/genre	/m/01x2tm8
/m/064k5vk	/cvg/computer_videogame/cvg_genre	/m/0r15k
/m/064k5vk	/cvg/computer_videogame/cvg_genre	/m/02mc5v
/m/064k5vk	/cvg/computer_videogame/cvg_genre	/m/01mfj
/m/039yzf	/people/person/profession	/m/080ntlp
/m/01yqqv	/tv/tv_series_episode/series	/m/07s8z_l
/m/082sys	/people/person/profession	/m/02k_4g
/m/06yxd	/people/person/profession	/m/014ktf
/m/0g31kh	/music/album/genre	/m/0l2q3
/m/01_mdl	/music/album/genre	/m/029h7y
/m/01tz3c	/music/album/genre	/m/064t9
/m/0g31kh	/music/album/genre	/m/026n998
/m/0g31kh	/music/album/genre	/m/0bz6l9
/m/0g31kh	/music/album/genre	/m/06cddt
/m/017s1k	/music/album/genre	/m/0glt670
/m/0d3k14	/people/person/profession	/m/016z4k
/m/0f4m02	/people/person/profession	/m/0j1yf
/m/0cnl80	/music/album/genre	/m/016clz
/m/0hr01k6	/music/album/genre	/m/03swmf
/m/0q3z1xz	/sports/pro_athlete/sports_played_professionally./sports/pro_sports_played/sport	/m/0mskq
/m/026hll3	/music/album/genre	/m/07n68
/m/087z2	/people/person/profession	/m/0fj9f
/m/01ycbq	/people/person/profession	/m/01jn5
/m/04jpl	/music/album/genre	/m/06by7
/m/027pdrh	/people/person/profession	/m/06q2q
/m/073h9x	/people/person/profession	/m/02y5kn
/m/01d6xt	/people/person/profession	/m/05_zc7
/m/0blpnz	/people/person/profession	/m/0lgw7
/m/02mh0b	/people/person/profession	/m/0mj1l
/m/03d9wk	/music/album/genre	/m/016clz
/m/0707q	/music/album/genre	/m/036jv
/m/03c2z9c	/music/album/genre	/m/01s7zw
/m/05qjc	/people/person/profession	/m/0fnpj
/m/01hcj2	/people/person/profession	/m/02dsz
/m/01nnsv	/people/person/profession	/m/0dz3r
/m/04ljp0x	/biology/organism_classification/rank	/m/01yb09
/m/075l2b	/people/person/profession	/m/0jz71
/m/0bthb	/sports/pro_athlete/sports_played_professionally./sports/pro_sports_played/sport	/m/09xp_
/m/0g_d19	/sports/pro_athlete/sports_played_professionally./sports/pro_sports_played/sport	/m/0fv4v
/m/02pj6nc	/sports/pro_athlete/sports_played_professionally./sports/pro_sports_played/sport	/m/03lpd0
/m/02z3vn5	/people/person/profession	/m/06l3bl
/m/0mbx4	/people/person/profession	/m/0g7nc
/m/077rj	/people/person/profession	/m/02hrh1q
/m/0hknf	/people/person/profession	/m/02jknp
/m/0dlnpz	/sports/pro_athlete/sports_played_professionally./sports/pro_sports_played/sport	/m/01s_d4
/m/026njsm	/sports/pro_athlete/sports_played_professionally./sports/pro_sports_played/sport	/m/028k57
/m/026q808	/people/person/profession	/m/08z129
/m/026q808	/people/person/profession	/m/0gdm1
/m/06r1k	/people/person/profession	/m/0cbd2
/m/0fsm8c	/people/person/profession	/m/03jgz
/m/02x8bkc	/biology/organism_classification/rank	/m/01sg7_
/m/05xfgk1	/people/person/profession	/m/0gpprt
/m/02l48d	/people/person/profession	/m/02hrh1q
/m/058nh2	/music/album/genre	/m/06by7
/m/04myk98	/music/album/genre	/m/043870
/m/04myk98	/music/album/genre	/m/06v8s0
/m/05p414	/people/person/profession	/m/018s4
/m/06j1v2	/people/person/profession	/m/0k049
/m/07xs53	/biology/organism_classification/rank	/m/0z20d
/m/01k165	/people/person/profession	/m/0d8qb
/m/03fnnn	/people/person/profession	/m/0cbd2
/m/02p_ycc	/people/person/profession	/m/0dz3r
/m/01n4_yn	/people/person/profession	/m/0hkb8
/m/02076d	/people/person/profession	/m/01tl50z
/m/01bfjy	/people/person/profession	/m/04gc2
/m/02qx2pv	/sports/pro_athlete/sports_played_professionally./sports/pro_sports_played/sport	/m/06xl8z
/m/01tqfs	/people/person/profession	/m/0gl2ny2
/m/02rv3c8	/biology/organism_classification/rank	/m/0cbm64
/m/0c491h	/people/person/profession	/m/02bwc7
/m/03r0rq	/people/person/profession	/m/09lbv
/m/0gjdyrz	/music/album/genre	/m/04nrcg
/m/0gjdyrz	/music/album/genre	/m/06s1qy
/m/02k54	/music/album/genre	/m/064t9
/m/0gjdyrz	/music/album/genre	/m/01520h
/m/04j_gs	/music/album/genre	/m/025sc50
/m/01hdpb3	/music/album/genre	/m/0kvf3b
/m/01hdpb3	/music/album/genre	/m/0mx6c
/m/05tfm	/sports/pro_athlete/sports_played_professionally./sports/pro_sports_played/sport	/m/01sgl
/m/03qfwk2	/people/person/profession	/m/06vnh2
/m/0c0tzp	/people/person/profession	/m/01bs9f
/m/03qj6hd	/people/person/profession	/m/06c1y
/m/0fsyx	/tv/tv_series_episode/series	/m/01dvry
/m/05p2gpw	/sports/pro_athlete/sports_played_professionally./sports/pro_sports_played/sport	/m/0fhmy
/m/01q0kg	/biology/organism_classification/rank	/m/06zf0
/m/02b13j	/people/person/profession	/m/02hrh1q
/m/0gkz3jd	/music/album/genre	/m/03fwln
/m/0gkz3jd	/music/album/genre	/m/03f19q4
/m/0140b7	/cvg/computer_videogame/cvg_genre	/m/025mb9
/m/05zjd	/cvg/computer_videogame/cvg_genre	/m/07yqn
/m/017vdg	/cvg/computer_videogame/cvg_genre	/m/01mtt
/m/02774zt	/cvg/computer_videogame/cvg_genre	/m/0zlt9
/m/028b4vb	/people/person/profession	/m/01wcp_g
/m/026l37	/sports/pro_athlete/sports_played_professionally./sports/pro_sports_played/sport	/m/018jz
/m/06fhs	/cvg/computer_videogame/cvg_genre	/m/0403l3g
/m/055jk3	/people/person/profession	/m/01qrb2
/m/055jk3	/people/person/profession	/m/0dznvw
/m/055jk3	/people/person/profession	/m/014zfs
/m/08qz1l	/sports/pro_athlete/sports_played_professionally./sports/pro_sports_played/sport	/m/07bs0
/m/05wbt91	/people/person/profession	/m/01lf293
/m/0651wj	/people/person/profession	/m/06z9k8
/m/05nn4k	/sports/pro_athlete/sports_played_professionally./sports/pro_sports_played/sport	/m/0jm_
/m/05w5d	/sports/pro_athlete/sports_played_professionally./sports/pro_sports_played/sport	/m/02vx4
/m/0cn_vx3	/music/album/genre	/m/01z52d
/m/0cn_vx3	/music/album/genre	/m/0421v9q
/m/0b_6yv	/people/person/profession	/m/0dxtg
/m/01d6c_	/people/person/profession	/m/01g63y
/m/01d6c_	/people/person/profession	/m/057m6
/m/01d6c_	/people/person/profession	/m/017d77
/m/06y7d	/people/person/profession	/m/04cvn_
/m/04pbsq	/music/album/genre	/m/016clz
/m/01kqhqg	/music/album/genre	/m/0ybkj
/m/02837tw	/people/person/profession	/m/06jkm
/m/02mlbw	/people/person/profession	/m/05ls3r
/m/02mlbw	/people/person/profession	/m/06w839_
/m/03nw5t5	/people/person/profession	/m/0343_
/m/0fhmy	/tv/tv_series_episode/series	/m/06qv_
/m/02nf2c	/biology/organism_classification/rank	/m/06zf0
/m/04kngf	/people/person/profession	/m/0fj9f
/m/018y2s	/people/person/profession	/m/0dz3r
/m/03zj9	/people/person/profession	/m/0nbcg
/m/05mwcz_	/people/person/profession	/m/0l76z
/m/08s3w_	/biology/organism_classification/rank	/m/06zf0
/m/03j24kf	/people/person/profession	/m/0d8qb
/m/0g9pc	/people/person/profession	/m/0cbd2
/m/099md	/people/person/profession	/m/02jknp
/m/01g4yw	/people/person/profession	/m/0dxtg
/m/0c_494	/people/person/profession	/m/01rly6
/m/05ty4m	/people/person/profession	/m/0lgw7
/m/018vs	/people/person/profession	/m/0d8qb
/m/0dgscty	/people/person/profession	/m/01th4s
/m/01yfp7	/music/album/genre	/m/03p7rp
/m/01qbs3n	/music/album/genre	/m/01xn7x1
/m/027wr47	/sports/pro_athlete/sports_played_professionally./sports/pro_sports_played/sport	/m/02wgk1
/m/02qv0gm	/people/person/profession	/m/03f22dp
/m/02p65p	/people/person/profession	/m/0cbd2
/m/06jtx	/sports/pro_athlete/sports_played_professionally./sports/pro_sports_played/sport	/m/02vx4
/m/04f1hhk	/music/album/genre	/m/05b2gsm
/m/05nfhx6	/tv/tv_series_episode/series	/m/037c9s
/m/0frn576	/music/album/genre	/m/03zw80
/m/0362q0	/music/album/genre	/m/03p7rp
/m/0frn576	/music/album/genre	/m/02kxbx3
/m/03l295	/people/person/profession	/m/01d_h8
/m/01m2v2	/people/person/profession	/m/02hrh1q
/m/020q9s	/people/person/profession	/m/0prfz
/m/02qvyrt	/people/person/profession	/m/012t_z
/m/040whs	/people/person/profession	/m/0cbd2
/m/02qsxf1	/people/person/profession	/m/01l78d
/m/02z43_v	/sports/pro_athlete/sports_played_professionally./sports/pro_sports_played/sport	/m/0h7dd
/m/04jn6y7	/sports/pro_athlete/sports_played_professionally./sports/pro_sports_played/sport	/m/02vx4
/m/05dh8l7	/tv/tv_series_episode/series	/m/0272vm
/m/0dh1n_	/people/person/profession	/m/02hrh1q
/m/06ylgs1	/tv/tv_series_episode/series	/m/0j3b
/m/0f0t_1	/people/person/profession	/m/01p970
/m/0f0t_1	/people/person/profession	/m/0m2j5
/m/0f0t_1	/people/person/profession	/m/01wsl7c
/m/05sxzwc	/people/person/profession	/m/0dxtg
/m/0f0t_1	/people/person/profession	/m/06dqt
/m/02j_j0	/people/person/profession	/m/0q04f
/m/0f0t_1	/people/person/profession	/m/02t4yc
/m/0dzz6g	/people/person/profession	/m/012t_z
/m/0kf7c9j	/people/person/profession	/m/05qt0
/m/0kf7c9j	/people/person/profession	/m/0fb0v
/m/073x6y	/sports/pro_athlete/sports_played_professionally./sports/pro_sports_played/sport	/m/03fyrh
/m/02phdmp	/book/book/genre	/m/0151b0
/m/03c82dk	/people/person/profession	/m/0m_v0
/m/0c02jh8	/people/person/profession	/m/015cjr
/m/0262zm	/people/person/profession	/m/02hrh1q
/m/06nv27	/people/person/profession	/m/0dxtg
/m/04n24td	/people/person/profession	/m/02jmst
/m/02yy88	/tv/tv_series_episode/series	/m/08jgk1
/m/033tln	/people/person/profession	/m/01c72t
/m/0d1xrw	/people/person/profession	/m/016sd3
/m/02tjl3	/sports/pro_athlete/sports_played_professionally./sports/pro_sports_played/sport	/m/07bs0
/m/03x400	/people/person/profession	/m/036n1
/m/06xpb6j	/tv/tv_series_episode/series	/m/02zjd
/m/07d3ph	/people/person/profession	/m/05y0cr
/m/02cw1m	/people/person/profession	/m/02hrh1q
/m/07ztzz	/people/person/profession	/m/03bnv
/m/08htsb	/sports/pro_athlete/sports_played_professionally./sports/pro_sports_played/sport	/m/07qht4
/m/02x4wr9	/people/person/profession	/m/05ll37
/m/01wqmm8	/biology/organism_classification/rank	/m/06zf0
/m/04ynx7	/sports/pro_athlete/sports_played_professionally./sports/pro_sports_played/sport	/m/02vx4
/m/0pclp2q	/people/person/profession	/m/03gr7w
/m/01tsg4r	/people/person/profession	/m/0rhp6
/m/01tsg4r	/people/person/profession	/m/03lmzl
/m/01v0yt5	/people/person/profession	/m/05g49
/m/03d035k	/sports/pro_athlete/sports_played_professionally./sports/pro_sports_played/sport	/m/04wqsm
/m/03m_7y	/people/person/profession	/m/016kjs
/m/07lvv8	/people/person/profession	/m/0697kh
/m/07lvv8	/people/person/profession	/m/02_1sj
/m/0hv4t	/people/person/profession	/m/01c72t
/m/07lvv8	/people/person/profession	/m/0k_s5
/m/0d193h	/people/person/profession	/m/028kk_
/m/0cwl9s	/biology/organism_classification/rank	/m/05mvd62
/m/0bcndz	/people/person/profession	/m/018gz8
/m/01lw3kh	/people/person/profession	/m/0d1pc
/m/0g_1mq	/people/person/profession	/m/01vyp_
/m/01yf92	/music/album/genre	/m/04b675
/m/01vyv9	/music/album/genre	/m/0190xp
/m/06hgym	/people/person/profession	/m/016z4k
/m/067gh	/people/person/profession	/m/0g0vx
/m/022wmh	/people/person/profession	/m/02p7_k
/m/03gr7w	/people/person/profession	/m/099md
/m/02pqhbt	/biology/organism_classification/rank	/m/02jxbw
/m/025s0s0	/people/person/profession	/m/02hrh1q
/m/0py8j	/people/person/profession	/m/04gc2
/m/0bgnv6	/people/person/profession	/m/016zp5
/m/01pq5j7	/people/person/profession	/m/03gjzk
/m/0bgnv6	/people/person/profession	/m/0l2tk
/m/0hzrpd5	/people/person/profession	/m/0cgm9
/m/02h411	/biology/organism_classification/rank	/m/0cqgl9
/m/03cw9l4	/people/person/profession	/m/018mmw
/m/03y8zmf	/sports/pro_athlete/sports_played_professionally./sports/pro_sports_played/sport	/m/02dsz
/m/0b73n8	/cvg/computer_videogame/cvg_genre	/m/038_3y
/m/0b73n8	/cvg/computer_videogame/cvg_genre	/m/0dhdp
/m/0b73n8	/cvg/computer_videogame/cvg_genre	/m/02f6yz
/m/03qmfzx	/tv/tv_series_episode/series	/m/01_2n
/m/03_z5f	/sports/pro_athlete/sports_played_professionally./sports/pro_sports_played/sport	/m/09xp_
/m/0h08p	/people/person/profession	/m/09lbv
/m/06d5cc	/people/person/profession	/m/01d30f
/m/03mcs2h	/music/album/genre	/m/0gfhg1y
/m/03mcs2h	/music/album/genre	/m/0283_zv
/m/03yxwq	/tv/tv_series_episode/series	/m/01b64v
/m/018js4	/tv/tv_series_episode/series	/m/01bv8b
/m/0c2b1n	/cvg/computer_videogame/cvg_genre	/m/01dljr
/m/0c2b1n	/cvg/computer_videogame/cvg_genre	/m/0cfhfz
/m/07d370	/people/person/profession	/m/01d30f
/m/04kjrv	/book/book/genre	/m/06n90
/m/027571b	/people/person/profession	/m/0fj9f
/m/025wzn5	/people/person/profession	/m/01c6l
/m/01yndb	/people/person/profession	/m/01c72t
/m/02vlsz0	/people/person/profession	/m/0f6c3
/m/02vlsz0	/people/person/profession	/m/0c3dzk
/m/01pyw	/people/person/profession	/m/05vyk
/m/02b190	/people/person/profession	/m/0dz3r
/m/02w7yym	/biology/organism_classification/rank	/m/04gb7
/m/062yh9	/people/person/profession	/m/05t4q
/m/0yyg4	/book/book/genre	/m/01hmnh
/m/03mf494	/people/person/profession	/m/077g7n
/m/03mf494	/people/person/profession	/m/0511f
/m/01jc9d	/sports/pro_athlete/sports_played_professionally./sports/pro_sports_played/sport	/m/02vx4
/m/0330r	/people/person/profession	/m/02y5kn
/m/09_9y3	/people/person/profession	/m/02h30z
/m/09rwq9r	/people/person/profession	/m/01d0fp
/m/03g5_y	/people/person/profession	/m/0frz0
/m/0bmc9bx	/people/person/profession	/m/0ch280
/m/05gnf	/people/person/profession	/m/02krf9
/m/0bmc9bx	/people/person/profession	/m/071h5c
/m/01t032	/sports/pro_athlete/sports_played_professionally./sports/pro_sports_played/sport	/m/01sgl
/m/0g00c1	/people/person/profession	/m/02mv_h
/m/0nr_q	/people/person/profession	/m/0nbcg
/m/04ll3r	/biology/organism_classification/rank	/m/06r713
/m/05b36x3	/cvg/computer_videogame/cvg_genre	/m/0fpzwf
/m/05b36x3	/cvg/computer_videogame/cvg_genre	/m/09f0bj
/m/0167_s	/tv/tv_series_episode/series	/m/023ny6
/m/035yg	/sports/pro_athlete/sports_played_professionally./sports/pro_sports_played/sport	/m/018w8
/m/0977t2	/people/person/profession	/m/05xd_v
/m/02f1c	/people/person/profession	/m/0dz3r
/m/0bxzf0h	/people/person/profession	/m/019tfz
/m/0d_0q5	/people/person/profession	/m/03hfmm
/m/02cbg0	/people/person/profession	/m/02krf9
/m/030t52	/people/person/profession	/m/0166v
/m/01f62	/people/person/profession	/m/02hrh1q
/m/03c3yf	/people/person/profession	/m/0fj9f
/m/0b76b96	/music/album/genre	/m/018gm9
/m/0b76b96	/music/album/genre	/m/01m94f
/m/024c1b	/music/album/genre	/m/035wcs
/m/03mdf84	/sports/pro_athlete/sports_played_professionally./sports/pro_sports_played/sport	/m/09rp4r_
/m/036jv	/tv/tv_series_episode/series	/m/0gj50
/m/05h53n	/people/person/profession	/m/0148nj
/m/0301dp	/tv/tv_series_episode/series	/m/0phrl
/m/023t0q	/people/person/profession	/m/09j9h
/m/09v4nk	/people/person/profession	/m/063_j5
/m/0121sr	/people/person/profession	/m/0fj9f
/m/0296rz	/biology/organism_classification/rank	/m/0fl35
/m/0g9vn_	/people/person/profession	/m/0ljbg
/m/04ghkh1	/sports/pro_athlete/sports_played_professionally./sports/pro_sports_played/sport	/m/01d_4t
/m/09k0f	/book/book/genre	/m/0707q
/m/06g65l	/people/person/profession	/m/02t1dv
/m/08pvvc	/people/person/profession	/m/0hqw8p_
/m/01mt1fy	/people/person/profession	/m/02hrh1q
/m/0c2dl	/people/person/profession	/m/0kyk
/m/01tx9m	/people/person/profession	/m/02hrh1q
/m/02f7n7	/people/person/profession	/m/02665kn
/m/01c9d1	/people/person/profession	/m/0d8qb
/m/02x8s9	/people/person/profession	/m/0cbd2
/m/02f7n7	/people/person/profession	/m/05qhnq
/m/03g5zsr	/music/album/genre	/m/01wb95
/m/0ndsl1x	/music/album/genre	/m/0hdf8
/m/083q7	/people/person/profession	/m/0n1h
/m/04g127l	/people/person/profession	/m/0dcfv
/m/027kw6q	/people/person/profession	/m/02chhq
/m/02q_t8_	/cvg/computer_videogame/cvg_genre	/m/05nmg_
/m/07yvsn	/people/person/profession	/m/0d8qb
/m/05zn92p	/people/person/profession	/m/0cbd2
/m/01tnxc	/cvg/computer_videogame/cvg_genre	/m/01hmnh
/m/04jwly	/cvg/computer_videogame/cvg_genre	/m/057m6
/m/05zhg	/cvg/computer_videogame/cvg_genre	/m/02lzy0
/m/01ypc	/people/person/profession	/m/0nbcg
/m/06j2v	/people/person/profession	/m/02hrh1q
/m/03f7lms	/people/person/profession	/m/037hz
/m/03wczym	/sports/pro_athlete/sports_played_professionally./sports/pro_sports_played/sport	/m/0dll_t2
/m/01541z	/people/person/profession	/m/012t_z
/m/04lkvc	/people/person/profession	/m/01vw77
/m/025m98	/people/person/profession	/m/0cbd2
/m/026ps1	/people/person/profession	/m/05xjb
/m/05dg4dx	/tv/tv_series_episode/series	/m/022qqh
/m/05dv5wd	/tv/tv_series_episode/series	/m/01w03jv
/m/026ldz7	/biology/organism_classification/rank	/m/09lc9
/m/06lk0_	/music/album/genre	/m/0jmwg
/m/01t03g1	/music/album/genre	/m/0288zy
/m/0mcl0	/sports/pro_athlete/sports_played_professionally./sports/pro_sports_played/sport	/m/0jm_
/m/0cl_m	/people/person/profession	/m/0dz3r
/m/031k24	/people/person/profession	/m/01pxg
/m/03mp54	/people/person/profession	/m/0fj9f
/m/020ddc	/sports/pro_athlete/sports_played_professionally./sports/pro_sports_played/sport	/m/018jz
/m/0nlg4	/people/person/profession	/m/0fj9f
/m/01wz3cx	/people/person/profession	/m/0fj9f
/m/019pkm	/people/person/profession	/m/0cbd2
/m/05q8b9y	/biology/organism_classification/rank	/m/015f47
/m/05zqs66	/people/person/profession	/m/061_f
/m/02b15h	/people/person/profession	/m/05z96
/m/06xpxj5	/tv/tv_series_episode/series	/m/0bsj9
/m/06zp1pj	/people/person/profession	/m/0ctwqs
/m/0m76b	/people/person/profession	/m/05z96
/m/0jmdb	/people/person/profession	/m/02hv44_
/m/04gp_mq	/sports/pro_athlete/sports_played_professionally./sports/pro_sports_played/sport	/m/043qqt5
/m/05dh8j8	/tv/tv_series_episode/series	/m/02f5qb
/m/0fy6bh	/people/person/profession	/m/02hrh1q
/m/0645605	/people/person/profession	/m/0d810y
/m/03bwzr4	/people/person/profession	/m/06q2q
/m/0hgp0rk	/people/person/profession	/m/02gnh0
/m/026ngzj	/sports/pro_athlete/sports_played_professionally./sports/pro_sports_played/sport	/m/01hwkn
/m/085j0	/people/person/profession	/m/0fj9f
/m/04jj7qs	/people/person/profession	/m/05vjt6
/m/04jj7qs	/people/person/profession	/m/06_x996
/m/04jj7qs	/people/person/profession	/m/0852z
/m/04jj7qs	/people/person/profession	/m/03x2qp
/m/04jj7qs	/people/person/profession	/m/0d07j8
/m/04jj7qs	/people/person/profession	/m/0rv97
/m/02825nf	/people/person/profession	/m/02r_5vd
/m/04mxqdv	/sports/pro_athlete/sports_played_professionally./sports/pro_sports_played/sport	/m/04gm78f
/m/04y86y9	/people/person/profession	/m/0h1mt
/m/0jdk0	/biology/organism_classification/rank	/m/09lc9
/m/079g7lm	/tv/tv_series_episode/series	/m/063yv
/m/0134pk	/music/album/genre	/m/036jv
/m/080mr30	/music/album/genre	/m/03h_f4
/m/080mr30	/music/album/genre	/m/03wdsbz
/m/08gjkk	/music/album/genre	/m/01n86
/m/08gjkk	/music/album/genre	/m/0z74
/m/08gjkk	/music/album/genre	/m/04x8cp
/m/08gjkk	/music/album/genre	/m/0qm98
/m/0b6ddn5	/people/person/profession	/m/01j95f
/m/016z51	/people/person/profession	/m/0mn6
/m/0f4p4w	/sports/pro_athlete/sports_played_professionally./sports/pro_sports_played/sport	/m/03qncl3
/m/0fr3dh	/sports/pro_athlete/sports_played_professionally./sports/pro_sports_played/sport	/m/03m5111
/m/026f_zy	/people/person/profession	/m/06mx8
/m/03jg5t	/people/person/profession	/m/0196pc
/m/06rzwx	/people/person/profession	/m/02jknp
/m/07f3xb	/people/person/profession	/m/0dxtg
/m/019v67	/people/person/profession	/m/01d_h8
/m/02sbwl	/people/person/profession	/m/018wng
/m/030bx4	/people/person/profession	/m/06_sc3
/m/04640wp	/cvg/computer_videogame/cvg_genre	/m/017c87
/m/05l2z4	/cvg/computer_videogame/cvg_genre	/m/01j17q
/m/04ymln	/cvg/computer_videogame/cvg_genre	/m/09l27d
/m/07lz9l	/cvg/computer_videogame/cvg_genre	/m/025zzc
/m/05k8hd	/people/person/profession	/m/0jmwg
/m/06x6c3w	/tv/tv_series_episode/series	/m/02t8gf
/m/04w_7	/people/person/profession	/m/028sgq
/m/09vzm2	/people/person/profession	/m/0ql7q
/m/0g8ky8g	/book/book/genre	/m/0h1yf
/m/02ylg6	/people/person/profession	/m/0d8qb
/m/0274hld	/people/person/profession	/m/0bvhz9
/m/0274hld	/people/person/profession	/m/0mzww
/m/027971v	/people/person/profession	/m/03mszl
/m/027971v	/people/person/profession	/m/05wh0sh
/m/03by3p7	/cvg/computer_videogame/cvg_genre	/m/06q5t7
/m/04hxyh	/people/person/profession	/m/01g257
/m/0f485	/people/person/profession	/m/0fj9f
/m/04ydqp6	/biology/organism_classification/rank	/m/01jrs46
/m/05dsqn	/biology/organism_classification/rank	/m/02srgf
/m/08fbnx	/people/person/profession	/m/02y5kn
/m/04fzfj	/sports/pro_athlete/sports_played_professionally./sports/pro_sports_played/sport	/m/0jm_
/m/07qm7x	/people/person/profession	/m/0b_6yv
/m/037mp6	/people/person/profession	/m/0d8qb
/m/01w56k	/people/person/profession	/m/05z96
/m/0mn0v	/people/person/profession	/m/0cbd2
/m/0hhq131	/sports/pro_athlete/sports_played_professionally./sports/pro_sports_played/sport	/m/020p1
/m/044k8	/tv/tv_series_episode/series	/m/05397h
/m/03d2_w8	/people/person/profession	/m/053x8hr
/m/03d2_w8	/people/person/profession	/m/06qd3
/m/05ztlnc	/sports/pro_athlete/sports_played_professionally./sports/pro_sports_played/sport	/m/02mg5r
/m/07r1l4	/biology/organism_classification/rank	/m/07tlg
/m/04yqlk	/sports/pro_athlete/sports_played_professionally./sports/pro_sports_played/sport	/m/018jz
/m/03v0vd	/sports/pro_athlete/sports_played_professionally./sports/pro_sports_played/sport	/m/0jm_
/m/04hzj	/music/album/genre	/m/01243b
/m/027j9wd	/biology/organism_classification/rank	/m/06zf0
/m/03qnjpd	/sports/pro_athlete/sports_played_professionally./sports/pro_sports_played/sport	/m/01jssp
/m/09tm38	/people/person/profession	/m/0355pl
/m/0b5ysl	/people/person/profession	/m/02hrh1q
/m/0hpyv	/people/person/profession	/m/0frz0
/m/0d09k4	/people/person/profession	/m/040rjq
/m/0gmhd92	/people/person/profession	/m/016fmf
/m/03gz61x	/people/person/profession	/m/09byk
/m/0642hb3	/biology/organism_classification/rank	/m/01q20
/m/08dfv4	/people/person/profession	/m/011yg9
/m/08dfv4	/people/person/profession	/m/033pf1
/m/0bs4r	/people/person/profession	/m/06q2q
/m/06krf3	/music/album/genre	/m/01cbwl
/m/09qs08	/music/album/genre	/m/016clz
/m/0gh8w42	/people/person/profession	/m/01m1zk
/m/0gz1bk	/people/person/profession	/m/069q4f
/m/047rwrh	/people/person/profession	/m/0d_84
/m/0b2lw	/people/person/profession	/m/0n1h
/m/0grw_	/book/book/genre	/m/05hgj
/m/01p0w_	/tv/tv_series_episode/series	/m/01b64v
/m/08qjfv	/people/person/profession	/m/03818y
/m/015gsv	/people/person/profession	/m/0fj9f
/m/0d5nk9	/people/person/profession	/m/02rn_bj
/m/03cgwmb	/people/person/profession	/m/05zx7xk
/m/05lpm8	/book/book/genre	/m/0143wl
/m/0fw2d3	/book/book/genre	/m/06n90
/m/05p97rh	/people/person/profession	/m/023zsh
/m/093yy_	/people/person/profession	/m/029t1
/m/0hgm55r	/sports/pro_athlete/sports_played_professionally./sports/pro_sports_played/sport	/m/039n1
/m/0q56s0k	/music/album/genre	/m/01hb1t
/m/0q56s0k	/music/album/genre	/m/06z4wj
/m/0q56s0k	/music/album/genre	/m/06z4wj
/m/0fdpd	/music/album/genre	/m/0y3_8
/m/0q56s0k	/music/album/genre	/m/05ksh
/m/0q56s0k	/music/album/genre	/m/0y9j
/m/0q56s0k	/music/album/genre	/m/06y611
/m/0q56s0k	/music/album/genre	/m/0hh2s
/m/013tcv	/biology/organism_classification/rank	/m/09lc9
/m/0g78xc	/people/person/profession	/m/06q2q
/m/03_js	/people/person/profession	/m/0fj9f
/m/01j6t0	/people/person/profession	/m/09vw2b7
/m/09rwgv4	/people/person/profession	/m/0dd2f
/m/0dp_cy	/sports/pro_athlete/sports_played_professionally./sports/pro_sports_played/sport	/m/0320fn
/m/0194xc	/people/person/profession	/m/0cbd2
/m/01hdhjv	/music/album/genre	/m/02cw1m
/m/02pgwnx	/people/person/profession	/m/0lxg6
/m/03hg9ms	/people/person/profession	/m/04jtj
/m/04lg34n	/people/person/profession	/m/03_8r
/m/06n47z	/people/person/profession	/m/085gk
/m/06n47z	/people/person/profession	/m/03q2t9
/m/06n47z	/people/person/profession	/m/026n4h6
/m/07nzw5	/people/person/profession	/m/053tpp
/m/07nzw5	/people/person/profession	/m/01nkxvx
/m/0dr5y	/people/person/profession	/m/012t_z
/m/016yvw	/people/person/profession	/m/02hrh1q
/m/0xn7q	/people/person/profession	/m/01c72t
/m/0jkvj	/people/person/profession	/m/01c8w0
/m/0gyvpg6	/people/person/profession	/m/01vrlqd
/m/0581vn8	/people/person/profession	/m/0cbd2
/m/01bx35	/sports/pro_athlete/sports_played_professionally./sports/pro_sports_played/sport	/m/09xp_
/m/03byl4	/people/person/profession	/m/02bqn1
/m/024tkd	/music/album/genre	/m/06by7
/m/043ljky	/people/person/profession	/m/0xc9x
/m/046yw7	/people/person/profession	/m/07lx1s
/m/046yw7	/people/person/profession	/m/01l5rz
/m/01wgcvn	/biology/organism_classification/rank	/m/0gqpg
/m/09t9vp	/cvg/computer_videogame/cvg_genre	/m/08qnnv
/m/09t9vp	/cvg/computer_videogame/cvg_genre	/m/01grpc
/m/09t9vp	/cvg/computer_videogame/cvg_genre	/m/0l_q9
/m/049ql1	/book/book/genre	/m/03mfnf
/m/0f_5ln	/people/person/profession	/m/01yg9y
/m/0g5pwq	/people/person/profession	/m/04zl8
/m/0gjdlxk	/music/album/genre	/m/0l2rj
/m/04f6hhm	/people/person/profession	/m/012t_z
/m/01sl00r	/music/album/genre	/m/0v53x
/m/05bkf	/people/person/profession	/m/0fj9f
/m/01z747	/people/person/profession	/m/09j9h
/m/024_41	/people/person/profession	/m/012t_z
/m/027tbrc	/sports/pro_athlete/sports_played_professionally./sports/pro_sports_played/sport	/m/09w1n
/m/01mw1	/music/album/genre	/m/016clz
/m/03g78j6	/music/album/genre	/m/01xcr4
/m/03ch8bl	/music/album/genre	/m/08_yl1
/m/03g78j6	/music/album/genre	/m/032zq6
/m/03g78j6	/music/album/genre	/m/022b_
/m/014hr0	/music/album/genre	/m/05bt6j
/m/02cqny	/music/album/genre	/m/02ny8t
/m/07_s4b	/music/album/genre	/m/05c6073
/m/03jg2wb	/music/album/genre	/m/02633g
/m/03jg2wb	/music/album/genre	/m/0661m4p
/m/05rznz	/biology/organism_classification/rank	/m/06zf0
/m/04f1v1d	/biology/organism_classification/rank	/m/035wcs
/m/05zs5vg	/sports/pro_athlete/sports_played_professionally./sports/pro_sports_played/sport	/m/013f9v
/m/0b_6_l	/people/person/profession	/m/0fj9f
/m/01b4x4	/sports/pro_athlete/sports_played_professionally./sports/pro_sports_played/sport	/m/02vx4
/m/04y93y0	/people/person/profession	/m/017323
/m/053sdy	/people/person/profession	/m/0dn7v
/m/053sdy	/people/person/profession	/m/09v82c0
/m/053sdy	/people/person/profession	/m/015qqg
/m/053sdy	/people/person/profession	/m/03_z5f
/m/08jsmg	/sports/pro_athlete/sports_played_professionally./sports/pro_sports_played/sport	/m/0412f5y
/m/01lldkg	/music/album/genre	/m/0gg81w
/m/02v570	/music/album/genre	/m/016_v3
/m/040p_q	/music/album/genre	/m/01y2mq
/m/0j6b5	/music/album/genre	/m/0263q4z
/m/06xj4w	/music/album/genre	/m/0glt670
/m/01lldkg	/music/album/genre	/m/03f3_p3
/m/02bws2	/book/book/genre	/m/02t7t
/m/02wyc0	/book/book/genre	/m/01hmnh
/m/02bws2	/book/book/genre	/m/0bvzp
/m/0296vv	/book/book/genre	/m/014dfn
/m/02q39fc	/people/person/profession	/m/0jqb8
/m/02vwckw	/people/person/profession	/m/0cbd2
/m/099ck7	/people/person/profession	/m/016fly
/m/02q39fc	/people/person/profession	/m/026kq4q
/m/02ydx	/people/person/profession	/m/0fj9f
/m/0ywqc	/people/person/profession	/m/012t_z
/m/02x595f	/people/person/profession	/m/049d_
/m/08qz1l	/people/person/profession	/m/028sgq
/m/03lk0j	/cvg/computer_videogame/cvg_genre	/m/01xn57g
/m/053zm7	/sports/pro_athlete/sports_played_professionally./sports/pro_sports_played/sport	/m/02x4x18
/m/076wd87	/people/person/profession	/m/09hzc
/m/021j72	/sports/pro_athlete/sports_played_professionally./sports/pro_sports_played/sport	/m/018jz
/m/0d24fq	/tv/tv_series_episode/series	/m/04ltf
/m/0kfw3sq	/music/album/genre	/m/011ykb
/m/013cr	/people/person/profession	/m/02hrh1q
/m/0399g4	/people/person/profession	/m/0d3qd0
/m/079vf	/book/book/genre	/m/0dwly
/m/04t1gfy	/book/book/genre	/m/05g49
/m/051z6rz	/book/book/genre	/m/0hfjk
/m/05mv9hg	/people/person/profession	/m/040b5k
/m/01hwc6	/biology/organism_classification/rank	/m/06zf0
/m/0prrm	/people/person/profession	/m/0dxtg
/m/0b8sdt	/people/person/profession	/m/0n85g
/m/01dwrc	/people/person/profession	/m/02hrh1q
/m/0bgzzw	/people/person/profession	/m/025scjj
/m/01kr6k	/people/person/profession	/m/0dxtg
/m/013gwb	/book/book/genre	/m/02xlf
/m/0277g09	/cvg/computer_videogame/cvg_genre	/m/0415ggl
/m/02z00v7	/sports/pro_athlete/sports_played_professionally./sports/pro_sports_played/sport	/m/02c638
/m/05qcrb5	/book/book/genre	/m/02sg4b
/m/0d0bsj	/book/book/genre	/m/014dfn
/m/07489g	/biology/organism_classification/rank	/m/04j5fx
/m/03hhd3	/people/person/profession	/m/0d8qb
/m/01flgk	/people/person/profession	/m/03m3mgq
/m/02v5xg	/sports/pro_athlete/sports_played_professionally./sports/pro_sports_played/sport	/m/02vx4
/m/0djywgn	/people/person/profession	/m/0nbcg
/m/0m67s	/people/person/profession	/m/03_wj_
/m/01k4f	/people/person/profession	/m/018gz8
/m/0b2qtl	/people/person/profession	/m/02hrh1q
/m/0t_f643	/sports/pro_athlete/sports_played_professionally./sports/pro_sports_played/sport	/m/0fy2s1
/m/06xkst	/book/book/genre	/m/02p0szs
/m/043cl9	/book/book/genre	/m/02xlf
/m/01pcj4	/people/person/profession	/m/05vyk
/m/01wzq82	/people/person/profession	/m/09tlh
/m/01wzq82	/people/person/profession	/m/015gm8
/m/02x20c9	/tv/tv_series_episode/series	/m/0358x_
/m/01wv9xn	/book/book/genre	/m/017fp
/m/0c0dj_	/people/person/profession	/m/0gmgwnv
/m/0c0dj_	/people/person/profession	/m/02ltg3
/m/025n3p	/people/person/profession	/m/039v1
/m/0q8sw	/people/person/profession	/m/025352
/m/02kx3	/people/person/profession	/m/02tx6q
/m/0bwjj	/people/person/profession	/m/0dz3r
/m/0cl1r6	/sports/pro_athlete/sports_played_professionally./sports/pro_sports_played/sport	/m/0b9l3x
/m/0cl1r6	/people/person/profession	/m/04r68
/m/07wpm	/people/person/profession	/m/0fj9f
/m/012fzm	/tv/tv_series_episode/series	/m/0358x_
/m/06xvwt	/sports/pro_athlete/sports_played_professionally./sports/pro_sports_played/sport	/m/0g_92
/m/05y0cr	/people/person/profession	/m/0dz3r
/m/02hrh1q	/people/person/profession	/m/09j9h
/m/0cxjmh	/people/person/profession	/m/01v9724
/m/0cxjmh	/people/person/profession	/m/03_wvl
/m/0cqgl9	/people/person/profession	/m/0fj9f
/m/01tspc6	/sports/pro_athlete/sports_played_professionally./sports/pro_sports_played/sport	/m/018w8
/m/06gcn	/sports/pro_athlete/sports_played_professionally./sports/pro_sports_played/sport	/m/018jz
/m/02w59b	/biology/organism_classification/rank	/m/06zf0
/m/06x27rt	/tv/tv_series_episode/series	/m/0dzfdw
/m/08qnk7	/people/person/profession	/m/01t8sr
/m/09g_z	/people/person/profession	/m/054y8
/m/0dfn5b	/people/person/profession	/m/04w391
/m/0gjcy	/people/person/profession	/m/0nbcg
/m/0gff83x	/people/person/profession	/m/07vht
/m/01j17q	/people/person/profession	/m/0dz3r
/m/03xmy1	/people/person/profession	/m/02hrh1q
/m/04d18d	/people/person/profession	/m/02hrh1q
/m/02f77y	/music/album/genre	/m/0dl5d
/m/01hh7qg	/music/album/genre	/m/015fsv
/m/05tk7y	/book/book/genre	/m/0hfjk
/m/02x87pj	/book/book/genre	/m/0bs5f0b
/m/02x87pj	/book/book/genre	/m/01rwyq
/m/03bnwl	/sports/pro_athlete/sports_played_professionally./sports/pro_sports_played/sport	/m/0ymcz
/m/06rny	/music/album/genre	/m/026z9
/m/02h53vq	/music/album/genre	/m/0gywn
/m/03d2jgs	/sports/pro_athlete/sports_played_professionally./sports/pro_sports_played/sport	/m/04y5j64
/m/016zxr	/people/person/profession	/m/01pxg
/m/05b0x57	/tv/tv_series_episode/series	/m/0mrhq
/m/05dh8np	/tv/tv_series_episode/series	/m/01q_wyj
/m/05dp3_q	/tv/tv_series_episode/series	/m/0239zv
/m/07d8rt	/sports/pro_athlete/sports_played_professionally./sports/pro_sports_played/sport	/m/040_9
/m/0r8bh	/people/person/profession	/m/0fj9f
/m/091yn0	/book/book/genre	/m/01pwbn
/m/0h3mq2k	/sports/pro_athlete/sports_played_professionally./sports/pro_sports_played/sport	/m/06bw5
/m/04wxr	/biology/organism_classification/rank	/m/06zf0
/m/0169dl	/book/book/genre	/m/06n90
/m/02qnd86	/book/book/genre	/m/0cqh6z
/m/02gjrc	/book/book/genre	/m/05hgj
/m/02wx406	/sports/pro_athlete/sports_played_professionally./sports/pro_sports_played/sport	/m/0pkgt
/m/02wx406	/people/person/profession	/m/02zfg3
/m/03252g	/book/book/genre	/m/0jbyg
/m/03252g	/book/book/genre	/m/0g7pm
/m/03252g	/book/book/genre	/m/01wsl7c
/m/06xs714	/tv/tv_series_episode/series	/m/0mbct
/m/021q23	/music/album/genre	/m/02lnbg
/m/06hsk	/music/album/genre	/m/03mb9
/m/01vsykc	/music/album/genre	/m/0y3_8
/m/0v3h5bk	/book/book/genre	/m/018_7x
/m/027mrpq	/sports/pro_athlete/sports_played_professionally./sports/pro_sports_played/sport	/m/02bqy
/m/014635	/people/person/profession	/m/02y5kn
/m/06c0j	/book/book/genre	/m/02xlf
/m/03hks9g	/people/person/profession	/m/047g98
/m/01j851	/people/person/profession	/m/03gjzk
/m/03hks9g	/people/person/profession	/m/01kcmr
/m/0gys2jp	/biology/organism_classification/rank	/m/06zf0
/m/05ckjf	/people/person/profession	/m/0bw7ly
/m/05ckjf	/people/person/profession	/m/01qdcv
/m/05ckjf	/people/person/profession	/m/01b1mj
/m/05dds79	/tv/tv_series_episode/series	/m/059_gf
/m/05x63pp	/people/person/profession	/m/0hzlz
/m/05x63pp	/people/person/profession	/m/0c1fs
/m/0gqz2	/people/person/profession	/m/0fj9f
/m/0491mq	/people/person/profession	/m/014yzm
/m/0p5vf	/people/person/profession	/m/02hrh1q
/m/015whm	/people/person/profession	/m/0d1pc
/m/05pxnmb	/people/person/profession	/m/0cbd2
/m/06crng	/people/person/profession	/m/0dz3r
/m/01nfys	/sports/pro_athlete/sports_played_professionally./sports/pro_sports_played/sport	/m/09xp_
/m/0djnjf	/people/person/profession	/m/0gl3hr
/m/099cng	/sports/pro_athlete/sports_played_professionally./sports/pro_sports_played/sport	/m/037hz
/m/01j9c_7	/music/album/genre	/m/0mgcc
/m/035sc2	/music/album/genre	/m/01cbwl
/m/0bx0l	/people/person/profession	/m/0cbd2
/m/02lyx4	/sports/pro_athlete/sports_played_professionally./sports/pro_sports_played/sport	/m/018w8
/m/03_vpw	/people/person/profession	/m/0dz3r
/m/055c8	/people/person/profession	/m/0cbd2
/m/0dyjz	/book/book/genre	/m/0707q
/m/0sqgt	/book/book/genre	/m/03mfnf
/m/0j_t1	/book/book/genre	/m/01hmnh
/m/05mwzvc	/book/book/genre	/m/0366c
/m/058w5	/tv/tv_series_episode/series	/m/0pc_l
/m/0bmj_7s	/people/person/profession	/m/024qqx
/m/080h2	/people/person/profession	/m/02hrh1q
/m/05x30m	/book/book/genre	/m/03npn
/m/03hvk2	/book/book/genre	/m/014dfn
/m/06z9k8	/book/book/genre	/m/01hmnh
/m/0cvz4q	/book/book/genre	/m/03fqv5
/m/0cvz4q	/book/book/genre	/m/0fvvg
/m/02892nf	/people/person/profession	/m/04r68
/m/02496r	/sports/pro_athlete/sports_played_professionally./sports/pro_sports_played/sport	/m/02vx4
/m/0cfs8	/people/person/profession	/m/0d8qb
/m/01yf85	/people/person/profession	/m/0cbd2
/m/03h_5v3	/people/person/profession	/m/049912
/m/027xbpw	/people/person/profession	/m/02dsz
/m/036jp8	/sports/pro_athlete/sports_played_professionally./sports/pro_sports_played/sport	/m/02vx4
/m/05fny	/people/person/profession	/m/0gl2ny2
/m/06z9yhs	/tv/tv_series_episode/series	/m/02_5h
/m/07dr1c	/sports/pro_athlete/sports_played_professionally./sports/pro_sports_played/sport	/m/0619m3
/m/07n0dy	/people/person/profession	/m/07w5rq
/m/0py1w6m	/people/person/profession	/m/0190_q
/m/026yhzm	/people/person/profession	/m/034hwx
/m/026yhzm	/people/person/profession	/m/02gnmp
/m/0cdf37	/people/person/profession	/m/02jknp
/m/027zcm_	/sports/pro_athlete/sports_played_professionally./sports/pro_sports_played/sport	/m/07_lq
/m/0kv7k	/people/person/profession	/m/04gc2
/m/0170yd	/sports/pro_athlete/sports_played_professionally./sports/pro_sports_played/sport	/m/01sgl
/m/0263q4z	/people/person/profession	/m/01445t
/m/0xzly	/people/person/profession	/m/0196pc
/m/086x3	/people/person/profession	/m/05t4q
/m/026q4v	/sports/pro_athlete/sports_played_professionally./sports/pro_sports_played/sport	/m/059f4
/m/02r0bmh	/people/person/profession	/m/03dn9v
/m/02vnmc9	/people/person/profession	/m/01d_h8
/m/0d3qd0	/tv/tv_series_episode/series	/m/0l76z
/m/0q9vf	/people/person/profession	/m/09jwl
/m/01t12z	/people/person/profession	/m/02dsz
/m/02j416	/people/person/profession	/m/0nbcg
/m/094xh	/people/person/profession	/m/0cbd2
/m/0fm6m8	/people/person/profession	/m/0frz0
/m/01l74dl	/people/person/profession	/m/03vgp7
/m/06wxw	/people/person/profession	/m/03sbb
/m/01l74dl	/people/person/profession	/m/02hhtj
/m/02f72_	/people/person/profession	/m/04gc2
/m/02l9kb	/people/person/profession	/m/08nhfc1
/m/047r16j	/people/person/profession	/m/02yxh9
/m/03b6j8	/sports/pro_athlete/sports_played_professionally./sports/pro_sports_played/sport	/m/01cgz
/m/05_jl2	/biology/organism_classification/rank	/m/0n5dt
/m/034m8	/sports/pro_athlete/sports_played_professionally./sports/pro_sports_played/sport	/m/09xp_
/m/07mn02	/cvg/computer_videogame/cvg_genre	/m/096cw_
/m/03tn80	/cvg/computer_videogame/cvg_genre	/m/021bp2
/m/07mn02	/cvg/computer_videogame/cvg_genre	/m/06klyh
/m/0gytv6p	/people/person/profession	/m/07c404
/m/027ccx7	/people/person/profession	/m/040981l
/m/0187y5	/people/person/profession	/m/0fj9f
/m/03ch8lj	/book/book/genre	/m/01jtp7
/m/04b_jc	/book/book/genre	/m/0dwly
/m/059hvq	/biology/organism_classification/rank	/m/01zlwg6
/m/0j4b	/people/person/profession	/m/0fj9f
/m/027zz	/people/person/profession	/m/0fj9f
/m/08g5q7	/people/person/profession	/m/04gc2
/m/01_lh1	/book/book/genre	/m/016475
/m/03qj5n6	/book/book/genre	/m/08fn5b
/m/03x6w8	/music/album/genre	/m/03jsvl
/m/05css_	/music/album/genre	/m/06by7
/m/0kc6x	/music/album/genre	/m/02yv6b
/m/040_vt	/music/album/genre	/m/025sqz8
/m/0146pg	/music/album/genre	/m/03n15_
/m/02rxbmt	/cvg/computer_videogame/cvg_genre	/m/025zzc
/m/01hm6yw	/music/album/genre	/m/0tct_
/m/01hm6yw	/music/album/genre	/m/01y9xg
/m/02q6gfp	/people/person/profession	/m/04gc2
/m/04dn8f	/people/person/profession	/m/07mgr
/m/0tn9j	/music/album/genre	/m/016clz
/m/07jbh	/music/album/genre	/m/0283d
/m/07k8xdg	/music/album/genre	/m/01qqtr
/m/07kjc44	/people/person/profession	/m/01p7yb
/m/0bk25	/people/person/profession	/m/09jwl
/m/0c19hv	/people/person/profession	/m/088fh
/m/0c19hv	/people/person/profession	/m/02x201b
/m/0c19hv	/people/person/profession	/m/02fwfb
/m/06q6jz	/people/person/profession	/m/0np9r
/m/01rhrd	/people/person/profession	/m/01c8w0
/m/0f29k4	/people/person/profession	/m/0j3v
/m/0f_zx1z	/tv/tv_series_episode/series	/m/02rfft
/m/0g12zx	/people/person/profession	/m/01gvyp
/m/0jkwdnc	/sports/pro_athlete/sports_played_professionally./sports/pro_sports_played/sport	/m/023g6w
/m/0q9jk	/sports/pro_athlete/sports_played_professionally./sports/pro_sports_played/sport	/m/03tmr
/m/02qlkb2	/people/person/profession	/m/01wgcvn
/m/02qlkb2	/people/person/profession	/m/05798
/m/02qlkb2	/people/person/profession	/m/05fcbk7
/m/04bbv7	/sports/pro_athlete/sports_played_professionally./sports/pro_sports_played/sport	/m/018w8
/m/0159r9	/music/album/genre	/m/05bt6j
/m/07zypy	/music/album/genre	/m/0kr_t
/m/034qg	/book/book/genre	/m/014dfn
/m/0cl4x7	/book/book/genre	/m/0l2p7
/m/01xwn8	/people/person/profession	/m/0127ps
/m/0c66m	/people/person/profession	/m/0fj9f
/m/03w9sgh	/music/album/genre	/m/06by7
/m/02wwmhc	/people/person/profession	/m/0gl2ny2
/m/01zrq0	/sports/pro_athlete/sports_played_professionally./sports/pro_sports_played/sport	/m/02vx4
/m/02qvvv	/music/album/genre	/m/03_d0
/m/05qfftn	/book/book/genre	/m/06cm5
/m/0by785	/tv/tv_series_episode/series	/m/07tvwy
/m/02w7lbx	/people/person/profession	/m/03p85
/m/09r94m	/people/person/profession	/m/01pxg
/m/016yzz	/people/person/profession	/m/04s2z
/m/01_ztw	/people/person/profession	/m/01d_h8
/m/0gbbm_w	/music/album/genre	/m/017_cl
/m/0gbbm_w	/music/album/genre	/m/013vdl
/m/0j9kcph	/people/person/profession	/m/0451j
/m/03p7gb	/sports/pro_athlete/sports_played_professionally./sports/pro_sports_played/sport	/m/09xp_
/m/011ydl	/people/person/profession	/m/012t_z
/m/03cvzp4	/people/person/profession	/m/0jnm_
/m/03d0vz0	/people/person/profession	/m/05p8bf9
/m/04gltgc	/people/person/profession	/m/0bz6sb
/m/07q68q	/tv/tv_series_episode/series	/m/047m_w
/m/0b7lkg	/people/person/profession	/m/0jk_8
/m/012f86	/people/person/profession	/m/0dxtg
/m/0b7lkg	/people/person/profession	/m/0159r9
/m/0b7lkg	/people/person/profession	/m/01_d4
/m/074j87	/people/person/profession	/m/0np9r
/m/0gvvn86	/people/person/profession	/m/02lkcc
/m/02rrcmg	/sports/pro_athlete/sports_played_professionally./sports/pro_sports_played/sport	/m/02q3n9c
/m/0qm40	/sports/pro_athlete/sports_played_professionally./sports/pro_sports_played/sport	/m/02vx4
/m/06wbm8q	/biology/organism_classification/rank	/m/06zf0
/m/064cfv	/people/person/profession	/m/0jq27
/m/06ylcfz	/tv/tv_series_episode/series	/m/0jjy0
/m/0cntwp	/people/person/profession	/m/0fcsd
/m/02y5kn	/people/person/profession	/m/0cbd2
/m/0df_c	/biology/organism_classification/rank	/m/06zf0
/m/01g257	/biology/organism_classification/rank	/m/06zf0
/m/02pyv6t	/people/person/profession	/m/0h095
/m/06dzlj	/people/person/profession	/m/0bzk2h
/m/02681vq	/people/person/profession	/m/029bkp
/m/0krr60	/people/person/profession	/m/01pf6
/m/0kyrh79	/cvg/computer_videogame/cvg_genre	/m/0prfz
/m/0kyrh79	/cvg/computer_videogame/cvg_genre	/m/0266shh
/m/01nln	/people/person/profession	/m/0mn6
/m/02q9r0f	/sports/pro_athlete/sports_played_professionally./sports/pro_sports_played/sport	/m/07g0_
/m/02qdzgf	/people/person/profession	/m/02xcb6n
/m/02z1552	/people/person/profession	/m/018vbf
/m/06x77g	/people/person/profession	/m/0fj9f
/m/0cgwt8	/people/person/profession	/m/0cbd2
/m/03qf9tp	/people/person/profession	/m/0jwmp
/m/03qf9tp	/people/person/profession	/m/03rzvv
/m/0404_gy	/sports/pro_athlete/sports_played_professionally./sports/pro_sports_played/sport	/m/09h4b5
/m/04y6mmz	/people/person/profession	/m/04682_
/m/053rq7	/cvg/computer_videogame/cvg_genre	/m/02v60l
/m/07zyxk	/people/person/profession	/m/02_nsc
/m/0d0vqn	/people/person/profession	/m/0n1h
/m/04dqdk	/people/person/profession	/m/01jn5
/m/0gv07g	/people/person/profession	/m/0c5lg
/m/0dhz0	/people/person/profession	/m/0dxtg
/m/07v5q	/people/person/profession	/m/0cbd2
/m/0db_pn	/people/person/profession	/m/028dcg
/m/014cnc	/music/album/genre	/m/0xhtw
/m/02pby8	/music/album/genre	/m/01_bkd
/m/02wh0	/music/album/genre	/m/05jg58
/m/0gh8y45	/people/person/profession	/m/057xkj_
/m/0tkk9fw	/sports/pro_athlete/sports_played_professionally./sports/pro_sports_played/sport	/m/03676
/m/0tkk9fw	/people/person/profession	/m/04czgbh
/m/017fl5	/people/person/profession	/m/04682_
/m/017fl5	/people/person/profession	/m/0f5xn
/m/017fl5	/people/person/profession	/m/04ngn
/m/038l1h	/people/person/profession	/m/05l4yg
/m/04zjxcz	/people/person/profession	/m/02hrh1q
/m/0rw2x	/people/person/profession	/m/02jknp
/m/03mhplk	/people/person/profession	/m/02j04_
/m/0jgld	/people/person/profession	/m/0fj9f
/m/04sv7z	/people/person/profession	/m/02cm61
/m/09949m	/people/person/profession	/m/02y_93f
/m/01tt43d	/people/person/profession	/m/09lbv
/m/082jy3	/people/person/profession	/m/06zn1c
/m/09v3396	/people/person/profession	/m/0cfhfz
/m/017ztv	/music/album/genre	/m/064t9
/m/0j8cjsb	/tv/tv_series_episode/series	/m/0784v1
/m/0279b5_	/people/person/profession	/m/0mbf4
/m/0279b5_	/people/person/profession	/m/05hf_5
/m/03d8jd1	/people/person/profession	/m/012t_z
/m/044gyq	/cvg/computer_videogame/cvg_genre	/m/03hf_rm
/m/0jnb0	/sports/pro_athlete/sports_played_professionally./sports/pro_sports_played/sport	/m/02vx4
/m/0fqy4p	/people/person/profession	/m/09jwl
/m/07sgghb	/people/person/profession	/m/01gt99
/m/015f7	/people/person/profession	/m/05t4q
/m/0cqj3j	/people/person/profession	/m/07yqn
/m/0ck1d	/sports/pro_athlete/sports_played_professionally./sports/pro_sports_played/sport	/m/0jm_
/m/08w7vj	/music/album/genre	/m/0dl5d
/m/0qzy6b5	/tv/tv_series_episode/series	/m/0745k7
/m/01km275	/music/album/genre	/m/020hyj
/m/027b9k6	/people/person/profession	/m/0fj9f
/m/031_j6	/people/person/profession	/m/0132k4
/m/05dv5n5	/tv/tv_series_episode/series	/m/028dcg
/m/0jm9w	/people/person/profession	/m/05snw
/m/0cks1m	/people/person/profession	/m/01d30f
/m/05sb1	/people/person/profession	/m/0fj9f
/m/053vcrp	/people/person/profession	/m/012t_z
/m/0d5q85	/people/person/profession	/m/07m77x
/m/019lxm	/sports/pro_athlete/sports_played_professionally./sports/pro_sports_played/sport	/m/09xp_
/m/02qtd3h	/people/person/profession	/m/02vntj
/m/06c10	/people/person/profession	/m/0yzvw
/m/06c10	/people/person/profession	/m/0tn9j
/m/02k76g	/people/person/profession	/m/0dgd_
/m/06c10	/people/person/profession	/m/0htlr
/m/02fn5r	/people/person/profession	/m/047vnfs
/m/018qpb	/people/person/profession	/m/0fj9f
/m/0807ssp	/book/book/genre	/m/03262k
/m/0tn9j	/tv/tv_series_episode/series	/m/019nnl
/m/0dbpt6	/biology/organism_classification/rank	/m/01dq0z
/m/0dd_4j	/biology/organism_classification/rank	/m/0206k5
/m/01730d	/people/person/profession	/m/016fly
/m/026wp73	/people/person/profession	/m/013m_x
/m/01bns_	/book/book/genre	/m/02xlf
/m/02y21l	/book/book/genre	/m/01hmnh
/m/0272dch	/book/book/genre	/m/01dhmw
/m/0272dch	/book/book/genre	/m/03m5y9p
/m/04511f	/people/person/profession	/m/0cbd2
/m/02z2mr7	/people/person/profession	/m/01pn0r
/m/01xcfy	/people/person/profession	/m/0fj9f
/m/03w3fd	/biology/organism_classification/rank	/m/013sg6
/m/071r04	/sports/pro_athlete/sports_played_professionally./sports/pro_sports_played/sport	/m/0lcx
/m/03q27t	/people/person/profession	/m/0dxtg
/m/096wm6	/people/person/profession	/m/0789r6
/m/0215hd	/people/person/profession	/m/02hrh1q
/m/03hrz	/people/person/profession	/m/02jknp
/m/0p1l2	/cvg/computer_videogame/cvg_genre	/m/02hygl
/m/0nh0f	/cvg/computer_videogame/cvg_genre	/m/025zzc
/m/0358g8	/biology/organism_classification/rank	/m/0fl35
/m/01nrz4	/people/person/profession	/m/0d8qb
/m/02rkmwx	/people/person/profession	/m/028bs1p
/m/03c00_3	/music/album/genre	/m/01j6mff
/m/03lht	/people/person/profession	/m/0d8qb
/m/06ls0l	/tv/tv_series_episode/series	/m/09v38qj
/m/02798kc	/people/person/profession	/m/0166b
/m/02cflr	/people/person/profession	/m/0typ5
/m/03h60sn	/people/person/profession	/m/02t_w8
/m/02b19f	/biology/organism_classification/rank	/m/09lc9
/m/04f41km	/people/person/profession	/m/0dc7hc
/m/0884fm	/people/person/profession	/m/0fj9f
/m/037mjv	/cvg/computer_videogame/cvg_genre	/m/02x9hs
/m/07fvf1	/people/person/profession	/m/02hrh1q
/m/0b35mb	/people/person/profession	/m/0126y2
/m/0j63n06	/cvg/computer_videogame/cvg_genre	/m/0cc07
/m/01t42l	/book/book/genre	/m/01bpn
/m/01f62	/book/book/genre	/m/03g3w
/m/02qvwqt	/cvg/computer_videogame/cvg_genre	/m/03rrsc
/m/02cgb8	/tv/tv_series_episode/series	/m/01_2n
/m/034tl	/biology/organism_classification/rank	/m/06zf0
/m/01fwj8	/cvg/computer_videogame/cvg_genre	/m/025zzc
/m/06k9py	/cvg/computer_videogame/cvg_genre	/m/018jmn
/m/02x_y	/sports/pro_athlete/sports_played_professionally./sports/pro_sports_played/sport	/m/02vx4
/m/0d3qd0	/music/album/genre	/m/05bt6j
/m/09v71nr	/music/album/genre	/m/0b6jkkg
/m/09v71nr	/music/album/genre	/m/0k60
/m/09v71nr	/music/album/genre	/m/0kbwb
/m/0lhql	/people/person/profession	/m/0fj9f
/m/05ypj5	/book/book/genre	/m/02xlf
/m/0n_gw	/book/book/genre	/m/0382k
/m/04n4v_g	/biology/organism_classification/rank	/m/015_z1
/m/064h0m	/tv/tv_series_episode/series	/m/014dgf
/m/0g_4k9	/biology/organism_classification/rank	/m/0bpjh3
/m/02ldjd	/biology/organism_classification/rank	/m/0g2lq
/m/05dv5y5	/tv/tv_series_episode/series	/m/0bsjcw
/m/05p05_t	/people/person/profession	/m/07z4p
/m/05p05_t	/people/person/profession	/m/01cycq
/m/02w9k1c	/cvg/computer_videogame/cvg_genre	/m/025zzc
/m/0clz7	/cvg/computer_videogame/cvg_genre	/m/033th
/m/081t1c	/sports/pro_athlete/sports_played_professionally./sports/pro_sports_played/sport	/m/037vqt
/m/05zjx	/people/person/profession	/m/0d8qb
/m/0fqzys	/sports/pro_athlete/sports_played_professionally./sports/pro_sports_played/sport	/m/06v9_x
/m/01hl40t	/music/album/genre	/m/0237fw
/m/01hl40t	/music/album/genre	/m/03hfx6c
/m/019pkm	/music/album/genre	/m/06j6l
/m/03hy3g	/music/album/genre	/m/064t9
/m/01hl40t	/music/album/genre	/m/09f5rr
/m/06pqy_	/music/album/genre	/m/02c8d7
/m/04wg38	/music/album/genre	/m/0gywn
/m/06crk	/music/album/genre	/m/02k_kn
/m/04qt29	/music/album/genre	/m/02x8m
/m/01hl40t	/music/album/genre	/m/0f9rw9
/m/07_9_	/music/album/genre	/m/08cyft
/m/01hl40t	/music/album/genre	/m/02wzv
/m/0b_yz	/music/album/genre	/m/03_d0
/m/01279v	/music/album/genre	/m/01jwt
/m/02rzdcp	/people/person/profession	/m/02hrh1q
/m/04w8l2	/people/person/profession	/m/04r7p
/m/04w8l2	/people/person/profession	/m/04jjy
/m/081pbx	/people/person/profession	/m/0n9dn
/m/02qrdl1	/people/person/profession	/m/0tn9j
/m/03x_p13	/people/person/profession	/m/02cqny
/m/02tcgh	/biology/organism_classification/rank	/m/06zf0
/m/08229c	/people/person/profession	/m/0ctb4g
/m/01nd6v	/sports/pro_athlete/sports_played_professionally./sports/pro_sports_played/sport	/m/02vx4
/m/02yxh9	/biology/organism_classification/rank	/m/06zf0
/m/0kmq1	/people/person/profession	/m/01vfwd
/m/0kw1t0z	/tv/tv_series_episode/series	/m/08jgk1
/m/01k4txr	/music/album/genre	/m/0n5fz
/m/07c404	/music/album/genre	/m/0m0fw
/m/0b76t12	/music/album/genre	/m/03lty
/m/03_zv5	/music/album/genre	/m/02yy88
/m/01k4txr	/music/album/genre	/m/01bv8b
/m/01p95y0	/music/album/genre	/m/0jmwg
/m/049s8p1	/music/album/genre	/m/032nl2
/m/049s8p1	/music/album/genre	/m/01ty7ll
/m/04ch36	/cvg/computer_videogame/cvg_genre	/m/0309lm
/m/04ch36	/cvg/computer_videogame/cvg_genre	/m/03b78r
/m/0105y2	/people/person/profession	/m/0n1h
/m/0chgr2	/tv/tv_series_episode/series	/m/01y6dz
/m/05mtb61	/people/person/profession	/m/0fbtbt
/m/05sxt67	/music/album/genre	/m/02l424
/m/05gqf	/music/album/genre	/m/0xhtw
/m/06354c	/people/person/profession	/m/03ftmg
/m/0c_n9	/people/person/profession	/m/0cbd2
/m/049xgc	/people/person/profession	/m/0fj9f
/m/09g9y65	/people/person/profession	/m/01rr_d
/m/0fbmd8	/people/person/profession	/m/027tbrc
/m/05683p	/people/person/profession	/m/02jknp
/m/05pyrb	/music/album/genre	/m/01lyv
/m/09t4t	/people/person/profession	/m/0mn6
/m/05mw2dk	/music/album/genre	/m/07cz2
/m/05mw2dk	/music/album/genre	/m/01h1b
/m/07ffjc	/music/album/genre	/m/062f2j
/m/01y81c	/people/person/profession	/m/01kcms4
/m/07_fj54	/people/person/profession	/m/015cjr
/m/027kwc	/people/person/profession	/m/0fj9f
/m/02z0_8b	/music/album/genre	/m/0fsv2
/m/01vsqvs	/music/album/genre	/m/059kh
/m/042n6b	/cvg/computer_videogame/cvg_genre	/m/09qv_s
/m/043mjj_	/people/person/profession	/m/01lcxbb
/m/0bq8tmw	/people/person/profession	/m/01d_h8
/m/043mjj_	/people/person/profession	/m/0c_zx
/m/057gwv	/people/person/profession	/m/073hkx
/m/011s9r	/sports/pro_athlete/sports_played_professionally./sports/pro_sports_played/sport	/m/0jm_
/m/0d5lfg	/people/person/profession	/m/01f5q5
/m/03nkts	/people/person/profession	/m/0cbd2
/m/04zx08r	/people/person/profession	/m/02y_93f
/m/028qyn	/people/person/profession	/m/0fj9f
/m/025x7g_	/tv/tv_series_episode/series	/m/028k2x
/m/05dv86w	/tv/tv_series_episode/series	/m/0jmmn
/m/0bw7mp	/sports/pro_athlete/sports_played_professionally./sports/pro_sports_played/sport	/m/01qhm_
/m/06w7v	/people/person/profession	/m/066dv
/m/0280p4x	/people/person/profession	/m/0ky6d
/m/02pswvx	/sports/pro_athlete/sports_played_professionally./sports/pro_sports_played/sport	/m/06bwtj
/m/02q9h3y	/people/person/profession	/m/071rlr
/m/02w7870	/biology/organism_classification/rank	/m/0bc71w
/m/0gtgp6	/people/person/profession	/m/0kyk
/m/01cz7r	/people/person/profession	/m/020xn5
/m/01nn6c	/sports/pro_athlete/sports_played_professionally./sports/pro_sports_played/sport	/m/03tmr
/m/0g2w39	/people/person/profession	/m/04z_x4v
/m/02pk0yk	/sports/pro_athlete/sports_played_professionally./sports/pro_sports_played/sport	/m/0mch7
/m/01n5309	/people/person/profession	/m/0c5lg
/m/04f3gvv	/people/person/profession	/m/0g83dv
/m/0bzty	/people/person/profession	/m/02hrh1q
/m/02bxd	/biology/organism_classification/rank	/m/06zf0
/m/058yl3	/people/person/profession	/m/0jhz_
/m/05k7sb	/people/person/profession	/m/01bs9f
/m/01hb1t	/music/album/genre	/m/0gywn
/m/054c1	/music/album/genre	/m/05lwjc
/m/0h68kcz	/music/album/genre	/m/072zl1
/m/0hhpzhm	/people/person/profession	/m/02lbc
/m/01vrncs	/people/person/profession	/m/03gjzk
/m/01pj5wq	/music/album/genre	/m/024rwx
/m/01s0gjh	/music/album/genre	/m/0jm5b
/m/02qw_v	/music/album/genre	/m/016clz
/m/01rt5h	/people/person/profession	/m/04gc2
/m/023v2	/people/person/profession	/m/0c3zjn7
/m/0cf_n	/people/person/profession	/m/0fj9f
/m/02y8dt	/people/person/profession	/m/02rk45
/m/02b25y	/people/person/profession	/m/0d1pc
/m/0gwdp3	/sports/pro_athlete/sports_played_professionally./sports/pro_sports_played/sport	/m/0fz2y7
/m/0gxq1c	/people/person/profession	/m/04jt2
/m/06rq2l	/people/person/profession	/m/0fj9f
/m/017f3m	/people/person/profession	/m/0lgw7
/m/045m1_	/biology/organism_classification/rank	/m/09lc9
/m/0b75dv7	/people/person/profession	/m/02h40lc
/m/05hmp6	/tv/tv_series_episode/series	/m/01_2n
/m/0999q	/people/person/profession	/m/0fj9f
/m/03qcq	/people/person/profession	/m/0mn6
/m/01n951	/people/person/profession	/m/0fj9f
/m/0bby9p5	/people/person/profession	/m/0fj9f
/m/0lfyd	/people/person/profession	/m/04s2z
/m/03g8c4	/people/person/profession	/m/04088s0
/m/03g8c4	/people/person/profession	/m/070ny
/m/03g8c4	/people/person/profession	/m/01jnc_
/m/02b13y	/people/person/profession	/m/06q2q
/m/0flpy	/sports/pro_athlete/sports_played_professionally./sports/pro_sports_played/sport	/m/09xp_
/m/05dhf29	/tv/tv_series_episode/series	/m/041h0
/m/0bbzn1t	/people/person/profession	/m/016z68
/m/0gyvyb9	/sports/pro_athlete/sports_played_professionally./sports/pro_sports_played/sport	/m/015c4g
/m/0wbg8xh	/tv/tv_series_episode/series	/m/015wy_
/m/02rsffj	/people/person/profession	/m/02h6_6p
/m/04my8b1	/sports/pro_athlete/sports_played_professionally./sports/pro_sports_played/sport	/m/0288fyj
/m/028tnd	/people/person/profession	/m/0gl2ny2
/m/02yw0y	/people/person/profession	/m/0cbd2
/m/0bynt	/people/person/profession	/m/0mn6
/m/0fpj331	/people/person/profession	/m/0c1xm
/m/0gdgzy	/biology/organism_classification/rank	/m/02bf58
/m/0jt4j0l	/music/album/genre	/m/084m3
/m/0jbqf	/tv/tv_series_episode/series	/m/0phrl
/m/01k_mc	/location/location/people_born_here	/m/027pdrh
/m/0142rn	/book/book/genre	/m/014dfn
/m/01k4f	/book/book/genre	/m/05h83
/m/03jhyw9	/music/album/genre	/m/04110lv
/m/017y26	/music/album/genre	/m/016clz
/m/06y75l	/people/person/profession	/m/0dgfx
/m/06y75l	/people/person/profession	/m/01tlrp
/m/0n23n	/people/person/profession	/m/039v1
/m/03rjj	/sports/pro_athlete/sports_played_professionally./sports/pro_sports_played/sport	/m/09xp_
/m/0djfhx	/people/person/profession	/m/09fqtq
/m/0m5bb	/cvg/computer_videogame/cvg_genre	/m/0vgkd
/m/0m5bb	/cvg/computer_videogame/cvg_genre	/m/023n39
/m/02hvkf	/music/album/genre	/m/06by7
/m/01rdr_j	/music/album/genre	/m/0jmm4
/m/0gtx63s	/music/album/genre	/m/06by7
/m/027677_	/people/person/profession	/m/02f73p
/m/0c3xw46	/sports/pro_athlete/sports_played_professionally./sports/pro_sports_played/sport	/m/02vx4
/m/02pqxtp	/people/person/profession	/m/027c95y
/m/095kp	/music/album/genre	/m/064t9
/m/0gmkn	/cvg/computer_videogame/cvg_genre	/m/03hf_rm
/m/02r52xg	/cvg/computer_videogame/cvg_genre	/m/06n3y
/m/03m4sdx	/sports/pro_athlete/sports_played_professionally./sports/pro_sports_played/sport	/m/02qny_
/m/05885x	/people/person/profession	/m/07yx86
/m/05dv874	/tv/tv_series_episode/series	/m/03qnvdl
/m/05qgt6s	/book/book/genre	/m/0bh8tgs
/m/03cz83	/book/book/genre	/m/014dfn
/m/08dx2m	/sports/pro_athlete/sports_played_professionally./sports/pro_sports_played/sport	/m/02sjgpq
/m/06cgf	/people/person/profession	/m/0fj9f
/m/07pzc	/people/person/profession	/m/01d30f
/m/09gcvw4	/people/person/profession	/m/03d2k
/m/0d8b1w	/people/person/profession	/m/0qpsn
/m/06gd4	/people/person/profession	/m/0fj9f
/m/0bkq_8	/people/person/profession	/m/012t_z
/m/02rnz9h	/book/book/genre	/m/060pl5
/m/02rnz9h	/book/book/genre	/m/03f5mt
/m/0f0kz	/biology/organism_classification/rank	/m/06zf0
/m/02xsz7	/people/person/profession	/m/0l30v
/m/04x4vj	/people/person/profession	/m/04gc2
/m/02xsz7	/people/person/profession	/m/01kk32
/m/0nzny	/people/person/profession	/m/0fj9f
/m/07pzc	/music/album/genre	/m/064t9
/m/08s9bvl	/tv/tv_series_episode/series	/m/04htfd
/m/09gg1kv	/music/album/genre	/m/0pf3k
/m/015cl6	/people/person/profession	/m/02krf9
/m/0f60l7	/people/person/profession	/m/01n5sn
/m/014kyy	/people/person/profession	/m/01d_h8
/m/03f2w	/people/person/profession	/m/02hrh1q
/m/083qy7	/people/person/profession	/m/0dxtg
/m/099tbz	/music/album/genre	/m/016jny
/m/0kn68	/music/album/genre	/m/06by7
/m/0mzy7	/people/person/profession	/m/0cbd2
/m/03g6msd	/music/album/genre	/m/016ppr
/m/0138mv	/music/album/genre	/m/036jv
/m/03g6msd	/music/album/genre	/m/01wz_ml
/m/04l19_	/sports/pro_athlete/sports_played_professionally./sports/pro_sports_played/sport	/m/02vx4
/m/09969	/book/book/genre	/m/03mfnf
/m/01clyb	/book/book/genre	/m/02xlf
/m/0d124_	/book/book/genre	/m/07s7gk6
/m/0f45nk	/biology/organism_classification/rank	/m/01tmng
/m/078ym8	/people/person/profession	/m/0n1h
/m/07gkgp	/people/person/profession	/m/0kyk
/m/0dbtv	/people/person/profession	/m/0d8qb
/m/02ht1k	/people/person/profession	/m/0fj9f
/m/05prs8	/tv/tv_series_episode/series	/m/0gj50
/m/0g33q	/people/person/profession	/m/0cbd2
/m/02723p8	/tv/tv_series_episode/series	/m/03q4hl
/m/09v71cj	/people/person/profession	/m/0d8qb
/m/01hhwdw	/music/album/genre	/m/03p9hl
/m/0tzls	/music/album/genre	/m/016clz
/m/01x_v	/biology/organism_classification/rank	/m/04chyn
/m/026pcw4	/music/album/genre	/m/07rzf
/m/0m2dk	/music/album/genre	/m/03xnwz
/m/06n7h7	/music/album/genre	/m/03ckfl9
/m/0cv1w	/music/album/genre	/m/016clz
/m/026pcw4	/music/album/genre	/m/0kh6b
/m/028c8wb	/music/album/genre	/m/07wqr6
/m/06ppc4	/people/person/profession	/m/0cbd2
/m/02ykgs	/people/person/profession	/m/0n5d1
/m/031699	/biology/organism_classification/rank	/m/04zd4m
/m/01v0fn1	/people/person/profession	/m/05t4q
/m/09gtw5	/book/book/genre	/m/01t94_1
/m/09gtw5	/book/book/genre	/m/012q4n
/m/03cdg	/cvg/computer_videogame/cvg_genre	/m/025zzc
/m/06npx	/cvg/computer_videogame/cvg_genre	/m/0403l3g
/m/0144_b	/people/person/profession	/m/0963mq
/m/0234j5	/people/person/profession	/m/05z96
/m/0144_b	/people/person/profession	/m/064lqk
/m/03rz4	/music/album/genre	/m/059kh
/m/01k7ysh	/music/album/genre	/m/0ftlxj
/m/01k7ysh	/music/album/genre	/m/0162v
/m/0hcm7	/music/album/genre	/m/0fd3y
/m/01vswwx	/people/person/profession	/m/02tx6q
/m/0n2vl	/people/person/profession	/m/01c72t
/m/06qd3	/people/person/profession	/m/09jwl
/m/06p03s	/people/person/profession	/m/0dz3r
/m/01zs4v	/book/book/genre	/m/03ds83
/m/01zs4v	/book/book/genre	/m/01rbb
/m/01zs4v	/book/book/genre	/m/04t2l2
/m/0h948	/book/book/genre	/m/02xlf
/m/01t6b4	/people/person/profession	/m/04s2z
/m/022lly	/people/person/profession	/m/05vyk
/m/052hl	/sports/pro_athlete/sports_played_professionally./sports/pro_sports_played/sport	/m/0jm_
/m/04pb0q	/sports/pro_athlete/sports_played_professionally./sports/pro_sports_played/sport	/m/011yph
/m/05p5cyb	/biology/organism_classification/rank	/m/0csy8
/m/0v9qg	/people/person/profession	/m/0kyk
/m/0bwj1g7	/people/person/profession	/m/026mfs
/m/0czcy9c	/people/person/profession	/m/05hyzx
/m/02qh535	/people/person/profession	/m/02wgk1
/m/099ck7	/people/person/profession	/m/03jgz
/m/0bw6y	/people/person/profession	/m/0cbd2
/m/0l8g0	/people/person/profession	/m/0kyk
/m/0nk95	/people/person/profession	/m/016fly
/m/094jg3	/people/person/profession	/m/051z6rz
/m/07c0j	/people/person/profession	/m/01d_h8
/m/094jg3	/people/person/profession	/m/0151xv
/m/094jg3	/people/person/profession	/m/05znbh7
/m/0dlngsd	/people/person/profession	/m/03gjzk
/m/020wyp	/people/person/profession	/m/03jgz
/m/09gdyn1	/people/person/profession	/m/0d_23
/m/0kvsb	/people/person/profession	/m/05t4q
/m/0gxz1m0	/book/book/genre	/m/0yt73
/m/026r14m	/people/person/profession	/m/0drr3
/m/026r14m	/people/person/profession	/m/06dfg
/m/03y7ml	/people/person/profession	/m/0fj9f
/m/02w57z	/biology/organism_classification/rank	/m/01ycfv
/m/03m69l_	/sports/pro_athlete/sports_played_professionally./sports/pro_sports_played/sport	/m/02f72n
/m/05f740f	/cvg/computer_videogame/cvg_genre	/m/023k2
/m/012wg	/people/person/profession	/m/02hrh1q
/m/0lk90	/tv/tv_series_episode/series	/m/0464pz
/m/01ld1gr	/music/album/genre	/m/0hn10
/m/06brp0	/music/album/genre	/m/05r6t
/m/01ld1gr	/music/album/genre	/m/033rq
/m/01ld1gr	/music/album/genre	/m/02tc5y
/m/0b_6zk	/sports/pro_athlete/sports_played_professionally./sports/pro_sports_played/sport	/m/018jz
/m/02v_w1g	/cvg/computer_videogame/cvg_genre	/m/0rnmy
/m/01x0yrt	/cvg/computer_videogame/cvg_genre	/m/025zzc
/m/03qh906	/people/person/profession	/m/0fkhl
/m/07mz77	/people/person/profession	/m/02jknp
/m/012hw	/people/person/profession	/m/0cbd2
/m/03dft3	/people/person/profession	/m/01d_h8
/m/0412mrb	/people/person/profession	/m/022lly
/m/05pb534	/tv/tv_series_episode/series	/m/01b65l
/m/07v4_46	/people/person/profession	/m/0x67
/m/07v4_46	/people/person/profession	/m/03m_k0
/m/03bxh	/people/person/profession	/m/02jknp
/m/08xwck	/people/person/profession	/m/02hrh1q
/m/0dbsl	/people/person/profession	/m/0181hw
/m/0dbsl	/people/person/profession	/m/0fj52s
/m/0mg1w	/people/person/profession	/m/0nbcg
/m/015m08	/biology/organism_classification/rank	/m/06zf0
/m/01hx6bl	/music/album/genre	/m/03n785
/m/01ln32x	/music/album/genre	/m/0277g
/m/0jg1q	/music/album/genre	/m/01_bkd
/m/0g8bw	/music/album/genre	/m/04b675
/m/016fnb	/music/album/genre	/m/0781g
/m/01sv50n	/music/album/genre	/m/018cqq
/m/05yjhm	/music/album/genre	/m/0glt670
/m/04czhj	/biology/organism_classification/rank	/m/06zf0
/m/0dvw56	/music/album/genre	/m/015c2f
/m/0dvw56	/music/album/genre	/m/01hqhm
/m/0dvw56	/music/album/genre	/m/0rlz
/m/03d6q	/people/person/profession	/m/0cbd2
/m/04jpg2p	/people/person/profession	/m/0d8qb
/m/01kmyh	/people/person/profession	/m/0fj9f
/m/0830vk	/music/album/genre	/m/06j6l
/m/09rtc6g	/music/album/genre	/m/02nzb8
/m/09rtc6g	/music/album/genre	/m/01k7b0
/m/01v15f	/music/album/genre	/m/0gywn
/m/0ck938	/music/album/genre	/m/07mqps
/m/0ck938	/music/album/genre	/m/0568qz
/m/0ck938	/music/album/genre	/m/0xq63
/m/01g4qq	/people/person/profession	/m/0cbd2
/m/01vrnsk	/people/person/profession	/m/026sdt1
/m/0gx1l	/people/person/profession	/m/02krf9
/m/01cmp9	/people/person/profession	/m/0dxtg
/m/0gjbkty	/people/person/profession	/m/07nt8p
/m/0gjbkty	/people/person/profession	/m/03q4hl
/m/0gjbkty	/people/person/profession	/m/07wh1
/m/01rmyj	/people/person/profession	/m/015gm8
/m/01rmyj	/people/person/profession	/m/0c61p
/m/0c_dx	/people/person/profession	/m/0d1pc
/m/01jllg1	/people/person/profession	/m/025tmkg
/m/0ds2n	/people/person/profession	/m/0fj9f
/m/02xbktw	/biology/organism_classification/rank	/m/0419kt
/m/0p828	/people/person/profession	/m/0cbd2
/m/03xs14	/people/person/profession	/m/0829rj
/m/042g7t	/tv/tv_series_episode/series	/m/0358x_
/m/05dv3w5	/tv/tv_series_episode/series	/m/0bdgp
/m/065kj_	/biology/organism_classification/rank	/m/01jvxb
/m/01x8cn	/sports/pro_athlete/sports_played_professionally./sports/pro_sports_played/sport	/m/02vx4
/m/08sk8l	/people/person/profession	/m/0gl2ny2
/m/0ddc_qt	/people/person/profession	/m/012ts
/m/0373qg	/people/person/profession	/m/0fj9f
/m/0l380	/people/person/profession	/m/012qdp
/m/0fydw	/people/person/profession	/m/0fj9f
/m/01dhmw	/people/person/profession	/m/03jgz
/m/01mb87	/people/person/profession	/m/0cbd2
/m/0g6xq	/people/person/profession	/m/0kyk
/m/026zhxp	/people/person/profession	/m/011ywj
/m/03cfmng	/people/person/profession	/m/07ykkx5
/m/05mwh4f	/people/person/profession	/m/025cn2
/m/05mwh4f	/people/person/profession	/m/06r4f
/m/05mwh4f	/people/person/profession	/m/02pqgt8
/m/017ztv	/biology/organism_classification/rank	/m/09lc9
/m/0cycc	/people/person/profession	/m/04s2z
/m/023slg	/tv/tv_series_episode/series	/m/01b64v
/m/07vn_9	/people/person/profession	/m/0fj9f
/m/0265vt	/biology/organism_classification/rank	/m/09lc9
/m/01nwwl	/people/person/profession	/m/02hrh1q
/m/0j8chcq	/tv/tv_series_episode/series	/m/05m_jsg
/m/06q2q	/tv/tv_series_episode/series	/m/0358x_
