/m/026z9	/music/genre/albums	/m/015nl4
/m/026z9	/music/genre/albums	/m/06py2
/m/015nvj	/music/genre/albums	/m/03c03_0
/m/026z9	/music/genre/albums	/m/01kcmr
/m/0_vn7	/location/location/people_born_here	/m/0dzkq
/m/0ggx5q	/music/genre/albums	/m/02qr46y
/m/02t_h3	/music/genre/albums	/m/01hl40t
/m/0ggx5q	/music/genre/albums	/m/02ndbd
/m/0ggx5q	/music/genre/albums	/m/0xhj2
/m/0121rx	/location/location/people_born_here	/m/02vyvhz
/m/0dwt5	/location/location/people_born_here	/m/0bg1cb
/m/01vqq1	/location/location/people_born_here	/m/02nb2s
/m/01bs9f	/location/location/people_born_here	/m/0bwhf78
/m/06fksb	/location/location/people_born_here	/m/02076d
/m/01yvvn	/location/location/people_born_here	/m/0f29k4
/m/0bth54	/location/location/people_born_here	/m/047c9lb
/m/06y57	/location/location/people_born_here	/m/0y1mh
/m/06y57	/location/location/people_born_here	/m/01m4yn
/m/06y57	/location/location/people_born_here	/m/02r3zy
/m/05crg7	/location/location/people_born_here	/m/06y75l
/m/0b24sf	/music/genre/albums	/m/08ppn5
/m/03b8gh	/location/location/people_born_here	/m/0j7n927
/m/0k0sb	/media_common/literary_genre/books_in_this_genre	/m/02x87pj
/m/06xkst	/media_common/literary_genre/books_in_this_genre	/m/04t1gfy
/m/0sl2w	/location/location/people_born_here	/m/04gycf
/m/0171b8	/location/location/people_born_here	/m/0xt3t
/m/01sgmd	/location/location/people_born_here	/m/025sc50
/m/02qjb7z	/location/location/people_born_here	/m/027xq5
/m/03xnwz	/music/genre/albums	/m/0bvz6
/m/03xnwz	/music/genre/albums	/m/02flq1
/m/04b675	/music/genre/albums	/m/06n7h7
/m/04b675	/music/genre/albums	/m/0mgrh
/m/0yl27	/music/genre/albums	/m/03g5zsr
/m/01sbv9	/music/genre/albums	/m/09rtc6g
/m/054187	/music/genre/albums	/m/0h68kcz
/m/04vs9	/location/location/people_born_here	/m/047nvdl
/m/0cc56	/location/location/people_born_here	/m/01sqd7
/m/05dy7p	/location/location/people_born_here	/m/04ybmp4
/m/01d2v1	/location/location/people_born_here	/m/02q1zl9
/m/0pm85	/music/genre/albums	/m/059_c
/m/02qplj3	/music/genre/albums	/m/01k6n52
/m/0257yf	/location/location/people_born_here	/m/0hgm55r
/m/022b_	/location/location/people_born_here	/m/0n2q0
/m/08jyyk	/music/genre/albums	/m/01svq8
/m/08jyyk	/music/genre/albums	/m/02pq9yv
/m/01v90t	/location/location/people_born_here	/m/05td73
/m/0f2v0	/location/location/people_born_here	/m/083q7
/m/0hptm	/location/location/people_born_here	/m/01mv_n
/m/01xbxn	/location/location/people_born_here	/m/0kszfw
/m/05yvfd	/music/genre/albums	/m/0dvw56
/m/06w_b	/music/genre/albums	/m/01l1pwt
/m/0cx7f	/music/genre/albums	/m/064r97z
/m/03yl2t	/music/genre/albums	/m/01m5wbq
/m/02r_5vd	/music/genre/albums	/m/01p17ft
/m/0cx7f	/music/genre/albums	/m/0gppg
/m/0djd3	/location/location/people_born_here	/m/02lgj6
/m/0mnyn	/biology/organism_classification_rank/organism_classifications	/m/063z5rd
/m/0k345	/music/genre/albums	/m/0g7pm
/m/09v5bdn	/music/genre/albums	/m/01hs096
/m/01s73z	/music/genre/albums	/m/01k7ysh
/m/04vr_f	/music/genre/albums	/m/0dxt3y1
/m/011j5x	/music/genre/albums	/m/036gdw
/m/014kbl	/music/genre/albums	/m/01ld1gr
/m/05ywg	/location/location/people_born_here	/m/02l3gf
/m/0g092b	/location/location/people_born_here	/m/06zrvkj
/m/05ywg	/location/location/people_born_here	/m/01w4dy
/m/05ywg	/location/location/people_born_here	/m/0xhj2
/m/09_9n	/sports/sport/pro_athletes./sports/pro_sports_played/athlete	/m/07jqh
/m/01v9724	/location/location/people_born_here	/m/03mb4ss
/m/0k1jg	/location/location/people_born_here	/m/03h26nw
/m/0dbns	/location/location/people_born_here	/m/0ds7hh
/m/0195pd	/location/location/people_born_here	/m/03x45p
/m/0195pd	/location/location/people_born_here	/m/0bw7ly
/m/0fvxz	/location/location/people_born_here	/m/0bpx1k
/m/03ksy	/location/location/people_born_here	/m/05212g7
/m/019pwv	/music/genre/albums	/m/0k0lhcy
/m/01z28b	/music/genre/albums	/m/0462zf3
/m/03qjwc	/music/genre/albums	/m/09gk1f5
/m/07vk9f	/location/location/people_born_here	/m/03ch7w3
/m/05v10	/location/location/people_born_here	/m/09v5dsm
/m/06pr6	/location/location/people_born_here	/m/0mkv3
/m/02vq9j	/location/location/people_born_here	/m/0cny4pc
/m/02t_99	/music/genre/albums	/m/05x2m6
/m/05jxkf	/music/genre/albums	/m/01m7d2m
/m/09qrn4	/location/location/people_born_here	/m/02rm4qf
/m/0322yj	/location/location/people_born_here	/m/01rcm2
/m/0fvxg	/location/location/people_born_here	/m/0qx1w
/m/079kdz	/location/location/people_born_here	/m/07j8mb
/m/025spv	/location/location/people_born_here	/m/080lgg_
/m/09v3jyg	/location/location/people_born_here	/m/02772p5
/m/05vw7	/location/location/people_born_here	/m/0gp9mp
/m/01rh0w	/music/genre/albums	/m/02q5jsd
/m/0fsmy	/location/location/people_born_here	/m/0vmt
/m/0jsqk	/location/location/people_born_here	/m/04lkvc
/m/0z2gq	/location/location/people_born_here	/m/04mrjs
/m/018qt8	/location/location/people_born_here	/m/0kvt9
/m/02vjzr	/music/genre/albums	/m/0htp
/m/013m43	/music/genre/albums	/m/03g78j6
/m/02s62q	/music/genre/albums	/m/0c038gn
/m/019pwv	/location/location/people_born_here	/m/05sxj8j
/m/0xjl2	/music/genre/albums	/m/07zr66
/m/0xjl2	/music/genre/albums	/m/06pqy_
/m/059_gf	/location/location/people_born_here	/m/04n03fk
/m/0mxbq	/music/genre/albums	/m/0c038gn
/m/0cy8v	/music/genre/albums	/m/01sl00r
/m/06by7	/music/genre/albums	/m/0jm9w
/m/012kyx	/music/genre/albums	/m/01jtd16
/m/08wr3kg	/music/genre/albums	/m/01hbhhm
/m/06by7	/music/genre/albums	/m/0mwvq
/m/06by7	/music/genre/albums	/m/0n920
/m/0d1t3	/music/genre/albums	/m/03mcs2h
/m/06by7	/music/genre/albums	/m/02v_r7d
/m/06by7	/music/genre/albums	/m/027_sn
/m/02md2d	/music/genre/albums	/m/03f_1yv
/m/04jtj	/music/genre/albums	/m/040_vt
/m/06by7	/music/genre/albums	/m/01w4dy
/m/06by7	/music/genre/albums	/m/09rwjly
/m/01r5xw	/music/genre/albums	/m/01hmyst
/m/06by7	/music/genre/albums	/m/047csmy
/m/06by7	/music/genre/albums	/m/0bmhn
/m/06by7	/music/genre/albums	/m/01kgxf
/m/04w8f	/music/genre/albums	/m/01h7gcd
/m/06by7	/music/genre/albums	/m/05w1vf
/m/0nq_b	/music/genre/albums	/m/01hjjw3
/m/02bqvs	/music/genre/albums	/m/01kx_st
/m/0gqrb	/music/genre/albums	/m/01l1pwt
/m/01wqpnm	/music/genre/albums	/m/01j2hk2
/m/06by7	/music/genre/albums	/m/05ty4m
/m/0gg4h	/music/genre/albums	/m/05h4wfs
/m/04f_d	/music/genre/albums	/m/01hl40t
/m/0mw93	/music/genre/albums	/m/01rdr_j
/m/06by7	/music/genre/albums	/m/07_3qd
/m/06by7	/music/genre/albums	/m/02qd04y
/m/06by7	/music/genre/albums	/m/02mxx4
/m/06by7	/music/genre/albums	/m/03xp8d5
/m/02b15h	/music/genre/albums	/m/01l0hrh
/m/06by7	/music/genre/albums	/m/029m83
/m/06by7	/music/genre/albums	/m/0195fx
/m/06by7	/music/genre/albums	/m/0c1xm
/m/019l3m	/music/genre/albums	/m/05b36xt
/m/06by7	/music/genre/albums	/m/0237w6
/m/01mf_	/location/location/people_born_here	/m/03z0jf
/m/0dzt9	/location/location/people_born_here	/m/04f0xq
/m/0dzt9	/location/location/people_born_here	/m/060d2
/m/0zlgm	/location/location/people_born_here	/m/0c1j_
/m/0fq8f	/location/location/people_born_here	/m/07gqt3
/m/0f8l9c	/location/location/people_born_here	/m/0ycp3
/m/02k54	/location/location/people_born_here	/m/0dsbknp
/m/095w_	/location/location/people_born_here	/m/0pf5y
/m/05sz6	/location/location/people_born_here	/m/04zz5wt
/m/0t_07	/location/location/people_born_here	/m/09z7q6
/m/095w_	/location/location/people_born_here	/m/01m94f
/m/095w_	/location/location/people_born_here	/m/027qpc
/m/095w_	/location/location/people_born_here	/m/022tzk
/m/095w_	/location/location/people_born_here	/m/011z3g
/m/01fbr2	/music/genre/albums	/m/0txhf
/m/0fvly	/location/location/people_born_here	/m/0c3ybjx
/m/053y4h	/location/location/people_born_here	/m/03cyxxf
/m/0cttx	/location/location/people_born_here	/m/0ffz8b
/m/0ky0b	/location/location/people_born_here	/m/07d3ph
/m/0205dx	/location/location/people_born_here	/m/0fl4t7
/m/0h7h6	/location/location/people_born_here	/m/06y8v
/m/0h7h6	/location/location/people_born_here	/m/0294zg
/m/01z92f	/location/location/people_born_here	/m/02vq3w2
/m/0cp0ph6	/location/location/people_born_here	/m/027gnwg
/m/05jg58	/music/genre/albums	/m/04rg6
/m/05jg58	/music/genre/albums	/m/04vzv4
/m/05jg58	/music/genre/albums	/m/012gk9
/m/073bb	/music/genre/albums	/m/01lldkg
/m/0263q4z	/music/genre/albums	/m/04fhn_
/m/0c1d0	/location/location/people_born_here	/m/02cft
/m/02yy_j	/location/location/people_born_here	/m/0g5rc6k
/m/0329nn	/location/location/people_born_here	/m/0bq950
/m/01q_22	/location/location/people_born_here	/m/03kmyy
/m/030x48	/music/genre/albums	/m/01j03zs
/m/03_d0	/music/genre/albums	/m/02fy0z
/m/01dyk8	/music/genre/albums	/m/06_xj46
/m/08pth9	/music/genre/albums	/m/047s_m6
/m/03_d0	/music/genre/albums	/m/05qbbfb
/m/06929s	/music/genre/albums	/m/01sn837
/m/06czyr	/location/location/people_born_here	/m/02phm7w
/m/06cn5	/location/location/people_born_here	/m/04bbpm
/m/07sbbz2	/music/genre/albums	/m/01xn57g
/m/07sbbz2	/music/genre/albums	/m/02s2ft
/m/08bytj	/music/genre/albums	/m/01jp0mw
/m/07sbbz2	/music/genre/albums	/m/0d2b38
/m/0d1yn	/location/location/people_born_here	/m/01h0kx
/m/0drs_	/location/location/people_born_here	/m/015cbq
/m/02dwpf	/location/location/people_born_here	/m/0cz8vfx
/m/07wrz	/biology/organism_classification_rank/organism_classifications	/m/05dsqn
/m/0m0hw	/location/location/people_born_here	/m/04ctdkl
/m/010rvx	/location/location/people_born_here	/m/03cmvxy
/m/0fw9n7	/music/genre/albums	/m/0gtt5nc
/m/01dtq1	/location/location/people_born_here	/m/02c638
/m/01m24m	/location/location/people_born_here	/m/03fnjv
/m/08bytj	/location/location/people_born_here	/m/03qf9tp
/m/0mpdw	/location/location/people_born_here	/m/02pt5n2
/m/05tbn	/location/location/people_born_here	/m/02f705
/m/01z77k	/location/location/people_born_here	/m/060y54
/m/0h5m7	/location/location/people_born_here	/m/026q808
/m/068p2	/location/location/people_born_here	/m/04gdr
/m/068p2	/location/location/people_born_here	/m/02gjrc
/m/068p2	/location/location/people_born_here	/m/03mgdy
/m/068p2	/location/location/people_born_here	/m/01lp8
/m/068p2	/location/location/people_born_here	/m/05cl8y
/m/08_yl1	/music/genre/albums	/m/0mx0f
/m/0c66m	/location/location/people_born_here	/m/0fs9jn
/m/03zv2t	/location/location/people_born_here	/m/0gx2fqr
/m/0cm5m	/location/location/people_born_here	/m/02b1b5
/m/05b1062	/music/genre/albums	/m/01n6zq3
/m/0b66qd	/music/genre/albums	/m/01k6n52
/m/06151l	/music/genre/albums	/m/0gbbm_w
/m/01243b	/music/genre/albums	/m/06kl0k
/m/01243b	/music/genre/albums	/m/0407yfx
/m/01243b	/music/genre/albums	/m/05wdgq
/m/013gxt	/location/location/people_born_here	/m/03jb2n
/m/04k4l	/music/genre/albums	/m/0g31kh
/m/01k3qj	/music/genre/albums	/m/01lldkg
/m/02p0s5r	/location/location/people_born_here	/m/0563b3
/m/04grdgy	/music/genre/albums	/m/01sn837
/m/044g_k	/music/genre/albums	/m/0jl1ndn
/m/01qz5	/location/location/people_born_here	/m/0ct9yh
/m/09qxq7	/music/genre/albums	/m/084m3
/m/01lv85	/music/genre/albums	/m/0b76b96
/m/013kcv	/location/location/people_born_here	/m/0ftps
/m/021gt5	/music/genre/albums	/m/01hr72v
/m/01wdtv	/music/genre/albums	/m/01l1pwt
/m/0233qs	/music/genre/albums	/m/0p8jf
/m/03f4w4	/music/genre/albums	/m/0ck938
/m/0h95zbp	/location/location/people_born_here	/m/0lqg8dn
/m/0ftlx	/location/location/people_born_here	/m/01t7j
/m/07xpm	/location/location/people_born_here	/m/073wjk
/m/02rnns	/location/location/people_born_here	/m/053r0w
/m/03khn	/location/location/people_born_here	/m/0349s
/m/03khn	/location/location/people_born_here	/m/017jq
/m/017c87	/location/location/people_born_here	/m/099tp6
/m/029r_2	/location/location/people_born_here	/m/0ddfnbv
/m/04vmp	/location/location/people_born_here	/m/0166b
/m/06rk8r	/location/location/people_born_here	/m/04d_hy3
/m/05lls	/location/location/people_born_here	/m/04bbx2
/m/09glbnt	/location/location/people_born_here	/m/06h78z
/m/034_7s	/location/location/people_born_here	/m/01q77wk
/m/0f1vrl	/location/location/people_born_here	/m/03qgm_f
/m/02jx1	/location/location/people_born_here	/m/042fk
/m/02jx1	/location/location/people_born_here	/m/03xgm3
/m/02jx1	/location/location/people_born_here	/m/0kvb6p
/m/09wnnb	/location/location/people_born_here	/m/02q9h3y
/m/02jx1	/location/location/people_born_here	/m/04d5v9
/m/02jx1	/location/location/people_born_here	/m/01xcgf
/m/02jx1	/location/location/people_born_here	/m/04mjl
/m/0d35y	/location/location/people_born_here	/m/04xrl8
/m/0j3v	/location/location/people_born_here	/m/0d_l31
/m/0g133	/location/location/people_born_here	/m/0sbbq
/m/03prz_	/location/location/people_born_here	/m/04ygm7y
/m/03_r_5	/location/location/people_born_here	/m/02wx406
/m/03yfh3	/location/location/people_born_here	/m/02pxds5
/m/01xvlc	/location/location/people_born_here	/m/04v18k
/m/06v9sf	/location/location/people_born_here	/m/02y_3d
/m/05y5fw	/location/location/people_born_here	/m/0gy4q_
/m/0hyxv	/location/location/people_born_here	/m/03krj
/m/0kff3	/location/location/people_born_here	/m/03t190
/m/0hyxv	/location/location/people_born_here	/m/04grdgy
/m/0l30v	/location/location/people_born_here	/m/021r7r
/m/0bv8h2	/location/location/people_born_here	/m/0fkd0r
/m/01hmnh	/media_common/literary_genre/books_in_this_genre	/m/04fh3
/m/01hmnh	/media_common/literary_genre/books_in_this_genre	/m/03yfh3
/m/07r4c	/media_common/literary_genre/books_in_this_genre	/m/05mwzvc
/m/01hmnh	/media_common/literary_genre/books_in_this_genre	/m/0hsph
/m/01hmnh	/media_common/literary_genre/books_in_this_genre	/m/0bth54
/m/01hmnh	/media_common/literary_genre/books_in_this_genre	/m/0h7t36
/m/01hmnh	/media_common/literary_genre/books_in_this_genre	/m/02784z
/m/01hmnh	/media_common/literary_genre/books_in_this_genre	/m/0q9mp
/m/01hmnh	/media_common/literary_genre/books_in_this_genre	/m/0f2pf9
/m/043tz0c	/media_common/literary_genre/books_in_this_genre	/m/0c90ts
/m/0dl5d	/music/genre/albums	/m/0dwly
/m/0dl5d	/music/genre/albums	/m/01xvlc
/m/0dl5d	/music/genre/albums	/m/0fkzq
/m/05lf_	/music/genre/albums	/m/07zypy
/m/05233hy	/music/genre/albums	/m/09gg1kv
/m/01nzmp	/location/location/people_born_here	/m/03m4ms1
/m/0fw2f	/location/location/people_born_here	/m/02jxrw
/m/0qyzb	/location/location/people_born_here	/m/05vw7
/m/052bw	/location/location/people_born_here	/m/04x4gw
/m/052bw	/location/location/people_born_here	/m/02rhfsc
/m/01_9fk	/location/location/people_born_here	/m/05p97rh
/m/052bw	/location/location/people_born_here	/m/0d__c3
/m/0hdf8	/music/genre/albums	/m/0yldt
/m/05bnq8	/music/genre/albums	/m/0ck938
/m/0hdf8	/music/genre/albums	/m/044prt
/m/0hdf8	/music/genre/albums	/m/01qb5d
/m/07b2lv	/location/location/people_born_here	/m/0fgjhc
/m/03_r3	/location/location/people_born_here	/m/085ccd
/m/07tl0	/location/location/people_born_here	/m/0vshdrp
/m/02qjb7z	/media_common/literary_genre/books_in_this_genre	/m/0h1cnby
/m/02w670	/media_common/literary_genre/books_in_this_genre	/m/04gmhyr
/m/03qy3l	/media_common/literary_genre/books_in_this_genre	/m/0316p2
/m/0k_9j	/media_common/literary_genre/books_in_this_genre	/m/02qnd86
/m/01k7b0	/media_common/literary_genre/books_in_this_genre	/m/04q7g0w
/m/01s7ns	/media_common/literary_genre/books_in_this_genre	/m/0g8ky8g
/m/05hgj	/media_common/literary_genre/books_in_this_genre	/m/0lbp_
/m/0gkz3nz	/media_common/literary_genre/books_in_this_genre	/m/06lf1j
/m/012wxt	/location/location/people_born_here	/m/01d1bs
/m/01d494	/location/location/people_born_here	/m/04pb0q
/m/06gmr	/location/location/people_born_here	/m/0jm2v
/m/02yv6b	/music/genre/albums	/m/032w8h
/m/0kcc7	/music/genre/albums	/m/040_vt
/m/025rxky	/music/genre/albums	/m/01kgdyn
/m/02yv6b	/music/genre/albums	/m/027jq2
/m/049l7	/location/location/people_born_here	/m/028cd1b
/m/06vkl	/location/location/people_born_here	/m/065_ls
/m/02yc5b	/location/location/people_born_here	/m/0dwz3t
/m/05rh2	/location/location/people_born_here	/m/01wz01
/m/0fngf	/location/location/people_born_here	/m/01k31p
/m/0rh6k	/location/location/people_born_here	/m/02py9yf
/m/04mvk7	/location/location/people_born_here	/m/0g3cx3
/m/0rh6k	/location/location/people_born_here	/m/04t38b
/m/031778	/location/location/people_born_here	/m/0f60l7
/m/016_nr	/music/genre/albums	/m/02lwv5
/m/021996	/music/genre/albums	/m/01jdf89
/m/0czyxs	/location/location/people_born_here	/m/02qy_b6
/m/07mgr	/location/location/people_born_here	/m/0ys4f
/m/0z20d	/location/location/people_born_here	/m/07sbkfb
/m/03x16f	/location/location/people_born_here	/m/05p8mhx
/m/019f4v	/music/genre/albums	/m/01n490w
/m/018swb	/music/genre/albums	/m/01hl40t
/m/0421v9q	/music/genre/albums	/m/01j03zs
/m/01lbp	/music/genre/albums	/m/03g6k5t
/m/08cyft	/music/genre/albums	/m/0m31m
/m/0dhd5	/location/location/people_born_here	/m/0lk8j
/m/0rt80	/location/location/people_born_here	/m/04fkg4
/m/013d7t	/location/location/people_born_here	/m/049qx
/m/013d7t	/location/location/people_born_here	/m/05nrkb
/m/0_jsl	/location/location/people_born_here	/m/04kcn
/m/0xmp9	/location/location/people_born_here	/m/02_hj4
/m/0d05w3	/location/location/people_born_here	/m/01m1_d
/m/049468	/location/location/people_born_here	/m/04ljx5p
/m/028q6	/location/location/people_born_here	/m/04kt31
/m/01b8jj	/location/location/people_born_here	/m/020l9r
/m/02c8d7	/music/genre/albums	/m/0p0fc
/m/05jt_	/music/genre/albums	/m/04wp63
/m/01nl79	/media_common/literary_genre/books_in_this_genre	/m/02phdmp
/m/0dwly	/media_common/literary_genre/books_in_this_genre	/m/0277g
/m/0dwly	/media_common/literary_genre/books_in_this_genre	/m/0jnnx
/m/0dwly	/media_common/literary_genre/books_in_this_genre	/m/072zl1
/m/0dwly	/media_common/literary_genre/books_in_this_genre	/m/012rng
/m/01c8v0	/media_common/literary_genre/books_in_this_genre	/m/04t1gfy
/m/0dwly	/media_common/literary_genre/books_in_this_genre	/m/01hdht
/m/0dwly	/media_common/literary_genre/books_in_this_genre	/m/01r3y2
/m/0dwly	/media_common/literary_genre/books_in_this_genre	/m/018ctl
/m/0fnyc	/media_common/literary_genre/books_in_this_genre	/m/02x87pj
/m/0dwly	/media_common/literary_genre/books_in_this_genre	/m/012xdf
/m/01p79b	/media_common/literary_genre/books_in_this_genre	/m/03qj5n6
/m/01pn0r	/music/genre/albums	/m/01ksw6g
/m/07mz77	/music/genre/albums	/m/01m5wbq
/m/060v34	/location/location/people_born_here	/m/0fgzpy
/m/03ydlnj	/music/genre/albums	/m/01qbs3n
/m/0ybkj	/location/location/people_born_here	/m/0m0fw
/m/03nqbvz	/location/location/people_born_here	/m/0fr3dh
/m/0yp21	/location/location/people_born_here	/m/04njml
/m/01g888	/music/genre/albums	/m/05wkw
/m/09g7thr	/location/location/people_born_here	/m/0bl7b8
/m/01qs54	/location/location/people_born_here	/m/0f4k5
/m/0d6yv	/location/location/people_born_here	/m/0k6yt1
/m/06fmdb	/location/location/people_born_here	/m/04l_33
/m/0d9jr	/location/location/people_born_here	/m/024_fw
/m/03qx1r	/location/location/people_born_here	/m/0155z8
/m/0f3ys2	/location/location/people_born_here	/m/022_lg
/m/016_v3	/music/genre/albums	/m/03bwzr4
/m/020_4z	/music/genre/albums	/m/01lldkg
/m/016_v3	/music/genre/albums	/m/01qvtwm
/m/01ppq	/location/location/people_born_here	/m/0bxy67
/m/01ppq	/location/location/people_born_here	/m/06z4wj
/m/01z9z1	/location/location/people_born_here	/m/0pmn7
/m/04g2mkf	/location/location/people_born_here	/m/03c7v_4
/m/074r0	/location/location/people_born_here	/m/0gttv53
/m/03rk0	/location/location/people_born_here	/m/027l0b
/m/01prdc	/location/location/people_born_here	/m/04n0fx9
/m/02_l96	/location/location/people_born_here	/m/02w8hs_
/m/03rk0	/location/location/people_born_here	/m/06z6r
/m/04wlh	/sports/sport/pro_athletes./sports/pro_sports_played/athlete	/m/0c4hpg
/m/07bs0	/sports/sport/pro_athletes./sports/pro_sports_played/athlete	/m/0hg45
/m/054fvj	/sports/sport/pro_athletes./sports/pro_sports_played/athlete	/m/07d8rt
/m/07bs0	/sports/sport/pro_athletes./sports/pro_sports_played/athlete	/m/04g4n
/m/07bs0	/sports/sport/pro_athletes./sports/pro_sports_played/athlete	/m/01kjr0
/m/040v3t	/sports/sport/pro_athletes./sports/pro_sports_played/athlete	/m/027n92l
/m/05f4vxd	/location/location/people_born_here	/m/03wdsf0
/m/0f2nf	/location/location/people_born_here	/m/0k4fz
/m/0f2nf	/location/location/people_born_here	/m/0m28g
/m/0mpdw	/location/location/people_born_here	/m/01vz0g4
/m/0pzpz	/location/location/people_born_here	/m/0mfc0
/m/0pzpz	/location/location/people_born_here	/m/02f716
/m/07z1m	/location/location/people_born_here	/m/0p9nv
/m/09jvl	/location/location/people_born_here	/m/02qswwj
/m/0t_48	/location/location/people_born_here	/m/03d4tx9
/m/0pqz3	/location/location/people_born_here	/m/07kjl8z
/m/0fs44	/location/location/people_born_here	/m/02ntb8
/m/01518s	/music/genre/albums	/m/01hffzd
/m/05fm6m	/music/genre/albums	/m/01l1pwt
/m/0789n	/music/genre/albums	/m/0frn576
/m/02z7f3	/music/genre/albums	/m/06ls0l
/m/01ww2fs	/music/genre/albums	/m/049s8p1
/m/01_bkd	/music/genre/albums	/m/0412f5y
/m/01_bkd	/music/genre/albums	/m/0ply0
/m/01_bkd	/music/genre/albums	/m/06qw_
/m/020923	/music/genre/albums	/m/01k4tds
/m/01b_5g	/music/genre/albums	/m/0g5qhgl
/m/0gqy2	/music/genre/albums	/m/0dmjqv4
/m/01sgl	/sports/sport/pro_athletes./sports/pro_sports_played/athlete	/m/02cbhg
/m/01sgl	/sports/sport/pro_athletes./sports/pro_sports_played/athlete	/m/0wh3
/m/02qjj7	/sports/sport/pro_athletes./sports/pro_sports_played/athlete	/m/0cwpv1
/m/012fzm	/sports/sport/pro_athletes./sports/pro_sports_played/athlete	/m/0dvy64
/m/0bv8h2	/sports/sport/pro_athletes./sports/pro_sports_played/athlete	/m/02r7fcv
/m/01sgl	/sports/sport/pro_athletes./sports/pro_sports_played/athlete	/m/03mnn0
/m/06n8j	/sports/sport/pro_athletes./sports/pro_sports_played/athlete	/m/0540p10
/m/03qncl3	/sports/sport/pro_athletes./sports/pro_sports_played/athlete	/m/027zcm_
/m/0hqw8p_	/media_common/literary_genre/books_in_this_genre	/m/05mwzvc
/m/0prpt	/location/location/people_born_here	/m/027nx2m
/m/07ssc	/location/location/people_born_here	/m/05lwjc
/m/07ssc	/location/location/people_born_here	/m/04l3_z
/m/02fcs2	/location/location/people_born_here	/m/0gfc_1j
/m/07ssc	/location/location/people_born_here	/m/0n6kf
/m/0gm34	/location/location/people_born_here	/m/03cltyq
/m/07ssc	/location/location/people_born_here	/m/03vrv9
/m/07ssc	/location/location/people_born_here	/m/030znt
/m/07ssc	/location/location/people_born_here	/m/04228s
/m/07ssc	/location/location/people_born_here	/m/02gvwz
/m/07ssc	/location/location/people_born_here	/m/02dr9j
/m/0bmpm	/location/location/people_born_here	/m/0g00c1
/m/07ssc	/location/location/people_born_here	/m/05xzcz
/m/07ssc	/location/location/people_born_here	/m/043djx
/m/03qncl3	/location/location/people_born_here	/m/0dj62d
/m/07ssc	/location/location/people_born_here	/m/036px
/m/018jz	/sports/sport/pro_athletes./sports/pro_sports_played/athlete	/m/03kx49
/m/018jz	/sports/sport/pro_athletes./sports/pro_sports_played/athlete	/m/01jsn5
/m/018jz	/sports/sport/pro_athletes./sports/pro_sports_played/athlete	/m/07kcvl
/m/0280061	/sports/sport/pro_athletes./sports/pro_sports_played/athlete	/m/03r4gg
/m/07j_6b	/sports/sport/pro_athletes./sports/pro_sports_played/athlete	/m/04gthnd
/m/018jz	/sports/sport/pro_athletes./sports/pro_sports_played/athlete	/m/0nh0f
/m/018jz	/sports/sport/pro_athletes./sports/pro_sports_played/athlete	/m/02z0dfh
/m/018jz	/sports/sport/pro_athletes./sports/pro_sports_played/athlete	/m/0j298t8
/m/02_n3z	/sports/sport/pro_athletes./sports/pro_sports_played/athlete	/m/04xvqy
/m/018jz	/sports/sport/pro_athletes./sports/pro_sports_played/athlete	/m/0jmbv
/m/018jz	/sports/sport/pro_athletes./sports/pro_sports_played/athlete	/m/020_95
/m/018jz	/sports/sport/pro_athletes./sports/pro_sports_played/athlete	/m/0ys4f
/m/018jz	/sports/sport/pro_athletes./sports/pro_sports_played/athlete	/m/0ymbl
/m/0604m	/sports/sport/pro_athletes./sports/pro_sports_played/athlete	/m/0b_dh3
/m/018jz	/sports/sport/pro_athletes./sports/pro_sports_played/athlete	/m/032clf
/m/018jz	/sports/sport/pro_athletes./sports/pro_sports_played/athlete	/m/01qbl
/m/018jz	/sports/sport/pro_athletes./sports/pro_sports_played/athlete	/m/02vqpx8
/m/02lf1j	/sports/sport/pro_athletes./sports/pro_sports_played/athlete	/m/03y8zmf
/m/018jz	/sports/sport/pro_athletes./sports/pro_sports_played/athlete	/m/0872p_c
/m/018jz	/sports/sport/pro_athletes./sports/pro_sports_played/athlete	/m/0ftlx
/m/018jz	/sports/sport/pro_athletes./sports/pro_sports_played/athlete	/m/098s1
/m/054yc0	/sports/sport/pro_athletes./sports/pro_sports_played/athlete	/m/0gvt4n1
/m/0dj0x	/sports/sport/pro_athletes./sports/pro_sports_played/athlete	/m/03qcndn
/m/018jz	/sports/sport/pro_athletes./sports/pro_sports_played/athlete	/m/02y5kn
/m/019v67	/sports/sport/pro_athletes./sports/pro_sports_played/athlete	/m/02qhcm8
/m/07348	/sports/sport/pro_athletes./sports/pro_sports_played/athlete	/m/02r9w0x
/m/027n06w	/sports/sport/pro_athletes./sports/pro_sports_played/athlete	/m/06pctwm
/m/018jz	/sports/sport/pro_athletes./sports/pro_sports_played/athlete	/m/02r79_h
/m/018jz	/sports/sport/pro_athletes./sports/pro_sports_played/athlete	/m/01dwrc
/m/05r1_t	/sports/sport/pro_athletes./sports/pro_sports_played/athlete	/m/03z0jf
/m/018jz	/sports/sport/pro_athletes./sports/pro_sports_played/athlete	/m/03zj9
/m/012pd4	/sports/sport/pro_athletes./sports/pro_sports_played/athlete	/m/0h3s3sf
/m/018jz	/sports/sport/pro_athletes./sports/pro_sports_played/athlete	/m/06tw8
/m/0gj95	/sports/sport/pro_athletes./sports/pro_sports_played/athlete	/m/04vx41
/m/028v3	/media_common/literary_genre/books_in_this_genre	/m/0k3nk
/m/0mhfr	/music/genre/albums	/m/0sxns
/m/0gppg	/music/genre/albums	/m/03m8znk
/m/0c00zd0	/location/location/people_born_here	/m/02w5hmf
/m/040db	/location/location/people_born_here	/m/0c_494
/m/06krf3	/location/location/people_born_here	/m/03hzjn_
/m/01ly5m	/location/location/people_born_here	/m/0dwl2
/m/01tjvv	/location/location/people_born_here	/m/06jcc
/m/0dbdy	/location/location/people_born_here	/m/06b7s9
/m/05b_gq	/location/location/people_born_here	/m/01v0yt5
/m/06hgj	/location/location/people_born_here	/m/04qbrlv
/m/01m8dg	/location/location/people_born_here	/m/054yc0
/m/06br8	/sports/sport/pro_athletes./sports/pro_sports_played/athlete	/m/02645b
/m/03csqj4	/sports/sport/pro_athletes./sports/pro_sports_played/athlete	/m/07_658
/m/015x74	/location/location/people_born_here	/m/02qkbty
/m/0847q	/location/location/people_born_here	/m/0hv1t
/m/0106dv	/location/location/people_born_here	/m/0brgy
/m/013rds	/location/location/people_born_here	/m/04vqyb
/m/0161jj	/location/location/people_born_here	/m/017323
/m/0tt6k	/location/location/people_born_here	/m/0b2v79
/m/02ykw	/location/location/people_born_here	/m/097c4g
/m/0d2kt	/location/location/people_born_here	/m/03d0vz0
/m/0dcqh	/location/location/people_born_here	/m/06p768
/m/011xg5	/location/location/people_born_here	/m/027pb_q
/m/030qb3t	/location/location/people_born_here	/m/02kxwk
/m/030qb3t	/location/location/people_born_here	/m/03ydlnj
/m/030qb3t	/location/location/people_born_here	/m/02f8zw
/m/06vr2	/location/location/people_born_here	/m/08npzp
/m/030qb3t	/location/location/people_born_here	/m/04y79_n
/m/05v954	/location/location/people_born_here	/m/09bv78
/m/030qb3t	/location/location/people_born_here	/m/043djx
/m/07v64s	/music/genre/albums	/m/03fbb6
/m/019mlh	/location/location/people_born_here	/m/0h54krd
/m/0gy4k	/location/location/people_born_here	/m/03wczym
/m/03q95r	/location/location/people_born_here	/m/047b9kl
/m/027m5wv	/location/location/people_born_here	/m/01n7kz
/m/0r2l7	/location/location/people_born_here	/m/03f7lms
/m/06hsk	/media_common/literary_genre/books_in_this_genre	/m/07ytt
/m/01vw87c	/music/genre/albums	/m/03g1q10
/m/048fz	/location/location/people_born_here	/m/02wc9dk
/m/0fpzwf	/location/location/people_born_here	/m/0cq7tx
/m/0fpzwf	/location/location/people_born_here	/m/0241y7
/m/0jxxt	/sports/sport/pro_athletes./sports/pro_sports_played/athlete	/m/069nzr
/m/0nq_b	/location/location/people_born_here	/m/03gwpw2
/m/0lhn5	/location/location/people_born_here	/m/0gy1j23
/m/01ry_x	/location/location/people_born_here	/m/08cw24
/m/0fqz6	/location/location/people_born_here	/m/02ctvl
/m/0d7hg4	/location/location/people_born_here	/m/03crht3
/m/06c62	/location/location/people_born_here	/m/0d99m
/m/0bmm4	/location/location/people_born_here	/m/01hng3
/m/0l39b	/location/location/people_born_here	/m/03y2kr
/m/09v5bdn	/location/location/people_born_here	/m/04grm43
/m/01fq7	/location/location/people_born_here	/m/0fxz4
/m/01kws3	/music/genre/albums	/m/040_vt
/m/01n4nd	/location/location/people_born_here	/m/0xl08
/m/054ky1	/location/location/people_born_here	/m/0h7llxv
/m/06q1r	/location/location/people_born_here	/m/0c2tf
/m/06q1r	/location/location/people_born_here	/m/05jzt3
/m/01_f_5	/location/location/people_born_here	/m/0pclp2q
/m/06q1r	/location/location/people_born_here	/m/01zlh5
/m/0mw5x	/location/location/people_born_here	/m/09k769x
/m/0dg3jz	/location/location/people_born_here	/m/0vzrtrh
/m/0mpzm	/location/location/people_born_here	/m/01p_76k
/m/04qr6d	/location/location/people_born_here	/m/0cwpv1
/m/0h3y	/location/location/people_born_here	/m/0bbf1f
/m/0h3y	/location/location/people_born_here	/m/092j54
/m/0g5ff	/music/genre/albums	/m/06zq9fc
/m/0kz10	/music/genre/albums	/m/05ft32
/m/038bh3	/location/location/people_born_here	/m/0gyr953
/m/05qtj	/location/location/people_born_here	/m/0g5b0q5
/m/0l339	/location/location/people_born_here	/m/05h2634
/m/05qtj	/location/location/people_born_here	/m/018n6m
/m/05qtj	/location/location/people_born_here	/m/03cd1q
/m/09rdns	/location/location/people_born_here	/m/0287j27
/m/02mdty	/location/location/people_born_here	/m/06tvvh
/m/02flq1	/location/location/people_born_here	/m/02x446w
/m/0d6nx	/location/location/people_born_here	/m/018_q8
/m/085v7	/location/location/people_born_here	/m/0q417xx
/m/01738f	/music/genre/albums	/m/05p6ppv
/m/02vx4	/sports/sport/pro_athletes./sports/pro_sports_played/athlete	/m/01txts
/m/02vx4	/sports/sport/pro_athletes./sports/pro_sports_played/athlete	/m/0bzkgg
/m/0y4f8	/sports/sport/pro_athletes./sports/pro_sports_played/athlete	/m/0gy4q_
/m/018wl5	/sports/sport/pro_athletes./sports/pro_sports_played/athlete	/m/0556fn
/m/02vx4	/sports/sport/pro_athletes./sports/pro_sports_played/athlete	/m/01_8w2
/m/01669b	/sports/sport/pro_athletes./sports/pro_sports_played/athlete	/m/051yzd1
/m/02vx4	/sports/sport/pro_athletes./sports/pro_sports_played/athlete	/m/0gp_x9
/m/02vx4	/sports/sport/pro_athletes./sports/pro_sports_played/athlete	/m/02z6l5f
/m/0257w4	/sports/sport/pro_athletes./sports/pro_sports_played/athlete	/m/03hhjc2
/m/06dr9	/sports/sport/pro_athletes./sports/pro_sports_played/athlete	/m/04pb0q
/m/02jtjz	/sports/sport/pro_athletes./sports/pro_sports_played/athlete	/m/0276g8h
/m/02vx4	/sports/sport/pro_athletes./sports/pro_sports_played/athlete	/m/0svqs
/m/02vx4	/sports/sport/pro_athletes./sports/pro_sports_played/athlete	/m/0dfrq
/m/02txdf	/sports/sport/pro_athletes./sports/pro_sports_played/athlete	/m/05zs5vg
/m/02vx4	/sports/sport/pro_athletes./sports/pro_sports_played/athlete	/m/019bk0
/m/02vx4	/sports/sport/pro_athletes./sports/pro_sports_played/athlete	/m/015gw6
/m/02vx4	/sports/sport/pro_athletes./sports/pro_sports_played/athlete	/m/01kqq7
/m/04wp2p	/sports/sport/pro_athletes./sports/pro_sports_played/athlete	/m/05p2gpw
/m/02vx4	/sports/sport/pro_athletes./sports/pro_sports_played/athlete	/m/02t1wn
/m/0ftvg	/sports/sport/pro_athletes./sports/pro_sports_played/athlete	/m/03bnwl
/m/02vx4	/sports/sport/pro_athletes./sports/pro_sports_played/athlete	/m/01clyb
/m/0cd25	/sports/sport/pro_athletes./sports/pro_sports_played/athlete	/m/0d5y4k
/m/01hkck	/sports/sport/pro_athletes./sports/pro_sports_played/athlete	/m/03cm0dq
/m/02vx4	/sports/sport/pro_athletes./sports/pro_sports_played/athlete	/m/01n073
/m/02vx4	/sports/sport/pro_athletes./sports/pro_sports_played/athlete	/m/035_2h
/m/0g2lq	/sports/sport/pro_athletes./sports/pro_sports_played/athlete	/m/0h2bj6
/m/02vx4	/sports/sport/pro_athletes./sports/pro_sports_played/athlete	/m/01q1j
/m/06lc85	/sports/sport/pro_athletes./sports/pro_sports_played/athlete	/m/02qx2pv
/m/027b43	/sports/sport/pro_athletes./sports/pro_sports_played/athlete	/m/0fqzys
/m/02vx4	/sports/sport/pro_athletes./sports/pro_sports_played/athlete	/m/02vx4c2
/m/02vx4	/sports/sport/pro_athletes./sports/pro_sports_played/athlete	/m/054g1r
/m/02vx4	/sports/sport/pro_athletes./sports/pro_sports_played/athlete	/m/02kxjx
/m/02vx4	/sports/sport/pro_athletes./sports/pro_sports_played/athlete	/m/02238b
/m/02vx4	/sports/sport/pro_athletes./sports/pro_sports_played/athlete	/m/0g22z
/m/063_j5	/sports/sport/pro_athletes./sports/pro_sports_played/athlete	/m/01n263
/m/02vx4	/sports/sport/pro_athletes./sports/pro_sports_played/athlete	/m/062cg6
/m/02hfk5	/sports/sport/pro_athletes./sports/pro_sports_played/athlete	/m/027gnwg
/m/01k2xy	/sports/sport/pro_athletes./sports/pro_sports_played/athlete	/m/0dj62d
/m/02vx4	/sports/sport/pro_athletes./sports/pro_sports_played/athlete	/m/0104lr
/m/02vx4	/sports/sport/pro_athletes./sports/pro_sports_played/athlete	/m/01rrgk
/m/08s6r6	/sports/sport/pro_athletes./sports/pro_sports_played/athlete	/m/03hnzd9
/m/031hxk	/sports/sport/pro_athletes./sports/pro_sports_played/athlete	/m/02z195p
/m/02vx4	/sports/sport/pro_athletes./sports/pro_sports_played/athlete	/m/063fh9
/m/02vx4	/sports/sport/pro_athletes./sports/pro_sports_played/athlete	/m/0c0ygc
/m/03lvyj	/sports/sport/pro_athletes./sports/pro_sports_played/athlete	/m/0f1kf6
/m/0_00	/sports/sport/pro_athletes./sports/pro_sports_played/athlete	/m/0d0bcn
/m/02vx4	/sports/sport/pro_athletes./sports/pro_sports_played/athlete	/m/0gclb
/m/02vx4	/sports/sport/pro_athletes./sports/pro_sports_played/athlete	/m/071nw5
/m/016m9h	/sports/sport/pro_athletes./sports/pro_sports_played/athlete	/m/09x0v1
/m/03x2qp	/sports/sport/pro_athletes./sports/pro_sports_played/athlete	/m/03ccpv4
/m/02vx4	/sports/sport/pro_athletes./sports/pro_sports_played/athlete	/m/02f1c
/m/016xh5	/sports/sport/pro_athletes./sports/pro_sports_played/athlete	/m/04my8b1
/m/075mb	/location/location/people_born_here	/m/0604m
/m/058kh7	/location/location/people_born_here	/m/04fd1qx
/m/0d9y6	/location/location/people_born_here	/m/09rsr0w
/m/0ynfz	/location/location/people_born_here	/m/04jbyg
/m/0ynfz	/location/location/people_born_here	/m/06__m6
/m/01lfy	/location/location/people_born_here	/m/0747nrk
/m/023p33	/location/location/people_born_here	/m/0kmq1
/m/02qyntr	/media_common/literary_genre/books_in_this_genre	/m/0cvz4q
/m/02xlf	/media_common/literary_genre/books_in_this_genre	/m/08fn5b
/m/05g2b	/media_common/literary_genre/books_in_this_genre	/m/02rnz9h
/m/0f3m1	/media_common/literary_genre/books_in_this_genre	/m/01zs4v
/m/0c0k1	/media_common/literary_genre/books_in_this_genre	/m/02x87pj
/m/02xlf	/media_common/literary_genre/books_in_this_genre	/m/0n_hp
/m/02xlf	/media_common/literary_genre/books_in_this_genre	/m/07tjf
/m/02xlf	/media_common/literary_genre/books_in_this_genre	/m/0jmgb
/m/035yn8	/media_common/literary_genre/books_in_this_genre	/m/0pclmsh
/m/02xlf	/media_common/literary_genre/books_in_this_genre	/m/07_fj54
/m/02xlf	/media_common/literary_genre/books_in_this_genre	/m/02xnjd
/m/02rq8k8	/media_common/literary_genre/books_in_this_genre	/m/0d124_
/m/02b1jf	/media_common/literary_genre/books_in_this_genre	/m/0b2k_s
/m/02xlf	/media_common/literary_genre/books_in_this_genre	/m/02m3sd
/m/02xlf	/media_common/literary_genre/books_in_this_genre	/m/0222qb
/m/0qkcb	/media_common/literary_genre/books_in_this_genre	/m/035pjq
/m/022tfp	/media_common/literary_genre/books_in_this_genre	/m/02bws2
/m/02xlf	/media_common/literary_genre/books_in_this_genre	/m/03wd5tk
/m/07zqy	/media_common/literary_genre/books_in_this_genre	/m/0272dch
/m/02xlf	/media_common/literary_genre/books_in_this_genre	/m/01fmys
/m/047rkcm	/music/genre/albums	/m/01k7xxj
/m/036jv	/music/genre/albums	/m/08b26_
/m/036jv	/music/genre/albums	/m/0170s4
/m/036jv	/music/genre/albums	/m/03cvv4
/m/02b14q	/music/genre/albums	/m/01ljp93
/m/036jv	/music/genre/albums	/m/0dlxj
/m/0c0zq	/music/genre/albums	/m/03g6msd
/m/0dm0f	/location/location/people_born_here	/m/04vgq5
/m/0r3wm	/location/location/people_born_here	/m/01zt10
/m/05_61y	/location/location/people_born_here	/m/09cprp
/m/0gjvqm	/music/genre/albums	/m/01kgdyn
/m/02qm5j	/music/genre/albums	/m/03jsvl
/m/07gxw	/music/genre/albums	/m/04s2z
/m/04k05	/music/genre/albums	/m/0q56s0k
/m/07gxw	/music/genre/albums	/m/01k9lpl
/m/02fn5	/sports/sport/pro_athletes./sports/pro_sports_played/athlete	/m/0gyvyb9
/m/025tm81	/location/location/people_born_here	/m/03hg9ms
/m/0yvjx	/location/location/people_born_here	/m/0c0cs
/m/05qt0	/media_common/literary_genre/books_in_this_genre	/m/02zccd
/m/0fhzy	/location/location/people_born_here	/m/039n1
/m/01pfpt	/music/genre/albums	/m/03lvyj
/m/0pml7	/music/genre/albums	/m/0q56s0k
/m/058wp	/location/location/people_born_here	/m/01x2tm8
/m/0dwh5	/location/location/people_born_here	/m/01j6t0
/m/04v3q	/location/location/people_born_here	/m/03g8c4
/m/0f2r6	/location/location/people_born_here	/m/01wx756
/m/0f2r6	/location/location/people_born_here	/m/0bkf4
/m/0gj96ln	/music/genre/albums	/m/026t44g
/m/02y9wq	/location/location/people_born_here	/m/03cws8h
/m/02hwww	/music/genre/albums	/m/02p10fx
/m/0bqsy	/location/location/people_born_here	/m/06chyw
/m/09xp_	/sports/sport/pro_athletes./sports/pro_sports_played/athlete	/m/023rwm
/m/0dszr0	/sports/sport/pro_athletes./sports/pro_sports_played/athlete	/m/0j_5c90
/m/09xp_	/sports/sport/pro_athletes./sports/pro_sports_played/athlete	/m/02qm_f
/m/01ckrr	/sports/sport/pro_athletes./sports/pro_sports_played/athlete	/m/09fxpx
/m/09xp_	/sports/sport/pro_athletes./sports/pro_sports_played/athlete	/m/03x6w8
/m/0ky1	/sports/sport/pro_athletes./sports/pro_sports_played/athlete	/m/04n9gz
/m/09xp_	/sports/sport/pro_athletes./sports/pro_sports_played/athlete	/m/0g0syc
/m/036n1	/sports/sport/pro_athletes./sports/pro_sports_played/athlete	/m/0272j5l
/m/0ymb6	/sports/sport/pro_athletes./sports/pro_sports_played/athlete	/m/02qwf9b
/m/0210hf	/sports/sport/pro_athletes./sports/pro_sports_played/athlete	/m/0640csf
/m/01my_c	/sports/sport/pro_athletes./sports/pro_sports_played/athlete	/m/08jsmg
/m/09xp_	/sports/sport/pro_athletes./sports/pro_sports_played/athlete	/m/01q3_2
/m/09xp_	/sports/sport/pro_athletes./sports/pro_sports_played/athlete	/m/01dpdh
/m/09xp_	/sports/sport/pro_athletes./sports/pro_sports_played/athlete	/m/01clyb
/m/0d8w2n	/sports/sport/pro_athletes./sports/pro_sports_played/athlete	/m/09q3vj
/m/09xp_	/sports/sport/pro_athletes./sports/pro_sports_played/athlete	/m/05_k56
/m/09xp_	/sports/sport/pro_athletes./sports/pro_sports_played/athlete	/m/0k6nt
/m/05ljv7	/sports/sport/pro_athletes./sports/pro_sports_played/athlete	/m/081t1c
/m/047lj	/sports/sport/pro_athletes./sports/pro_sports_played/athlete	/m/014g_f
/m/09xp_	/sports/sport/pro_athletes./sports/pro_sports_played/athlete	/m/0h6r5
/m/01dtq1	/sports/sport/pro_athletes./sports/pro_sports_played/athlete	/m/0fykts
/m/09xp_	/sports/sport/pro_athletes./sports/pro_sports_played/athlete	/m/084qpk
/m/0190y4	/sports/sport/pro_athletes./sports/pro_sports_played/athlete	/m/03hkmbk
/m/091z_p	/sports/sport/pro_athletes./sports/pro_sports_played/athlete	/m/03m_z9
/m/0k5px	/sports/sport/pro_athletes./sports/pro_sports_played/athlete	/m/02qgcs2
/m/09xp_	/sports/sport/pro_athletes./sports/pro_sports_played/athlete	/m/050zr4
/m/02ln0f	/sports/sport/pro_athletes./sports/pro_sports_played/athlete	/m/026njsm
/m/09xp_	/sports/sport/pro_athletes./sports/pro_sports_played/athlete	/m/022tzk
/m/09xp_	/sports/sport/pro_athletes./sports/pro_sports_played/athlete	/m/015mlw
/m/05fx1v	/sports/sport/pro_athletes./sports/pro_sports_played/athlete	/m/027rmx_
/m/04k15	/sports/sport/pro_athletes./sports/pro_sports_played/athlete	/m/0fkd0r
/m/09xp_	/sports/sport/pro_athletes./sports/pro_sports_played/athlete	/m/045w_4
/m/09xp_	/sports/sport/pro_athletes./sports/pro_sports_played/athlete	/m/02y74
/m/02x8m	/sports/sport/pro_athletes./sports/pro_sports_played/athlete	/m/027914q
/m/0fnm3	/location/location/people_born_here	/m/0mwk9
/m/0yj9v	/location/location/people_born_here	/m/0ght2
/m/0j5b8	/location/location/people_born_here	/m/0jkwdnc
/m/05s34b	/location/location/people_born_here	/m/0ks_7b
/m/052p7	/location/location/people_born_here	/m/0d060g
/m/052p7	/location/location/people_born_here	/m/01vl17
/m/052p7	/location/location/people_born_here	/m/057176
/m/0b_6yv	/music/genre/albums	/m/0fttg
/m/0bp_7	/location/location/people_born_here	/m/07fb6
/m/025r_t	/location/location/people_born_here	/m/0f63n
/m/019fh	/location/location/people_born_here	/m/01jnzj
/m/039bp	/location/location/people_born_here	/m/02pk0yk
/m/0bkq_8	/location/location/people_born_here	/m/0b6dv9h
/m/01tlmw	/location/location/people_born_here	/m/0b_dh3
/m/07q1v4	/location/location/people_born_here	/m/048t4q
/m/0dvqq	/location/location/people_born_here	/m/02rm2h8
/m/05jbn	/location/location/people_born_here	/m/01jgpsh
/m/07s8hms	/location/location/people_born_here	/m/026wp73
/m/01hpnh	/location/location/people_born_here	/m/04yf__4
/m/02rc4d	/location/location/people_born_here	/m/025_w5c
/m/01dzq6	/location/location/people_born_here	/m/0msyb
/m/0g9k4	/location/location/people_born_here	/m/019lty
/m/0dwcl	/music/genre/albums	/m/01k4tds
/m/0b0pf	/music/genre/albums	/m/0dxt3y1
/m/02lkt	/music/genre/albums	/m/06f32
/m/02lkt	/music/genre/albums	/m/040vgd
/m/02b10g	/music/genre/albums	/m/03fynzp
/m/02s2lg	/music/genre/albums	/m/01p17ft
/m/02lkt	/music/genre/albums	/m/0x2jd
/m/01n8_g	/music/genre/albums	/m/01pgrbp
/m/06cmp	/music/genre/albums	/m/0b9ztw
/m/02lkt	/music/genre/albums	/m/0gmkn
/m/03b79	/location/location/people_born_here	/m/01f1q8
/m/016475	/media_common/literary_genre/books_in_this_genre	/m/0140t7
/m/05ldnp	/location/location/people_born_here	/m/0bmn6w
/m/02ndbd	/location/location/people_born_here	/m/09rxpkt
/m/08vk_r	/music/genre/albums	/m/0h7n2_b
/m/030hcs	/music/genre/albums	/m/0frn576
/m/03kdl	/music/genre/albums	/m/01jwy3j
/m/0jmwg	/music/genre/albums	/m/01w923
/m/0jmwg	/music/genre/albums	/m/0dkv90
/m/0jmwg	/music/genre/albums	/m/055hc
/m/0bxs_d	/music/genre/albums	/m/03g78j6
/m/0y3_8	/music/genre/albums	/m/018swb
/m/0fx80y	/music/genre/albums	/m/0462zf3
/m/0y3_8	/music/genre/albums	/m/01t110
/m/0y3_8	/music/genre/albums	/m/03t22m
/m/0y3_8	/music/genre/albums	/m/01fl3
/m/073y53	/music/genre/albums	/m/0gjdyrz
/m/0d1tm	/location/location/people_born_here	/m/02795kq
/m/01l63	/location/location/people_born_here	/m/03f6fl0
/m/01l63	/location/location/people_born_here	/m/07hpv3
/m/01l63	/location/location/people_born_here	/m/0sc6p
/m/0yzvw	/music/genre/albums	/m/01jtd16
/m/03h502k	/location/location/people_born_here	/m/025xw3d
/m/094jv	/location/location/people_born_here	/m/04gnbv1
/m/0dll_t2	/location/location/people_born_here	/m/0h3x4wk
/m/06q6jz	/location/location/people_born_here	/m/0b5yzb
/m/04j5fx	/location/location/people_born_here	/m/03d7_l0
/m/01773g	/location/location/people_born_here	/m/0cv0r
/m/05qgc	/media_common/literary_genre/books_in_this_genre	/m/014d4v
/m/0mskq	/location/location/people_born_here	/m/0py1w6m
/m/0ltv	/sports/sport/pro_athletes./sports/pro_sports_played/athlete	/m/0c6vcj
/m/0882j7	/location/location/people_born_here	/m/02xsz7
/m/0135g	/location/location/people_born_here	/m/01vz80y
/m/04rsd2	/location/location/people_born_here	/m/04y93y0
/m/08vlns	/music/genre/albums	/m/07z6xs
/m/01z6gc	/music/genre/albums	/m/01pj5wq
/m/01pn0r	/music/genre/albums	/m/0jt4j0l
/m/06gn7r	/location/location/people_born_here	/m/0465sdr
/m/043sct5	/location/location/people_born_here	/m/04mxqdv
/m/0f4l5	/location/location/people_born_here	/m/02cfwr
/m/04l7mn	/location/location/people_born_here	/m/01l68n5
/m/0147jt	/location/location/people_born_here	/m/02qlm13
/m/0fcrg	/location/location/people_born_here	/m/07sy2g
/m/04czcb	/location/location/people_born_here	/m/064k5w7
/m/029qzx	/location/location/people_born_here	/m/064pr12
/m/01z_lv	/music/genre/albums	/m/08ppn5
/m/01jp4s	/location/location/people_born_here	/m/0161c2
/m/026v1z	/music/genre/albums	/m/0462zf3
/m/070g7	/music/genre/albums	/m/0fzhr6w
/m/02lnbg	/music/genre/albums	/m/04mvp8
/m/01tvz5j	/music/genre/albums	/m/01hc95g
/m/02lnbg	/music/genre/albums	/m/05hywl
/m/0cmdwwg	/music/genre/albums	/m/01mxg4n
/m/048scx	/music/genre/albums	/m/0k0lhcy
/m/03plfd	/music/genre/albums	/m/0g31kh
/m/02lnbg	/music/genre/albums	/m/0dgfx
/m/0cwrr	/location/location/people_born_here	/m/0bh9555
/m/01gvts	/location/location/people_born_here	/m/0j3c53c
/m/0c8tk	/location/location/people_born_here	/m/0ffcvk
/m/06hgym	/location/location/people_born_here	/m/0h3nqn_
/m/0fhmf	/location/location/people_born_here	/m/01c7y
/m/02x8m	/music/genre/albums	/m/01jrvr6
/m/03s5lz	/music/genre/albums	/m/0h7mww7
/m/0d8s8	/location/location/people_born_here	/m/04tgp
/m/0qb1z	/location/location/people_born_here	/m/02vjhf
/m/01flzq	/music/genre/albums	/m/0bgv8y
/m/01flzq	/music/genre/albums	/m/0bj25
/m/01flzq	/music/genre/albums	/m/01kcty
/m/01flzq	/music/genre/albums	/m/0k9j_
/m/0rmwd	/music/genre/albums	/m/01jdf89
/m/0xr0t	/location/location/people_born_here	/m/0203v
/m/0ck9l7	/music/genre/albums	/m/0f8j13
/m/0d0x8	/location/location/people_born_here	/m/016chh
/m/0d0x8	/location/location/people_born_here	/m/0fbvqf
/m/0fm7s	/location/location/people_born_here	/m/04tnqn
/m/0fm7s	/location/location/people_born_here	/m/06_kh
/m/01btyw	/location/location/people_born_here	/m/0837ql
/m/017l96	/sports/sport/pro_athletes./sports/pro_sports_played/athlete	/m/0d5zk
/m/0k345	/location/location/people_born_here	/m/0dgscty
/m/05gpy	/music/genre/albums	/m/0g31kh
/m/0mws3	/music/genre/albums	/m/01h96wl
/m/0_jws	/music/genre/albums	/m/03m3yf5
/m/0jrv_	/music/genre/albums	/m/0cv72h
/m/016ybr	/music/genre/albums	/m/05css_
/m/016ybr	/music/genre/albums	/m/04nrcg
/m/016ybr	/music/genre/albums	/m/042s9
/m/02n4kr	/media_common/literary_genre/books_in_this_genre	/m/05p3738
/m/05p553	/music/genre/albums	/m/06rkl
/m/096gm	/location/location/people_born_here	/m/06fhs
/m/0jtdp	/location/location/people_born_here	/m/0g_d19
/m/014kbl	/location/location/people_born_here	/m/02813wt
/m/0kq08	/location/location/people_born_here	/m/05b_jxd
/m/0f2tj	/location/location/people_born_here	/m/0p9qb
/m/0f1nl	/location/location/people_born_here	/m/01ty7_y
/m/0f2tj	/location/location/people_born_here	/m/02n5d
/m/0f2tj	/location/location/people_born_here	/m/02gr81
/m/06bss	/location/location/people_born_here	/m/05z61w
/m/0mzvm	/location/location/people_born_here	/m/0hfjk
/m/0h1tz	/location/location/people_born_here	/m/02pyg6
/m/01hlwv	/location/location/people_born_here	/m/0k8qwv9
/m/02h2z_	/music/genre/albums	/m/0ddhfw5
/m/02w4v	/music/genre/albums	/m/03yfh3
/m/02x9cv	/music/genre/albums	/m/0gjdlxk
/m/02yy88	/music/genre/albums	/m/0n2g
/m/02yy88	/music/genre/albums	/m/01bkv
/m/0jgd	/music/genre/albums	/m/0c038gn
/m/0l14gg	/music/genre/albums	/m/01yhvv
/m/03ss47	/music/genre/albums	/m/01hs096
/m/028knk	/location/location/people_born_here	/m/0272r9x
/m/06mxs	/location/location/people_born_here	/m/03r0g9
/m/01dw4q	/location/location/people_born_here	/m/0czb37z
/m/0fnyc	/location/location/people_born_here	/m/0ckh4k
/m/0l8gh	/music/genre/albums	/m/0dl4z
/m/05sb1	/location/location/people_born_here	/m/070fnm
/m/09tlh	/location/location/people_born_here	/m/03l6bs
/m/09tlh	/location/location/people_born_here	/m/04cdxc
/m/0gyvgw	/location/location/people_born_here	/m/02zjd
/m/0bt7w	/music/genre/albums	/m/0ljl8
/m/0g14f	/location/location/people_born_here	/m/0gpzwc
/m/016h5l	/location/location/people_born_here	/m/0b77xnb
/m/07g0_	/location/location/people_born_here	/m/01rnly
/m/01vvyfh	/location/location/people_born_here	/m/08229c
/m/09qv3c	/location/location/people_born_here	/m/0cc7v4n
/m/02r5w9	/music/genre/albums	/m/01k7ysh
/m/01r9c_	/music/genre/albums	/m/01p17ft
/m/025sc50	/music/genre/albums	/m/03f0vvr
/m/025sc50	/music/genre/albums	/m/09jd9
/m/044ntk	/music/genre/albums	/m/0fzhr6w
/m/01gb54	/music/genre/albums	/m/08gjkk
/m/05wpnx	/music/genre/albums	/m/0k0k879
/m/0275pjz	/music/genre/albums	/m/0h68kcz
/m/0mbs8	/music/genre/albums	/m/0gjdyrz
/m/05th8t	/music/genre/albums	/m/01hl40t
/m/025sc50	/music/genre/albums	/m/02q1tc5
/m/018js4	/music/genre/albums	/m/01mxg4n
/m/0gy2y8r	/music/genre/albums	/m/0g31kh
/m/06cqb	/music/genre/albums	/m/05h83
/m/03t28q	/sports/sport/pro_athletes./sports/pro_sports_played/athlete	/m/02z67v0
/m/07l2m	/music/genre/albums	/m/01j03zs
/m/0m0jc	/music/genre/albums	/m/07k2mq
/m/0m0jc	/music/genre/albums	/m/01qhm_
/m/02fj8n	/music/genre/albums	/m/0gx_gqd
/m/0d3k14	/music/genre/albums	/m/0462zf3
/m/0m0jc	/music/genre/albums	/m/018fmr
/m/0m0jc	/music/genre/albums	/m/0163m1
/m/01tz3c	/media_common/literary_genre/books_in_this_genre	/m/0136kr
/m/01tz3c	/media_common/literary_genre/books_in_this_genre	/m/0b2h3
/m/05bcl	/location/location/people_born_here	/m/02f72n
/m/0lw_s	/location/location/people_born_here	/m/0127xk
/m/0lw_s	/location/location/people_born_here	/m/0fd3y
/m/0k9ts	/location/location/people_born_here	/m/02rj6s1
/m/06nbt	/media_common/literary_genre/books_in_this_genre	/m/0qf2t
/m/067nv	/media_common/literary_genre/books_in_this_genre	/m/040784d
/m/0fl35	/biology/organism_classification_rank/organism_classifications	/m/0b9l3x
/m/01llxp	/biology/organism_classification_rank/organism_classifications	/m/05c41m
/m/026zlh9	/biology/organism_classification_rank/organism_classifications	/m/0dqnf8
/m/0fl35	/biology/organism_classification_rank/organism_classifications	/m/0dtw1x
/m/0fl35	/biology/organism_classification_rank/organism_classifications	/m/036jv
/m/0fl35	/biology/organism_classification_rank/organism_classifications	/m/025_64l
/m/05r3qc	/biology/organism_classification_rank/organism_classifications	/m/0fqjj9
/m/03xp8d5	/biology/organism_classification_rank/organism_classifications	/m/02rv3c8
/m/0cw67g	/biology/organism_classification_rank/organism_classifications	/m/026l41t
/m/0qxzd	/location/location/people_born_here	/m/02flpq
/m/06mn7	/location/location/people_born_here	/m/0c3dr7
/m/01cx_	/location/location/people_born_here	/m/01jygk
/m/0187x8	/location/location/people_born_here	/m/0266p4y
/m/0371rb	/location/location/people_born_here	/m/0k8pf1z
/m/0r1jr	/location/location/people_born_here	/m/048lv
/m/07r1_	/location/location/people_born_here	/m/076vvjs
/m/0xnt5	/location/location/people_born_here	/m/01kxnd
/m/01yf40	/location/location/people_born_here	/m/0bn9sc
/m/0hmyfsv	/location/location/people_born_here	/m/0cm_07
/m/0xy28	/location/location/people_born_here	/m/080cccx
/m/0mgrh	/location/location/people_born_here	/m/051_n9n
/m/0kc40	/location/location/people_born_here	/m/012x2b
/m/01mc11	/location/location/people_born_here	/m/039b7_
/m/026dd2b	/music/genre/albums	/m/09v71nr
/m/07d2d	/music/genre/albums	/m/01hl40t
/m/02k_kn	/music/genre/albums	/m/0l2rj
/m/02yh8l	/music/genre/albums	/m/011kn2
/m/0xpq9	/location/location/people_born_here	/m/09td7p
/m/0162v	/location/location/people_born_here	/m/02zy1z
/m/02q5g1z	/location/location/people_born_here	/m/02rs2md
/m/03pbf	/location/location/people_born_here	/m/0707q
/m/01fchy	/music/genre/albums	/m/0462zf3
/m/05c6073	/music/genre/albums	/m/061k5
/m/05c6073	/music/genre/albums	/m/0894_x
/m/03w9bjf	/music/genre/albums	/m/03g78j6
/m/066l3y	/location/location/people_born_here	/m/02qwxq2
/m/02qyntr	/music/genre/albums	/m/01hr72v
/m/0827d	/music/genre/albums	/m/02pyg
/m/082sy9	/location/location/people_born_here	/m/02pp1
/m/0140xf	/music/genre/albums	/m/02n61z
/m/02ny8t	/music/genre/albums	/m/0234_c
/m/03gr7w	/location/location/people_born_here	/m/0ddc2yv
/m/0cmb3	/location/location/people_born_here	/m/0kv2hv
/m/04192r	/music/genre/albums	/m/01k4txr
/m/02rdyk7	/location/location/people_born_here	/m/01d6c_
/m/01rng	/location/location/people_born_here	/m/01gfhk
/m/04n3l	/location/location/people_born_here	/m/0cjsxp
/m/04sqj	/location/location/people_born_here	/m/02qzjj
/m/04sqj	/location/location/people_born_here	/m/01rwcgb
/m/0d0vqn	/location/location/people_born_here	/m/0gslw
/m/0d0vqn	/location/location/people_born_here	/m/03d8njj
/m/0plxn	/location/location/people_born_here	/m/047mtnd
/m/0rydq	/location/location/people_born_here	/m/0b2v79
/m/01cbwl	/music/genre/albums	/m/07mvp
/m/01cbwl	/music/genre/albums	/m/0gpjbt
/m/01cbwl	/music/genre/albums	/m/01y3c
/m/01cbwl	/music/genre/albums	/m/052p7
/m/025ts_z	/music/genre/albums	/m/01n6zq3
/m/07yklv	/music/genre/albums	/m/032w8h
/m/0770cd	/location/location/people_born_here	/m/0cxmt2
/m/01smm	/location/location/people_born_here	/m/05nwfr
/m/0mn8t	/location/location/people_born_here	/m/0d06m5
/m/013gwb	/location/location/people_born_here	/m/021npv
/m/0l56b	/media_common/literary_genre/books_in_this_genre	/m/080hv4k
/m/017fp	/media_common/literary_genre/books_in_this_genre	/m/08s6r6
/m/017fp	/media_common/literary_genre/books_in_this_genre	/m/015qsq
/m/0ndwt2w	/media_common/literary_genre/books_in_this_genre	/m/0bgysl
/m/05tfn1	/location/location/people_born_here	/m/089ghm
/m/0232lm	/location/location/people_born_here	/m/05vvk0
/m/0148nj	/location/location/people_born_here	/m/027mrpq
/m/018jk2	/location/location/people_born_here	/m/09bmpd
/m/094g2z	/music/genre/albums	/m/01hm6yw
/m/06j6l	/music/genre/albums	/m/01hvv0
/m/0dz3r	/music/genre/albums	/m/026t44g
/m/09p3_s	/music/genre/albums	/m/05mw2dk
/m/06j6l	/music/genre/albums	/m/02p0szs
/m/02r2j8	/music/genre/albums	/m/05m_zqb
/m/06j6l	/music/genre/albums	/m/044g_k
/m/01wj17	/music/genre/albums	/m/01mxg4n
/m/06j6l	/music/genre/albums	/m/01g4bk
/m/02w9k1c	/music/genre/albums	/m/027xf3m
/m/02b71x	/location/location/people_born_here	/m/02tn9z
/m/022769	/location/location/people_born_here	/m/0hgpx0m
/m/04t38b	/location/location/people_born_here	/m/09g8x2n
/m/0fg1g	/location/location/people_born_here	/m/05q5m9b
/m/0z5vp	/location/location/people_born_here	/m/0275n3y
/m/01pcbg	/location/location/people_born_here	/m/05h490y
/m/02wvf2s	/location/location/people_born_here	/m/0pc5psv
/m/07fpm3	/location/location/people_born_here	/m/0gcf7c3
/m/0cx6f	/location/location/people_born_here	/m/028bcsh
/m/02z3r5q	/location/location/people_born_here	/m/02z3vn5
/m/02zjd	/location/location/people_born_here	/m/06f4fs
/m/049xgc	/location/location/people_born_here	/m/02z67v0
/m/03kjh	/location/location/people_born_here	/m/0sg4x
/m/07jqvw	/location/location/people_born_here	/m/04n4c53
/m/06m_5	/location/location/people_born_here	/m/0fqpc7d
/m/07q3s	/location/location/people_born_here	/m/01pq4w
/m/026lj	/location/location/people_born_here	/m/0g1rzb
/m/092j54	/sports/sport/pro_athletes./sports/pro_sports_played/athlete	/m/09nj27
/m/0blgl	/sports/sport/pro_athletes./sports/pro_sports_played/athlete	/m/04y8vvs
/m/01cgz	/sports/sport/pro_athletes./sports/pro_sports_played/athlete	/m/0747k8
/m/01cgz	/sports/sport/pro_athletes./sports/pro_sports_played/athlete	/m/015jr
/m/01cgz	/sports/sport/pro_athletes./sports/pro_sports_played/athlete	/m/03q0r1
/m/01gkg3	/sports/sport/pro_athletes./sports/pro_sports_played/athlete	/m/012qgc
/m/01cgz	/sports/sport/pro_athletes./sports/pro_sports_played/athlete	/m/05w3f
/m/01cgz	/sports/sport/pro_athletes./sports/pro_sports_played/athlete	/m/02n4kr
/m/0jp26	/location/location/people_born_here	/m/02hsgn
/m/0xmqf	/location/location/people_born_here	/m/03c6s24
/m/07kg3	/location/location/people_born_here	/m/0b760yd
/m/018dyl	/sports/sport/pro_athletes./sports/pro_sports_played/athlete	/m/0kf7c9j
/m/01htxr	/media_common/literary_genre/books_in_this_genre	/m/02qnd86
/m/06n90	/media_common/literary_genre/books_in_this_genre	/m/0fj52s
/m/05zp8	/media_common/literary_genre/books_in_this_genre	/m/0ds93kx
/m/0fqjhm	/media_common/literary_genre/books_in_this_genre	/m/01w8wp
/m/06n90	/media_common/literary_genre/books_in_this_genre	/m/05m_8
/m/06n90	/media_common/literary_genre/books_in_this_genre	/m/03c6s24
/m/06n90	/media_common/literary_genre/books_in_this_genre	/m/0fms83
/m/06n90	/media_common/literary_genre/books_in_this_genre	/m/04hwbq
/m/06n90	/media_common/literary_genre/books_in_this_genre	/m/049f05
/m/02bh9	/media_common/literary_genre/books_in_this_genre	/m/0dd3z5
/m/06n90	/media_common/literary_genre/books_in_this_genre	/m/07kbp5
/m/0fx2s	/media_common/literary_genre/books_in_this_genre	/m/043rmgr
/m/0gfzgl	/media_common/literary_genre/books_in_this_genre	/m/05_1sc
/m/0m0nq	/media_common/literary_genre/books_in_this_genre	/m/0b2k_s
/m/06n90	/media_common/literary_genre/books_in_this_genre	/m/065zr
/m/0c_j9x	/location/location/people_born_here	/m/06s85q
/m/0dr31	/location/location/people_born_here	/m/0rvty
/m/0dr31	/location/location/people_born_here	/m/0tj9
/m/0g1w5	/location/location/people_born_here	/m/01yxbw
/m/0z74	/sports/sport/pro_athletes./sports/pro_sports_played/athlete	/m/01tpl1p
/m/01hrqc	/music/genre/albums	/m/0q56s0k
/m/02x0fs9	/music/genre/albums	/m/0q56s0k
/m/052smk	/music/genre/albums	/m/026c0p
/m/05gqf	/location/location/people_born_here	/m/047yc
/m/09c17	/location/location/people_born_here	/m/02778yp
/m/0lpfh	/location/location/people_born_here	/m/07s72n
/m/0lpfh	/location/location/people_born_here	/m/0f8j6
/m/0ws0h	/location/location/people_born_here	/m/0vhm
/m/025mbn	/location/location/people_born_here	/m/04y9rtv
/m/08pn_9	/music/genre/albums	/m/05sxt67
/m/01n4bh	/location/location/people_born_here	/m/04hgh3
/m/01rs5p	/music/genre/albums	/m/026t44g
/m/02z9rr	/location/location/people_born_here	/m/02wln1_
/m/01jfrg	/location/location/people_born_here	/m/0ddd_qg
/m/06hdk	/location/location/people_born_here	/m/09v8clw
/m/06hdk	/location/location/people_born_here	/m/07y8l9
/m/0781g	/music/genre/albums	/m/0ght2
/m/0jm7n	/location/location/people_born_here	/m/03cb0p_
/m/03339m	/music/genre/albums	/m/04fznlb
/m/01lvzbl	/location/location/people_born_here	/m/0g9vcx9
/m/05n6sq	/location/location/people_born_here	/m/02rm5sg
/m/05ztjjw	/location/location/people_born_here	/m/02r0bmh
/m/027dcbn	/location/location/people_born_here	/m/02q87p8
/m/02r858_	/location/location/people_born_here	/m/0b7lkg
/m/0k6nt	/location/location/people_born_here	/m/020qr4
/m/0dbb3	/location/location/people_born_here	/m/0bl9rd
/m/0k6nt	/location/location/people_born_here	/m/02qlr1
/m/09hy79	/music/genre/albums	/m/0b9ztw
/m/0283d	/music/genre/albums	/m/02cttt
/m/06mkj	/music/genre/albums	/m/0fs8tty
/m/04682_	/music/genre/albums	/m/01kx_st
/m/03lty	/music/genre/albums	/m/01pl9g
/m/0206k5	/music/genre/albums	/m/0gy1grx
/m/03lty	/music/genre/albums	/m/01pt5w
/m/013t9y	/music/genre/albums	/m/02q5jsd
/m/019f9z	/music/genre/albums	/m/064lyrm
/m/0qmpd	/music/genre/albums	/m/01h96wl
/m/03lty	/music/genre/albums	/m/029ghl
/m/03lty	/music/genre/albums	/m/02qssrm
/m/05vsxz	/music/genre/albums	/m/01m7d2m
/m/037h1k	/music/genre/albums	/m/01m5wbq
/m/0vm4s	/location/location/people_born_here	/m/03f6jpj
/m/09b8m	/location/location/people_born_here	/m/06fmdb
/m/09b8m	/location/location/people_born_here	/m/04s0m
/m/0fw2y	/location/location/people_born_here	/m/01g63y
/m/01hcvm	/music/genre/albums	/m/043nj5j
/m/01lyv	/music/genre/albums	/m/0dgd_
/m/01lyv	/music/genre/albums	/m/01dzg0
/m/01lyv	/music/genre/albums	/m/01lct6
/m/024swd	/location/location/people_born_here	/m/0h3mq2k
/m/0ctw_b	/location/location/people_born_here	/m/0j_1v
/m/013d7t	/location/location/people_born_here	/m/030bx4
/m/01rxyb	/location/location/people_born_here	/m/026f_zy
/m/0ctw_b	/location/location/people_born_here	/m/05gz5
/m/0ctw_b	/location/location/people_born_here	/m/0k5g9
/m/011zf2	/location/location/people_born_here	/m/01sk8nh
/m/061dn_	/location/location/people_born_here	/m/0gy1q0_
/m/02xb2	/location/location/people_born_here	/m/03hjvc_
/m/01rxw2	/location/location/people_born_here	/m/03bzzqk
/m/02qm5j	/location/location/people_born_here	/m/08y6zj
/m/0lphb	/location/location/people_born_here	/m/0466p20
/m/019fh	/location/location/people_born_here	/m/02vlsz0
/m/0lphb	/location/location/people_born_here	/m/04n3l
/m/0d_skg	/music/genre/albums	/m/01l1pwt
/m/02fvv	/location/location/people_born_here	/m/0kr7k
/m/02fvv	/location/location/people_born_here	/m/027r7k
/m/014l7h	/location/location/people_born_here	/m/03m856s
/m/0bkv0	/location/location/people_born_here	/m/015cqh
/m/0cr3d	/location/location/people_born_here	/m/0300ml
/m/0cr3d	/location/location/people_born_here	/m/0fjzsy
/m/0cr3d	/location/location/people_born_here	/m/0x27b
/m/01chpn	/location/location/people_born_here	/m/03nw5t5
/m/05b_gq	/location/location/people_born_here	/m/01wk79d
/m/0gp_x9	/location/location/people_born_here	/m/01wzq82
/m/0ms1n	/location/location/people_born_here	/m/0gp8sg
/m/02zr0z	/location/location/people_born_here	/m/05p29n9
/m/0144wg	/music/genre/albums	/m/063z7tx
/m/015pdg	/music/genre/albums	/m/07jnt
/m/01snm	/music/genre/albums	/m/02z0_8b
/m/06dn58	/music/genre/albums	/m/01k7ysh
/m/059kh	/music/genre/albums	/m/02b6n9
/m/0gw0	/music/genre/albums	/m/01hs096
/m/02sdwt	/music/genre/albums	/m/0dxt3y1
/m/06k5_	/location/location/people_born_here	/m/0f276
/m/07l75	/location/location/people_born_here	/m/0pmpl
/m/0kygv	/location/location/people_born_here	/m/01tzfz
/m/0bvz6	/location/location/people_born_here	/m/01lm9k
/m/03k6x	/media_common/literary_genre/books_in_this_genre	/m/0gxz1m0
/m/0gzh	/media_common/literary_genre/books_in_this_genre	/m/0bk73d
/m/05kr_	/location/location/people_born_here	/m/01738w
/m/0261w5	/location/location/people_born_here	/m/0cp1jm9
/m/0nvd8	/location/location/people_born_here	/m/04zyd0x
/m/0d060g	/location/location/people_born_here	/m/0kv4k
/m/0fm3nb	/location/location/people_born_here	/m/026lb30
/m/0d060g	/location/location/people_born_here	/m/03k6x
/m/0d060g	/location/location/people_born_here	/m/0d3k14
/m/0h9qh	/location/location/people_born_here	/m/0fdfvg
/m/03l6bs	/location/location/people_born_here	/m/027hvxc
/m/0d060g	/location/location/people_born_here	/m/013gz
/m/0d060g	/location/location/people_born_here	/m/0bvn25
/m/0d060g	/location/location/people_born_here	/m/0gyr_7
/m/053vcrp	/location/location/people_born_here	/m/0ds9jpv
/m/0rt80	/location/location/people_born_here	/m/01vhh44
/m/0d060g	/location/location/people_born_here	/m/0kfpm
/m/027f7dj	/music/genre/albums	/m/03jg2wb
/m/02qlr1	/location/location/people_born_here	/m/03yk6qg
/m/09b9m	/location/location/people_born_here	/m/01vmv_
/m/02_286	/location/location/people_born_here	/m/01sn3
/m/0661m4p	/location/location/people_born_here	/m/0kfzknf
/m/03rlps	/location/location/people_born_here	/m/057t9l
/m/04sry	/location/location/people_born_here	/m/02754kv
/m/04j53	/location/location/people_born_here	/m/053ynr
/m/03rwng	/location/location/people_born_here	/m/02z3bch
/m/02_286	/location/location/people_born_here	/m/0r3w7
/m/03zw80	/location/location/people_born_here	/m/084479
/m/01n4bh	/location/location/people_born_here	/m/030t52
/m/02_286	/location/location/people_born_here	/m/017fx5
/m/01hd99	/location/location/people_born_here	/m/0651wj
/m/02_286	/location/location/people_born_here	/m/01d38g
/m/0mrq3	/location/location/people_born_here	/m/01qqxfm
/m/04nl83	/location/location/people_born_here	/m/020q9s
/m/02_286	/location/location/people_born_here	/m/0gyh2wm
/m/05ypj5	/location/location/people_born_here	/m/0fqpl6r
/m/02_286	/location/location/people_born_here	/m/014kyy
/m/04swd	/location/location/people_born_here	/m/0329nn
/m/04swd	/location/location/people_born_here	/m/035s37
/m/04swd	/location/location/people_born_here	/m/07m4c
/m/04swd	/location/location/people_born_here	/m/05mcjs
/m/07bs0	/location/location/people_born_here	/m/04fp5k
/m/0dyl9	/location/location/people_born_here	/m/051m56
/m/0dyl9	/location/location/people_born_here	/m/0xnc3
/m/0tz41	/location/location/people_born_here	/m/08_yl1
/m/01zcrv	/location/location/people_born_here	/m/05p3w8q
/m/01trhmt	/location/location/people_born_here	/m/09x0v1
/m/0jn38	/location/location/people_born_here	/m/09mx18
/m/0f__1	/location/location/people_born_here	/m/0fby2t
/m/0cw3yd	/location/location/people_born_here	/m/02vkx8v
/m/0bw8r	/music/genre/albums	/m/05mw2dk
/m/0fsb8	/location/location/people_born_here	/m/026wlnm
/m/0pmn7	/location/location/people_born_here	/m/029zqn
/m/047cqr	/location/location/people_born_here	/m/0c52dz
/m/01_9fk	/location/location/people_born_here	/m/0j376xy
/m/053rxgm	/location/location/people_born_here	/m/05zlgn5
/m/0p9xd	/location/location/people_born_here	/m/026w14
/m/0p2n	/location/location/people_born_here	/m/0269njr
/m/01g23m	/location/location/people_born_here	/m/0dsdkx8
/m/0l15f_	/location/location/people_born_here	/m/0gytv6p
/m/0h08p	/music/genre/albums	/m/01b1pf
/m/05l5n	/location/location/people_born_here	/m/0cf_h9
/m/05l5n	/location/location/people_born_here	/m/0chhs
/m/05r6t	/music/genre/albums	/m/0ggl02
/m/03n69x	/music/genre/albums	/m/0hr01k6
/m/05r6t	/music/genre/albums	/m/06g77c
/m/05r6t	/music/genre/albums	/m/01v1d8
/m/0ylvj	/music/genre/albums	/m/01ld1gr
/m/05r6t	/music/genre/albums	/m/02ln1
/m/065vxq	/music/genre/albums	/m/01k4tds
/m/02qkt	/music/genre/albums	/m/0dxt3y1
/m/0ggh3	/location/location/people_born_here	/m/01n4f8
/m/0bkbz	/location/location/people_born_here	/m/0c3682
/m/02g3ft	/location/location/people_born_here	/m/0d4vsq
/m/018w8	/sports/sport/pro_athletes./sports/pro_sports_played/athlete	/m/04p5cr
/m/0dhz0	/sports/sport/pro_athletes./sports/pro_sports_played/athlete	/m/0cc8_w2
/m/05183k	/sports/sport/pro_athletes./sports/pro_sports_played/athlete	/m/03wczym
/m/01b1pf	/sports/sport/pro_athletes./sports/pro_sports_played/athlete	/m/06pfg7
/m/018w8	/sports/sport/pro_athletes./sports/pro_sports_played/athlete	/m/03h3vtz
/m/0k3k1	/sports/sport/pro_athletes./sports/pro_sports_played/athlete	/m/048p1l
/m/047vnfs	/sports/sport/pro_athletes./sports/pro_sports_played/athlete	/m/026vk2z
/m/018w8	/sports/sport/pro_athletes./sports/pro_sports_played/athlete	/m/0b1f49
/m/01mr2g6	/sports/sport/pro_athletes./sports/pro_sports_played/athlete	/m/0dp_cy
/m/018w8	/sports/sport/pro_athletes./sports/pro_sports_played/athlete	/m/03_l8m
/m/018w8	/sports/sport/pro_athletes./sports/pro_sports_played/athlete	/m/01tzm9
/m/018w8	/sports/sport/pro_athletes./sports/pro_sports_played/athlete	/m/01qdcv
/m/02p2zq	/sports/sport/pro_athletes./sports/pro_sports_played/athlete	/m/026q4v
/m/01279v	/sports/sport/pro_athletes./sports/pro_sports_played/athlete	/m/04hgh3
/m/018w8	/sports/sport/pro_athletes./sports/pro_sports_played/athlete	/m/0631_
/m/018w8	/sports/sport/pro_athletes./sports/pro_sports_played/athlete	/m/0qcr0
/m/018w8	/sports/sport/pro_athletes./sports/pro_sports_played/athlete	/m/01lw3kh
/m/0n6f8	/sports/sport/pro_athletes./sports/pro_sports_played/athlete	/m/027mrpq
/m/018w8	/sports/sport/pro_athletes./sports/pro_sports_played/athlete	/m/0bdwft
/m/07jxpf	/sports/sport/pro_athletes./sports/pro_sports_played/athlete	/m/02pvbwt
/m/01zfrt	/location/location/people_born_here	/m/02l6h
/m/011yn5	/location/location/people_born_here	/m/03ctlvs
/m/04q5zw	/location/location/people_born_here	/m/03c4vky
/m/03rjj	/location/location/people_born_here	/m/092j54
/m/03rjj	/location/location/people_born_here	/m/02b1gz
/m/0cbxl0	/location/location/people_born_here	/m/02rrxbn
/m/04lqvly	/location/location/people_born_here	/m/02pgwnx
/m/04f_d	/location/location/people_born_here	/m/0407f
/m/01f62	/location/location/people_born_here	/m/09xwz
/m/01f62	/location/location/people_born_here	/m/03d8jd1
/m/01f62	/location/location/people_born_here	/m/01fwzk
/m/01f62	/location/location/people_born_here	/m/01drsx
/m/01z88t	/location/location/people_born_here	/m/0blpg
/m/02m77	/location/location/people_born_here	/m/06mnbn
/m/02m77	/location/location/people_born_here	/m/0gj8nq2
/m/0853g	/location/location/people_born_here	/m/026v5
/m/01b8w_	/location/location/people_born_here	/m/041h0
/m/05b4w	/location/location/people_born_here	/m/0rkkv
/m/01y665	/location/location/people_born_here	/m/0nbt9rc
/m/05b4w	/location/location/people_born_here	/m/0c_n9
/m/0286gm1	/location/location/people_born_here	/m/02vwh94
/m/05b4w	/location/location/people_born_here	/m/018phr
/m/0n5y4	/music/genre/albums	/m/01l0xkh
/m/018qpb	/music/genre/albums	/m/01l0hrh
/m/041288	/location/location/people_born_here	/m/07gl1w
/m/053xw6	/music/genre/albums	/m/05m_zqb
/m/0jmxb	/location/location/people_born_here	/m/02k76g
/m/0jmxb	/location/location/people_born_here	/m/0171b8
/m/0vgkd	/media_common/literary_genre/books_in_this_genre	/m/01kwlwp
/m/0202wk	/location/location/people_born_here	/m/09dv0sz
/m/02rxd26	/location/location/people_born_here	/m/0n46vys
/m/03_3d	/location/location/people_born_here	/m/0kc9f
/m/03_3d	/location/location/people_born_here	/m/0bxbr
/m/0fvzz	/location/location/people_born_here	/m/04lgybj
/m/0mz2	/media_common/literary_genre/books_in_this_genre	/m/062yh9
/m/016clz	/music/genre/albums	/m/05fh2
/m/016clz	/music/genre/albums	/m/0hwqz
/m/016clz	/music/genre/albums	/m/03x22w
/m/04306rv	/music/genre/albums	/m/03m3yf5
/m/016clz	/music/genre/albums	/m/06w839_
/m/016clz	/music/genre/albums	/m/04jwp
/m/016clz	/music/genre/albums	/m/08s6mr
/m/0dgw9r	/music/genre/albums	/m/06zq9fc
/m/016clz	/music/genre/albums	/m/0fbftr
/m/016clz	/music/genre/albums	/m/0jt3qpk
/m/016clz	/music/genre/albums	/m/08htt0
/m/06xbsn	/music/genre/albums	/m/01k7ysh
/m/0l14v3	/music/genre/albums	/m/03g78j6
/m/016clz	/music/genre/albums	/m/0s3y5
/m/0dmy0	/music/genre/albums	/m/0hr01k6
/m/016clz	/music/genre/albums	/m/03k6x
/m/0fnm3	/music/genre/albums	/m/03jhyw9
/m/049rl0	/music/genre/albums	/m/01ld1gr
/m/016clz	/music/genre/albums	/m/0yj9v
/m/016clz	/music/genre/albums	/m/01p0w_
/m/01vzxmq	/music/genre/albums	/m/02rcrjv
/m/02hxhz	/music/genre/albums	/m/01hdpb3
/m/03f3yfj	/music/genre/albums	/m/01s0gjh
/m/03gdf1	/music/genre/albums	/m/0gx_gqd
/m/0c1j_	/music/genre/albums	/m/03fynzp
/m/0177sq	/music/genre/albums	/m/0dhwxj
/m/05bt6j	/music/genre/albums	/m/010t4v
/m/01wp8w7	/music/genre/albums	/m/01kgdyn
/m/01bczm	/music/genre/albums	/m/09gbwqd
/m/05bt6j	/music/genre/albums	/m/02g3ft
/m/05bt6j	/music/genre/albums	/m/01qtj9
/m/05bt6j	/music/genre/albums	/m/021pqy
/m/0flw86	/music/genre/albums	/m/02q5jsd
/m/05bt6j	/music/genre/albums	/m/011hq1
/m/05bt6j	/music/genre/albums	/m/01rmjw
/m/01vzxld	/music/genre/albums	/m/0gkz3jd
/m/0cn_tpv	/music/genre/albums	/m/09v71nr
/m/0bdg5	/location/location/people_born_here	/m/0kn4c
/m/0bkq7	/location/location/people_born_here	/m/03hp347
/m/0fhp9	/location/location/people_born_here	/m/01pjr7
/m/0fhp9	/location/location/people_born_here	/m/015cqh
/m/06whf	/location/location/people_born_here	/m/031_j6
/m/0fhp9	/location/location/people_born_here	/m/071jrc
/m/0fhp9	/location/location/people_born_here	/m/017dtf
/m/0fhp9	/location/location/people_born_here	/m/0fqz6
/m/0j2pg	/location/location/people_born_here	/m/026zhxp
/m/0fhp9	/location/location/people_born_here	/m/0kcrd
/m/0r6cx	/location/location/people_born_here	/m/0lgsq
/m/01c4pv	/location/location/people_born_here	/m/0g11gx
/m/0d6lp	/location/location/people_born_here	/m/02f1c
/m/0df_c	/location/location/people_born_here	/m/05g7gs
/m/0f1jhc	/location/location/people_born_here	/m/07ztzz
/m/0mnk7	/location/location/people_born_here	/m/01fsyp
/m/0tlq9	/location/location/people_born_here	/m/0906w9
/m/05b_7n	/location/location/people_born_here	/m/02sbwl
/m/031y2	/location/location/people_born_here	/m/05_k56
/m/0jkvj	/location/location/people_born_here	/m/02630__
/m/04954r	/location/location/people_born_here	/m/02vqf8x
/m/031y2	/location/location/people_born_here	/m/014yzm
/m/07mvp	/location/location/people_born_here	/m/0hhqkgg
/m/025_nbr	/location/location/people_born_here	/m/05b2ctc
/m/06wxw	/location/location/people_born_here	/m/0b7l4x
/m/01zc2w	/location/location/people_born_here	/m/0bmc9bx
/m/03_gd	/location/location/people_born_here	/m/07gqq_
/m/0f2s6	/location/location/people_born_here	/m/026ln2v
/m/07y0n	/location/location/people_born_here	/m/0bs09xw
/m/06wxw	/location/location/people_born_here	/m/01gf5h
/m/086g2	/location/location/people_born_here	/m/0882r_
/m/02hy5d	/media_common/literary_genre/books_in_this_genre	/m/08g54d
/m/03npn	/media_common/literary_genre/books_in_this_genre	/m/02rzdcp
/m/01s7j5	/location/location/people_born_here	/m/0dd9jzz
/m/0265rtm	/location/location/people_born_here	/m/09r4g1
/m/07_kq	/location/location/people_born_here	/m/03qfwk2
/m/0chghy	/location/location/people_born_here	/m/099c8n
/m/0chghy	/location/location/people_born_here	/m/0snty
/m/02_570	/location/location/people_born_here	/m/0fqgg1
/m/0chghy	/location/location/people_born_here	/m/0d__c3
/m/0mmzt	/location/location/people_born_here	/m/02pvxjj
/m/02gw_w	/location/location/people_born_here	/m/06fjm3
/m/03mfnf	/media_common/literary_genre/books_in_this_genre	/m/014gjp
/m/0sn4f	/media_common/literary_genre/books_in_this_genre	/m/0807ssp
/m/03mfnf	/media_common/literary_genre/books_in_this_genre	/m/02y_9cf
/m/05d8_h	/media_common/literary_genre/books_in_this_genre	/m/05mwzvc
/m/019cr	/media_common/literary_genre/books_in_this_genre	/m/09gdb56
/m/01gssz	/media_common/literary_genre/books_in_this_genre	/m/0d124_
/m/082brv	/location/location/people_born_here	/m/026fmvd
/m/0p7vt	/location/location/people_born_here	/m/06v41q
/m/0193fp	/location/location/people_born_here	/m/0177sq
/m/01gb_7	/location/location/people_born_here	/m/04pwg
/m/04j_gs	/music/genre/albums	/m/03d6m83
/m/01jwt	/music/genre/albums	/m/01r4zfk
/m/088cp	/location/location/people_born_here	/m/0g54gm6
/m/0ccvd	/location/location/people_born_here	/m/01vwwth
/m/03l2n	/location/location/people_born_here	/m/03_vpw
/m/0d6hn	/location/location/people_born_here	/m/03f7nt
/m/0d6hn	/location/location/people_born_here	/m/07lmxq
/m/0glt670	/music/genre/albums	/m/02v_r7d
/m/0glt670	/music/genre/albums	/m/0473rc
/m/0glt670	/music/genre/albums	/m/01d5g
/m/0yshw	/music/genre/albums	/m/01sv50n
/m/0d7k1z	/music/genre/albums	/m/03g6msd
/m/0glt670	/music/genre/albums	/m/01x5fb
/m/0glt670	/music/genre/albums	/m/0nzm
/m/0glt670	/music/genre/albums	/m/07_k0c0
/m/0glt670	/music/genre/albums	/m/02bjhv
/m/0glt670	/music/genre/albums	/m/0hmtk
/m/02x0fs9	/music/genre/albums	/m/0gjdyrz
/m/0glt670	/music/genre/albums	/m/04mlh8
/m/04l57x	/music/genre/albums	/m/08gjkk
/m/0glt670	/music/genre/albums	/m/03qbh5
/m/07bbc	/music/genre/albums	/m/01fz1cs
/m/0glt670	/music/genre/albums	/m/0j__m
/m/01w56k	/music/genre/albums	/m/0bqj84
/m/02h8p8	/music/genre/albums	/m/01lldkg
/m/0pmq2	/location/location/people_born_here	/m/0f8j13
/m/0pmq2	/location/location/people_born_here	/m/0b6mgp_
/m/01_wfj	/sports/sport/pro_athletes./sports/pro_sports_played/athlete	/m/04dqx
/m/02bh_v	/sports/sport/pro_athletes./sports/pro_sports_played/athlete	/m/0gdw9l
/m/05h83	/media_common/literary_genre/books_in_this_genre	/m/0rgxp
/m/01l_pn	/media_common/literary_genre/books_in_this_genre	/m/0v3h5bk
/m/06mzp	/media_common/literary_genre/books_in_this_genre	/m/03d12lx
/m/0h0yt	/location/location/people_born_here	/m/076_pv
/m/013rfk	/location/location/people_born_here	/m/0qkwpkk
/m/0jhd	/location/location/people_born_here	/m/06w38l
/m/05w3f	/music/genre/albums	/m/0ky0b
/m/0727_	/location/location/people_born_here	/m/087r4
/m/011v3	/location/location/people_born_here	/m/0frw9v
/m/0xq63	/location/location/people_born_here	/m/01n_g9
/m/018jn4	/location/location/people_born_here	/m/0wbkr37
/m/08052t3	/location/location/people_born_here	/m/0462xp1
/m/01tlmw	/location/location/people_born_here	/m/03cfmng
/m/0c_m3	/location/location/people_born_here	/m/05pcn59
/m/0gywn	/music/genre/albums	/m/019m60
/m/0gywn	/music/genre/albums	/m/0cv1w
/m/03xq0f	/music/genre/albums	/m/09rtc6g
/m/0j8hd	/music/genre/albums	/m/0dvw56
/m/0gy2y8r	/music/genre/albums	/m/08gjkk
/m/0gywn	/music/genre/albums	/m/075qbd2
/m/02rhwjr	/music/genre/albums	/m/0cn_vx3
/m/06jcc	/music/genre/albums	/m/03c03_0
/m/0gywn	/music/genre/albums	/m/0d4htf
/m/086vfb	/location/location/people_born_here	/m/0h3w7c1
/m/01wj92r	/location/location/people_born_here	/m/0dlq12
/m/01hwgt	/music/genre/albums	/m/01m7d2m
/m/0190xp	/music/genre/albums	/m/0dwl2
/m/0190xp	/music/genre/albums	/m/04v7kt
/m/0cr3d	/media_common/literary_genre/books_in_this_genre	/m/012j5w
/m/0clz7	/location/location/people_born_here	/m/0d075m
/m/01wgr	/music/genre/albums	/m/01j03zs
/m/064t9	/music/genre/albums	/m/06x76
/m/0gh65c5	/music/genre/albums	/m/01l1pwt
/m/0ymf1	/music/genre/albums	/m/0gx_gqd
/m/064t9	/music/genre/albums	/m/09c6w
/m/021y7yw	/music/genre/albums	/m/09v71nr
/m/064t9	/music/genre/albums	/m/0blbx
/m/02zc7f	/music/genre/albums	/m/01ksw6g
/m/064t9	/music/genre/albums	/m/051ghn
/m/064t9	/music/genre/albums	/m/0h953
/m/064t9	/music/genre/albums	/m/05pdh86
/m/064t9	/music/genre/albums	/m/0f0sbl
/m/064t9	/music/genre/albums	/m/08_vwq
/m/064t9	/music/genre/albums	/m/02kc008
/m/02lkcc	/music/genre/albums	/m/026hll3
/m/096gm	/music/genre/albums	/m/0hn8nyt
/m/064t9	/music/genre/albums	/m/08zx0s
/m/064t9	/music/genre/albums	/m/02gs6r
/m/064t9	/music/genre/albums	/m/026sdt1
/m/08qs09	/music/genre/albums	/m/01lsh_8
/m/061xhr	/music/genre/albums	/m/0fzhr6w
/m/064t9	/music/genre/albums	/m/018_lb
/m/064t9	/music/genre/albums	/m/0b_756
/m/064t9	/music/genre/albums	/m/03q5db
/m/064t9	/music/genre/albums	/m/03gwpw2
/m/064t9	/music/genre/albums	/m/0jnng
/m/064t9	/music/genre/albums	/m/06zpgb2
/m/02qmjqd	/music/genre/albums	/m/0c038gn
/m/0c8tk	/location/location/people_born_here	/m/098n5
/m/0gkgp	/location/location/people_born_here	/m/026mj
/m/0n5fl	/location/location/people_born_here	/m/017v71
/m/04bdzg	/media_common/literary_genre/books_in_this_genre	/m/03c4ct3
/m/0xdf	/media_common/literary_genre/books_in_this_genre	/m/080z7
/m/0h6dy	/media_common/literary_genre/books_in_this_genre	/m/02q_ylv
/m/0283xx2	/location/location/people_born_here	/m/081pbx
/m/03x9yr	/location/location/people_born_here	/m/0fq0wvp
/m/0fs_s	/location/location/people_born_here	/m/0fbkyp
/m/02grjf	/location/location/people_born_here	/m/07qm3d
/m/07wtc	/location/location/people_born_here	/m/05g3w3
/m/034ns	/location/location/people_born_here	/m/04lg34n
/m/02185j	/location/location/people_born_here	/m/0cm8pqg
/m/01_d4	/location/location/people_born_here	/m/0126y2
/m/01_d4	/location/location/people_born_here	/m/0m_cg
/m/03h2c	/location/location/people_born_here	/m/0gfh4md
/m/01x209s	/location/location/people_born_here	/m/07z49c
/m/01_d4	/location/location/people_born_here	/m/0bqyhk
/m/01_d4	/location/location/people_born_here	/m/019w9j
/m/01_d4	/location/location/people_born_here	/m/01wqg8
/m/01lhy	/location/location/people_born_here	/m/02z2qr5
/m/01_d4	/location/location/people_born_here	/m/01qklj
/m/08cn_n	/location/location/people_born_here	/m/03ynlsw
/m/0l998	/location/location/people_born_here	/m/09954x
/m/015wnl	/location/location/people_born_here	/m/03lz1k
/m/02llzg	/location/location/people_born_here	/m/09gp429
/m/048yqf	/location/location/people_born_here	/m/0cjyjg
/m/04mg6l	/location/location/people_born_here	/m/085s2
/m/021npd	/location/location/people_born_here	/m/028q6
/m/03b04g	/music/genre/albums	/m/0c32fs
/m/0515zg	/music/genre/albums	/m/03g1q10
/m/062t2	/location/location/people_born_here	/m/027g_nt
/m/0jmj	/location/location/people_born_here	/m/09rt9y0
/m/0d35y	/location/location/people_born_here	/m/0356dp
/m/02qk2d5	/location/location/people_born_here	/m/01wx_k3
/m/03dctt	/location/location/people_born_here	/m/08q53s
/m/059nf5	/location/location/people_born_here	/m/052v_1
/m/01gstn	/location/location/people_born_here	/m/0479ndr
/m/018jn4	/location/location/people_born_here	/m/03xl6x
/m/09c7w0	/location/location/people_born_here	/m/0523v5y
/m/09c7w0	/location/location/people_born_here	/m/07s9rl0
/m/09c7w0	/location/location/people_born_here	/m/053fc5
/m/09c7w0	/location/location/people_born_here	/m/01x0sy
/m/01r4k	/location/location/people_born_here	/m/02rkx27
/m/09qrn4	/location/location/people_born_here	/m/09sxkr
/m/09c7w0	/location/location/people_born_here	/m/02xv8m
/m/09c7w0	/location/location/people_born_here	/m/01skcy
/m/09c7w0	/location/location/people_born_here	/m/01k165
/m/024nj1	/location/location/people_born_here	/m/052nyz
/m/0663v	/location/location/people_born_here	/m/0bf64f
/m/07s7gk6	/location/location/people_born_here	/m/0bmj_7s
/m/09c7w0	/location/location/people_born_here	/m/0c0sl
/m/0mhhw	/location/location/people_born_here	/m/09v1d5q
/m/09c7w0	/location/location/people_born_here	/m/01jrbb
/m/03dkx	/location/location/people_born_here	/m/026wwls
/m/01_srz	/location/location/people_born_here	/m/04g01lp
/m/03gkn5	/location/location/people_born_here	/m/03gs7vz
/m/09c7w0	/location/location/people_born_here	/m/01w923
/m/09c7w0	/location/location/people_born_here	/m/02ryz24
/m/05bnx3j	/location/location/people_born_here	/m/04040p_
/m/0fvt2	/location/location/people_born_here	/m/06cws4
/m/0n2q0	/location/location/people_born_here	/m/08hbx4
/m/017gry	/location/location/people_born_here	/m/03yd6fn
/m/0_nh2	/location/location/people_born_here	/m/0hglm_j
/m/018h8j	/location/location/people_born_here	/m/02rkmwx
/m/01qrbf	/location/location/people_born_here	/m/09vzm2
/m/09c7w0	/location/location/people_born_here	/m/04bdqk
/m/0z843	/location/location/people_born_here	/m/0kt2b3
/m/09c7w0	/location/location/people_born_here	/m/09h4b5
/m/09c7w0	/location/location/people_born_here	/m/06gb1w
/m/01j28z	/location/location/people_born_here	/m/0hhpzhm
/m/024h08	/location/location/people_born_here	/m/03qcndn
/m/02l48d	/location/location/people_born_here	/m/0795t6
/m/0dg3jz	/location/location/people_born_here	/m/02qg35p
/m/09c7w0	/location/location/people_born_here	/m/0k95h
/m/035gt8	/location/location/people_born_here	/m/03mhplk
/m/0355pl	/location/location/people_born_here	/m/0gqq_j
/m/07j9n	/location/location/people_born_here	/m/09g81mj
/m/09c7w0	/location/location/people_born_here	/m/0jmfv
/m/07rd7	/location/location/people_born_here	/m/027krqy
/m/04yj5z	/location/location/people_born_here	/m/02837tw
/m/064f29	/location/location/people_born_here	/m/091085
/m/0ddd0gc	/location/location/people_born_here	/m/07gwqj
/m/09c7w0	/location/location/people_born_here	/m/01p45_v
/m/09c7w0	/location/location/people_born_here	/m/0mnsf
/m/02_3zj	/location/location/people_born_here	/m/04q25q6
/m/01k5y0	/location/location/people_born_here	/m/0hhq131
/m/09c7w0	/location/location/people_born_here	/m/0n5d1
/m/02r6nbc	/location/location/people_born_here	/m/087vw3
/m/012w3	/sports/sport/pro_athletes./sports/pro_sports_played/athlete	/m/09pqr
/m/0840vq	/location/location/people_born_here	/m/01tsg4r
/m/07tjf	/location/location/people_born_here	/m/03hlg3l
/m/09lc9	/biology/organism_classification_rank/organism_classifications	/m/02p97
/m/07g7h2	/biology/organism_classification_rank/organism_classifications	/m/05_jl2
/m/03h4fq7	/biology/organism_classification_rank/organism_classifications	/m/0rws
/m/01p87y	/biology/organism_classification_rank/organism_classifications	/m/0bvgf8
/m/024tsn	/biology/organism_classification_rank/organism_classifications	/m/0289ljs
/m/09lc9	/biology/organism_classification_rank/organism_classifications	/m/0m_1s
/m/01y67v	/biology/organism_classification_rank/organism_classifications	/m/05js7v
/m/011zd3	/biology/organism_classification_rank/organism_classifications	/m/03ydrdt
/m/09lc9	/biology/organism_classification_rank/organism_classifications	/m/029j_
/m/09lc9	/biology/organism_classification_rank/organism_classifications	/m/047rgpy
/m/09lc9	/biology/organism_classification_rank/organism_classifications	/m/01vc5m
/m/0gfh84d	/biology/organism_classification_rank/organism_classifications	/m/0f45nk
/m/01pt5w	/biology/organism_classification_rank/organism_classifications	/m/02w9kcq
/m/09lc9	/biology/organism_classification_rank/organism_classifications	/m/0p_2r
/m/09lc9	/biology/organism_classification_rank/organism_classifications	/m/03mv0b
/m/09lc9	/biology/organism_classification_rank/organism_classifications	/m/095sx6
/m/09lc9	/biology/organism_classification_rank/organism_classifications	/m/0dgrmp
/m/0f5zj6	/biology/organism_classification_rank/organism_classifications	/m/04ll3r
/m/09lc9	/biology/organism_classification_rank/organism_classifications	/m/0b455l
/m/06b3g4	/biology/organism_classification_rank/organism_classifications	/m/0c66dm
/m/09lc9	/biology/organism_classification_rank/organism_classifications	/m/0d_kd
/m/09lc9	/biology/organism_classification_rank/organism_classifications	/m/0yzbg
/m/09lc9	/biology/organism_classification_rank/organism_classifications	/m/0n5xb
/m/09lc9	/biology/organism_classification_rank/organism_classifications	/m/01nv4h
/m/028fjr	/biology/organism_classification_rank/organism_classifications	/m/02x1n30
/m/09lc9	/biology/organism_classification_rank/organism_classifications	/m/017dcd
/m/09lc9	/biology/organism_classification_rank/organism_classifications	/m/0m7fm
/m/05bl7j	/biology/organism_classification_rank/organism_classifications	/m/0807dnb
/m/09lc9	/biology/organism_classification_rank/organism_classifications	/m/060ppp
/m/09lc9	/biology/organism_classification_rank/organism_classifications	/m/02j416
/m/0168dy	/biology/organism_classification_rank/organism_classifications	/m/0f45_9
/m/09lc9	/biology/organism_classification_rank/organism_classifications	/m/0hwqz
/m/0847q	/biology/organism_classification_rank/organism_classifications	/m/064l53
/m/09lc9	/biology/organism_classification_rank/organism_classifications	/m/0bpbhm
/m/01w58n3	/biology/organism_classification_rank/organism_classifications	/m/0dd_4j
/m/0fb2l	/biology/organism_classification_rank/organism_classifications	/m/0cr5f1
/m/0bxbr	/location/location/people_born_here	/m/04hxyv
/m/01s3v	/location/location/people_born_here	/m/01rp13
/m/02wgbb	/location/location/people_born_here	/m/03c1pcw
/m/0fhsz	/location/location/people_born_here	/m/0340hj
/m/0n2z	/location/location/people_born_here	/m/05h7tk
/m/0k9p4	/location/location/people_born_here	/m/033qdy
/m/01mb87	/music/genre/albums	/m/02p10fx
/m/0164w8	/location/location/people_born_here	/m/0cc9h5h
/m/01c3q	/location/location/people_born_here	/m/0cdsl1
/m/02189	/location/location/people_born_here	/m/0dnqv7
/m/02h6_6p	/location/location/people_born_here	/m/02z1nbg
/m/02s6sh	/location/location/people_born_here	/m/064ptwv
/m/02h6_6p	/location/location/people_born_here	/m/011k11
/m/02h6_6p	/location/location/people_born_here	/m/042l8n
/m/03p7rp	/music/genre/albums	/m/0mlyj
/m/03p7rp	/music/genre/albums	/m/046f3p
/m/073h1t	/music/genre/albums	/m/01t03g1
/m/03p7rp	/music/genre/albums	/m/02dgq2
/m/0n5y4	/music/genre/albums	/m/02p10fx
/m/07s3m	/location/location/people_born_here	/m/01g42
/m/09glbnt	/location/location/people_born_here	/m/027c12g
/m/0k049	/location/location/people_born_here	/m/0j80w
/m/03d8m4	/location/location/people_born_here	/m/0466ls4
/m/012ts	/location/location/people_born_here	/m/0mp6
/m/01p6xx	/location/location/people_born_here	/m/047dk_5
/m/09p30_	/location/location/people_born_here	/m/05l9c9
/m/03n15_	/music/genre/albums	/m/0bwfwpj
/m/0jgvy	/location/location/people_born_here	/m/0273d4j
/m/05ldnp	/location/location/people_born_here	/m/05ql6h
/m/0myfz	/location/location/people_born_here	/m/0421v9q
/m/04jspq	/location/location/people_born_here	/m/0405cm4
/m/04gtdnh	/location/location/people_born_here	/m/05snc1
/m/01snm	/location/location/people_born_here	/m/0pz91
/m/0bmfpc	/location/location/people_born_here	/m/08yxvh
/m/01snm	/location/location/people_born_here	/m/0lwyk
/m/05kkh	/location/location/people_born_here	/m/0h53b0t
/m/06s_2	/location/location/people_born_here	/m/0jmwg
/m/04110b0	/location/location/people_born_here	/m/03nqf6m
/m/0chgr2	/location/location/people_born_here	/m/0h2xp1
/m/026rsl9	/location/location/people_born_here	/m/05zqs66
/m/0bynt	/sports/sport/pro_athletes./sports/pro_sports_played/athlete	/m/023zd7
/m/01hpf6	/sports/sport/pro_athletes./sports/pro_sports_played/athlete	/m/026vcg2
/m/0dlqv	/location/location/people_born_here	/m/01kf3_9
/m/05wp1p	/location/location/people_born_here	/m/03cm759
/m/0mp36	/location/location/people_born_here	/m/03h1n2q
/m/087v17	/location/location/people_born_here	/m/03m_z9
/m/06hgj	/music/genre/albums	/m/026t44g
/m/0fm2_	/location/location/people_born_here	/m/03ys2f
/m/0jm_	/sports/sport/pro_athletes./sports/pro_sports_played/athlete	/m/089_x
/m/05kcgsf	/sports/sport/pro_athletes./sports/pro_sports_played/athlete	/m/05td73
/m/02dwpf	/sports/sport/pro_athletes./sports/pro_sports_played/athlete	/m/04gjyhk
/m/0jm_	/sports/sport/pro_athletes./sports/pro_sports_played/athlete	/m/01snm
/m/04f7c55	/sports/sport/pro_athletes./sports/pro_sports_played/athlete	/m/060y54
/m/050g1v	/sports/sport/pro_athletes./sports/pro_sports_played/athlete	/m/053zm7
/m/049vhf	/sports/sport/pro_athletes./sports/pro_sports_played/athlete	/m/03d2jgs
/m/05fny	/sports/sport/pro_athletes./sports/pro_sports_played/athlete	/m/03qnjpd
/m/02b25y	/sports/sport/pro_athletes./sports/pro_sports_played/athlete	/m/02q1zl9
/m/0cyn3	/sports/sport/pro_athletes./sports/pro_sports_played/athlete	/m/0dc91f
/m/0jm_	/sports/sport/pro_athletes./sports/pro_sports_played/athlete	/m/042fk
/m/0jm_	/sports/sport/pro_athletes./sports/pro_sports_played/athlete	/m/03kx49
/m/01t265	/sports/sport/pro_athletes./sports/pro_sports_played/athlete	/m/02qhcm8
/m/0kv9d3	/sports/sport/pro_athletes./sports/pro_sports_played/athlete	/m/02pk0yk
/m/0jm_	/sports/sport/pro_athletes./sports/pro_sports_played/athlete	/m/03fnmd
/m/0jm_	/sports/sport/pro_athletes./sports/pro_sports_played/athlete	/m/0chsq
/m/0jm_	/sports/sport/pro_athletes./sports/pro_sports_played/athlete	/m/03j9ml
/m/02tfl8	/sports/sport/pro_athletes./sports/pro_sports_played/athlete	/m/05ztlnc
/m/0c6vcj	/sports/sport/pro_athletes./sports/pro_sports_played/athlete	/m/0404_gy
/m/0jm_	/sports/sport/pro_athletes./sports/pro_sports_played/athlete	/m/0nv6n
/m/0jm_	/sports/sport/pro_athletes./sports/pro_sports_played/athlete	/m/02cl1
/m/0pdp8	/sports/sport/pro_athletes./sports/pro_sports_played/athlete	/m/0t_f643
/m/02pg45	/sports/sport/pro_athletes./sports/pro_sports_played/athlete	/m/02wzh5z
/m/03cfkrw	/sports/sport/pro_athletes./sports/pro_sports_played/athlete	/m/02ytz_
/m/05lb65	/sports/sport/pro_athletes./sports/pro_sports_played/athlete	/m/0dnz8f
/m/037hz	/sports/sport/pro_athletes./sports/pro_sports_played/athlete	/m/0qmjd
/m/037hz	/sports/sport/pro_athletes./sports/pro_sports_played/athlete	/m/0fmqp6
/m/01k0vq	/sports/sport/pro_athletes./sports/pro_sports_played/athlete	/m/0djhsx
/m/0fsv2	/sports/sport/pro_athletes./sports/pro_sports_played/athlete	/m/0c30bk
/m/01njxvw	/sports/sport/pro_athletes./sports/pro_sports_played/athlete	/m/08htsb
/m/07s3m4g	/sports/sport/pro_athletes./sports/pro_sports_played/athlete	/m/0bw5j4
/m/037hz	/sports/sport/pro_athletes./sports/pro_sports_played/athlete	/m/03b78r
/m/05l64	/location/location/people_born_here	/m/01v9l67
/m/05l64	/location/location/people_born_here	/m/0lgsq
/m/013kcv	/location/location/people_born_here	/m/05p0hy9
/m/0j3v	/location/location/people_born_here	/m/03cng17
/m/02xry	/location/location/people_born_here	/m/0465sdd
/m/02dtg	/location/location/people_born_here	/m/015_30
/m/02dtg	/location/location/people_born_here	/m/02xlf
/m/02dtg	/location/location/people_born_here	/m/0320fn
/m/0162b	/music/genre/albums	/m/01n490w
/m/01nrgq	/biology/organism_classification_rank/organism_classifications	/m/04n4v_g
/m/060c4	/biology/organism_classification_rank/organism_classifications	/m/03wczc9
/m/07ddz9	/biology/organism_classification_rank/organism_classifications	/m/03hnhsx
/m/06zf0	/biology/organism_classification_rank/organism_classifications	/m/0d6_s
/m/03c74_8	/biology/organism_classification_rank/organism_classifications	/m/075ysl
/m/01___w	/biology/organism_classification_rank/organism_classifications	/m/0grvrm
/m/06zf0	/biology/organism_classification_rank/organism_classifications	/m/04r7f2
/m/0bxqq	/biology/organism_classification_rank/organism_classifications	/m/02pqhbt
/m/09rdns	/biology/organism_classification_rank/organism_classifications	/m/025s187
/m/03gt0c5	/biology/organism_classification_rank/organism_classifications	/m/05phd9
/m/03p2xc	/biology/organism_classification_rank/organism_classifications	/m/05q48z
/m/06zf0	/biology/organism_classification_rank/organism_classifications	/m/02bbyw
/m/06zf0	/biology/organism_classification_rank/organism_classifications	/m/0v53x
/m/01wd02c	/biology/organism_classification_rank/organism_classifications	/m/02p289
/m/06zf0	/biology/organism_classification_rank/organism_classifications	/m/0m_xy
/m/0h_cssd	/biology/organism_classification_rank/organism_classifications	/m/065kj_
/m/0t0n5	/biology/organism_classification_rank/organism_classifications	/m/09vsv4
/m/07mvp	/biology/organism_classification_rank/organism_classifications	/m/03b6m9
/m/04mp8g	/biology/organism_classification_rank/organism_classifications	/m/089ktc
/m/050l8	/biology/organism_classification_rank/organism_classifications	/m/047c3v2
/m/06zf0	/biology/organism_classification_rank/organism_classifications	/m/01lwfr
/m/04xrx	/biology/organism_classification_rank/organism_classifications	/m/02w7870
/m/06m_p	/biology/organism_classification_rank/organism_classifications	/m/04f1v1d
/m/0473m9	/biology/organism_classification_rank/organism_classifications	/m/02411c
/m/06zf0	/biology/organism_classification_rank/organism_classifications	/m/01c65z
/m/06zf0	/biology/organism_classification_rank/organism_classifications	/m/02h22
/m/05gd9	/biology/organism_classification_rank/organism_classifications	/m/03l77r
/m/012vf6	/biology/organism_classification_rank/organism_classifications	/m/05p26k_
/m/06zf0	/biology/organism_classification_rank/organism_classifications	/m/072x7s
/m/06zf0	/biology/organism_classification_rank/organism_classifications	/m/0dbns
/m/06zf0	/biology/organism_classification_rank/organism_classifications	/m/02qjv1p
/m/0rp46	/biology/organism_classification_rank/organism_classifications	/m/0gxzng
/m/06zf0	/biology/organism_classification_rank/organism_classifications	/m/0225z1
/m/06zf0	/biology/organism_classification_rank/organism_classifications	/m/0dz96
/m/071jv5	/biology/organism_classification_rank/organism_classifications	/m/04qkbv
/m/06zf0	/biology/organism_classification_rank/organism_classifications	/m/04d5v9
/m/06zf0	/biology/organism_classification_rank/organism_classifications	/m/025_nbr
/m/06zf0	/biology/organism_classification_rank/organism_classifications	/m/0f6c3
/m/06zf0	/biology/organism_classification_rank/organism_classifications	/m/0bqs56
/m/02245	/biology/organism_classification_rank/organism_classifications	/m/02xbktw
/m/06zf0	/biology/organism_classification_rank/organism_classifications	/m/073hd1
/m/0mn9x	/biology/organism_classification_rank/organism_classifications	/m/06vrd1
/m/0cqt90	/biology/organism_classification_rank/organism_classifications	/m/019vnj
/m/0hl3d	/biology/organism_classification_rank/organism_classifications	/m/04ctk7p
/m/01gf5	/biology/organism_classification_rank/organism_classifications	/m/01zdpl
/m/02vs3x5	/biology/organism_classification_rank/organism_classifications	/m/02x8qk1
/m/04swd	/biology/organism_classification_rank/organism_classifications	/m/04s9sl
/m/022_6	/biology/organism_classification_rank/organism_classifications	/m/0fr7vp
/m/05k6d	/biology/organism_classification_rank/organism_classifications	/m/02p37n
/m/02czd5	/biology/organism_classification_rank/organism_classifications	/m/02w6j83
/m/044prt	/biology/organism_classification_rank/organism_classifications	/m/0fsrbb
/m/06zf0	/biology/organism_classification_rank/organism_classifications	/m/0ct2tf5
/m/06zf0	/biology/organism_classification_rank/organism_classifications	/m/02pdhz
/m/06zf0	/biology/organism_classification_rank/organism_classifications	/m/06b9n
/m/06zf0	/biology/organism_classification_rank/organism_classifications	/m/0358x_
/m/06zf0	/biology/organism_classification_rank/organism_classifications	/m/01y888
/m/06zf0	/biology/organism_classification_rank/organism_classifications	/m/0n5jm
/m/09vw2b7	/biology/organism_classification_rank/organism_classifications	/m/02vtfrt
/m/06zf0	/biology/organism_classification_rank/organism_classifications	/m/0mm_4
/m/06zf0	/biology/organism_classification_rank/organism_classifications	/m/0fkwzs
/m/06zf0	/biology/organism_classification_rank/organism_classifications	/m/0c4z8
/m/06zf0	/biology/organism_classification_rank/organism_classifications	/m/020bv3
/m/0fq9zcx	/biology/organism_classification_rank/organism_classifications	/m/026ty_
/m/06zf0	/biology/organism_classification_rank/organism_classifications	/m/04r68
/m/0c1jh	/biology/organism_classification_rank/organism_classifications	/m/0660nb1
/m/024qk1	/biology/organism_classification_rank/organism_classifications	/m/02ldjd
/m/01wmjkb	/biology/organism_classification_rank/organism_classifications	/m/03m62y4
/m/06zf0	/biology/organism_classification_rank/organism_classifications	/m/04lqvly
/m/06zf0	/biology/organism_classification_rank/organism_classifications	/m/01qzyz
/m/06zf0	/biology/organism_classification_rank/organism_classifications	/m/01jgkj2
/m/06zf0	/biology/organism_classification_rank/organism_classifications	/m/0hpyv
/m/0h1wg	/biology/organism_classification_rank/organism_classifications	/m/05p5cyb
/m/0nvt9	/biology/organism_classification_rank/organism_classifications	/m/02x1qql
/m/02zc7f	/biology/organism_classification_rank/organism_classifications	/m/0g_4k9
/m/054c1	/biology/organism_classification_rank/organism_classifications	/m/05b2c_x
/m/02pfymy	/biology/organism_classification_rank/organism_classifications	/m/0262kky
/m/0gfh84d	/biology/organism_classification_rank/organism_classifications	/m/05q8b9y
/m/0jkhr	/biology/organism_classification_rank/organism_classifications	/m/02h411
/m/06zf0	/biology/organism_classification_rank/organism_classifications	/m/03thw4
/m/0vp5f	/location/location/people_born_here	/m/0k1dw
/m/06ls0l	/location/location/people_born_here	/m/0pcv_6l
/m/04jpl	/location/location/people_born_here	/m/02px_23
/m/0cr7m	/location/location/people_born_here	/m/0bwf8j
/m/04jpl	/location/location/people_born_here	/m/025jfl
/m/04jpl	/location/location/people_born_here	/m/04glr5h
/m/01tmng	/location/location/people_born_here	/m/0fff1s
/m/01m2n1	/location/location/people_born_here	/m/05_gyg
/m/04jpl	/location/location/people_born_here	/m/016ggh
/m/06cp5	/location/location/people_born_here	/m/064cfv
/m/04jpl	/location/location/people_born_here	/m/0gqxm
/m/025w401	/location/location/people_born_here	/m/059zhr
/m/04jpl	/location/location/people_born_here	/m/06rq1k
/m/04jpl	/location/location/people_born_here	/m/01hx2t
/m/04jpl	/location/location/people_born_here	/m/04zx3q1
/m/0xtz9	/location/location/people_born_here	/m/09883c2
/m/04jpl	/location/location/people_born_here	/m/09d5h
/m/0r3wm	/location/location/people_born_here	/m/043mjj_
/m/04jpl	/location/location/people_born_here	/m/01xyy
/m/04jpl	/location/location/people_born_here	/m/090q4n
/m/04jpl	/location/location/people_born_here	/m/06nv27
/m/0j0pf	/location/location/people_born_here	/m/0k3kv7f
/m/04jpl	/location/location/people_born_here	/m/01914
/m/028knk	/location/location/people_born_here	/m/04y86y9
/m/0295sy	/location/location/people_born_here	/m/01c_7y
/m/04jpl	/location/location/people_born_here	/m/03n0pv
/m/0dclg	/location/location/people_born_here	/m/01p6xx
/m/0c7lcx	/location/location/people_born_here	/m/01vgtv
/m/0dclg	/location/location/people_born_here	/m/0fcgd
/m/02f6g5	/location/location/people_born_here	/m/05p8hpt
/m/0dclg	/location/location/people_born_here	/m/0kr_t
/m/018mrd	/location/location/people_born_here	/m/0hhsxcy
/m/0dclg	/location/location/people_born_here	/m/04913k
/m/0fltx	/location/location/people_born_here	/m/02sld7
/m/04l590	/location/location/people_born_here	/m/03y9srp
/m/0dclg	/location/location/people_born_here	/m/07nqn
/m/0pfd9	/location/location/people_born_here	/m/099jhq
/m/0366c	/location/location/people_born_here	/m/0crbvq6
/m/01yb1y	/location/location/people_born_here	/m/02mjxr
/m/01r32	/location/location/people_born_here	/m/07wj1
/m/01r32	/location/location/people_born_here	/m/04bbb8
/m/05xq9	/location/location/people_born_here	/m/0bt9hl
/m/01ls2	/location/location/people_born_here	/m/01_0f7
/m/014kq6	/media_common/literary_genre/books_in_this_genre	/m/04mx84h
/m/039v1	/media_common/literary_genre/books_in_this_genre	/m/05mwzvc
/m/04hxyv	/location/location/people_born_here	/m/05480z
/m/01m3b1t	/location/location/people_born_here	/m/03cvr5w
/m/0r5wt	/location/location/people_born_here	/m/02y_3rf
/m/0190zg	/music/genre/albums	/m/07vfj
/m/0190zg	/music/genre/albums	/m/01zb_g
/m/0crd8q6	/location/location/people_born_here	/m/0bqzs7
/m/0k33p	/location/location/people_born_here	/m/0b_4z
/m/0k33p	/location/location/people_born_here	/m/0mwyq
/m/01j7mr	/location/location/people_born_here	/m/0hzrls4
/m/0k33p	/location/location/people_born_here	/m/01r42_g
/m/09qv3c	/location/location/people_born_here	/m/0837c1
/m/0k33p	/location/location/people_born_here	/m/069nzr
/m/013t2y	/location/location/people_born_here	/m/0cl1r6
/m/016jny	/music/genre/albums	/m/019x4f
/m/016jny	/music/genre/albums	/m/01wyzyl
/m/0265v21	/music/genre/albums	/m/063z7tx
/m/016jny	/music/genre/albums	/m/05cj4r
/m/016jny	/music/genre/albums	/m/087lqx
/m/018cqq	/music/genre/albums	/m/0gbbm_w
/m/016jny	/music/genre/albums	/m/01w3v
/m/017w_	/location/location/people_born_here	/m/0149xx
/m/02d6c	/location/location/people_born_here	/m/01wz01
/m/03g3w	/media_common/literary_genre/books_in_this_genre	/m/0gfzfj
/m/035dk	/media_common/literary_genre/books_in_this_genre	/m/08g54d
/m/03tmr	/sports/sport/pro_athletes./sports/pro_sports_played/athlete	/m/06pq6
/m/03tmr	/sports/sport/pro_athletes./sports/pro_sports_played/athlete	/m/0x2p
/m/01k8vh	/sports/sport/pro_athletes./sports/pro_sports_played/athlete	/m/02qlm13
/m/01w02sy	/sports/sport/pro_athletes./sports/pro_sports_played/athlete	/m/03d035k
/m/026ldz7	/sports/sport/pro_athletes./sports/pro_sports_played/athlete	/m/0fr3dh
/m/0l2xl	/sports/sport/pro_athletes./sports/pro_sports_played/athlete	/m/0ffz8b
/m/01mw1	/sports/sport/pro_athletes./sports/pro_sports_played/athlete	/m/03d18nr
/m/03tmr	/sports/sport/pro_athletes./sports/pro_sports_played/athlete	/m/029rmn
/m/03tmr	/sports/sport/pro_athletes./sports/pro_sports_played/athlete	/m/03f5k
/m/03tmr	/sports/sport/pro_athletes./sports/pro_sports_played/athlete	/m/02p86pb
/m/0149xx	/location/location/people_born_here	/m/0gwdp3
/m/0rng	/location/location/people_born_here	/m/0kstw
/m/04xhwn	/location/location/people_born_here	/m/066qvg
/m/05cgv	/location/location/people_born_here	/m/0gfmc_
/m/0nht0	/location/location/people_born_here	/m/02rxr9t
/m/0464gkc	/location/location/people_born_here	/m/0412h_9
/m/0ymgk	/location/location/people_born_here	/m/026nw3t
/m/01vsl	/location/location/people_born_here	/m/03bv26
/m/016gb5	/location/location/people_born_here	/m/07mcz8
/m/03hrz	/location/location/people_born_here	/m/035ktt
/m/03hrz	/location/location/people_born_here	/m/0f1pyf
/m/01t3h6	/location/location/people_born_here	/m/05mgj0
/m/059rby	/location/location/people_born_here	/m/047tsx3
/m/030_1_	/location/location/people_born_here	/m/06dzlj
/m/059rby	/location/location/people_born_here	/m/0lgw7
/m/07dfk	/location/location/people_born_here	/m/0gr07
/m/096g3	/location/location/people_born_here	/m/02x0dzw
/m/0f94t	/location/location/people_born_here	/m/03xx3m
/m/01vvzb1	/location/location/people_born_here	/m/04178_l
/m/0yyh	/location/location/people_born_here	/m/0ymc8
/m/016376	/location/location/people_born_here	/m/0crc02n
/m/0d04z6	/location/location/people_born_here	/m/06yyp
/m/0d63kt	/location/location/people_born_here	/m/0pyq_
/m/0d04z6	/location/location/people_born_here	/m/01ysy9
/m/014dfn	/media_common/literary_genre/books_in_this_genre	/m/0fsmy
/m/014dfn	/media_common/literary_genre/books_in_this_genre	/m/05jt_
/m/05cv94	/media_common/literary_genre/books_in_this_genre	/m/01w8wp
/m/02qy3py	/media_common/literary_genre/books_in_this_genre	/m/0cvz4q
/m/0gj8t_b	/media_common/literary_genre/books_in_this_genre	/m/05qfftn
/m/016z2j	/media_common/literary_genre/books_in_this_genre	/m/0272dch
/m/014dfn	/media_common/literary_genre/books_in_this_genre	/m/05dmmc
/m/014dfn	/media_common/literary_genre/books_in_this_genre	/m/018db8
/m/014dfn	/media_common/literary_genre/books_in_this_genre	/m/043hg
/m/014dfn	/media_common/literary_genre/books_in_this_genre	/m/02flqd
/m/014dfn	/media_common/literary_genre/books_in_this_genre	/m/0dhqyw
/m/016yvw	/media_common/literary_genre/books_in_this_genre	/m/05qgt6s
/m/0kc6x	/media_common/literary_genre/books_in_this_genre	/m/05_1sc
/m/014dfn	/media_common/literary_genre/books_in_this_genre	/m/06hsk
/m/014dfn	/media_common/literary_genre/books_in_this_genre	/m/0nhmw
/m/0gqz2	/media_common/literary_genre/books_in_this_genre	/m/03252g
/m/01wj9y9	/media_common/literary_genre/books_in_this_genre	/m/03bz692
/m/0gyx4	/media_common/literary_genre/books_in_this_genre	/m/05qcrb5
/m/01pk8b	/location/location/people_born_here	/m/01qncf
/m/0g_bh	/music/genre/albums	/m/02645b
/m/0r0ss	/location/location/people_born_here	/m/08q3s0
/m/036jv	/music/genre/albums	/m/063z7tx
/m/0h953	/music/genre/albums	/m/0dmjqv4
/m/01bzs9	/music/genre/albums	/m/02q5jsd
/m/01k3qj	/music/genre/albums	/m/01l0hrh
/m/0xhtw	/music/genre/albums	/m/0g5pv3
/m/0xhtw	/music/genre/albums	/m/0rs6x
/m/0193qj	/music/genre/albums	/m/03m8znk
/m/0xhtw	/music/genre/albums	/m/0d__c3
/m/0xhtw	/music/genre/albums	/m/016h5l
/m/0xhtw	/music/genre/albums	/m/03_fmr
/m/0xhtw	/music/genre/albums	/m/0m_z3
/m/0xv2x	/music/genre/albums	/m/07ypt
/m/02w29z	/music/genre/albums	/m/0gy1grx
/m/09wwlj	/location/location/people_born_here	/m/01tkfj
/m/0ndwt2w	/location/location/people_born_here	/m/0fgyvs
/m/0cbhh	/location/location/people_born_here	/m/0631_
/m/0fsb8	/location/location/people_born_here	/m/07prh7
/m/02pbrn	/music/genre/albums	/m/01ljp93
/m/016_rm	/music/genre/albums	/m/021gt5
/m/02qlg7s	/music/genre/albums	/m/080mr30
/m/06r_by	/music/genre/albums	/m/01sv50n
/m/01w2v	/location/location/people_born_here	/m/09jd9
/m/01dq9q	/location/location/people_born_here	/m/04m_wgq
/m/0jjy0	/music/genre/albums	/m/0gtt5nc
/m/03ckfl9	/music/genre/albums	/m/014nzp
/m/03ckfl9	/music/genre/albums	/m/01xcfy
/m/01vhb0	/music/genre/albums	/m/026pcw4
/m/064r9cb	/music/genre/albums	/m/0b76b96
/m/03ckfl9	/music/genre/albums	/m/06z9yh
/m/0133ch	/location/location/people_born_here	/m/0c4hnm
/m/04l19_	/location/location/people_born_here	/m/04d53y
/m/035wcs	/music/genre/albums	/m/01jfnvd
/m/035wcs	/music/genre/albums	/m/01f7j9
/m/02gm9n	/location/location/people_born_here	/m/02psywk
/m/025scjj	/location/location/people_born_here	/m/04zl66
