/m/05qw5	/business/employer/employees./business/employment_tenure/person	/m/0g11gx
/m/017z88	/education/educational_institution/students_graduates./education/education/student	/m/05f2jk
/m/0193qj	/military/military_combatant/military_conflicts./military/military_combatant_group/conflict	/m/03qbh5
/m/0hnlx	/education/educational_degree/people_with_this_degree./education/education/student	/m/028cd1b
/m/01fxg8	/education/educational_degree/people_with_this_degree./education/education/student	/m/02_82w9
/m/019v9k	/education/educational_degree/people_with_this_degree./education/education/student	/m/04v048
/m/0mzj_	/education/educational_degree/people_with_this_degree./education/education/student	/m/026ln2v
/m/019v9k	/education/educational_degree/people_with_this_degree./education/education/institution	/m/07zl6m
/m/019v9k	/education/educational_degree/people_with_this_degree./education/education/student	/m/09cdxn
/m/01qvcr	/cvg/cvg_developer/games_developed	/m/0642v9q
/m/01rhl	/music/performance_role/track_performances./music/track_contribution/contributor	/m/0g7k2g
/m/025mb_	/tv/tv_actor/starring_roles./tv/regular_tv_appearance/character	/m/01rk30
/m/0194xc	/music/genre/artists	/m/01pwkd3
/m/07s467s	/music/genre/artists	/m/0j66lmm
/m/02_tw	/government/political_party/politicians_in_this_party./government/political_party_tenure/politician	/m/08gf93
/m/02_tw	/government/political_party/politicians_in_this_party./government/political_party_tenure/politician	/m/02g5h5
/m/01_1kk	/education/educational_institution/students_graduates./education/education/student	/m/03gdxp
/m/02k6pv	/military/armed_force/personnel./military/military_service/military_person	/m/050t68
/m/01jz6d	/business/employer/employees./business/employment_tenure/person	/m/03bv26
/m/05fjy	/location/location/contains	/m/07b2yw
/m/01dz7z	/business/job_title/people_with_this_title./business/employment_tenure/person	/m/04lkvc
/m/022qqh	/business/job_title/people_with_this_title./business/employment_tenure/person	/m/04sv7z
/m/04zwtdy	/influence/influence_node/influenced	/m/03pp8_
/m/03mnn0	/people/profession/people_with_this_profession	/m/02pyg6
/m/09lbv	/people/profession/people_with_this_profession	/m/04924s
/m/06k5_	/people/profession/people_with_this_profession	/m/0ct1b0
/m/02ztjwg	/people/profession/people_with_this_profession	/m/03f6jpj
/m/0_vn7	/location/location/contains	/m/04t36
/m/0chgr2	/location/location/contains	/m/0bq8tmw
/m/0chgr2	/location/location/contains	/m/0bdw1g
/m/0chgr2	/location/location/contains	/m/05lwjc
/m/0chgr2	/location/location/contains	/m/09v42sf
/m/016zp5	/location/location/contains	/m/0cxn2h
/m/0kq2	/award/award_nominated_work/award_nominations./award/award_nomination/award_nominee	/m/02qcpzb
/m/0ddd0gc	/tv/tv_program/regular_cast./tv/regular_tv_appearance/actor	/m/07c37
/m/0ddd0gc	/award/award_winning_work/awards_won./award/award_honor/award_winner	/m/01vsqvs
/m/0fx0j2	/film/film_costumer_designer/costume_design_for_film	/m/05fny
/m/0ggx5q	/music/genre/artists	/m/064177
/m/0b6css	/music/genre/artists	/m/02vbmw
/m/02t_tp	/music/genre/artists	/m/03hzqc2
/m/0ggx5q	/music/genre/artists	/m/01f7dd
/m/0ggx5q	/music/genre/artists	/m/06kl78
/m/0892sx	/location/location/contains	/m/02vyvhz
/m/0nbjq	/olympics/olympic_games/athletes./olympics/olympic_athlete_affiliation/athlete	/m/02wrhj
/m/0rwgm	/film/film_location/featured_in_films	/m/01nsyf
/m/03jjzf	/music/genre/artists	/m/01w3wj4
/m/0126t5	/music/genre/artists	/m/01gtcc
/m/018kcp	/tv/tv_network/programs./tv/tv_network_duration/program	/m/05ftw3
/m/047fwlg	/soccer/football_team/manager./soccer/football_team_management_tenure/manager	/m/0556fn
/m/0dn16	/award/award_nominee/award_nominations./award/award_nomination/award	/m/03r67k
/m/01cwhp	/film/person_or_entity_appearing_in_film/films./film/personal_film_appearance/film	/m/063_q1y
/m/01vvyvk	/award/award_winner/awards_won./award/award_honor/award	/m/032c7m
/m/081bls	/music/artist/album	/m/0wzs193
/m/0f4r5	/education/educational_institution/students_graduates./education/education/student	/m/0271420
/m/03m5111	/film/director/film	/m/06qh2n
/m/021j72	/award/award_nominee/award_nominations./award/award_nomination/nominated_for	/m/03h26tm
/m/0cv9fc	/film/editor/film	/m/06qh2n
/m/021j72	/film/producer/film	/m/0jbrr
/m/01vx3m	/people/ethnicity/languages_spoken	/m/0xrg
/m/0j8cs	/education/university/fraternities_and_sororities	/m/07hb5n
/m/01vqc7	/education/educational_institution/students_graduates./education/education/student	/m/03zcp2
/m/0j__m	/education/educational_institution/students_graduates./education/education/student	/m/0bb406
/m/02bqy	/education/educational_institution/students_graduates./education/education/student	/m/01ty7ll
/m/04m8fy	/education/educational_institution/students_graduates./education/education/student	/m/0bnylv
/m/02pjxr	/people/profession/people_with_this_profession	/m/0n5bk
/m/016s0m	/film/film_job/films_with_this_crew_job./film/film_crew_gig/film	/m/04f285v
/m/02r96rf	/film/film_job/films_with_this_crew_job./film/film_crew_gig/film	/m/04qftx
/m/02r96rf	/film/film_job/films_with_this_crew_job./film/film_crew_gig/film	/m/0k_l4
/m/034bs	/film/film_job/films_with_this_crew_job./film/film_crew_gig/film	/m/0309c5
/m/01_lh1	/education/educational_institution/students_graduates./education/education/student	/m/06cws4
/m/0797c7	/education/educational_institution/students_graduates./education/education/student	/m/05b0x79
/m/03ksy	/education/educational_institution/students_graduates./education/education/student	/m/01vvydl
/m/015fs3	/education/educational_institution/students_graduates./education/education/student	/m/05x63pp
/m/03ksy	/education/educational_institution/students_graduates./education/education/student	/m/018zvb
/m/01f53	/education/educational_institution/students_graduates./education/education/student	/m/03hp6t8
/m/01j_x	/education/educational_institution/students_graduates./education/education/student	/m/09ggpk2
/m/03ksy	/education/educational_institution/students_graduates./education/education/student	/m/027hm_
/m/02pbzv	/education/educational_institution/students_graduates./education/education/student	/m/027nqf2
/m/03ksy	/education/educational_institution/students_graduates./education/education/student	/m/0280mv7
/m/03ksy	/education/educational_institution/students_graduates./education/education/student	/m/01vh18t
/m/01ksz9	/education/educational_institution/students_graduates./education/education/student	/m/0cb5gq
/m/03ksy	/business/employer/employees./business/employment_tenure/person	/m/06vnh2
/m/04rtpt	/education/educational_institution/students_graduates./education/education/student	/m/09g81mj
/m/03ksy	/business/employer/employees./business/employment_tenure/person	/m/02xfj0
/m/03ksy	/education/educational_institution/students_graduates./education/education/student	/m/01kv4mb
/m/08htt0	/education/educational_institution/students_graduates./education/education/student	/m/06zmxj
/m/03ksy	/education/educational_institution/students_graduates./education/education/student	/m/03zz8b
/m/03qdm	/education/educational_institution/students_graduates./education/education/student	/m/020q9s
/m/072w0	/education/educational_institution/students_graduates./education/education/student	/m/09wsxb
/m/03ksy	/education/educational_institution/students_graduates./education/education/student	/m/026yqrr
/m/0cbkc	/business/employer/employees./business/employment_tenure/person	/m/038sfb
/m/03ksy	/education/educational_institution/students_graduates./education/education/student	/m/03c9pqt
/m/03ksy	/education/educational_institution/students_graduates./education/education/student	/m/0cbdf1
/m/03ksy	/education/educational_institution/students_graduates./education/education/student	/m/051y1hd
/m/03ksy	/education/educational_institution/students_graduates./education/education/student	/m/03bggl
/m/025504	/education/educational_institution/students_graduates./education/education/student	/m/06h78z
/m/03ksy	/education/educational_institution/students_graduates./education/education/student	/m/015pvh
/m/01b7lc	/education/educational_institution/students_graduates./education/education/student	/m/026gkr8
/m/0175rc	/education/educational_institution/students_graduates./education/education/student	/m/05p8mhx
/m/03cs_xw	/tv/tv_writer/episodes_written	/m/0g_5ks
/m/05qkp	/location/location/events	/m/09vw2b7
/m/02q42j_	/location/location/contains	/m/04hltn
/m/03lt8g	/award/award_category/nominees./award/award_nomination/award_nominee	/m/0brr_f
/m/06lht1	/film/actor/film./film/performance/film	/m/030nwm
/m/0d2b38	/business/employer/employees./business/employment_tenure/person	/m/0264sd1
/m/01_1kk	/education/educational_institution/students_graduates./education/education/student	/m/0bq_f1w
/m/06jplb	/education/educational_institution/students_graduates./education/education/student	/m/05p79y1
/m/05k6d	/education/educational_institution/students_graduates./education/education/student	/m/0bqvz96
/m/03qx1r	/education/educational_institution/students_graduates./education/education/student	/m/01rcm2
/m/06pwq	/education/educational_institution/students_graduates./education/education/student	/m/01m7pwq
/m/01fsv9	/education/educational_institution/students_graduates./education/education/student	/m/04q25q6
/m/06pwq	/business/employer/employees./business/employment_tenure/person	/m/059m45
/m/0f102	/education/educational_institution/students_graduates./education/education/student	/m/02wwd9z
/m/042s9	/business/employer/employees./business/employment_tenure/person	/m/0c1qgrg
/m/0yl_w	/education/educational_institution/students_graduates./education/education/student	/m/0gtw6xb
/m/06pwq	/education/educational_institution/students_graduates./education/education/student	/m/0c3ns
/m/0204jh	/education/educational_institution/students_graduates./education/education/student	/m/01l74dl
/m/0194_r	/education/educational_institution/students_graduates./education/education/student	/m/0262k9p
/m/0cpjgj	/base/schemastaging/tv_actor_extra/regular_dubbing_performances./base/schemastaging/tv_star_dubbing_performance/program	/m/0n5df
/m/0dt1cm	/award/award_nominee/award_nominations./award/award_nomination/award	/m/02gjp
/m/040dv	/award/award_category/winners./award/award_honor/award_winner	/m/01xp1v
/m/0jxxt	/cvg/cvg_genre/games	/m/04dynl
/m/01qgv7	/film/film_genre/films_in_this_genre	/m/0f_kz3
/m/0f14q	/media_common/netflix_genre/titles	/m/0f_kz3
/m/01vq3nl	/film/film_genre/films_in_this_genre	/m/044vd3
/m/017vb_	/tv/tv_network/programs./tv/tv_network_duration/program	/m/0872p_c
/m/03c_pqj	/tv/tv_network/programs./tv/tv_network_duration/program	/m/07s418
/m/0xszy	/tv/tv_network/programs./tv/tv_network_duration/program	/m/02735zn
/m/079vf	/broadcast/tv_station_owner/tv_stations	/m/0745sp
/m/0m76b	/tv/tv_actor/guest_roles./tv/tv_guest_role/episodes_appeared_in	/m/05dp8dy
/m/0d07j8	/people/person/place_of_birth	/m/01g3v9
/m/037s5h	/people/person/parents	/m/08mrgq
/m/04q7r	/music/instrument/instrumentalists	/m/0bz6l9
/m/059xvg	/tv/tv_actor/guest_roles./tv/tv_guest_role/episodes_appeared_in	/m/0sjqm
/m/06ns98	/award/award_nominee/award_nominations./award/award_nomination/award_nominee	/m/0r6ff
/m/0404yzp	/award/award_winner/awards_won./award/award_honor/award_winner	/m/02qcpzb
/m/0c5lg	/people/profession/people_with_this_profession	/m/0z07
/m/01w4dy	/people/profession/people_with_this_profession	/m/09y3d6
/m/03xnq9_	/people/profession/people_with_this_profession	/m/05nzvmh
/m/05ztrmj	/people/profession/people_with_this_profession	/m/0djnjf
/m/0c5lg	/people/profession/people_with_this_profession	/m/01mbwlb
/m/0c5lg	/people/profession/people_with_this_profession	/m/041n28
/m/0c5lg	/people/profession/people_with_this_profession	/m/01zxx9
/m/0c5lg	/people/profession/people_with_this_profession	/m/05wp1p
/m/016kjs	/people/profession/people_with_this_profession	/m/064cfv
/m/0c5lg	/people/profession/people_with_this_profession	/m/07v5q
/m/03tps5	/people/profession/people_with_this_profession	/m/048t4q
/m/0c5lg	/people/profession/people_with_this_profession	/m/0dvmd
/m/0c5lg	/people/profession/people_with_this_profession	/m/0yfvf
/m/0c5lg	/people/profession/people_with_this_profession	/m/08s0m7
/m/096hm	/people/profession/people_with_this_profession	/m/0f13mr
/m/02p0qx9	/location/location/contains	/m/07_9x7
/m/0sb1r	/visual_art/art_period_movement/associated_artists	/m/07y4mr
/m/019rl6	/business/employer/employees./business/employment_tenure/person	/m/0d05fv
/m/027jw0c	/education/educational_institution/students_graduates./education/education/student	/m/02qy_b6
/m/01qd_r	/education/educational_institution/students_graduates./education/education/student	/m/09yhzs
/m/01qd_r	/education/educational_institution/students_graduates./education/education/student	/m/016k62
/m/026mfs	/award/award_category/nominees./award/award_nomination/award_nominee	/m/01jfsb
/m/02w4fkq	/music/artist/album	/m/027gs1_
/m/0358x_	/tv/tv_program/episodes	/m/03fhm5
/m/0jltp	/tv/tv_program/regular_cast./tv/regular_tv_appearance/character	/m/031ygd
/m/0358x_	/tv/tv_program/episodes	/m/01q6bg
/m/0czyxs	/tv/tv_program/episodes	/m/05dhdzn
/m/0358x_	/tv/tv_program/episodes	/m/0cw5k
/m/0358x_	/award/award_nominated_work/award_nominations./award/award_nomination/award_nominee	/m/01wyzyl
/m/0358x_	/tv/tv_program/episodes	/m/02bwjv
/m/01wsl7c	/tv/tv_program/episodes	/m/05dh8l7
/m/094g2z	/tv/tv_program/episodes	/m/0kz3fyx
/m/04cdxc	/tv/tv_program/episodes	/m/05dhf29
/m/05hj0n	/tv/tv_program/episodes	/m/05dh8np
/m/0nvvw	/tv/tv_program/episodes	/m/05dhdd7
/m/03j24kf	/film/person_or_entity_appearing_in_film/films./film/personal_film_appearance/film	/m/028r4y
/m/0n8qp	/music/genre/artists	/m/04zvrxx
/m/03xnwz	/music/genre/artists	/m/03xx9l
/m/03xnwz	/music/genre/artists	/m/08tyb_
/m/03xnwz	/music/genre/artists	/m/05cj_j
/m/04264n	/tv/tv_actor/guest_roles./tv/tv_guest_role/episodes_appeared_in	/m/035qgm
/m/045c7b	/business/employer/employees./business/employment_tenure/person	/m/0h10vt
/m/045c7b	/venture_capital/venture_investor/investments./venture_capital/venture_investment/company	/m/08z129
/m/045c7b	/computer/software_developer/software	/m/085j0
/m/04b675	/music/genre/artists	/m/02qr3k8
/m/029pnn	/music/genre/artists	/m/01s2zxm
/m/04n7jdv	/music/genre/artists	/m/026c0p
/m/04n7jdv	/music/genre/artists	/m/01ycck
/m/07t65	/cvg/cvg_developer/games_developed	/m/05qtdj
/m/05cv8	/book/author/works_written	/m/02lw5z
/m/05cv8	/award/award_nominee/award_nominations./award/award_nomination/nominated_for	/m/03bw6
/m/05cv8	/award/award_winner/awards_won./award/award_honor/honored_for	/m/01c0h6
/m/0xxc	/education/educational_institution/students_graduates./education/education/student	/m/048t4q
/m/018w8	/olympics/olympic_sport/athletes./olympics/olympic_athlete_affiliation/athlete	/m/0k0ksbg
/m/0mkg	/music/instrument/instrumentalists	/m/03cm759
/m/01hww_	/music/instrument/instrumentalists	/m/09n4sl
/m/03qncl3	/music/performance_role/track_performances./music/track_contribution/contributor	/m/01p9gpf
/m/0cc56	/location/location/contains	/m/02p_04b
/m/0dtfn	/film/film/subjects	/m/0zm1
/m/0gl6f	/education/educational_institution/students_graduates./education/education/student	/m/01wj92r
/m/03s7h	/education/educational_institution/students_graduates./education/education/student	/m/0bwhf78
/m/01gzdk	/user/alexbl/honorary_title/honorary_title/titled_people./user/alexbl/honorary_title/honorary_title_holding/conferred_upon	/m/06y9c2
/m/01gzdk	/user/alexbl/honorary_title/honorary_title/titled_people./user/alexbl/honorary_title/honorary_title_holding/conferred_upon	/m/0bxtyq
/m/0sd7v	/user/alexbl/honorary_title/honorary_title/titled_people./user/alexbl/honorary_title/honorary_title_holding/conferred_upon	/m/032f27
/m/02dlfh	/tv/tv_actor/guest_roles./tv/tv_guest_role/episodes_appeared_in	/m/06xvy39
/m/0ck6r	/award/award_category/nominees./award/award_nomination/award_nominee	/m/0gff83x
/m/02g3gj	/award/award_category/winners./award/award_honor/award_winner	/m/0d0mbj
/m/03fnyk	/tv/tv_genre/programs	/m/040lmh
/m/019_6d	/tv/tv_genre/programs	/m/07nw3y
/m/026mfs	/people/cause_of_death/people	/m/02csf7
/m/043g7l	/music/record_label/artist	/m/03ft8
/m/043g7l	/music/record_label/artist	/m/0579tg2
/m/024_ql	/music/record_label/artist	/m/03hzqc2
/m/07xyn1	/film/production_company/films	/m/0h95_b7
/m/043g7l	/music/record_label/artist	/m/01g4zr
/m/043g7l	/music/record_label/artist	/m/05sxr_
/m/04rtpt	/film/production_company/films	/m/01yzhn
/m/0ftf0f	/military/military_conflict/military_personnel_involved	/m/06zndx7
/m/09451k	/book/book_subject/works	/m/07fnyl
/m/07_nf	/time/event/includes_event	/m/01z3d2
/m/07_nf	/military/military_conflict/military_personnel_involved	/m/0151w_
/m/08jyyk	/music/genre/artists	/m/025spv
/m/08jyyk	/music/genre/artists	/m/01mr2g6
/m/08jyyk	/music/genre/artists	/m/01gbzb
/m/0cj36c	/tv/tv_actor/guest_roles./tv/tv_guest_role/episodes_appeared_in	/m/01jfrg
/m/0cwy47	/award/award_nominated_work/award_nominations./award/award_nomination/award_nominee	/m/0clfdj
/m/025zzc	/award/award_winning_work/awards_won./award/award_honor/award_winner	/m/0fyjjm
/m/0cwy47	/film/film/costume_design_by	/m/0cms7f
/m/0g3zrd	/film/film/featured_film_locations	/m/03p2m1
/m/0m2fr	/location/location/contains	/m/0337vz
/m/0yl_j	/education/educational_institution/students_graduates./education/education/student	/m/036px
/m/01t7n9	/government/government_office_category/officeholders./government/government_position_held/office_holder	/m/02rjzd0
/m/01gkgk	/government/government_office_category/officeholders./government/government_position_held/office_holder	/m/049t4g
/m/0f6c3	/government/government_office_category/officeholders./government/government_position_held/office_holder	/m/02mh2j
/m/01q24l	/government/government_office_category/officeholders./government/government_position_held/district_represented	/m/0g58g5n
/m/01pj7	/location/location/contains	/m/02b153
/m/07yr3	/cvg/cvg_genre/games	/m/0bmhk0g
/m/015ll	/cvg/cvg_genre/games	/m/02q_t8_
/m/0bpsmq	/cvg/cvg_genre/games	/m/03nltr8
/m/03npn	/cvg/cvg_genre/games	/m/07mn02
/m/026v5	/business/employer/employees./business/employment_tenure/person	/m/06k02
/m/02_j7t	/tv/tv_writer/episodes_written	/m/0178rl
/m/03cfkrw	/government/legislative_session/members./government/government_position_held/office_holder	/m/02xsz7
/m/013nky	/music/record_label/artist	/m/01hb9p
/m/04s7y	/location/location/contains	/m/02lwv5
/m/074vv	/government/political_party/politicians_in_this_party./government/political_party_tenure/politician	/m/012wg
/m/074vv	/government/political_party/politicians_in_this_party./government/political_party_tenure/politician	/m/039g82
/m/074vv	/government/political_party/politicians_in_this_party./government/political_party_tenure/politician	/m/0lccn
/m/060__7	/award/award_nominated_work/award_nominations./award/award_nomination/award_nominee	/m/07z49c
/m/0dnvn3	/film/film/written_by	/m/07z49c
/m/0cx7f	/music/genre/artists	/m/0mwxz
/m/0g5gq	/music/genre/artists	/m/0fq0t14
/m/02lcrv	/time/time_zone/locations_in_this_time_zone	/m/06ryz_
/m/0gsrz4	/time/time_zone/locations_in_this_time_zone	/m/014kj2
/m/0gsrz4	/time/time_zone/locations_in_this_time_zone	/m/01yj2
/m/02llzg	/time/time_zone/locations_in_this_time_zone	/m/04sfhk
/m/02lcqs	/time/time_zone/locations_in_this_time_zone	/m/06ry31
/m/03bdv	/time/time_zone/locations_in_this_time_zone	/m/03wb4dx
/m/0k345	/film/film_genre/films_in_this_genre	/m/09v6gc9
/m/0k345	/music/genre/artists	/m/0lhp1
/m/040fb	/film/film_genre/films_in_this_genre	/m/07l515w
/m/04v048	/location/location/contains	/m/02807xj
/m/0k3gw	/location/location/contains	/m/027tvvp
/m/0m4mb	/education/school_category/schools_of_this_kind	/m/0677j
/m/07szy	/education/school_category/schools_of_this_kind	/m/027txk
/m/0m4mb	/education/school_category/schools_of_this_kind	/m/01jvxb
/m/06v_gh	/music/genre/artists	/m/017fl5
/m/011j5x	/music/genre/artists	/m/0ddkf
/m/011j5x	/music/genre/artists	/m/02_t2t
/m/011j5x	/music/genre/artists	/m/022kcs
/m/01gjlw	/sports/sports_team/roster./sports/sports_team_roster/player	/m/02fn5r
/m/0gjm7	/award/award_nominee/award_nominations./award/award_nomination/award	/m/02f788
/m/01wv9p	/film/actor/film./film/performance/film	/m/07zr66
/m/01wv9p	/award/award_nominee/award_nominations./award/award_nomination/award_nominee	/m/05xpms
/m/01rt5h	/film/producer/film	/m/09glbk
/m/02slt7	/education/educational_institution/students_graduates./education/education/student	/m/03gqd88
/m/09wv__	/education/educational_institution/students_graduates./education/education/student	/m/03j2xpq
/m/02zy1z	/education/educational_institution/students_graduates./education/education/student	/m/03kcyd
/m/031ns1	/education/educational_institution/students_graduates./education/education/student	/m/08gf93
/m/03jjn8	/government/political_party/politicians_in_this_party./government/political_party_tenure/politician	/m/063vn
/m/02f6s3	/base/schemastaging/tv_program_extra/regular_dubbing_performances./base/schemastaging/tv_star_dubbing_performance/actor	/m/0f60l7
/m/0jnm2	/tv/tv_program/episodes	/m/0j8cjsb
/m/0czhv7	/tv/tv_program/episodes	/m/0j8chcq
/m/0fj9f	/film/film_genre/films_in_this_genre	/m/01d1_s
/m/02h3tp	/film/film_genre/films_in_this_genre	/m/06w3wxf
/m/04t36	/film/film_genre/films_in_this_genre	/m/0fg04
/m/051m56	/film/film_genre/films_in_this_genre	/m/06qh2n
/m/04t36	/media_common/netflix_genre/titles	/m/0660b9b
/m/03jj93	/media_common/netflix_genre/titles	/m/05ftpb
/m/04t36	/media_common/netflix_genre/titles	/m/0p_tz
/m/04t36	/film/film_genre/films_in_this_genre	/m/013vdl
/m/04t36	/film/film_genre/films_in_this_genre	/m/02xs5v
/m/04t36	/film/film_genre/films_in_this_genre	/m/0322c5
/m/025rpb0	/film/film_genre/films_in_this_genre	/m/09rvn9d
/m/09146g	/film/film_genre/films_in_this_genre	/m/02qxsz9
/m/04t36	/film/film_genre/films_in_this_genre	/m/01t8vq
/m/0c0nhgv	/film/film_genre/films_in_this_genre	/m/04j0pd7
/m/04t36	/film/film_genre/films_in_this_genre	/m/02g8mp
/m/04t36	/film/film_genre/films_in_this_genre	/m/0gxr1c
/m/04t36	/film/film_genre/films_in_this_genre	/m/02b5_l
/m/05sq0m	/award/award_nominee/award_nominations./award/award_nomination/award_nominee	/m/01dwrc
/m/07mvp	/music/artist/album	/m/0fbzp
/m/07mvp	/award/award_winner/awards_won./award/award_honor/award_winner	/m/0828jw
/m/0d6qjf	/business/employer/employees./business/employment_tenure/person	/m/03jj93
/m/0d6qjf	/organization/organization/organization_type	/m/06q83
/m/017drs	/soccer/football_position/players	/m/0gwdp3
/m/0dgrmp	/soccer/football_position/players	/m/0g3b2z
/m/02g_7z	/soccer/football_position/players	/m/0gy4q_
/m/0dgrmp	/soccer/football_position/players	/m/07zr66
/m/0dgrmp	/sports/sports_position/players./sports/sports_team_roster/team	/m/01ppfv
/m/0dgrmp	/sports/sports_position/players./sports/sports_team_roster/team	/m/0fhp9
/m/0dgrmp	/soccer/football_position/players	/m/06yj20
/m/02rsl1	/sports/sports_position/players./sports/sports_team_roster/team	/m/0d8c0_
/m/02cm61	/location/location/contains	/m/026lh2v
/m/013yq	/government/political_district/representatives./government/government_position_held/office_holder	/m/046yw7
/m/0gpmp	/people/deceased_person/cause_of_death	/m/018js4
/m/0w9hk	/people/place_of_interment/interred_here	/m/07nzw5
/m/04682_	/people/place_of_interment/interred_here	/m/02pkcqq
/m/0p8jf	/film/person_or_entity_appearing_in_film/films./film/personal_film_appearance/film	/m/063_q1y
/m/0ymb6	/education/educational_institution/students_graduates./education/education/student	/m/03qhtl4
/m/01vh08	/tv/tv_producer/programs_produced./tv/tv_producer_term/program	/m/04qyn3
/m/0250f	/film/director/film	/m/09p2r9
/m/025_nbr	/film/film_costumer_designer/costume_design_for_film	/m/03zb6t
/m/025_nbr	/film/film_costumer_designer/costume_design_for_film	/m/05gqy
/m/027kp3	/education/educational_institution/students_graduates./education/education/student	/m/01d0b1
/m/02_j8x	/tv/tv_writer/episodes_written	/m/03lmzl
/m/0gry51	/tv/tv_actor/guest_roles./tv/tv_guest_role/episodes_appeared_in	/m/02nw28y
/m/033w9g	/tv/tv_actor/guest_roles./tv/tv_guest_role/episodes_appeared_in	/m/0135dr
/m/0jn5l	/tv/tv_program/episodes	/m/0j7bkxn
/m/0p5mw	/tv/tv_program/episodes	/m/07kkr5m
/m/058dm9	/sports/sports_team/arena_stadium	/m/0_jsl
/m/06p5g	/astronomy/star_system/planetary_system	/m/06m_p
/m/06p5g	/astronomy/star_system/planetary_system	/m/0cqbc
/m/06p5g	/astronomy/star_system/planetary_system	/m/0cqbc
/m/03gn1x	/music/record_label/artist	/m/01hb9p
/m/0k3g3	/tv/tv_program/regular_personal_appearances./tv/tv_regular_personal_appearance/person	/m/04bp94
/m/0jcjq	/tv/tv_program/regular_cast./tv/regular_tv_appearance/actor	/m/04bp94
/m/072kp	/tv/tv_program/episodes	/m/01lw3kh
/m/072kp	/tv/tv_program/episodes	/m/03q43g
/m/09f3c	/travel/travel_destination/tourist_attractions	/m/0fx2s
/m/081l_	/people/ethnicity/people	/m/02vy1v1
/m/0n6f8	/tennis/tennis_player/matches_won./tennis/tennis_match/loser	/m/07d8rt
/m/03rs8y	/film/actor/film./film/performance/film	/m/0f_kz3
/m/016vg8	/film/actor/film./film/performance/film	/m/02fgdx
/m/018x3	/award/award_winner/awards_won./award/award_honor/honored_for	/m/09f07
/m/018x3	/award/award_nominee/award_nominations./award/award_nomination/nominated_for	/m/04dyqk
/m/0190y4	/music/genre/artists	/m/053mhx
/m/077q8x	/location/location/contains	/m/04_j2k
/m/0195pd	/location/location/contains	/m/07h5d
/m/0195pd	/location/location/contains	/m/03_87
/m/0195pd	/travel/travel_destination/tourist_attractions	/m/01d26y
/m/0163t3	/people/person/education./education/education/institution	/m/0dbj7t
/m/014xf6	/education/school_category/schools_of_this_kind	/m/042jv9
/m/025tjcb	/education/school_category/schools_of_this_kind	/m/0345gh
/m/025tjcb	/education/school_category/schools_of_this_kind	/m/03t4nx
/m/025tjcb	/education/school_category/schools_of_this_kind	/m/02vnb_
/m/025tjcb	/education/school_category/schools_of_this_kind	/m/0f102
/m/01clyr	/education/educational_institution/students_graduates./education/education/student	/m/022wmh
/m/036k5h	/award/award_nominee/award_nominations./award/award_nomination/award_nominee	/m/07q2cz
/m/04snp2	/comic_books/comic_book_creator/series_created	/m/013ksx
/m/04v3q	/location/location/events	/m/01nm3s
/m/045qmr	/location/location/contains	/m/0bb3md
/m/059g4	/location/location/contains	/m/0c4hgj
/m/03xzxb	/location/location/contains	/m/035g2r
/m/01l3wr	/location/location/contains	/m/07b6y1
/m/0jgwf	/location/location/contains	/m/0267h75
/m/02k_kn	/location/location/contains	/m/0j1qb
/m/059g4	/location/location/contains	/m/0lhp1
/m/0l178	/location/location/contains	/m/09l1mf
/m/0drs_	/location/location/contains	/m/025t8l
/m/03f4w4	/location/location/contains	/m/0d_g3n
/m/02ghq	/location/location/contains	/m/07238d
/m/059g4	/location/location/contains	/m/0393g
/m/059g4	/location/location/contains	/m/01vvyvk
/m/03ds83	/location/location/contains	/m/04ms08
/m/03lb_v	/location/location/contains	/m/0bldv2
/m/059g4	/location/location/contains	/m/0c53zb
/m/0d0xs5	/location/location/contains	/m/02807xj
/m/086k8	/film/film_distributor/films_distributed./film/film_film_distributor_relationship/film	/m/05l0j5
/m/02kzfw	/film/film_distributor/films_distributed./film/film_film_distributor_relationship/film	/m/09glbk
/m/0f11p	/film/film_distributor/films_distributed./film/film_film_distributor_relationship/film	/m/0ds7pvv
/m/07d3z7	/location/location/contains	/m/04y9lr2
/m/0hg45	/medicine/disease/symptoms	/m/0kvwh
/m/0jbn5	/location/location/contains	/m/034g2b
/m/01634x	/soccer/football_team/manager./soccer/football_team_management_tenure/manager	/m/0784v1
/m/018lg0	/music/genre/artists	/m/02rghbp
/m/018lg0	/music/genre/artists	/m/092ggq
/m/019gz	/book/author/school_or_movement	/m/01gw8b
/m/01cl2y	/music/record_label/artist	/m/04kcn
/m/02_jjm	/music/record_label/artist	/m/05k8hd
/m/030x48	/tv/tv_actor/starring_roles./tv/regular_tv_appearance/series	/m/02rs1k0
/m/0138mv	/film/actor/film./film/performance/film	/m/02z4191
/m/01vswwx	/film/person_or_entity_appearing_in_film/films./film/personal_film_appearance/film	/m/06w839_
/m/0f6cl2	/education/educational_institution/students_graduates./education/education/student	/m/06j1v2
/m/01w3vc	/education/educational_institution/students_graduates./education/education/student	/m/02z6l5f
/m/02dk5q	/education/school_category/schools_of_this_kind	/m/0kz2w
/m/02dk5q	/education/school_category/schools_of_this_kind	/m/03pnvq
/m/02dk5q	/education/school_category/schools_of_this_kind	/m/02p8454
/m/06cs1	/education/school_category/schools_of_this_kind	/m/0dn79b
/m/0d_23	/education/school_category/schools_of_this_kind	/m/04y9624
/m/02dk5q	/education/school_category/schools_of_this_kind	/m/02vr30
/m/0bqsk5	/education/school_category/schools_of_this_kind	/m/027b2xm
/m/02dk5q	/education/school_category/schools_of_this_kind	/m/02rk23
/m/05fny	/education/school_category/schools_of_this_kind	/m/0f2sc9
/m/02dk5q	/education/school_category/schools_of_this_kind	/m/0206k5
/m/02dqdp	/education/school_category/schools_of_this_kind	/m/0c1fv2
/m/0257h9	/education/school_category/schools_of_this_kind	/m/0c5hlc
/m/02dk5q	/education/school_category/schools_of_this_kind	/m/0373qg
/m/04xsv	/education/school_category/schools_of_this_kind	/m/087bbl
/m/02dk5q	/education/school_category/schools_of_this_kind	/m/041n43
/m/01ym8l	/education/educational_institution/students_graduates./education/education/student	/m/09b3cb
/m/03mb9	/music/genre/artists	/m/02f2jh
/m/0wq36	/music/genre/artists	/m/0gff83x
/m/03rbj2	/award/award_category/nominees./award/award_nomination/nominated_for	/m/030jj7
/m/03rbj2	/award/award_category/winners./award/award_honor/honored_for	/m/0dx8gj
/m/03rbj2	/award/award_category/nominees./award/award_nomination/nominated_for	/m/01nwwl
/m/0nn83	/geography/body_of_water/islands	/m/06_t9b
/m/05rgl	/geography/body_of_water/islands	/m/02wzv
/m/01_d4	/geography/body_of_water/islands	/m/0421tp8
/m/06gb2q	/tv/tv_actor/starring_roles./tv/regular_tv_appearance/series	/m/0cm0pc
/m/06pr6	/location/location/contains	/m/0173s9
/m/01bbwp	/military/military_conflict/military_personnel_involved	/m/07mr99
/m/0b1k24	/location/location/contains	/m/0gw1x
/m/0gg8l	/music/genre/artists	/m/0fn7r
/m/0l2xl	/location/location/contains	/m/026lgs
/m/016z4k	/people/profession/people_with_this_profession	/m/06d6y
/m/01wc7p	/people/profession/people_with_this_profession	/m/01hb9p
/m/016z4k	/people/profession/people_with_this_profession	/m/03hxsv
/m/016z4k	/people/profession/people_with_this_profession	/m/0gw7p
/m/035yn8	/people/profession/people_with_this_profession	/m/08y7ny
/m/016z4k	/people/profession/people_with_this_profession	/m/04cvn_
/m/016z4k	/people/profession/people_with_this_profession	/m/0lxg6
/m/016z4k	/people/profession/people_with_this_profession	/m/0fr0t
/m/016z4k	/people/profession/people_with_this_profession	/m/011z3g
/m/012v1t	/people/profession/people_with_this_profession	/m/0f4m02
/m/016z4k	/people/profession/people_with_this_profession	/m/015bpl
/m/016z4k	/people/profession/people_with_this_profession	/m/0cc65
/m/01j28z	/media_common/netflix_genre/titles	/m/0dv0z
/m/01j28z	/film/film_genre/films_in_this_genre	/m/017t44
/m/03lty	/film/film_genre/films_in_this_genre	/m/063_q1y
/m/05kms	/media_common/netflix_genre/titles	/m/0h0dkv
/m/01kr6k	/business/job_title/people_with_this_title./business/employment_tenure/company	/m/019lty
/m/01b39j	/music/performance_role/track_performances./music/track_contribution/contributor	/m/03cm759
/m/03f5mt	/music/instrument/instrumentalists	/m/03cm759
/m/01hww_	/music/instrument/instrumentalists	/m/01w3wj4
/m/06gg5c	/music/performance_role/guest_performances./music/recording_contribution/contributor	/m/03cm759
/m/03kmyy	/education/educational_institution/students_graduates./education/education/student	/m/02708mw
/m/02kxx1	/education/educational_institution/students_graduates./education/education/student	/m/027lfrs
/m/02p3cr5	/music/record_label/artist	/m/0m0nq
/m/02hxcvy	/music/genre/artists	/m/02vbmw
/m/01w8n89	/film/music_contributor/film	/m/09glbk
/m/05bxwh	/film/director/film	/m/019r_1
/m/0dg3n1	/music/genre/artists	/m/01vgtv
/m/02q7fl9	/music/genre/artists	/m/0dvscv
/m/061dn_	/film/film_distributor/films_distributed./film/film_film_distributor_relationship/film	/m/040t74
/m/0778p	/education/educational_institution/students_graduates./education/education/student	/m/01w724
/m/07bbw	/music/genre/artists	/m/04gcyg
/m/01900g	/music/genre/artists	/m/02h18k
/m/050yyb	/sports/sports_team/roster./sports/sports_team_roster/player	/m/0bw7mp
/m/0clvcx	/award/award_winner/awards_won./award/award_honor/award_winner	/m/01s9vc
/m/02qfh	/award/award_nominee/award_nominations./award/award_nomination/award_nominee	/m/02qcpzb
/m/0dcsx	/people/cause_of_death/people	/m/041td_
/m/0gy9d4	/sports/sports_team/roster./sports/sports_team_roster/player	/m/03f5spx
/m/0564mx	/film/actor/film./film/performance/film	/m/0c3p5b
/m/01wk51	/tv/tv_actor/guest_roles./tv/tv_guest_role/episodes_appeared_in	/m/05b0x57
/m/0kv2r	/location/location/contains	/m/07bxqz
/m/01p1v	/location/location/contains	/m/0_24q
/m/02hczc	/location/location/contains	/m/0c6yj3
/m/0b_6q5	/base/marchmadness/ncaa_basketball_team/ncaa_tournament_seeds./base/marchmadness/ncaa_tournament_seed/tournament	/m/06n7qg
/m/087c7	/cvg/cvg_publisher/games_published	/m/06n1m_
/m/019dwp	/protected_sites/governing_body_of_protected_sites/protected_sites_governed	/m/038y21
/m/04rcr	/music/artist/album	/m/0x3r3
/m/0524b41	/tv/tv_program/episodes	/m/02lq10
/m/0638kv	/film/film_art_director/films_art_directed	/m/05qjt
/m/078g3l	/education/educational_degree/people_with_this_degree./education/education/student	/m/05xc_19
/m/015cz0	/education/educational_institution/students_graduates./education/education/student	/m/02qb5jy
/m/07ccs	/business/employer/employees./business/employment_tenure/person	/m/0261g5l
/m/07ccs	/education/educational_institution/students_graduates./education/education/student	/m/049k07
/m/07s6fsf	/education/educational_degree/people_with_this_degree./education/education/student	/m/01qbjg
/m/012wvj	/education/educational_degree/people_with_this_degree./education/education/student	/m/04178_l
/m/07w0v	/education/educational_institution/students_graduates./education/education/student	/m/01_vfy
/m/012gyf	/education/educational_institution/students_graduates./education/education/student	/m/05sgpq
/m/07w0v	/education/educational_institution/students_graduates./education/education/student	/m/03f70xs
/m/025s0s0	/business/employer/employees./business/employment_tenure/person	/m/0c7hd2
/m/01th4s	/education/educational_institution/students_graduates./education/education/student	/m/09gdyn1
/m/0bg539	/film/producer/film	/m/0822j
/m/081l_	/film/director/film	/m/08yh93
/m/081l_	/film/writer/film	/m/03c_8t
/m/081l_	/award/award_winner/awards_won./award/award_honor/honored_for	/m/03j43
/m/01pw9v	/award/award_nominee/award_nominations./award/award_nomination/nominated_for	/m/0822j
/m/0k4f3	/military/military_combatant/military_conflicts./military/military_combatant_group/conflict	/m/08sjq6
/m/0dls3	/music/genre/artists	/m/01v1ln
/m/0dls3	/music/genre/artists	/m/0gtx63s
/m/0frf6	/music/genre/artists	/m/0bhc8n_
/m/01645p	/food/food/nutrients./food/nutrition_fact/nutrient	/m/02x4sn8
/m/023fb	/business/employer/employees./business/employment_tenure/person	/m/066wfx
/m/040nwr	/film/actor/film./film/performance/film	/m/0d277t
/m/02qnk5c	/film/actor/film./film/performance/film	/m/064r9cb
/m/02s7tr	/baseball/baseball_position/players	/m/0ql36
/m/036jp8	/tv/tv_actor/guest_roles./tv/tv_guest_role/episodes_appeared_in	/m/0cdkmx
/m/02vjzr	/broadcast/radio_format/stations	/m/016cjb
/m/07mgr	/broadcast/radio_format/stations	/m/0bp87r
/m/01vw_dv	/broadcast/radio_format/stations	/m/0773y9
/m/03hdz8	/tv/tv_program/regular_cast./tv/regular_tv_appearance/actor	/m/0bs09xw
/m/018qql	/film/actor/film./film/performance/character	/m/05gxby
/m/03nb5v	/tv/tv_actor/starring_roles./tv/regular_tv_appearance/character	/m/0d_wr7
/m/064f29	/sports/sports_award_type/winners./sports/sports_award/season	/m/06n7qg
/m/022xml	/people/cause_of_death/people	/m/0d_l31
/m/08q1tg	/people/cause_of_death/people	/m/0169t
/m/0n_hp	/people/cause_of_death/people	/m/04mwv_8
/m/0248jb	/people/cause_of_death/people	/m/08gngx
/m/08q1tg	/people/cause_of_death/people	/m/019k6n
/m/0bsb4j	/tv/tv_actor/guest_roles./tv/tv_guest_role/episodes_appeared_in	/m/07f_t4
/m/0gdk0	/location/location/contains	/m/0hj6h
/m/0xjl2	/music/genre/artists	/m/04vvh9
/m/0xjl2	/music/genre/artists	/m/05typm
/m/01mxt_	/music/artist/supporting_artists	/m/043ttv
/m/01npcy7	/tv/tv_actor/starring_roles./tv/regular_tv_appearance/seasons	/m/03d16q3
/m/01w9wwg	/award/award_nominee/award_nominations./award/award_nomination/award_nominee	/m/01hmb_
/m/01w9wwg	/award/award_winner/awards_won./award/award_honor/award_winner	/m/08vr94
/m/017r2	/tv/tv_actor/guest_roles./tv/tv_guest_role/episodes_appeared_in	/m/0dkkfyv
/m/060ny2	/tv/tv_network/programs./tv/tv_network_duration/program	/m/0ryvj4g
/m/07fb8_	/film/film_format/film_format	/m/0j8f2hc
/m/02p11jq	/music/record_label/artist	/m/016cff
/m/02pzy52	/base/marchmadness/ncaa_basketball_team/ncaa_tournament_seeds./base/marchmadness/ncaa_tournament_seed/tournament	/m/0br1xn
/m/02rk45	/film/actor/film./film/performance/film	/m/0jnrk
/m/02rk45	/film/director/film	/m/0b6f8pf
/m/02rk45	/film/writer/film	/m/02h9_l
/m/0r6c4	/award/award_nominee/award_nominations./award/award_nomination/nominated_for	/m/0cvt65
/m/0byq6h	/film/actor/film./film/performance/film	/m/08l8dnc
/m/02vyh	/film/film_distributor/films_distributed./film/film_film_distributor_relationship/film	/m/01vn0t_
/m/05zm34	/people/profession/people_with_this_profession	/m/094jg3
/m/04x4gj	/people/profession/people_with_this_profession	/m/0hhpzhm
/m/03gjzk	/people/profession/people_with_this_profession	/m/0ltv
/m/03gjzk	/people/profession/people_with_this_profession	/m/01kgv4
/m/03gjzk	/people/profession/people_with_this_profession	/m/0_75d
/m/05zrx3v	/people/profession/people_with_this_profession	/m/0645605
/m/03gjzk	/people/profession/people_with_this_profession	/m/02p7xc
/m/03gjzk	/people/profession/people_with_this_profession	/m/01dhjz
/m/042rlf	/people/profession/people_with_this_profession	/m/043mjj_
/m/03gjzk	/people/profession/people_with_this_profession	/m/02_hz
/m/03q8xj	/people/profession/people_with_this_profession	/m/0523gh7
/m/08nz99	/people/profession/people_with_this_profession	/m/04w8l2
/m/0fydw	/people/profession/people_with_this_profession	/m/0bgnv6
/m/01hd99	/people/profession/people_with_this_profession	/m/03hks9g
/m/03rt9	/organization/organization_scope/organizations_with_this_scope	/m/026zlh9
/m/027gs1_	/location/location/contains	/m/043dvf
/m/044g_k	/award/award_nominated_work/award_nominations./award/award_nomination/award_nominee	/m/018417
/m/093xh0	/film/film/other_crew./film/film_crew_gig/crewmember	/m/09883c2
/m/047vnfs	/people/profession/people_with_this_profession	/m/01hw5kk
/m/06by7	/music/genre/artists	/m/02yv6b
/m/06by7	/music/genre/artists	/m/04b_jc
/m/06by7	/music/genre/artists	/m/05lbzg
/m/0f3m1	/music/genre/artists	/m/03j2008
/m/021bk	/music/genre/artists	/m/091qvq
/m/06by7	/music/genre/artists	/m/05_pkf
/m/06by7	/music/genre/artists	/m/0x2gl
/m/017_pb	/music/genre/artists	/m/09xr6_
/m/05hd32	/music/genre/artists	/m/03hzqc2
/m/075p0r	/music/genre/artists	/m/0c40c46
/m/08wq0g	/music/genre/artists	/m/01pdghl
/m/06by7	/music/genre/artists	/m/0f60c
/m/06by7	/music/genre/artists	/m/0n08r
/m/06by7	/music/genre/artists	/m/01wgjj5
/m/0ctzf1	/music/genre/artists	/m/01ntcmd
/m/01fsyp	/music/genre/artists	/m/03h_kgb
/m/06by7	/music/genre/artists	/m/011zf2
/m/02vr7	/music/genre/artists	/m/0164fj
/m/0nq_b	/music/genre/artists	/m/05t30h
/m/06by7	/music/genre/artists	/m/0kbhf
/m/024rh	/music/genre/artists	/m/01r01y2
/m/01m1zk	/music/genre/artists	/m/019v3d
/m/06by7	/music/genre/artists	/m/01x4py
/m/06by7	/broadcast/radio_format/stations	/m/04f73rc
/m/06by7	/music/genre/artists	/m/053f5
/m/01fh36	/music/genre/artists	/m/01y81c
/m/0xq63	/music/genre/artists	/m/08dbtc
/m/012lzc	/music/genre/artists	/m/0t52ctz
/m/06by7	/music/genre/artists	/m/01vt9p3
/m/06by7	/music/genre/artists	/m/0cq7kw
/m/06by7	/music/genre/artists	/m/01p5xy
/m/06d_3	/music/genre/artists	/m/01hx3gc
/m/06by7	/music/genre/artists	/m/059m45
/m/071vr	/book/book_subject/works	/m/01rrgk
/m/07r1_	/award/award_nominee/award_nominations./award/award_nomination/award	/m/01cwq9
/m/07r1_	/award/award_winner/awards_won./award/award_honor/award	/m/05dptj
/m/07wlf	/education/educational_institution/students_graduates./education/education/student	/m/02xb2bt
/m/07wlf	/education/educational_institution/students_graduates./education/education/student	/m/016k6x
/m/07wlf	/education/educational_institution/students_graduates./education/education/student	/m/0f502
/m/02v992	/education/educational_institution/students_graduates./education/education/student	/m/05p1wkn
/m/0m_zm	/business/employer/employees./business/employment_tenure/person	/m/026zhxp
/m/0dzst	/education/educational_institution/students_graduates./education/education/student	/m/06wm0z
/m/0283sdr	/education/educational_institution/students_graduates./education/education/student	/m/0g9v9m9
/m/02w_l9	/education/educational_institution/students_graduates./education/education/student	/m/02z8k95
/m/03b0q4	/location/location/contains	/m/0bxwkp
/m/0f6c3	/government/government_office_category/officeholders./government/government_position_held/office_holder	/m/01mskc3
/m/0f6c3	/government/government_office_category/officeholders./government/government_position_held/office_holder	/m/05hrq4
/m/01gkgk	/government/government_office_category/officeholders./government/government_position_held/office_holder	/m/09vtss
/m/01q24l	/government/government_office_category/officeholders./government/government_position_held/office_position_or_title	/m/01j05y
/m/0fkvn	/government/government_office_category/officeholders./government/government_position_held/office_holder	/m/01vsyg9
/m/0fkvn	/government/government_office_category/officeholders./government/government_position_held/office_holder	/m/059_gf
/m/0fkx3	/government/government_office_category/officeholders./government/government_position_held/office_holder	/m/0263y0
/m/0fkx3	/government/government_office_category/officeholders./government/government_position_held/office_holder	/m/02mh2j
/m/0fj45	/government/government_office_category/officeholders./government/government_position_held/office_holder	/m/03g2ls
/m/0fkvn	/government/government_office_category/offices	/m/04wxr
/m/0fkvn	/government/government_office_category/officeholders./government/government_position_held/office_holder	/m/01vn0t_
/m/0fkvn	/organization/role/leaders./organization/leadership/organization	/m/0fnmz
/m/01hbgs	/medicine/risk_factor/diseases	/m/0k5px
/m/01hbgs	/people/cause_of_death/people	/m/0fgg8c
/m/01ljpm	/education/educational_institution/students_graduates./education/education/student	/m/01v9724
/m/0bzknt	/location/location/contains	/m/0c237b
/m/01yk13	/film/film/featured_film_locations	/m/07vlx1
/m/0443y3	/tv/tv_actor/guest_roles./tv/tv_guest_role/episodes_appeared_in	/m/012dtf
/m/04gc2	/people/profession/people_with_this_profession	/m/0pbhz
/m/0kcc7	/people/profession/people_with_this_profession	/m/026r14m
/m/038csl	/people/profession/people_with_this_profession	/m/04dn8f
/m/0jc_p	/people/profession/people_with_this_profession	/m/05ckjf
/m/0gj9qxr	/people/profession/people_with_this_profession	/m/02q8c6p
/m/04gc2	/people/profession/people_with_this_profession	/m/0msyb
/m/04gc2	/people/profession/people_with_this_profession	/m/0fnmz
/m/09v71cj	/people/profession/people_with_this_profession	/m/04kt31
/m/0jm64	/people/profession/people_with_this_profession	/m/027bb9n
/m/04gc2	/people/profession/people_with_this_profession	/m/05pdbs
/m/031b3h	/people/profession/people_with_this_profession	/m/0pk_664
/m/0fb2l	/people/profession/people_with_this_profession	/m/027b6qf
/m/042ly5	/people/profession/people_with_this_profession	/m/09rwgv4
/m/04gc2	/people/profession/people_with_this_profession	/m/024h08
/m/04gc2	/people/profession/people_with_this_profession	/m/0r172
/m/099md	/people/profession/people_with_this_profession	/m/02vp007
/m/04gc2	/people/profession/people_with_this_profession	/m/018cqq
/m/0_678	/people/profession/people_with_this_profession	/m/01rcm2
/m/04gc2	/people/profession/people_with_this_profession	/m/01d8wq
/m/01gv_f	/people/profession/people_with_this_profession	/m/09v4nk
/m/013q0p	/people/profession/people_with_this_profession	/m/04qbrlv
/m/0415svh	/people/profession/people_with_this_profession	/m/02q9db6
/m/04gc2	/people/profession/people_with_this_profession	/m/0cvbb9q
/m/05ll37	/people/profession/people_with_this_profession	/m/047n9bx
/m/0jwl2	/people/profession/people_with_this_profession	/m/076wd87
/m/04gc2	/people/profession/people_with_this_profession	/m/07yjb
/m/04gc2	/people/profession/people_with_this_profession	/m/013_vh
/m/04gc2	/people/profession/people_with_this_profession	/m/03jjzf
/m/02jp2w	/people/profession/people_with_this_profession	/m/01r1w3
/m/01h4t2	/people/profession/people_with_this_profession	/m/02076d
/m/04gc2	/people/profession/people_with_this_profession	/m/0hcr
/m/04gc2	/people/profession/people_with_this_profession	/m/0ycp3
/m/04gc2	/people/profession/people_with_this_profession	/m/04gv3db
/m/04gc2	/people/profession/people_with_this_profession	/m/0ndwt2w
/m/04gc2	/people/profession/people_with_this_profession	/m/0pzpz
/m/04gc2	/people/profession/people_with_this_profession	/m/012j8z
/m/016zgj	/people/profession/people_with_this_profession	/m/0263y0
/m/04gc2	/people/profession/people_with_this_profession	/m/06srk
/m/04gc2	/people/profession/people_with_this_profession	/m/03nh9
/m/05sxg2	/people/profession/people_with_this_profession	/m/0fx0mw
/m/05sxg2	/people/profession/people_with_this_profession	/m/0gfh84d
/m/01cpkt	/film/film/story_by	/m/02thcm
/m/080ntlp	/people/profession/people_with_this_profession	/m/02sgy
/m/080ntlp	/people/profession/people_with_this_profession	/m/0grwj
/m/080ntlp	/people/profession/people_with_this_profession	/m/01x_d8
/m/054y8	/people/profession/people_with_this_profession	/m/01ctw_
/m/080ntlp	/people/profession/people_with_this_profession	/m/01gw4f
/m/017y6l	/people/profession/people_with_this_profession	/m/0dtf6
/m/080ntlp	/people/profession/people_with_this_profession	/m/037n3
/m/05f7s1	/location/location/contains	/m/0d_61
/m/0f8l9c	/military/military_combatant/military_conflicts./military/military_combatant_group/conflict	/m/05cvgl
/m/022fj_	/book/book_subject/works	/m/01t42l
/m/0f8l9c	/location/location/partially_contains	/m/0r8bh
/m/02wh0	/military/military_combatant/military_conflicts./military/military_combatant_group/conflict	/m/09k5cc9
/m/0f8l9c	/olympics/olympic_participating_country/athletes./olympics/olympic_athlete_affiliation/athlete	/m/03c5f7l
/m/01mfj	/organization/organization_scope/organizations_with_this_scope	/m/02qfb0h
/m/01bk1y	/sports/sports_team_location/teams	/m/03v1tr
/m/0yxl	/organization/organization_scope/organizations_with_this_scope	/m/0463_f8
/m/0f8l9c	/media_common/netflix_genre/titles	/m/01qvtwm
/m/017vdg	/travel/travel_destination/tourist_attractions	/m/0swff
/m/03ryzs	/government/political_party/politicians_in_this_party./government/political_party_tenure/politician	/m/03jlxz
/m/04sh3	/military/military_combatant/military_conflicts./military/military_combatant_group/conflict	/m/03d0w9c
/m/01cf5	/education/educational_institution/students_graduates./education/education/student	/m/01rt68
/m/04f4z1k	/film/special_film_performance_type/film_performance_type./film/performance/film	/m/09n0nb
/m/0fkvn	/government/government_office_category/officeholders./government/government_position_held/office_holder	/m/0584y9
/m/02sh8y	/film/actor/film./film/performance/film	/m/0d1pc
/m/02z3r	/dining/cuisine/dishes	/m/0663v
/m/02z3r	/dining/cuisine/dishes	/m/07_lq
/m/0144wg	/sports/sports_team/roster./sports/sports_team_roster/player	/m/04my8b1
/m/02cg41	/award/award_ceremony/awards_presented./award/award_honor/award_winner	/m/097c4g
/m/01vqrm	/people/person/education./education/education/institution	/m/027txk
/m/07nznf	/tv/tv_actor/starring_roles./tv/regular_tv_appearance/series	/m/01vx3m
/m/058z2d	/education/educational_institution/students_graduates./education/education/student	/m/02rysv7
/m/086xm	/education/educational_institution/students_graduates./education/education/student	/m/02v92l
/m/0678gl	/tv/tv_actor/starring_roles./tv/regular_tv_appearance/series	/m/02rs1k0
/m/013xrm	/people/ethnicity/people	/m/038g2x
/m/013xrm	/people/ethnicity/people	/m/0hn10
/m/013xrm	/people/ethnicity/people	/m/0rk71
/m/013xrm	/people/ethnicity/people	/m/064jjy
/m/0195pd	/location/location/contains	/m/05443n
/m/0166b	/location/location/contains	/m/03l7f
/m/035qv8	/government/legislative_session/members./government/government_position_held/office_holder	/m/02xsz7
/m/01h0kx	/music/performance_role/regular_performances./music/group_membership/member	/m/06yws3
/m/01s695	/award/award_ceremony/awards_presented./award/award_honor/award_winner	/m/0137k8
/m/027g8gr	/award/award_ceremony/awards_presented./award/award_honor/honored_for	/m/079t_g
/m/0bzn6_	/award/award_ceremony/awards_presented./award/award_honor/award_winner	/m/02j6cs
/m/02dsz	/people/profession/people_with_this_profession	/m/02_k82
/m/025ndl	/military/military_combatant/military_conflicts./military/military_combatant_group/conflict	/m/05zj6x
/m/02g_6x	/sports/sports_position/players./sports/sports_team_roster/team	/m/03v6t
/m/02jfc	/broadcast/genre/content	/m/0ggq0m
/m/0bq8tmw	/book/book_subject/works	/m/0d124_
/m/02jfc	/book/book_subject/works	/m/08gg47
/m/06v9sf	/military/military_combatant/military_conflicts./military/military_combatant_group/conflict	/m/089_x
/m/06v9sf	/military/military_combatant/military_conflicts./military/military_combatant_group/conflict	/m/02c_wc
/m/07brj	/music/instrument/instrumentalists	/m/06cvj
/m/0bzjvm	/music/performance_role/track_performances./music/track_contribution/role	/m/07s7gc2
/m/07tgn	/education/educational_institution/students_graduates./education/education/student	/m/015dcj
/m/016v46	/education/educational_institution/students_graduates./education/education/student	/m/01nwvb
/m/05925	/education/educational_institution/students_graduates./education/education/student	/m/0llf9
/m/07tgn	/education/educational_institution/students_graduates./education/education/student	/m/0hr3g
/m/01nn7r	/education/educational_institution/students_graduates./education/education/student	/m/02w5hmf
/m/06hhp	/education/educational_institution/students_graduates./education/education/student	/m/09gg3t8
/m/05q78ky	/education/educational_institution/students_graduates./education/education/student	/m/01c_7y
/m/07tgn	/education/educational_institution/students_graduates./education/education/student	/m/0bdlj
/m/07tgn	/education/educational_institution/students_graduates./education/education/student	/m/0qdyf
/m/07tgn	/education/educational_institution/students_graduates./education/education/student	/m/0d9v9q
/m/07tgn	/education/educational_institution/students_graduates./education/education/student	/m/01wg6y
/m/07tgn	/education/educational_institution/students_graduates./education/education/student	/m/01k_0fp
/m/07tgn	/education/educational_institution/students_graduates./education/education/student	/m/0151zx
/m/0f1nl	/education/educational_institution/students_graduates./education/education/student	/m/0c7c5b
/m/015pkt	/award/award_category/nominees./award/award_nomination/award_nominee	/m/0ccwnh
/m/03fgm	/location/location/events	/m/05f55sf
/m/06rq2l	/location/location/contains	/m/0crn6_
/m/054_mz	/location/location/contains	/m/025t8l
/m/0h7h6	/location/location/contains	/m/01nrnm
/m/07wg3	/location/location/contains	/m/03csyrf
/m/08pc1x	/award/award_ceremony/awards_presented./award/award_honor/award	/m/0hhqhgs
/m/02x2khw	/location/location/contains	/m/0c3sgz
/m/0k8z	/computer/computer_manufacturer_brand/computer_models	/m/0jzgd
/m/0vlf	/computer/software_developer/software	/m/041pzq
/m/04sv4	/computer/software_developer/software	/m/09txp9
/m/0cw67g	/location/location/contains	/m/043l88j
/m/0135cw	/government/political_party/politicians_in_this_party./government/political_party_tenure/politician	/m/0fx0mw
/m/0135cw	/government/political_party/politicians_in_this_party./government/political_party_tenure/politician	/m/018grr
/m/014zz1	/music/performance_role/track_performances./music/track_contribution/role	/m/0287477
/m/0pz6q	/education/educational_institution/students_graduates./education/education/student	/m/03lz1k
/m/09qbdc	/sports/sports_team/arena_stadium	/m/03b4g3
/m/050llt	/tv/tv_actor/starring_roles./tv/regular_tv_appearance/series	/m/092b8q
/m/01vw8mh	/award/award_nominee/award_nominations./award/award_nomination/award_nominee	/m/01n7q
/m/02cw8s	/education/educational_institution/students_graduates./education/education/student	/m/02wyc0
/m/032j_n	/film/film_distributor/films_distributed./film/film_film_distributor_relationship/film	/m/039cpd
/m/044kwr	/film/producer/film	/m/048xg8
/m/092c5f	/award/award_ceremony/awards_presented./award/award_honor/award	/m/03r67k
/m/05tbn	/location/location/contains	/m/04q9t8p
/m/01lc5	/location/location/contains	/m/0wb0v
/m/059j2	/olympics/olympic_participating_country/athletes./olympics/olympic_athlete_affiliation/athlete	/m/052hl
/m/059j2	/location/country/second_level_divisions	/m/01r3w7
/m/059j2	/location/location/contains	/m/0sbv7
/m/058kh7	/music/genre/artists	/m/0cp1jm9
/m/019g8j	/music/genre/artists	/m/05k8hd
/m/05jg58	/music/genre/artists	/m/03hy3g
/m/0dzz_	/award/award_nominee/award_nominations./award/award_nomination/award	/m/06w6tv2
/m/03bxp5	/award/award_nominee/award_nominations./award/award_nomination/award	/m/03r67k
/m/06s7rd	/award/award_winner/awards_won./award/award_honor/award	/m/01t032
/m/01wk51	/user/alexbl/honorary_title/honorary_title/titled_people./user/alexbl/honorary_title/honorary_title_holding/conferred_upon	/m/04hxyh
/m/0123gq	/location/location/contains	/m/02r9q2d
/m/015y_n	/music/genre/artists	/m/0184tc
/m/01y0y6	/music/genre/artists	/m/0f2x0
/m/0194x	/visual_art/art_period_movement/associated_artists	/m/0c43g
/m/0513yzt	/book/school_or_movement/associated_authors	/m/0cxfjd
/m/05p7tx	/visual_art/art_period_movement/associated_artists	/m/0141r7
/m/08vxk5	/government/legislative_session/members./government/government_position_held/office_holder	/m/035vw8
/m/02vjp3	/film/film/starring./film/performance/actor	/m/01sp81
/m/02xj3rw	/award/award_category/nominees./award/award_nomination/nominated_for	/m/04mzf8
/m/02f46y	/music/record_label/artist	/m/01r5pz5
/m/025hwq	/music/record_label/artist	/m/040452p
/m/05ll37	/tv/non_character_role/tv_regular_personal_appearances./tv/tv_regular_personal_appearance/person	/m/033jkj
/m/07pnk	/people/profession/people_with_this_profession	/m/09lqtd
/m/0cwx_	/base/schemastaging/organization_extra/phone_number./base/schemastaging/phone_sandbox/service_location	/m/03mdt3
/m/06_9lg	/base/schemastaging/organization_extra/phone_number./base/schemastaging/phone_sandbox/service_location	/m/0184jc
/m/06vr2	/people/cause_of_death/people	/m/0d7hg4
/m/01nc3rh	/people/cause_of_death/people	/m/0bmfmn
/m/07t65	/business/employer/employees./business/employment_tenure/person	/m/0ddfph
/m/07t65	/education/educational_institution/students_graduates./education/education/student	/m/0ds54rs
/m/07t90	/education/educational_institution/students_graduates./education/education/student	/m/03s2y9
/m/07t90	/education/educational_institution/students_graduates./education/education/student	/m/01mskc3
/m/07t90	/business/employer/employees./business/employment_tenure/person	/m/014nvr
/m/01zpmq	/business/employer/employees./business/employment_tenure/person	/m/03cvfz
/m/02vnp2	/education/educational_institution/students_graduates./education/education/student	/m/062bt_
/m/01p5yn	/education/educational_institution/students_graduates./education/education/student	/m/0gjc_v3
/m/0879bpq	/film/film/executive_produced_by	/m/03_wtr
/m/03k3r	/base/thoroughbredracing/thoroughbred_racehorse_sex/horses_of_this_sex	/m/080889j
/m/0cxn2	/base/thoroughbredracing/thoroughbred_racehorse_sex/horses_of_this_sex	/m/0bs1ly0
/m/0dzbl	/education/educational_institution/students_graduates./education/education/student	/m/018009
/m/049tb	/education/educational_institution/students_graduates./education/education/student	/m/02810k4
/m/0dzbl	/education/educational_institution/students_graduates./education/education/student	/m/01pcrw
/m/01vqc7	/education/educational_institution/students_graduates./education/education/student	/m/02pz4kx
/m/0dzbl	/education/educational_institution/students_graduates./education/education/student	/m/0326tc
/m/0dzbl	/education/educational_institution/students_graduates./education/education/student	/m/04m064
/m/0dzbl	/education/educational_institution/students_graduates./education/education/student	/m/05y5fw
/m/0dzbl	/education/educational_institution/students_graduates./education/education/student	/m/03vgp7
/m/02y21l	/education/educational_institution/students_graduates./education/education/student	/m/02pz2t3
/m/0dzbl	/education/educational_institution/students_graduates./education/education/student	/m/04t2l2
/m/0dzbl	/education/educational_institution/students_graduates./education/education/student	/m/01n5309
/m/0gqz2	/award/award_category/winners./award/award_honor/honored_for	/m/09l9xt
/m/0gqz2	/award/award_category/nominees./award/award_nomination/nominated_for	/m/016ks5
/m/01vmv_	/award/award_category/winners./award/award_honor/honored_for	/m/09gd6ll
/m/0gqz2	/award/award_category/nominees./award/award_nomination/nominated_for	/m/04t36
/m/01s3kv	/tv/tv_actor/guest_roles./tv/tv_guest_role/episodes_appeared_in	/m/03_gx
/m/01w1w9	/music/record_label/artist	/m/0gfmc_
/m/05gh50	/people/cause_of_death/people	/m/01_0dh
/m/0789n	/business/job_title/people_with_this_title./business/employment_tenure/company	/m/05rhxg
/m/05smlt	/business/job_title/people_with_this_title./business/employment_tenure/company	/m/0hm_34j
/m/03_d0	/broadcast/radio_format/stations	/m/03jvmp
/m/03_d0	/music/genre/artists	/m/01z7dr
/m/03_d0	/music/genre/artists	/m/0hz_1
/m/0b2v79	/music/genre/artists	/m/01n2bx_
/m/04yj5z	/music/genre/subgenre	/m/0gz8z_
/m/0g2mbn	/music/genre/artists	/m/0164fj
/m/03_d0	/music/genre/artists	/m/02n5d
/m/03_d0	/music/genre/artists	/m/01tsbmv
/m/03_d0	/music/genre/artists	/m/0h1vz
/m/07zr66	/music/genre/artists	/m/0hgp0rk
/m/03_d0	/music/genre/artists	/m/0c7ct
/m/02k_kn	/music/genre/artists	/m/0k_nkz
/m/03_d0	/music/genre/artists	/m/07n68
/m/03_d0	/music/genre/artists	/m/03yvf2
/m/03_d0	/music/genre/artists	/m/0347xl
/m/0kp2_	/music/genre/artists	/m/0405cm4
/m/0c5vh	/music/genre/artists	/m/02vlsz0
/m/01bk1y	/music/genre/artists	/m/01jvq8q
/m/01nhkxp	/music/genre/artists	/m/0f2x0
/m/03_d0	/music/genre/artists	/m/07c9s
/m/03gyl	/location/location/contains	/m/02f2jv
/m/04btyz	/media_common/netflix_genre/titles	/m/02q5xsx
/m/05hqv	/people/ethnicity/people	/m/0byw7m
/m/04dbw3	/people/ethnicity/people	/m/015pnb
/m/04gfy7	/people/ethnicity/people	/m/01b195
/m/06bnz	/media_common/netflix_genre/titles	/m/05cc1
/m/06bnz	/location/location/contains	/m/0xjl2
/m/06bnz	/military/military_combatant/military_conflicts./military/military_combatant_group/conflict	/m/01c9dd
/m/0dnw1	/location/location/contains	/m/02lysz
/m/06bnz	/location/location/contains	/m/0680m7
/m/07cz2	/location/location/contains	/m/0bkj7j
/m/01_0f7	/people/profession/people_with_this_profession	/m/0267bjg
/m/06q2q	/people/profession/people_with_this_profession	/m/01sxq9
/m/03n5v	/fictional_universe/character_occupation/characters_with_this_occupation	/m/039htd
/m/0z4s	/people/profession/people_with_this_profession	/m/0kmq1
/m/03xnwz	/people/profession/people_with_this_profession	/m/0b3jj9
/m/05g76	/people/profession/people_with_this_profession	/m/02qkbty
/m/06q2q	/people/profession/people_with_this_profession	/m/01h1bf
/m/03p41	/people/profession/people_with_this_profession	/m/03g8c4
/m/01pj48	/people/profession/people_with_this_profession	/m/060600
/m/06q2q	/people/profession/people_with_this_profession	/m/07147
/m/02vgh	/people/profession/people_with_this_profession	/m/0bl9rd
/m/0jxy	/people/profession/people_with_this_profession	/m/09cprp
/m/06q2q	/people/profession/people_with_this_profession	/m/0134w7
/m/019z7b	/fictional_universe/character_occupation/characters_with_this_occupation	/m/09g6v3n
/m/06q2q	/people/profession/people_with_this_profession	/m/0yxm1
/m/01b30l	/people/profession/people_with_this_profession	/m/03bv26
/m/02ky346	/people/profession/people_with_this_profession	/m/0gfx38
/m/06q2q	/people/profession/people_with_this_profession	/m/09ps01
/m/01ngz1	/people/profession/people_with_this_profession	/m/01nwvb
/m/0264v8r	/people/profession/people_with_this_profession	/m/0gdrk1
/m/07th_	/education/educational_institution/students_graduates./education/education/student	/m/02qfk4j
/m/0bk1p	/music/artist/album	/m/081yw
/m/01pgp6	/location/location/containedby	/m/0cd4k6
/m/01nfl1	/travel/travel_destination/local_transportation	/m/0h3t4jf
/m/0227tr	/film/film/written_by	/m/02thcm
/m/018vs	/music/performance_role/track_performances./music/track_contribution/contributor	/m/03_z5f
/m/01dvry	/music/performance_role/regular_performances./music/group_membership/member	/m/01w5hdv
/m/05567m	/music/performance_role/regular_performances./music/group_membership/member	/m/09xr6_
/m/018vs	/music/performance_role/track_performances./music/track_contribution/contributor	/m/059dn
/m/018vs	/music/performance_role/regular_performances./music/group_membership/group	/m/011yl_
/m/05cv8	/music/performance_role/track_performances./music/track_contribution/contributor	/m/03cgwmb
/m/01vdm0	/music/instrument/instrumentalists	/m/01w3wj4
/m/018vs	/music/performance_role/regular_performances./music/group_membership/group	/m/03f7nt
/m/01fszq	/music/performance_role/regular_performances./music/group_membership/group	/m/0181_r
/m/0dqytn	/music/performance_role/regular_performances./music/group_membership/member	/m/0c0dj_
/m/0l14j_	/music/instrument/instrumentalists	/m/01w_zc6
/m/046b0s	/music/performance_role/guest_performances./music/recording_contribution/contributor	/m/0m67s
/m/07zqnm	/music/performance_role/regular_performances./music/group_membership/member	/m/01w_zc6
/m/023r2x	/music/instrument/instrumentalists	/m/09xr6_
/m/026bfsh	/music/performance_role/track_performances./music/track_contribution/contributor	/m/01w3wj4
/m/018vs	/music/performance_role/regular_performances./music/group_membership/group	/m/02r1ysd
/m/06qd3	/music/performance_role/regular_performances./music/group_membership/group	/m/076y98j
/m/0dll_t2	/music/performance_role/regular_performances./music/group_membership/group	/m/01hx3gc
/m/0bq0p9	/music/performance_role/regular_performances./music/group_membership/group	/m/01r25qv
/m/0m77m	/music/performance_role/regular_performances./music/group_membership/group	/m/05_hh8
/m/018vs	/music/performance_role/regular_performances./music/group_membership/member	/m/09k23
/m/0239kh	/music/performance_role/regular_performances./music/group_membership/member	/m/03cgwmb
/m/018vs	/music/performance_role/track_performances./music/track_contribution/contributor	/m/0hkpn
/m/01nn3m	/music/performance_role/track_performances./music/track_contribution/contributor	/m/017fl5
/m/02sjgpq	/education/educational_institution/students_graduates./education/education/student	/m/02r5nnw
/m/01pp3p	/people/profession/people_with_this_profession	/m/0kszfw
/m/02hv44_	/people/profession/people_with_this_profession	/m/05krk
/m/0fq5j	/people/profession/people_with_this_profession	/m/0bgzzw
/m/02hv44_	/people/profession/people_with_this_profession	/m/0gt3p
/m/04pp9s	/people/profession/people_with_this_profession	/m/01d6c_
/m/02hv44_	/people/profession/people_with_this_profession	/m/0jkvj
/m/02hv44_	/people/profession/people_with_this_profession	/m/022dc6
/m/0311wg	/people/profession/people_with_this_profession	/m/0b4c0p
/m/0g9yrw	/education/field_of_study/students_majoring./education/education/student	/m/02_6z0c
/m/02lp1	/education/field_of_study/students_majoring./education/education/institution	/m/07tnp
/m/02lp1	/education/field_of_study/students_majoring./education/education/specialization	/m/047msdk
/m/0jm4v	/education/field_of_study/students_majoring./education/education/student	/m/0bq_f1w
/m/07_k0c0	/education/field_of_study/students_majoring./education/education/student	/m/02wsyb
/m/03p41	/film/film/starring./film/performance/actor	/m/0gcf7c3
/m/03hf_rm	/cvg/cvg_genre/games	/m/06ztwyd
/m/03hf_rm	/cvg/cvg_genre/games	/m/06ztwyd
/m/03hf_rm	/cvg/cvg_genre/games	/m/0cnjm0
/m/03hf_rm	/cvg/cvg_genre/games	/m/04kbkd1
/m/057m6	/cvg/cvg_genre/games	/m/02r8pr1
/m/02vx4	/cvg/cvg_genre/games	/m/02pgwh1
/m/03hf_rm	/cvg/cvg_genre/games	/m/04kbkd1
/m/0k1dw	/cvg/cvg_genre/games	/m/04dynl
/m/03hf_rm	/cvg/cvg_genre/games	/m/06506j
/m/03hf_rm	/cvg/cvg_genre/games	/m/06ztwyd
/m/05qfh	/medicine/medical_specialty/diseases_treated	/m/081dp
/m/06nd8c	/film/actor/film./film/performance/film	/m/01k6y1
/m/07swvb	/tv/tv_program/episodes	/m/05b0x57
/m/07g9f	/tv/tv_program/episodes	/m/06vlk0
/m/07kr2	/time/event/includes_event	/m/026v1nw
/m/0j871	/film/actor/film./film/performance/film	/m/0kv53j
/m/03ym73	/film/film/subjects	/m/063nx
/m/02508x	/location/location/contains	/m/0fqxwc
/m/0136kr	/education/educational_institution/students_graduates./education/education/student	/m/066wfx
/m/09s93	/education/educational_institution/students_graduates./education/education/student	/m/047f8qk
/m/07wbk	/education/educational_institution/students_graduates./education/education/student	/m/01q77wk
/m/014xf6	/education/educational_institution/students_graduates./education/education/student	/m/0pyg6
/m/014xf6	/education/educational_institution/students_graduates./education/education/student	/m/09thp87
/m/0gsg7	/film/film_distributor/films_distributed./film/film_film_distributor_relationship/film	/m/05b7dt
/m/07jqh	/film/film_distributor/films_distributed./film/film_film_distributor_relationship/film	/m/0c3p5b
/m/0515_6	/film/film_distributor/films_distributed./film/film_film_distributor_relationship/film	/m/0b3_d9
/m/016tw3	/film/film_distributor/films_distributed./film/film_film_distributor_relationship/film	/m/03_lsr
/m/06v99d	/film/production_company/films	/m/0309c5
/m/017zq0	/film/production_company/films	/m/0cn_7sr
/m/09mfvx	/film/film_distributor/films_distributed./film/film_film_distributor_relationship/film	/m/01dc46
/m/02xwzh	/film/film_distributor/films_distributed./film/film_film_distributor_relationship/film	/m/054_8k
/m/018ljb	/olympics/olympic_games/medals_awarded./olympics/olympic_medal_honor/medalist	/m/01vvyvk
/m/01dw_f	/music/artist/album	/m/03fnnn
/m/0fnc_	/award/award_nominee/award_nominations./award/award_nomination/award_nominee	/m/03wdsf0
/m/06bng	/music/genre/artists	/m/0cp1jm9
/m/05lb65	/music/genre/artists	/m/02qx31j
/m/01h8rk	/education/educational_institution/students_graduates./education/education/student	/m/0g9srq7
/m/0bh8x1y	/award/award_category/winners./award/award_honor/award_winner	/m/0563b3
/m/02kgb7	/award/award_category/winners./award/award_honor/award_winner	/m/0276bn
/m/03s0w	/book/book_subject/works	/m/03hzl42
/m/03s0w	/location/location/contains	/m/0ltv
/m/0162v	/government/political_district/representatives./government/government_position_held/office_holder	/m/01z5v_
/m/0drc1	/film/film_genre/films_in_this_genre	/m/07l515w
/m/0424mc	/film/film_genre/films_in_this_genre	/m/026l1lq
/m/043q4d	/tv/non_character_role/tv_regular_personal_appearances./tv/tv_regular_personal_appearance/program	/m/0mhdz
/m/02rh1dz	/tv/non_character_role/tv_regular_personal_appearances./tv/tv_regular_personal_appearance/person	/m/04dqx
/m/04gqr	/military/military_combatant/military_conflicts./military/military_combatant_group/conflict	/m/0g_gl
/m/0b90_r	/location/location/events	/m/0ggbpt_
/m/079ws	/tv/tv_program_creator/programs_created	/m/019k6n
/m/09y2k2	/dining/cuisine/dishes	/m/02z3r
/m/02z3r	/dining/cuisine/dishes	/m/0411t3
/m/0bqdvt	/tv/tv_actor/starring_roles./tv/regular_tv_appearance/series	/m/01jv68
/m/0mpdw	/film/film/other_crew./film/film_crew_gig/crewmember	/m/09883c2
/m/01y9st	/people/ethnicity/people	/m/026ln2v
/m/0dz3r	/people/profession/people_with_this_profession	/m/0mcf4
/m/0dz3r	/people/profession/people_with_this_profession	/m/0l_tn
/m/07ncs0	/people/profession/people_with_this_profession	/m/01vsrsz
/m/0dz3r	/people/profession/people_with_this_profession	/m/0bpjh3
/m/017wh	/people/profession/people_with_this_profession	/m/0gvt1zv
/m/0g3b2z	/people/profession/people_with_this_profession	/m/02vlsz0
/m/0dz3r	/people/profession/people_with_this_profession	/m/01y888
/m/04mcw4	/people/profession/people_with_this_profession	/m/01n4_yn
/m/0pv54	/people/profession/people_with_this_profession	/m/0gff83x
/m/04s5_s	/people/profession/people_with_this_profession	/m/03h_5v3
/m/04969y	/people/profession/people_with_this_profession	/m/03gqd88
/m/08mbj5d	/people/profession/people_with_this_profession	/m/08_ncy
/m/0k_kr	/people/profession/people_with_this_profession	/m/043qb46
/m/0sxfd	/people/profession/people_with_this_profession	/m/01wk79d
/m/0dz3r	/people/profession/people_with_this_profession	/m/046zh
/m/0dz3r	/people/profession/people_with_this_profession	/m/0g2hw4
/m/08433	/people/profession/people_with_this_profession	/m/0bxzf0h
/m/03dft3	/people/profession/people_with_this_profession	/m/03hzjn_
/m/0dz3r	/people/profession/people_with_this_profession	/m/03nqbvz
/m/016z2j	/people/profession/people_with_this_profession	/m/08dfv4
/m/0dz3r	/people/profession/people_with_this_profession	/m/04kn29
/m/0dz3r	/people/profession/people_with_this_profession	/m/0577d
/m/0dz3r	/people/profession/people_with_this_profession	/m/05kj_
/m/0dz3r	/people/profession/people_with_this_profession	/m/011k4g
/m/0dz3r	/people/profession/people_with_this_profession	/m/0gg7gsl
/m/0gq9h	/award/award_category/nominees./award/award_nomination/nominated_for	/m/02pt7h_
/m/05563d	/music/genre/artists	/m/01v75dg
/m/0mmp3	/music/genre/artists	/m/0dcsx
/m/0mmp3	/music/genre/artists	/m/0ckhc
/m/012jfb	/film/film/personal_appearances./film/personal_film_appearance/person	/m/0948xk
/m/0cp9f9	/location/location/contains	/m/06w7fsy
/m/0154j	/location/location/contains	/m/03s9kp
/m/0154j	/olympics/olympic_participating_country/athletes./olympics/olympic_athlete_affiliation/athlete	/m/0320jz
/m/0154j	/location/location/contains	/m/05b2f_k
/m/01sbf2	/location/location/contains	/m/0bsvj4
/m/0196bp	/soccer/football_team/manager./soccer/football_team_management_tenure/manager	/m/04bsx1
/m/01c6qp	/award/award_ceremony/awards_presented./award/award_honor/award_winner	/m/03h26tm
/m/0347xz	/tv/tv_network/programs./tv/tv_network_duration/program	/m/01xklt
/m/01f2w0	/tv/tv_network/programs./tv/tv_network_duration/program	/m/032498
/m/0m2gk	/tv/tv_network/programs./tv/tv_network_duration/program	/m/0k9d7gj
/m/09m465	/tv/tv_network/programs./tv/tv_network_duration/program	/m/025zcd9
/m/01f2w0	/tv/tv_network/programs./tv/tv_network_duration/program	/m/0b_ljy
/m/058w5	/book/author/works_written	/m/03252g
/m/01m24m	/location/location/contains	/m/01dbxr
/m/01n2m6	/music/record_label/artist	/m/01jv_6
/m/026sdt1	/people/profession/people_with_this_profession	/m/02t0n9
/m/0fdjb	/people/profession/people_with_this_profession	/m/0fyjjm
/m/0153nq	/film/film_job/films_with_this_crew_job./film/film_crew_gig/crewmember	/m/0fyjjm
/m/020fgy	/medicine/disease/includes_diseases	/m/02jrl1
/m/025ttz4	/education/educational_institution/students_graduates./education/education/student	/m/02_fdj1
/m/011ysn	/media_common/netflix_genre/titles	/m/0crxlch
/m/02mjmr	/government/political_appointer/appointees./government/government_position_held/office_position_or_title	/m/0bl06
/m/07cbs	/people/appointer/appointment_made./people/appointment/appointee	/m/026ln2v
/m/02mjmr	/government/political_appointer/appointees./government/government_position_held/office_holder	/m/033hn8
/m/03kdl	/government/political_appointer/appointees./government/government_position_held/office_holder	/m/03zcp2
/m/07t31	/people/appointer/appointment_made./people/appointment/appointee	/m/03zcp2
/m/02mjmr	/people/appointer/appointment_made./people/appointment/appointee	/m/01385g
/m/09b6zr	/people/appointer/appointment_made./people/appointment/appointee	/m/0465sdr
/m/07cbs	/people/appointer/appointment_made./people/appointment/appointed_role	/m/0bg53_
/m/03kdl	/government/political_appointer/appointees./government/government_position_held/office_holder	/m/026ln2v
/m/02mjmr	/government/political_appointer/appointees./government/government_position_held/office_holder	/m/0fvd03
/m/01nhgd	/film/actor/film./film/performance/film	/m/05v6jy
/m/0151ns	/film/film_story_contributor/film_story_credits	/m/05v6jy
/m/0gyvgw	/sports/sports_team/roster./sports/sports_team_roster/player	/m/0bw7mp
/m/05swd	/film/film_genre/films_in_this_genre	/m/0283d
/m/01ky7c	/location/location/contains	/m/04m_9fk
/m/05tbn	/location/location/contains	/m/07pd_j
/m/05tbn	/location/location/contains	/m/025sf0_
/m/05tbn	/location/location/contains	/m/08vr94
/m/043h78	/location/location/contains	/m/03qcv0h
/m/0mzg2	/location/location/contains	/m/026nrtg
/m/05tbn	/location/location/contains	/m/04s934
/m/0pkr1	/location/location/contains	/m/079r3c
/m/05tbn	/location/location/contains	/m/03772
/m/02n4lw	/location/location/contains	/m/05s_h2r
/m/05z96	/people/profession/people_with_this_profession	/m/015y_n
/m/05z96	/people/profession/people_with_this_profession	/m/01vj9c
/m/05z96	/people/profession/people_with_this_profession	/m/06vr2
/m/021bk	/people/profession/people_with_this_profession	/m/07mnx
/m/05z96	/people/profession/people_with_this_profession	/m/0dq630k
/m/07s8r0	/people/profession/people_with_this_profession	/m/01c_7y
/m/0bl06	/people/profession/people_with_this_profession	/m/03nr3qq
/m/0jmwg	/people/profession/people_with_this_profession	/m/05zqs66
/m/09b6zr	/people/profession/people_with_this_profession	/m/02f7n7
/m/0glmv	/people/profession/people_with_this_profession	/m/0cxfjd
/m/08_yl1	/music/genre/artists	/m/01ngxm
/m/016t00	/tv/tv_actor/starring_roles./tv/regular_tv_appearance/series	/m/04qyn3
/m/01jqr_5	/film/actor/film./film/performance/film	/m/03k489
/m/0q9sg	/award/award_category/nominees./award/award_nomination/award_nominee	/m/06c10
/m/025t8bv	/organization/organization/parent./organization/organization_relationship/parent	/m/02mp92
/m/0fhzf	/location/location/events	/m/01k5t_3
/m/025vl4m	/music/genre/artists	/m/01lhscz
/m/01756d	/music/genre/artists	/m/01fj9_
/m/04fv0k	/music/genre/artists	/m/0dgpzr2
/m/01kcww	/travel/travel_destination/tourist_attractions	/m/02qvyrt
/m/023fb	/film/film_job/films_with_this_crew_job./film/film_crew_gig/film	/m/04f285v
/m/01xy5l_	/people/profession/people_with_this_profession	/m/09zf_q
/m/02g_7z	/sports/sports_position/players./sports/sports_team_roster/player	/m/018fwv
/m/02r6ltj	/royalty/order_of_chivalry/recipients./royalty/chivalric_order_membership/recipient	/m/02zyy4
/m/0382k	/user/coco/science/concepts_theories/child_concept	/m/05dkb
/m/06mnr	/user/coco/science/concepts_theories/child_concept	/m/014sdl
/m/0382k	/user/coco/science/concepts_theories/child_concept	/m/07cj3
/m/02lcqs	/time/time_zone/locations_in_this_time_zone	/m/03d8w5x
/m/0xy28	/tv/tv_program/episodes	/m/0kq_39q
/m/01f6ss	/education/school_category/schools_of_this_kind	/m/03j8fq
/m/05pcjw	/education/school_category/schools_of_this_kind	/m/041n43
/m/05whq_9	/people/person/parents	/m/07sgghb
/m/0165b	/travel/travel_destination/tourist_attractions	/m/05d0t9
/m/0cm5m	/location/location/contains	/m/04bsx1
/m/03xx9l	/tv/tv_actor/starring_roles./tv/regular_tv_appearance/series	/m/02rs1k0
/m/0jt3tjf	/location/location/contains	/m/01z28b
/m/0n5by	/location/location/contains	/m/049dzz
/m/0q9jk	/tv/tv_program/episodes	/m/035gjq
/m/023k2	/music/genre/artists	/m/08_lw9
/m/0n5gq	/music/genre/artists	/m/0cz1md
/m/026v1z	/music/genre/artists	/m/026s19l
/m/01243b	/music/genre/artists	/m/02b168
/m/0gkkf	/music/genre/artists	/m/017fl5
/m/022b_	/music/genre/artists	/m/01s136p
/m/02bd_f	/music/performance_role/track_performances./music/track_contribution/contributor	/m/03h_kgb
/m/013y1f	/music/performance_role/regular_performances./music/group_membership/group	/m/01_qp_
/m/016yr0	/film/actor/film./film/performance/film	/m/09lhln
/m/0277c3	/film/film/starring./film/performance/actor	/m/047r16j
/m/09kvv	/education/educational_institution/students_graduates./education/education/student	/m/04xydc
/m/017l66	/education/educational_institution/students_graduates./education/education/degree	/m/0gvys1
/m/0dzbl	/education/educational_institution/students_graduates./education/education/student	/m/0465sdr
/m/026wp	/base/activism/activism_issue/activists	/m/014nvr
/m/01t9_0	/education/educational_institution/students_graduates./education/education/student	/m/047r16j
/m/03s5t	/location/location/contains	/m/05xpms
/m/054c1	/location/location/contains	/m/080w7x
/m/0kpw3	/location/location/contains	/m/03mcd8
/m/0snty	/location/location/events	/m/0cmckh8
/m/059t8	/location/location/contains	/m/0j862
/m/059t8	/location/location/contains	/m/032qgs
/m/07ylj	/location/location/events	/m/0pzmf
/m/02m0b0	/education/educational_institution/students_graduates./education/education/student	/m/030bx4
/m/02cttt	/education/educational_institution/students_graduates./education/education/student	/m/043rftc
/m/02zcnq	/education/educational_institution/students_graduates./education/education/student	/m/04hxyh
/m/08cn_n	/award/award_nominee/award_nominations./award/award_nomination/nominated_for	/m/0276g40
/m/08cn_n	/film/director/film	/m/01cpqk
/m/057xkj_	/film/producer/film	/m/0j8f2hc
/m/0125ny	/award/award_nominee/award_nominations./award/award_nomination/award_nominee	/m/03c3hc9
/m/020fcn	/award/award_winner/awards_won./award/award_honor/award_winner	/m/03c3hc9
/m/0mpfn	/location/location/contains	/m/0hv4t
/m/0mpfn	/location/location/contains	/m/0jgqg
/m/04fzk	/location/location/contains	/m/0641bv
/m/01lfy	/travel/travel_destination/tourist_attractions	/m/0641bv
/m/01k_n63	/music/genre/artists	/m/0164fj
/m/0cnl09	/music/genre/artists	/m/064kn_g
/m/0155w	/music/genre/artists	/m/013l6l
/m/0155w	/music/genre/artists	/m/01gzdk
/m/0155w	/music/genre/artists	/m/038csl
/m/03pp73	/music/genre/artists	/m/03y9srp
/m/01s0_f	/music/genre/artists	/m/03h_kgb
/m/01d6jf	/film/actor/film./film/performance/film	/m/03f5spx
/m/01sn3	/location/location/contains	/m/018ym2
/m/021bp2	/cvg/cvg_genre/games	/m/06506j
/m/018jz	/cvg/cvg_genre/games	/m/03by3p7
/m/021bp2	/cvg/cvg_genre/games	/m/02hjn4
/m/03ht1z	/cvg/cvg_genre/games	/m/02r52xg
/m/01g4yw	/education/educational_institution/students_graduates./education/education/student	/m/02sr6mm
/m/015p6	/location/location/contains	/m/026m02z
/m/02vzc	/olympics/olympic_participating_country/medals_won./olympics/olympic_medal_honor/medalist	/m/044qx
/m/01fc7p	/music/performance_role/track_performances./music/track_contribution/contributor	/m/01x0hr_
/m/03bwzr4	/education/educational_degree/people_with_this_degree./education/education/student	/m/0c73z
/m/02j3d4	/education/educational_degree/people_with_this_degree./education/education/student	/m/02wsyb
/m/07bbc	/education/educational_degree/people_with_this_degree./education/education/student	/m/0c3dr7
/m/03bwzr4	/education/educational_degree/people_with_this_degree./education/education/student	/m/02lnhv
/m/07bcn	/education/educational_degree/people_with_this_degree./education/education/student	/m/0c1qgrg
/m/056878	/education/educational_degree/people_with_this_degree./education/education/student	/m/02q8gy8
/m/03bwzr4	/education/educational_degree/people_with_this_degree./education/education/student	/m/0821j
/m/018zsw	/education/educational_degree/people_with_this_degree./education/education/student	/m/0bq_f1w
/m/025jj7	/music/artist/album	/m/01jtd16
/m/0m0hw	/location/location/contains	/m/0c1n1r
/m/09wz9	/music/genre/artists	/m/01jvq8q
/m/09qxq7	/music/genre/artists	/m/03pmty
/m/01vskn	/music/genre/artists	/m/01sk8nh
/m/0b13g7	/award/award_nominee/award_nominations./award/award_nomination/award_nominee	/m/02w7fs
/m/0b13g7	/award/award_winner/awards_won./award/award_honor/award_winner	/m/0dgq80b
/m/0b_xm	/music/artist/album	/m/02gjp
/m/05bnp0	/music/artist/album	/m/07zypy
/m/016z68	/film/film_genre/films_in_this_genre	/m/04j0zy4
/m/0hn10	/film/film_genre/films_in_this_genre	/m/05gqf
/m/0hn10	/film/film_genre/films_in_this_genre	/m/0kcdl
/m/01s5q	/media_common/netflix_genre/titles	/m/04j0zy4
/m/01t032	/tv/tv_program/episodes	/m/06y57rm
/m/013kcv	/location/location/events	/m/025tjk_
/m/0173kj	/location/location/contains	/m/016xh5
/m/01m2n1	/music/genre/artists	/m/01l7nlz
/m/0175zz	/music/genre/artists	/m/0f61tk
/m/01d_h8	/people/profession/people_with_this_profession	/m/0415mzy
/m/01d_h8	/people/profession/people_with_this_profession	/m/03c3yf
/m/01d_h8	/people/profession/people_with_this_profession	/m/015pkt
/m/01d_h8	/people/profession/people_with_this_profession	/m/01wsj0
/m/01rs59	/people/profession/people_with_this_profession	/m/06c10
/m/09tlh	/people/profession/people_with_this_profession	/m/02z3vn5
/m/01d_h8	/people/profession/people_with_this_profession	/m/05j0w
/m/01btyw	/people/profession/people_with_this_profession	/m/0g199d
/m/01d259	/people/profession/people_with_this_profession	/m/09rt9y0
/m/04q_g	/people/profession/people_with_this_profession	/m/0cm_07
/m/019x4f	/people/profession/people_with_this_profession	/m/099kyz
/m/01d_h8	/people/profession/people_with_this_profession	/m/0tbql
/m/01_lhg	/people/profession/people_with_this_profession	/m/0f0t_1
/m/0fhpv4	/people/profession/people_with_this_profession	/m/02z3bch
/m/01d_h8	/people/profession/people_with_this_profession	/m/02ywhz
/m/01d_h8	/people/profession/people_with_this_profession	/m/038c0q
/m/01d_h8	/people/profession/people_with_this_profession	/m/0nm42
/m/06d4h	/people/profession/people_with_this_profession	/m/0gxh_l
/m/01d_h8	/people/profession/people_with_this_profession	/m/09vw2b7
/m/0r4qq	/people/profession/people_with_this_profession	/m/0cc9jw7
/m/028cg00	/people/profession/people_with_this_profession	/m/02sbwl
/m/01d_h8	/people/profession/people_with_this_profession	/m/07y07
/m/01d_h8	/people/profession/people_with_this_profession	/m/026wp
/m/01d_h8	/people/profession/people_with_this_profession	/m/02665kn
/m/05g49	/people/profession/people_with_this_profession	/m/03mhplk
/m/01d_h8	/people/profession/people_with_this_profession	/m/0421st
/m/01d_h8	/people/profession/people_with_this_profession	/m/01wz01
/m/0vgkd	/government/legislative_session/members./government/government_position_held/office_holder	/m/02mh2j
/m/01ccr8	/people/person/sibling_s./people/sibling_relationship/sibling	/m/04jjt1
/m/02bd_f	/music/genre/artists	/m/077tq4
/m/0p_tz	/film/actor/film./film/performance/film	/m/0d277t
/m/01pxg	/award/award_category/winners./award/award_honor/honored_for	/m/01d1_s
/m/0464gkc	/award/award_category/nominees./award/award_nomination/nominated_for	/m/0f_kz3
/m/02yw26	/music/genre/artists	/m/03d16q3
/m/044mz_	/tv/tv_actor/starring_roles./tv/regular_tv_appearance/series	/m/04qyn3
/m/05g8n	/music/record_label/artist	/m/09bnf
/m/06tp4h	/tv/tv_actor/guest_roles./tv/tv_guest_role/episodes_appeared_in	/m/07fb6
/m/07b2yw	/education/educational_institution/colors	/m/02fv8k
/m/072kp	/location/location/contains	/m/05s_h2r
/m/016r9z	/olympics/olympic_games/medals_awarded./olympics/olympic_medal_honor/medalist	/m/02rnwgr
/m/0mhlq	/tv/tv_program/regular_cast./tv/regular_tv_appearance/character	/m/08dqm4
/m/05f33tk	/film/film_genre/films_in_this_genre	/m/0b3kpr
/m/05jt_	/film/film_genre/films_in_this_genre	/m/054_8k
/m/03l7rh	/film/film_genre/films_in_this_genre	/m/069mcz
/m/045xh	/film/film_genre/films_in_this_genre	/m/09prlz
/m/031rq5	/film/film_genre/films_in_this_genre	/m/06_ycn8
/m/01g6gs	/film/film_genre/films_in_this_genre	/m/01qcz7
/m/01g6gs	/film/film_genre/films_in_this_genre	/m/064p92m
/m/01g6gs	/film/film_genre/films_in_this_genre	/m/01gzm2
/m/02wvfxz	/time/event/includes_event	/m/06_v6np
/m/01hwkn	/time/event/includes_event	/m/0bjrnt
/m/01xk7r	/education/educational_institution/students_graduates./education/education/student	/m/030vnj
/m/023g6w	/film/film/starring./film/performance/actor	/m/02bhj4
/m/02906	/tv/tv_program/episodes	/m/0_jq4
/m/02906	/tv/tv_program/episodes	/m/014pg1
/m/0dyztm	/location/location/contains	/m/09hxrq
/m/03khn	/travel/travel_destination/tourist_attractions	/m/03qkgyl
/m/0w7s	/location/location/contains	/m/04fwml
/m/03khn	/travel/travel_destination/tourist_attractions	/m/069d71
/m/03khn	/location/location/contains	/m/02p21g
/m/03khn	/travel/travel_destination/how_to_get_here./travel/transportation/transport_terminus	/m/03jn4
/m/03x3l	/location/location/contains	/m/02kxg_
/m/09b6zr	/location/location/contains	/m/020tg6
/m/04vmp	/location/location/contains	/m/03t852
/m/01lfvj	/sports/sports_team/roster./sports/sports_team_roster/player	/m/02qx2pv
/m/0b1s_q	/base/culturalevent/event/entity_involved	/m/05p6d86
/m/0dq626	/location/location/contains	/m/0232h0
/m/0b90_r	/location/location/contains	/m/01ync
/m/0ldqf	/location/location/contains	/m/05xr63
/m/037css	/location/location/contains	/m/036l06
/m/0b90_r	/location/location/contains	/m/06jnv
/m/083chw	/location/location/contains	/m/059trp
/m/018lc_	/location/location/events	/m/09rq3v
/m/07h34	/location/country/administrative_divisions	/m/0232h0
/m/0b90_r	/olympics/olympic_participating_country/medals_won./olympics/olympic_medal_honor/medalist	/m/01wyq0w
/m/0g8bw	/location/location/events	/m/01qq80
/m/0hn6d	/sports/sports_team/roster./sports/sports_team_roster/player	/m/049gc
/m/0dc3_	/location/us_county/hud_county_place	/m/0xr1v
/m/018zvb	/location/location/contains	/m/0xr1v
/m/0ymbl	/education/educational_institution/students_graduates./education/education/student	/m/0czkbt
/m/07v64s	/award/award_nominated_work/award_nominations./award/award_nomination/award_nominee	/m/097c4g
/m/0h52w	/education/educational_institution/students_graduates./education/education/student	/m/05h58kw
/m/02lcrv	/people/person/places_lived./people/place_lived/location	/m/0gtrg
/m/02zkz7	/military/armed_force/personnel./military/military_service/military_person	/m/0h3x4wk
/m/01_bmf	/military/armed_force/personnel./military/military_service/military_person	/m/01qkqwg
/m/01b65l	/film/actor/film./film/performance/film	/m/0c3p5b
/m/07xl34	/business/job_title/people_with_this_title./business/employment_tenure/company	/m/0drsyp
/m/02dj3	/education/educational_institution/students_graduates./education/education/student	/m/0163t3
/m/01wt4wc	/location/location/contains	/m/02hvdp
/m/01q_ph	/location/location/contains	/m/02rd9hf
/m/02jx1	/location/location/contains	/m/075pwf
/m/04smdd	/time/event/includes_event	/m/0gf1j
/m/09ff3	/book/book_subject/works	/m/05_1sc
/m/02jx1	/location/location/contains	/m/0n8qp
/m/0mp6	/location/location/contains	/m/065k8g
/m/02jx1	/location/location/contains	/m/0djywgn
/m/02jx1	/people/place_of_interment/interred_here	/m/016szr
/m/02jx1	/location/location/contains	/m/06x76
/m/02jx1	/book/book_subject/works	/m/021w0_
/m/0g8bw	/people/place_of_interment/interred_here	/m/03m8tpy
/m/037h1k	/music/record_label/artist	/m/0l8z1
/m/0lcd	/organization/organization_sector/organizations_in_this_sector	/m/04gtlm_
/m/0ddjy	/film/film/subjects	/m/019n7x
/m/0jyb4	/film/film/featured_film_locations	/m/02jmst
/m/0fw9n7	/film/film/starring./film/performance/actor	/m/053ynr
/m/01j_x	/education/educational_institution/students_graduates./education/education/student	/m/02vmjt5
/m/0kqj1	/education/educational_institution/students_graduates./education/education/student	/m/03j149k
/m/0136g9	/organization/organization_founder/organizations_founded	/m/014yzm
/m/0177sq	/education/educational_institution/students_graduates./education/education/student	/m/017149
/m/03fw4y	/tv/tv_actor/starring_roles./tv/regular_tv_appearance/series	/m/0542ff
/m/01jtp7	/education/educational_institution/students_graduates./education/education/student	/m/01r9c_
/m/050xpd	/music/genre/artists	/m/01wn3_n
/m/01v6480	/music/artist/album	/m/08gjkk
/m/014dd0	/education/educational_institution/students_graduates./education/education/student	/m/04z9tp
/m/031n8c	/education/educational_institution/students_graduates./education/education/student	/m/05cljf
/m/02ph9tm	/sports/sports_team/roster./sports/sports_team_roster/player	/m/0f1kf6
/m/01j8yr	/film/producer/film	/m/05b3r_4
/m/0488g9	/tv/tv_producer/programs_produced./tv/tv_producer_term/program	/m/02zq43
/m/0488g9	/film/director/film	/m/01wbl_r
/m/0mw1j	/location/it_province/capital	/m/0gw1x
/m/04_xrs	/base/aareas/schema/administrative_area/capital	/m/0727_
/m/0jtf1	/location/administrative_division/capital./location/administrative_division_capital_relationship/capital	/m/0gw1x
/m/04_xrs	/location/location/contains	/m/027ydt
/m/01zll8	/film/producer/film	/m/0309c5
/m/0h407	/people/ethnicity/people	/m/01pj2n9
/m/05jhg	/tv/tv_genre/programs	/m/09728
/m/05jhg	/tv/tv_genre/programs	/m/0p8r1
/m/05gml8	/tv/tv_genre/programs	/m/08fw3k
/m/05jhg	/tv/tv_genre/programs	/m/01f_3w
/m/0gv40	/music/musical_group/member./music/group_membership/member	/m/04z_5tb
/m/0143wl	/government/governmental_body/members./government/government_position_held/district_represented	/m/0g58g5n
/m/06xqq	/government/governmental_body/members./government/government_position_held/office_holder	/m/02mh2j
/m/011ycb	/government/governmental_body/members./government/government_position_held/office_holder	/m/09v4nk
/m/0b3wk	/government/governmental_body/members./government/government_position_held/office_holder	/m/070m12
/m/03c0t9	/government/governmental_body/members./government/government_position_held/office_holder	/m/01rcm2
/m/07nxnw	/government/governmental_body/members./government/government_position_held/office_holder	/m/02rjzd0
/m/0b3wk	/government/governmental_body/members./government/government_position_held/office_holder	/m/028p0
/m/0b3wk	/government/governmental_body/members./government/government_position_held/office_holder	/m/02zrv7
/m/0fk1z	/people/ethnicity/people	/m/0jnq8
/m/0m27n	/location/location/contains	/m/0ck27z
/m/095w_	/location/location/contains	/m/02prkgc
/m/0mczk	/location/location/contains	/m/06wbm8q
/m/0pspl	/education/educational_institution/students_graduates./education/education/student	/m/0mj1l
/m/0pspl	/education/educational_institution/students_graduates./education/education/student	/m/0565cz
/m/0pspl	/education/educational_institution/students_graduates./education/education/student	/m/0mdqp
/m/0nzny	/business/employer/employees./business/employment_tenure/person	/m/020q9s
/m/01wqg8	/award/award_winner/awards_won./award/award_honor/honored_for	/m/0300m_
/m/05j12n	/award/award_nominee/award_nominations./award/award_nomination/nominated_for	/m/0300m_
/m/0187y5	/tv/tv_actor/starring_roles./tv/regular_tv_appearance/series	/m/014635
/m/0187y5	/film/actor/film./film/performance/film	/m/01g1lp
/m/01p85y	/award/award_nominee/award_nominations./award/award_nomination/nominated_for	/m/0r03f
/m/01p85y	/tv/tv_actor/starring_roles./tv/regular_tv_appearance/series	/m/03m6_z
/m/01p85y	/award/award_winner/awards_won./award/award_honor/honored_for	/m/0yxf4
/m/05rgl	/location/location/contains	/m/04my7_b
/m/023k2	/business/company_type/companies_of_this_type	/m/057xs89
/m/02kv5k	/film/writer/film	/m/0fttwt
/m/023qfd	/film/producer/films_executive_produced	/m/051hrr
/m/023qfd	/tv/tv_writer/episodes_written	/m/0pf3k
/m/02qsqmq	/film/film/starring./film/performance/actor	/m/01kk32
/m/07c1v	/religion/religion/places_of_worship	/m/0601nz
/m/05zppz	/fictional_universe/character_gender/characters_of_this_gender	/m/06szd3
/m/05zppz	/fictional_universe/character_gender/characters_of_this_gender	/m/03jht
/m/0dzfdw	/fictional_universe/character_gender/characters_of_this_gender	/m/03h4kvw
/m/05zppz	/fictional_universe/character_gender/characters_of_this_gender	/m/0gj4fx
/m/011pcj	/fictional_universe/character_gender/characters_of_this_gender	/m/07r0v4
/m/05zppz	/fictional_universe/character_gender/characters_of_this_gender	/m/02r9qt
/m/0ggq0m	/fictional_universe/character_gender/characters_of_this_gender	/m/031ygd
/m/045n3p	/fictional_universe/character_gender/characters_of_this_gender	/m/05gxby
/m/05zppz	/fictional_universe/character_gender/characters_of_this_gender	/m/01hnp
/m/07n68	/medicine/risk_factor/diseases	/m/02jrl1
/m/05zppz	/fictional_universe/character_gender/characters_of_this_gender	/m/01n44c
/m/05zppz	/fictional_universe/character_gender/characters_of_this_gender	/m/02rg5rm
/m/03y8cbv	/fictional_universe/character_gender/characters_of_this_gender	/m/0p7fkvl
/m/05zppz	/fictional_universe/character_gender/characters_of_this_gender	/m/0crvfq
/m/05zppz	/fictional_universe/character_gender/characters_of_this_gender	/m/02_w_r9
/m/06fz_	/fictional_universe/character_gender/characters_of_this_gender	/m/0j9j6
/m/05zppz	/fictional_universe/character_gender/characters_of_this_gender	/m/0y54
/m/0gg8l	/fictional_universe/character_gender/characters_of_this_gender	/m/09g6v3n
/m/0b68vs	/award/award_nominee/award_nominations./award/award_nomination/award	/m/08fn5b
/m/01g969	/tv/tv_actor/starring_roles./tv/regular_tv_appearance/series	/m/02r1qy3
/m/07rhpg	/film/film/produced_by	/m/03gq8z1
/m/0ggbhy7	/award/award_winning_work/awards_won./award/award_honor/award_winner	/m/0mb0
/m/09pmkv	/award/award_nominated_work/award_nominations./award/award_nomination/award_nominee	/m/03gq8z1
/m/0hsb3	/education/educational_institution/students_graduates./education/education/student	/m/01x6v6
/m/0hsb3	/education/educational_institution/students_graduates./education/education/student	/m/095zvfg
/m/0hsb3	/education/educational_institution/students_graduates./education/education/student	/m/05bpg3
/m/02hygl	/cvg/cvg_genre/games	/m/02pgwh1
/m/0kbws	/olympics/olympic_games/medals_awarded./olympics/olympic_medal_honor/medalist	/m/0fs086
/m/01flgk	/military/military_combatant/military_conflicts./military/military_combatant_group/conflict	/m/01gr00
/m/01flgk	/military/military_combatant/military_conflicts./military/military_combatant_group/conflict	/m/0778p
/m/01flgk	/military/military_combatant/military_conflicts./military/military_combatant_group/conflict	/m/0cp9f9
/m/01hmnh	/media_common/netflix_genre/titles	/m/02sdwt
/m/01hmnh	/cvg/cvg_genre/games	/m/09rdns
/m/01hmnh	/film/film_genre/films_in_this_genre	/m/01wx756
/m/0_vn7	/film/film_genre/films_in_this_genre	/m/0cd3jr
/m/01hmnh	/media_common/netflix_genre/titles	/m/0bdwft
/m/01hmnh	/cvg/cvg_genre/games	/m/0642v9q
/m/03yn5x5	/cvg/cvg_genre/games	/m/03cng28
/m/01hmnh	/media_common/netflix_genre/titles	/m/0fdv3
/m/046qpy	/tv/tv_genre/programs	/m/0lpgyb6
/m/0jwl2	/film/film_genre/films_in_this_genre	/m/040lmh
/m/06xqq	/film/film_genre/films_in_this_genre	/m/0j310sj
/m/01r97z	/film/film_genre/films_in_this_genre	/m/0kv55t
/m/01hmnh	/film/film_genre/films_in_this_genre	/m/0dtd6
/m/01hmnh	/media_common/netflix_genre/titles	/m/05lx3
/m/01hmnh	/film/film_genre/films_in_this_genre	/m/01k4f
/m/01hmnh	/film/film_genre/films_in_this_genre	/m/01nhkxp
/m/01hmnh	/film/film_genre/films_in_this_genre	/m/0q9jk
/m/01hmnh	/film/film_genre/films_in_this_genre	/m/01c57n
/m/01hmnh	/tv/tv_genre/programs	/m/06rk8r
/m/01hmnh	/film/film_genre/films_in_this_genre	/m/01q940
/m/01hmnh	/film/film_genre/films_in_this_genre	/m/0cfs8
/m/014d7f	/media_common/netflix_genre/titles	/m/0kv55t
/m/012s1d	/film/film_genre/films_in_this_genre	/m/05f5qpk
/m/04gp3_2	/education/educational_institution/students_graduates./education/education/student	/m/053zm7
/m/021q23	/education/educational_institution/students_graduates./education/education/student	/m/01rmyj
/m/0653m	/media_common/netflix_genre/titles	/m/0fcgd
/m/0653m	/media_common/netflix_genre/titles	/m/0mgp
/m/059ss	/location/location/contains	/m/0gm08y
/m/0cc8l6d	/time/event/locations	/m/06642v
/m/0bwtj	/travel/travel_destination/tourist_attractions	/m/03f0fp
/m/02k8k	/people/profession/people_with_this_profession	/m/06c10
/m/0dgd_	/people/profession/people_with_this_profession	/m/027rn
/m/0dgd_	/people/profession/people_with_this_profession	/m/02y74
/m/0dgd_	/people/profession/people_with_this_profession	/m/02m_41
/m/0dl5d	/music/genre/artists	/m/01gkgk
/m/0dl5d	/music/genre/artists	/m/048qrd
/m/0dl5d	/music/genre/artists	/m/0lzp
/m/0bgv4g	/music/genre/artists	/m/02mm3n
/m/0gct_	/influence/influence_node/influenced	/m/06rny
/m/027qb1	/government/government_office_category/officeholders./government/government_position_held/office_holder	/m/0d8b1w
/m/0pqc5	/government/government_office_category/officeholders./government/government_position_held/office_holder	/m/04107
/m/0pqc5	/government/government_office_category/officeholders./government/government_position_held/office_holder	/m/084x96
/m/01hr11	/music/record_label/artist	/m/0k_nkz
/m/011k1h	/music/record_label/artist	/m/01hc1j
/m/086k8	/music/record_label/artist	/m/0gvt1zv
/m/011k1h	/music/record_label/artist	/m/0d23k
/m/011k1h	/music/record_label/artist	/m/01_qc_
/m/01d30f	/people/profession/people_with_this_profession	/m/06y3r
/m/0187wh	/people/profession/people_with_this_profession	/m/049gnrl
/m/01d30f	/people/profession/people_with_this_profession	/m/0jhd
/m/01d30f	/people/profession/people_with_this_profession	/m/04ggbrk
/m/01d30f	/people/profession/people_with_this_profession	/m/0cqt41
/m/01d30f	/people/profession/people_with_this_profession	/m/027nnh
/m/01zh3_	/people/profession/people_with_this_profession	/m/0by0k8h
/m/01d30f	/people/profession/people_with_this_profession	/m/030vnj
/m/01d30f	/people/profession/people_with_this_profession	/m/03m5y9p
/m/01d30f	/people/profession/people_with_this_profession	/m/01nms7
/m/03n3gl	/people/profession/people_with_this_profession	/m/02vlsz0
/m/01d30f	/people/profession/people_with_this_profession	/m/027qgy
/m/017lqp	/people/profession/people_with_this_profession	/m/0ds51jd
/m/09v51c2	/people/profession/people_with_this_profession	/m/0drzrd8
/m/01d30f	/people/profession/people_with_this_profession	/m/0h7x
/m/01d30f	/people/profession/people_with_this_profession	/m/027752
/m/01d30f	/people/profession/people_with_this_profession	/m/04pry
/m/03zv2t	/people/profession/people_with_this_profession	/m/01wzq82
/m/0d6b7	/people/profession/people_with_this_profession	/m/09gcvw4
/m/01l_yg	/cvg/game_voice_actor/computer_game_voice_performances./cvg/game_performance/game	/m/015f7
/m/04swd	/location/administrative_division/capital./location/administrative_division_capital_relationship/capital	/m/03fxfy
/m/026mx4	/base/aareas/schema/administrative_area/capital	/m/0sbv7
/m/0154gx	/government/legislative_session/members./government/government_position_held/office_holder	/m/01rcm2
/m/0bqch	/location/location/contains	/m/02jkqd
/m/0c7t58	/music/performance_role/track_performances./music/track_contribution/contributor	/m/01x0hr_
/m/0l14md	/music/instrument/instrumentalists	/m/04j9gx
/m/06m6p7	/music/performance_role/track_performances./music/track_contribution/contributor	/m/04j9gx
/m/0835q	/government/political_appointer/appointees./government/government_position_held/office_position_or_title	/m/01zyyv
/m/0342z_	/education/educational_institution/students_graduates./education/education/student	/m/0404_gy
/m/0hd7j	/education/educational_institution/students_graduates./education/education/student	/m/03q8ch
/m/0hdf8	/music/genre/artists	/m/03yf4d
/m/047wh1	/music/genre/artists	/m/02h18k
/m/011xjd	/location/location/contains	/m/05zwdb
/m/0m2fr	/award/hall_of_fame/inductees./award/hall_of_fame_induction/inductee	/m/0bqzs7
/m/0n04r	/award/hall_of_fame/inductees./award/hall_of_fame_induction/inductee	/m/02vwgs_
/m/03xj1	/base/activism/activism_issue/activists	/m/0c3_jh9
/m/01xyqk	/location/location/contains	/m/076zb6
/m/01dw9z	/people/person/children	/m/09bv78
/m/04gzd	/location/location/contains	/m/0244r8
/m/04gzd	/location/location/contains	/m/06yrj6
/m/01mtt	/cvg/cvg_genre/games	/m/042n6b
/m/01j17q	/cvg/cvg_genre/games	/m/0ddc0c
/m/0bpsmq	/cvg/cvg_genre/games	/m/03cng28
/m/06c9r	/cvg/cvg_genre/games	/m/0bs4t29
/m/05mlqj	/tv/tv_actor/guest_roles./tv/tv_guest_role/episodes_appeared_in	/m/059nf5
/m/0g64p	/people/ethnicity/includes_groups	/m/02qx28s
/m/05nlx4	/book/book_subject/works	/m/0n_gw
/m/07cjqy	/film/actor/film./film/performance/film	/m/024nj1
/m/059y0	/award/award_category/nominees./award/award_nomination/nominated_for	/m/06qh2n
/m/01xcgf	/award/award_category/nominees./award/award_nomination/nominated_for	/m/0kv53j
/m/0fn2g	/location/location/contains	/m/011k1h
/m/0fn2g	/location/location/contains	/m/02ndbd
/m/0g2jl	/education/educational_institution/students_graduates./education/education/student	/m/02fz3w
/m/0473m9	/education/educational_institution/students_graduates./education/education/student	/m/0bx8nz
/m/05gqf	/location/location/contains	/m/09yrls
/m/0mp6	/user/coco/science/concepts_theories/child_concept	/m/04rjg
/m/04rjg	/user/coco/science/concepts_theories/child_concept	/m/02gsbd
/m/017gxw	/film/director/film	/m/02z4191
/m/0fc1m	/music/genre/artists	/m/03gqd88
/m/0drr3	/music/genre/artists	/m/0cc91q9
/m/057d89	/people/profession/people_with_this_profession	/m/03d2_w8
/m/0fq9zdv	/people/profession/people_with_this_profession	/m/0ky88
/m/02km0m	/film/film_location/featured_in_films	/m/0crd8z
/m/01n951	/education/educational_institution/students_graduates./education/education/student	/m/01wp8w7
/m/01n951	/education/educational_institution/students_graduates./education/education/student	/m/02q42j_
/m/01n951	/education/educational_institution/students_graduates./education/education/student	/m/0135xb
/m/01n951	/education/educational_institution/students_graduates./education/education/student	/m/0jsw9l
/m/03ckvj9	/tv/tv_writer/episodes_written	/m/0409n0
/m/0gn30	/tv/tv_writer/episodes_written	/m/05dhf29
/m/069d68	/tennis/tennis_tournament_champion/tennis_titles./tennis/tennis_tournament_championship/winner	/m/012xdf
/m/03f47xl	/book/author/works_written	/m/08thpr
/m/02825cv	/organization/organization_sector/organizations_in_this_sector	/m/0dt_kh
/m/06z68	/olympics/olympic_sport/athletes./olympics/olympic_athlete_affiliation/athlete	/m/04jlz6p
/m/06nrt	/government/governmental_jurisdiction/governing_officials./government/government_position_held/office_holder	/m/04yg9d_
/m/017r13	/film/film/language	/m/0xrg
/m/03_zv5	/people/profession/people_with_this_profession	/m/027dyzg
/m/096gm	/people/profession/people_with_this_profession	/m/03jy3w
/m/012t_z	/people/profession/people_with_this_profession	/m/048htn
/m/06mmb	/people/profession/people_with_this_profession	/m/03mf494
/m/012t_z	/people/profession/people_with_this_profession	/m/0263ycg
/m/01bn3l	/people/profession/people_with_this_profession	/m/02qx81g
/m/012t_z	/people/profession/people_with_this_profession	/m/04dqdk
/m/012t_z	/people/profession/people_with_this_profession	/m/04glr5h
/m/033hqf	/people/profession/people_with_this_profession	/m/0cc7v4n
/m/012t_z	/people/profession/people_with_this_profession	/m/059qw
/m/012t_z	/people/profession/people_with_this_profession	/m/0gslw
/m/012t_z	/people/profession/people_with_this_profession	/m/06myp
/m/012t_z	/people/profession/people_with_this_profession	/m/0prfz
/m/012t_z	/people/profession/people_with_this_profession	/m/084l5
/m/0c3ns	/people/profession/people_with_this_profession	/m/012qgc
/m/025mbn	/people/profession/people_with_this_profession	/m/03c1mnw
/m/0283_zv	/people/profession/people_with_this_profession	/m/01d1bs
/m/09m465	/people/profession/people_with_this_profession	/m/02rgp49
/m/012t_z	/people/profession/people_with_this_profession	/m/01c0h6
/m/0jkvj	/people/profession/people_with_this_profession	/m/04lkvc
/m/026n047	/people/profession/people_with_this_profession	/m/026gs8q
/m/07wj1	/people/profession/people_with_this_profession	/m/028bddt
/m/0dzfdw	/people/profession/people_with_this_profession	/m/02sld7
/m/012t_z	/people/profession/people_with_this_profession	/m/01s7qqw
/m/04q_g	/people/profession/people_with_this_profession	/m/02pqxtp
/m/02kbtf	/people/profession/people_with_this_profession	/m/0fl7l
/m/012t_z	/people/profession/people_with_this_profession	/m/0d075m
/m/0f4yh	/people/profession/people_with_this_profession	/m/03wqqb8
/m/05y0cr	/people/profession/people_with_this_profession	/m/03cvzp4
/m/01c427	/award/award_category/nominees./award/award_nomination/award_nominee	/m/07xyn1
/m/0x2hn	/aviation/airline_alliance/member_airlines	/m/01rcct
/m/01yl6n	/location/location/contains	/m/0579tg2
/m/06chf	/tv/tv_writer/episodes_written	/m/05zxrj0
/m/02779r4	/film/producer/films_executive_produced	/m/0dqzkv
/m/02bqmq	/government/legislative_session/members./government/government_position_held/office_holder	/m/04flrx
/m/03v52f	/education/educational_institution/students_graduates./education/education/student	/m/02mjxr
/m/01clyb	/education/educational_institution/students_graduates./education/education/student	/m/025z0ng
/m/02zd460	/education/educational_institution/students_graduates./education/education/student	/m/02s529
/m/01xdxy	/business/employer/employees./business/employment_tenure/person	/m/0c1qgrg
/m/02zd460	/education/educational_institution/students_graduates./education/education/student	/m/018p4y
/m/02zd460	/education/educational_institution/students_graduates./education/education/student	/m/01nglk
/m/02fjzt	/education/educational_institution/students_graduates./education/education/student	/m/027m16x
/m/0cv_2	/education/educational_institution/students_graduates./education/education/student	/m/04bbx2
/m/01rz1	/education/educational_institution/students_graduates./education/education/student	/m/02r5skp
/m/0kqbh	/education/educational_institution/students_graduates./education/education/student	/m/08q53s
/m/05b5c	/education/educational_institution/students_graduates./education/education/student	/m/03m_7y
/m/02zd460	/business/employer/employees./business/employment_tenure/person	/m/07z4p5
/m/05x_5	/education/educational_institution/students_graduates./education/education/student	/m/026ln2v
/m/09k23	/education/educational_institution/students_graduates./education/education/student	/m/02pnbs3
/m/0ctt4z	/film/actor/film./film/performance/film	/m/02qyync
/m/03gr7w	/award/award_nominee/award_nominations./award/award_nomination/award_nominee	/m/03b1l8
/m/0cv1h	/award/award_nominee/award_nominations./award/award_nomination/award	/m/02f788
/m/0bpm4yw	/music/performance_role/track_performances./music/track_contribution/contributor	/m/0264ttj
/m/0147gr	/business/industry/companies	/m/021w0_
/m/0260p2	/education/educational_institution/students_graduates./education/education/student	/m/02qkbty
/m/0cqbc	/tv/tv_genre/programs	/m/0c2yz5
/m/0c0wvx	/tv/tv_genre/programs	/m/05sfkc
/m/0265vt	/award/award_category/nominees./award/award_nomination/nominated_for	/m/036n1
/m/018zqj	/award/award_category/winners./award/award_honor/honored_for	/m/0b2k_s
/m/01x4x4	/tv/tv_genre/programs	/m/0462grz
/m/02l7c8	/film/film_genre/films_in_this_genre	/m/0bxsk
/m/04lh6	/media_common/netflix_genre/titles	/m/07shxhw
/m/01bj6y	/film/film_genre/films_in_this_genre	/m/0822j
/m/01z_g6	/film/film_genre/films_in_this_genre	/m/0447rg
/m/02l7c8	/film/film_genre/films_in_this_genre	/m/02m_41
/m/047xyn	/film/film_genre/films_in_this_genre	/m/08ww44
/m/02l7c8	/film/film_genre/films_in_this_genre	/m/08132w
/m/02l7c8	/film/film_genre/films_in_this_genre	/m/0166b8
/m/021yc7p	/film/film_genre/films_in_this_genre	/m/0p_ss
/m/02l7c8	/film/film_genre/films_in_this_genre	/m/02kxg_
/m/0ldff	/film/film_genre/films_in_this_genre	/m/09rvn9d
/m/09d5h	/film/film_genre/films_in_this_genre	/m/01d1_s
/m/0n839	/film/film_genre/films_in_this_genre	/m/0cvt65
/m/0frpd5	/film/film_genre/films_in_this_genre	/m/03c6q4
/m/02l7c8	/film/film_genre/films_in_this_genre	/m/01k_yf
/m/02l7c8	/film/film_genre/films_in_this_genre	/m/02q253
/m/02l7c8	/film/film_genre/films_in_this_genre	/m/045xx
/m/02l7c8	/film/film_genre/films_in_this_genre	/m/01y06y
/m/0ym8f	/music/genre/artists	/m/0cz1md
/m/01ysy9	/music/genre/artists	/m/08t89c
/m/031rp3	/film/production_company/films	/m/01sfmyk
/m/034487	/music/genre/artists	/m/0__wm
/m/042v_gx	/music/instrument/instrumentalists	/m/02wx406
/m/0hn10	/music/performance_role/regular_performances./music/group_membership/member	/m/06yws3
/m/03qd_	/tv/tv_actor/starring_roles./tv/regular_tv_appearance/series	/m/0660b9b
/m/0n5hh	/government/political_ideology/political_parties	/m/02vkbtf
/m/07xpm	/award/award_nominee/award_nominations./award/award_nomination/award_nominee	/m/0gff83x
/m/0412f5y	/award/award_winner/awards_won./award/award_honor/award_winner	/m/07k2d
/m/0412f5y	/award/award_winner/awards_won./award/award_honor/award	/m/03x45p
/m/041td_	/film/film/starring./film/performance/actor	/m/03mh94
/m/047sgz4	/award/award_category/nominees./award/award_nomination/nominated_for	/m/0k4bc
/m/055vr	/location/location/contains	/m/0_00
/m/055vr	/location/location/contains	/m/01qcz7
/m/01v3vp	/award/award_category/winners./award/award_honor/award_winner	/m/03bv26
/m/0f6zs	/tv/tv_program/episodes	/m/03rsy4
/m/0symg	/tv/tv_program/episodes	/m/05g7zm
/m/0mn0v	/olympics/olympic_participating_country/medals_won./olympics/olympic_medal_honor/medalist	/m/09pqr
/m/0846v	/location/location/contains	/m/06wzvr
/m/084z0w	/location/location/contains	/m/06_5dnr
/m/0846v	/location/location/contains	/m/02d478
/m/0846v	/location/location/contains	/m/0291ck
/m/0gv07g	/cvg/game_series/games_in_series	/m/03y8m_n
/m/01j7pt	/tv/tv_network/programs./tv/tv_network_duration/program	/m/07s8xtc
/m/03ykjs9	/tv/tv_network/programs./tv/tv_network_duration/program	/m/05zqnzn
/m/0j862	/music/performance_role/regular_performances./music/group_membership/group	/m/02qzjj
/m/06gh0t	/location/location/contains	/m/03xsrq
/m/0281s1	/location/location/events	/m/06_v6np
/m/015fr	/location/location/contains	/m/0dkv90
/m/07bz5	/location/location/contains	/m/07z2n9
/m/015fr	/location/location/contains	/m/09tcg4
/m/015fr	/location/location/contains	/m/0jnpv
/m/0418154	/music/genre/artists	/m/02mh0b
/m/05pbsry	/music/genre/artists	/m/0dlmzmq
/m/01j17q	/cvg/cvg_genre/games	/m/04kbkd1
/m/04rjg	/cvg/cvg_genre/games	/m/0bmhk0g
/m/01t9_0	/film/film_distributor/films_distributed./film/film_film_distributor_relationship/film	/m/0f5kw7
/m/025tjk_	/music/genre/artists	/m/04zl8
/m/0382k	/user/coco/science/concepts_theories/child_concept	/m/050fdl
/m/02n1gr	/film/actor/film./film/performance/film	/m/0prrm
/m/02zfg3	/film/actor/film./film/performance/film	/m/0ymb6
/m/02zfg3	/award/award_nominee/award_nominations./award/award_nomination/nominated_for	/m/06n6p
/m/020trj	/tv/tv_actor/starring_roles./tv/regular_tv_appearance/series	/m/0300m_
/m/058vfp4	/location/location/contains	/m/09v2cyc
/m/03xj05	/location/location/contains	/m/091857
/m/09ykwk	/base/schemastaging/tv_actor_extra/regular_dubbing_performances./base/schemastaging/tv_star_dubbing_performance/program	/m/01vzxmq
/m/07lly	/location/location/events	/m/0dlm4pj
/m/044n3h	/cvg/cvg_designer/games_designed	/m/05qtdj
/m/0fb7c	/location/location/contains	/m/02ddwb
/m/0n83s	/business/industry/companies	/m/02rhtc5
/m/030vnj	/business/industry/companies	/m/01rcct
/m/0x67	/people/ethnicity/people	/m/0dbdy
/m/0x67	/people/ethnicity/people	/m/01wd9vs
/m/06v36	/people/ethnicity/people	/m/026fnxt
/m/0x67	/people/ethnicity/people	/m/02r6c_
/m/04w7rn	/people/ethnicity/people	/m/0kszfw
/m/015_1q	/people/ethnicity/included_in_group	/m/0kst1
/m/076zy_g	/people/ethnicity/people	/m/02q9r0f
/m/02y6fz	/people/ethnicity/people	/m/08hbx4
/m/0f03_	/people/ethnicity/people	/m/02qwwqs
/m/03d9wk	/people/ethnicity/people	/m/07dr1c
/m/0x67	/people/ethnicity/people	/m/0kvwh
/m/0x67	/people/ethnicity/people	/m/090q8l
/m/0x67	/people/ethnicity/people	/m/0l15n
/m/0x67	/people/ethnicity/people	/m/05dxl5
/m/01k5t_3	/people/ethnicity/people	/m/02qmq1c
/m/0x67	/people/ethnicity/people	/m/014bpd
/m/0x67	/people/ethnicity/people	/m/01bvw5
/m/04bsx1	/people/ethnicity/people	/m/0795t6
/m/0x67	/people/ethnicity/people	/m/035zr0
/m/01f7j9	/film/writer/film	/m/0f4y3
/m/04r7jc	/music/performance_role/track_performances./music/track_contribution/contributor	/m/01w5hdv
/m/01vdm0	/music/performance_role/track_performances./music/track_contribution/contributor	/m/0x3b7
/m/02j9z	/location/location/contains	/m/026v1z
/m/02h1rt	/location/location/contains	/m/032358
/m/02j9z	/location/location/contains	/m/0l8bg
/m/02j9z	/location/location/contains	/m/02pz3j5
/m/0123gq	/location/location/contains	/m/0crh18
/m/02j9z	/location/location/contains	/m/05nshw
/m/03xpx0	/location/location/contains	/m/058_qr
/m/0424mc	/location/location/contains	/m/06z52h
/m/02j9z	/location/location/contains	/m/02rnns
/m/0pqzh	/tv/tv_writer/episodes_written	/m/0kxg1k9
/m/02tzwd	/award/award_category/nominees./award/award_nomination/award_nominee	/m/01cr28
/m/07qcbw	/tv/tv_writer/episodes_written	/m/0k9zjmg
/m/050l8	/government/political_district/representatives./government/government_position_held/office_holder	/m/01gw8b
/m/050l8	/location/location/contains	/m/08xvpn
/m/05mc7y	/film/producer/film	/m/0nrnz
/m/0n03f	/travel/travel_destination/tourist_attractions	/m/0f485
/m/0phx4	/film/person_or_entity_appearing_in_film/films./film/personal_film_appearance/film	/m/06w_b
/m/0phx4	/film/actor/film./film/performance/film	/m/0b9dmk
/m/01_8w2	/government/political_ideology/political_parties	/m/02ckx6
/m/01yrx	/fictional_universe/character_species/characters_of_this_species	/m/0clpml
/m/046b0s	/education/educational_institution/students_graduates./education/education/student	/m/03qpc5_
/m/02bb47	/business/employer/employees./business/employment_tenure/person	/m/049m19
/m/0d_23	/education/academic_institution/visiting_scholars_fellows_etc./education/academic_post/person	/m/0c1qgrg
/m/01hr11	/education/academic_institution/visiting_scholars_fellows_etc./education/academic_post/person	/m/05xc_19
/m/03q0r1	/business/employer/employees./business/employment_tenure/person	/m/05xc_19
/m/07wf9	/sports/sports_team/roster./sports/sports_team_roster/player	/m/0f1kf6
/m/04mqgr	/award/award_category/nominees./award/award_nomination/award_nominee	/m/032j_n
/m/0fj52s	/film/film/dubbing_performances./film/dubbing_performance/actor	/m/0f60l7
/m/01mpwj	/education/educational_institution/students_graduates./education/education/student	/m/04087hg
/m/0jc6p	/broadcast/genre/content	/m/03d49mb
/m/05qjc	/broadcast/genre/content	/m/0jrv_
/m/021l5s	/geography/lake_type/lakes_of_this_type	/m/02_l_j
/m/08cyft	/music/genre/artists	/m/0311wg
/m/0l2tk	/music/genre/artists	/m/05f0s0
/m/09cdxn	/award/award_nominee/award_nominations./award/award_nomination/nominated_for	/m/07s8hms
/m/09cdxn	/film/cinematographer/film	/m/04h6mm
/m/0dhd5	/location/location/contains	/m/016376
/m/0fdys	/book/book_subject/works	/m/01tfck
/m/0gj50	/tv/tv_program/episodes	/m/06y611
/m/03_8kz	/tv/tv_program/episodes	/m/05dshsz
/m/09n70c	/location/location/contains	/m/0h3pt7n
/m/012hw	/base/fight/crime_type/victims_of_this_crime_type	/m/0bwfn
/m/0hd7j	/people/cause_of_death/people	/m/03c40
/m/0m257	/people/cause_of_death/people	/m/0263b0q
/m/012hw	/people/cause_of_death/people	/m/045c7b
/m/01dycg	/education/educational_institution/students_graduates./education/education/student	/m/02qxlrl
/m/01bcwk	/education/educational_institution/students_graduates./education/education/student	/m/01mqh5
/m/01bcwk	/education/educational_institution/students_graduates./education/education/student	/m/07nx9j
/m/05t2fh4	/medicine/disease/symptoms	/m/079p0q
/m/02h659	/music/record_label/artist	/m/01lg_1x
/m/0168cl	/music/artist/album	/m/01mhr3s
/m/02404v	/people/ethnicity/people	/m/02dgjd
/m/041rx	/people/ethnicity/people	/m/032r1
/m/041rx	/people/ethnicity/people	/m/03h4mp
/m/041rx	/people/ethnicity/people	/m/05_30hd
/m/05683cn	/people/ethnicity/people	/m/0f43qv
/m/019m9h	/people/ethnicity/people	/m/01vgtv
/m/01rc6f	/film/film_genre/films_in_this_genre	/m/0cvt65
/m/06cvj	/film/film_genre/films_in_this_genre	/m/01k6y1
/m/06cvj	/film/film_genre/films_in_this_genre	/m/0d9s5
/m/0c0tzp	/film/film_genre/films_in_this_genre	/m/0nhh9z4
/m/06cvj	/film/film_genre/films_in_this_genre	/m/02z6fs
/m/06cvj	/tv/tv_genre/programs	/m/0j5b8
/m/02tf1y	/location/location/contains	/m/08552_
/m/02cj_f	/government/legislative_session/members./government/government_position_held/office_holder	/m/01rcm2
/m/013gxt	/people/place_of_interment/interred_here	/m/09rxycl
/m/0r0ls	/people/place_of_interment/interred_here	/m/0141r7
/m/0jnlm	/sports/sports_team/championships	/m/0b_6v_
/m/0jtdp	/media_common/netflix_genre/titles	/m/07w3r
/m/09hd16	/tv/tv_genre/programs	/m/02pp3b2
/m/05cj_j	/media_common/netflix_genre/titles	/m/0crvfxp
/m/044gyq	/tv/tv_genre/programs	/m/0ryvj4g
/m/0jtdp	/media_common/netflix_genre/titles	/m/0c41n
/m/027r8p	/tv/tv_genre/programs	/m/05wgrn
/m/0jtdp	/film/film_genre/films_in_this_genre	/m/03qbm
/m/0jtdp	/film/film_genre/films_in_this_genre	/m/01fwf1
/m/0jtdp	/film/film_genre/films_in_this_genre	/m/0372kf
/m/0f69h	/film/film_genre/films_in_this_genre	/m/063_q1y
/m/0jtdp	/film/film_genre/films_in_this_genre	/m/01f873
/m/0jtdp	/film/film_genre/films_in_this_genre	/m/0mwxz
/m/0qmd5	/tv/tv_genre/programs	/m/02qrqxv
/m/06czyr	/tv/tv_genre/programs	/m/0y72fx5
/m/0jtdp	/film/film_genre/films_in_this_genre	/m/036c_0
/m/0jtdp	/film/film_genre/films_in_this_genre	/m/032nwy
/m/0jtdp	/film/film_genre/films_in_this_genre	/m/01kp_1t
/m/0jtdp	/media_common/netflix_genre/titles	/m/01gxqf
/m/0jtdp	/film/film_genre/films_in_this_genre	/m/01cdjp
/m/0jtdp	/film/film_genre/films_in_this_genre	/m/02p68d
/m/08htt0	/film/film_genre/films_in_this_genre	/m/0j7j2zh
/m/0jtdp	/film/film_genre/films_in_this_genre	/m/02dwpf
/m/0jtdp	/media_common/netflix_genre/titles	/m/02kxbx3
/m/045xx	/media_common/netflix_genre/titles	/m/063_q1y
/m/0jtdp	/film/film_genre/films_in_this_genre	/m/02lt8
/m/0ftlx	/film/film_genre/films_in_this_genre	/m/0pbqz60
/m/0hnp7	/base/popstra/celebrity/friendship./base/popstra/friendship/participant	/m/03jy3w
/m/01bk1y	/education/educational_institution/students_graduates./education/education/student	/m/049l7
/m/01f99l	/business/employer/employees./business/employment_tenure/person	/m/073wjk
/m/02t1dv	/tv/tv_actor/starring_roles./tv/regular_tv_appearance/character	/m/013z1n
/m/05s_c38	/fictional_universe/fictional_character_creator/fictional_characters_created	/m/07r0v4
/m/01p8r8	/film/actor/film./film/performance/character	/m/04pzy
/m/01rlxt	/tv/tv_writer/episodes_written	/m/073hkx
/m/05p92jn	/people/cause_of_death/people	/m/0glnft
/m/0k9j_	/people/cause_of_death/people	/m/07lrt5
/m/01s5q	/people/cause_of_death/people	/m/015qsq
/m/02ywhz	/award/award_ceremony/awards_presented./award/award_honor/award	/m/03r67k
/m/02cg41	/award/award_ceremony/awards_presented./award/award_honor/award_winner	/m/04fcx7
/m/02r2qt7	/base/marchmadness/ncaa_basketball_team/ncaa_tournament_seeds./base/marchmadness/ncaa_tournament_seed/tournament	/m/0b_734
/m/04rwx	/organization/organization_sector/organizations_in_this_sector	/m/0414303
/m/03815c	/organization/organization_sector/organizations_in_this_sector	/m/01y9qr
/m/0971v	/award/hall_of_fame_induction_category/inductees./award/hall_of_fame_induction/inductee	/m/09gwp0
/m/03k3r	/biology/organism_classification/organisms_of_this_type	/m/01g1lp
/m/03k3r	/biology/organism_classification/organisms_of_this_type	/m/04cxw5b
/m/01_gx_	/biology/organism_classification/organisms_of_this_type	/m/0bs1ly0
/m/01nkt	/biology/organism_classification/organisms_of_this_type	/m/0wxs6n5
/m/03k3r	/biology/organism_classification/organisms_of_this_type	/m/02681xs
/m/03k3r	/biology/organism_classification/organisms_of_this_type	/m/05xzcz
/m/02pbzv	/location/location/contains	/m/0d_g3n
/m/0d05w3	/book/book_subject/works	/m/0jryt
/m/0d05w3	/media_common/netflix_genre/titles	/m/09px1w
/m/02b1b5	/location/location/contains	/m/05zt6fp
/m/052q4j	/location/location/contains	/m/055bft
/m/0280061	/media_common/netflix_genre/titles	/m/01d1_s
/m/0d05w3	/location/location/contains	/m/01m1y
/m/02bcc0	/location/location/contains	/m/03d9575
/m/0cpyv	/location/location/contains	/m/02hp2t
/m/018lc_	/government/governmental_jurisdiction/agencies	/m/0208l0
/m/0d05w3	/location/location/contains	/m/073x6y
/m/01z_lv	/location/location/events	/m/02pt4h9
/m/021yyx	/biology/breed_origin/breeds_originating_here	/m/0gn256
/m/02_cx_	/military/military_combatant/military_conflicts./military/military_combatant_group/conflict	/m/02pt4h9
/m/03yj_0n	/location/location/contains	/m/02rmrs2
/m/015f7	/tv/tv_actor/starring_roles./tv/regular_tv_appearance/seasons	/m/05dqhx3
/m/02dth1	/music/artist/album	/m/01hm6yw
/m/01rbb	/tv/tv_genre/programs	/m/03y9p40
/m/0gf14	/music/performance_role/track_performances./music/track_contribution/role	/m/07s7gc2
/m/0127ps	/location/location/contains	/m/05rq9v
/m/024c1b	/film/production_company/films	/m/0fpzwf
/m/02hrh0_	/location/location/contains	/m/019tfm
/m/02ptzz0	/base/marchmadness/ncaa_basketball_team/ncaa_tournament_seeds./base/marchmadness/ncaa_tournament_seed/tournament	/m/0b_75k
/m/01tw31	/tv/tv_network/programs./tv/tv_network_duration/program	/m/08_pdq
/m/03qbm	/organization/organization/parent./organization/organization_relationship/parent	/m/02mp92
/m/08pn_9	/education/educational_institution/students_graduates./education/education/student	/m/027hyk1
/m/01pj7	/location/location/contains	/m/04y9lr2
/m/04rrd	/location/location/partially_contains	/m/01m23s
/m/0134s5	/location/location/contains	/m/0tw8t
/m/04gmp_z	/location/location/contains	/m/0tt8c
/m/04rrd	/location/location/contains	/m/07g_0c
/m/0221zw	/location/location/contains	/m/05b_9nc
/m/01_bmf	/film/production_company/films	/m/01dc46
/m/01zq91	/government/government_office_category/offices	/m/04zw14c
/m/059f4	/location/location/contains	/m/0bkf72
/m/059f4	/location/location/contains	/m/0885n
/m/04cmrt	/people/person/sibling_s./people/sibling_relationship/sibling	/m/047r16j
/m/0678gl	/film/actor/film./film/performance/character	/m/07656
/m/0cl0bk	/tv/tv_actor/guest_roles./tv/tv_guest_role/episodes_appeared_in	/m/03wy8t
/m/0cv1w	/location/location/contains	/m/02hcxm
/m/0fvf9q	/architecture/architectural_style/examples	/m/05d0t9
/m/0f447	/architecture/architectural_style/examples	/m/02237m
/m/0f447	/architecture/architectural_style/examples	/m/07fb6
/m/0j95	/location/location/contains	/m/0rkkv
/m/03bzjpm	/location/location/contains	/m/04f2tn9
/m/014l4w	/education/educational_institution/students_graduates./education/education/student	/m/03z0jf
/m/085wqm	/music/genre/artists	/m/0dgpzr2
/m/0ff3y	/music/genre/artists	/m/02vbmw
/m/0n2m7	/government/governmental_body/members./government/government_position_held/office_holder	/m/02rm4s4
/m/09j9h	/government/governmental_body/members./government/government_position_held/office_holder	/m/0bhb1n6
/m/01cd7p	/government/governmental_body/members./government/government_position_held/office_holder	/m/02rm2h8
/m/06mzp	/book/author/works_written	/m/03252g
/m/02r858_	/base/newsevents/news_reporting_organisation/news_reports./base/newsevents/news_report/event	/m/0d747_
/m/049rl0	/base/newsevents/news_reporting_organisation/news_reports./base/newsevents/news_report/event	/m/024jvz
/m/05jt_	/music/genre/artists	/m/01kff7
/m/05jt_	/music/genre/artists	/m/0d07j8
/m/05jt_	/music/genre/artists	/m/097ns
/m/0d_84	/music/genre/artists	/m/0181_r
/m/075npt	/cvg/game_voice_actor/computer_game_voice_performances./cvg/game_performance/game	/m/02g839
/m/0bs1g5r	/award/award_nominee/award_nominations./award/award_nomination/award	/m/0phrl
/m/0fxgg9	/music/genre/artists	/m/08959
/m/0hz28	/business/industry/companies	/m/04wlz2
/m/0hz28	/business/industry/companies	/m/0k9ts
/m/0lccn	/music/artist/album	/m/03gvpk
/m/012x1l	/music/musical_group/member./music/group_membership/member	/m/026dx
/m/013yq	/location/location/contains	/m/024_fw
/m/02g75	/tv/tv_actor/guest_roles./tv/tv_guest_role/episodes_appeared_in	/m/0dr_w82
/m/01pj3h	/tv/tv_actor/guest_roles./tv/tv_guest_role/episodes_appeared_in	/m/0dn16
/m/07fzq3	/location/location/contains	/m/0gfkrw
/m/01tlmw	/government/political_district/representatives./government/government_position_held/governmental_body	/m/02yv6b
/m/01vsn38	/tv/tv_actor/starring_roles./tv/regular_tv_appearance/series	/m/0k33p
/m/02bf58	/education/educational_institution/students_graduates./education/education/student	/m/0h1nt
/m/0kk9v	/education/educational_institution/students_graduates./education/education/student	/m/0c7c5b
/m/0h99n	/location/location/contains	/m/0779f0
/m/02wbm	/business/industry/companies	/m/01k8q5
/m/02py8_w	/film/film/starring./film/performance/actor	/m/0b4c0p
/m/095x_	/government/legislative_session/members./government/government_position_held/office_holder	/m/035vw8
/m/03rl1g	/government/legislative_session/members./government/government_position_held/office_holder	/m/0f_zkz
/m/03rtmz	/government/legislative_session/members./government/government_position_held/office_holder	/m/0c43g
/m/0413cff	/film/film/personal_appearances./film/personal_film_appearance/person	/m/01d6jf
/m/0vkl2	/education/educational_institution/students_graduates./education/education/student	/m/02qjbs3
/m/049dk	/education/educational_institution/students_graduates./education/education/student	/m/03jj93
/m/07f1x	/organization/organization_scope/organizations_with_this_scope	/m/076psv
/m/07f1x	/location/location/contains	/m/0146mv
/m/07yr3	/cvg/cvg_genre/games	/m/02hjn4
/m/021bp2	/cvg/cvg_genre/games	/m/0277g09
/m/0blgl	/tv/tv_program_creator/programs_created	/m/03j7cf
/m/013cz2	/location/location/contains	/m/04kqk
/m/017rbx	/education/educational_institution/students_graduates./education/education/student	/m/03f22dp
/m/0d2fd7	/education/educational_institution/students_graduates./education/education/student	/m/02rjd6b
/m/02mf7	/business/industry/companies	/m/05zl939
/m/01p2b_	/education/educational_institution/students_graduates./education/education/student	/m/0dp_cy
/m/01jq0j	/education/educational_institution/students_graduates./education/education/student	/m/05jbdc
/m/01z747	/cvg/gameplay_mode/games_with_this_mode	/m/02hjn4
/m/0d7vtk	/cvg/gameplay_mode/games_with_this_mode	/m/0m5bb
/m/014m1m	/cvg/gameplay_mode/games_with_this_mode	/m/04ch36
/m/01z747	/cvg/gameplay_mode/games_with_this_mode	/m/02hjn4
/m/01z747	/cvg/gameplay_mode/games_with_this_mode	/m/02hjn4
/m/01xwv7	/cvg/gameplay_mode/games_with_this_mode	/m/0657zp
/m/01z747	/cvg/gameplay_mode/games_with_this_mode	/m/02hjn4
/m/01z747	/cvg/gameplay_mode/games_with_this_mode	/m/0cnjm0
/m/04kllm9	/cvg/gameplay_mode/games_with_this_mode	/m/0277g09
/m/01z747	/cvg/gameplay_mode/games_with_this_mode	/m/0cnjm0
/m/033tln	/cvg/gameplay_mode/games_with_this_mode	/m/06wc80m
/m/0999q	/cvg/gameplay_mode/games_with_this_mode	/m/053rq7
/m/01z747	/cvg/gameplay_mode/games_with_this_mode	/m/0cnjm0
/m/0r8bh	/cvg/gameplay_mode/games_with_this_mode	/m/02bfwm
/m/04gzd	/cvg/gameplay_mode/games_with_this_mode	/m/0b73n8
/m/02114t	/film/actor/film./film/performance/character	/m/01d5g
/m/027hm_	/award/award_nominee/award_nominations./award/award_nomination/award_nominee	/m/0y1rf
/m/02fs_d	/education/educational_institution/students_graduates./education/education/student	/m/02zbjhq
/m/0_00	/music/record_label/artist	/m/01hb9p
/m/049k4w	/baseball/baseball_position/players	/m/02qggqc
/m/02sdk9v	/baseball/baseball_position/players	/m/03y8zmf
/m/0ctt4z	/baseball/baseball_position/players	/m/06pctwm
/m/04b2qn	/film/film/language	/m/0hm10
/m/04p0c	/location/location/contains	/m/013kcv
/m/0jwvf	/location/location/contains	/m/02mpg6
/m/04p0c	/location/location/contains	/m/03b8c4
/m/04vlh5	/tv/tv_writer/episodes_written	/m/013n60
/m/058vp	/influence/influence_node/influenced	/m/0d6yv
/m/0d61px	/education/field_of_study/students_majoring./education/education/student	/m/028cd1b
/m/03d63lb	/people/profession/people_with_this_profession	/m/0dsc_v
/m/0prhz	/location/location/contains	/m/03b4g3
/m/080h2	/film/film_location/featured_in_films	/m/0b_ljy
/m/015pnb	/location/location/contains	/m/026_l7s
/m/02ldv0	/award/award_nominee/award_nominations./award/award_nomination/nominated_for	/m/06qh2n
/m/02x2jl_	/film/actor/film./film/performance/film	/m/06qh2n
/m/09b3v	/media_common/netflix_genre/titles	/m/0270k40
/m/07vsl	/film/production_company/films	/m/08ww44
/m/01t7jy	/film/production_company/films	/m/05ftpb
/m/09b3v	/film/production_company/films	/m/05511w
/m/09b3v	/media_common/netflix_genre/titles	/m/05d49
/m/09b3v	/media_common/netflix_genre/titles	/m/0kvjrw
/m/09l27d	/cvg/cvg_genre/games	/m/06ztwyd
/m/0127m7	/award/award_nominated_work/award_nominations./award/award_nomination/award_nominee	/m/09883c2
/m/09qv3c	/film/film/other_crew./film/film_crew_gig/crewmember	/m/09883c2
/m/035bcl	/award/award_winning_work/awards_won./award/award_honor/award_winner	/m/09883c2
/m/0c8br	/book/author/works_written	/m/09gmmt6
/m/0dm00	/tv/tv_genre/programs	/m/067gh
/m/0f6rc	/time/event/includes_event	/m/0kf9p
/m/048tv9	/influence/influence_node/influenced_by	/m/0830n
/m/01dk00	/award/award_category/nominees./award/award_nomination/nominated_for	/m/03c6q4
/m/0q9mp	/film/film_genre/films_in_this_genre	/m/0jm9w
/m/0k3gj	/film/film_genre/films_in_this_genre	/m/04f285v
/m/0xnt5	/fictional_universe/character_occupation/characters_with_this_occupation	/m/031ygd
/m/01dvry	/tv/tv_program/episodes	/m/09txzv
/m/01vx2h	/film/film_job/films_with_this_crew_job./film/film_crew_gig/film	/m/01vw77
/m/025rcc	/education/educational_institution/students_graduates./education/education/student	/m/0kxbc
/m/03zg2x	/military/military_combatant/military_commanders./military/military_command/military_commander	/m/0141r7
/m/03h502k	/film/actor/film./film/performance/film	/m/0h1yy
/m/03s5t	/book/author/works_written	/m/0dzhp9
/m/0gdm1	/people/ethnicity/people	/m/03w9why
/m/0dscrwf	/film/film/music	/m/04b7xr
/m/01gqg3	/people/profession/people_with_this_profession	/m/05k8hd
/m/0fg_hg	/people/profession/people_with_this_profession	/m/02j6cs
/m/0hz35	/people/profession/people_with_this_profession	/m/08_ncy
/m/03fyrh	/people/profession/people_with_this_profession	/m/01vsrsz
/m/0nbcg	/people/profession/people_with_this_profession	/m/01xr2s
/m/0nbcg	/people/profession/people_with_this_profession	/m/0r15k
/m/0f2zc	/people/profession/people_with_this_profession	/m/01rpzrc
/m/02bp37	/people/profession/people_with_this_profession	/m/0f2x0
/m/02b14q	/people/profession/people_with_this_profession	/m/0m67s
/m/0nbcg	/people/profession/people_with_this_profession	/m/0k3gj
/m/0nbcg	/people/profession/people_with_this_profession	/m/0ynfz
/m/04mg6l	/people/profession/people_with_this_profession	/m/0gff83x
/m/0nbcg	/people/profession/people_with_this_profession	/m/0pf3k
/m/040whs	/people/profession/people_with_this_profession	/m/0dbsl
/m/03m6pk	/people/profession/people_with_this_profession	/m/0830n
/m/0k2sk	/people/profession/people_with_this_profession	/m/0c0dj_
/m/0nbcg	/people/profession/people_with_this_profession	/m/07245g
/m/0nbcg	/people/profession/people_with_this_profession	/m/06196
/m/01wqmm8	/people/profession/people_with_this_profession	/m/05fbcq
/m/0nbcg	/people/profession/people_with_this_profession	/m/01g4qq
/m/0nbcg	/people/profession/people_with_this_profession	/m/013b6_
/m/03f22dp	/people/profession/people_with_this_profession	/m/01hb9p
/m/0dq626	/people/profession/people_with_this_profession	/m/05mwcz_
/m/04k15	/visual_art/art_subject/artwork_on_the_subject	/m/04ls11
/m/01nsyf	/tv/tv_actor/starring_roles./tv/regular_tv_appearance/series	/m/02v0ff
/m/0gcrg	/architecture/architectural_style/examples	/m/02jkqd
/m/01pq5j7	/architecture/architectural_style/examples	/m/047mvtk
/m/01l_yg	/architecture/architectural_style/examples	/m/02qx5wz
/m/01t8vq	/architecture/architectural_style/examples	/m/0121c1
/m/08322	/architecture/architectural_style/examples	/m/01g45x
/m/01t8vq	/architecture/architectural_style/examples	/m/02bd41
/m/0jmcv	/time/event/includes_event	/m/02rv502
/m/0170qf	/olympics/olympic_medal/medal_winners./olympics/olympic_medal_honor/medalist	/m/0dlq12
/m/02lq67	/olympics/olympic_medal/medal_winners./olympics/olympic_medal_honor/medalist	/m/0bx0lc
/m/07nqn	/olympics/olympic_medal/medal_winners./olympics/olympic_medal_honor/medalist	/m/09r4g1
/m/0558_1	/olympics/olympic_medal/medal_winners./olympics/olympic_medal_honor/medalist	/m/03_sgx
/m/07zhd7	/olympics/olympic_medal/medal_winners./olympics/olympic_medal_honor/medalist	/m/0fs086
/m/03ftmg	/olympics/olympic_medal/medal_winners./olympics/olympic_medal_honor/medalist	/m/02rnwgr
/m/0619m3	/ice_hockey/hockey_position/players	/m/02qz259
/m/017drs	/sports/sports_position/players./sports/sports_team_roster/player	/m/0fr3dh
/m/02qvdc	/ice_hockey/hockey_position/players	/m/06rgq
/m/02rytm	/sports/sports_team/roster./sports/sports_team_roster/player	/m/02bf2s
/m/02rytm	/soccer/football_team/manager./soccer/football_team_management_tenure/manager	/m/02d9k
/m/01fkr_	/film/film_costumer_designer/costume_design_for_film	/m/0p_ss
/m/039bp	/film/actor/film./film/performance/film	/m/0fl2s
/m/0432mrk	/people/ethnicity/people	/m/016jll
/m/049k07	/influence/influence_node/influenced_by	/m/0frw9v
/m/08mbj5d	/common/annotation_category/annotations./common/webpage/topic	/m/02b15x
/m/08mbj5d	/common/annotation_category/annotations./common/webpage/topic	/m/03g62
/m/06ntj	/common/annotation_category/annotations./common/webpage/topic	/m/02r1j04
/m/026t6	/common/annotation_category/annotations./common/webpage/topic	/m/01r01y2
/m/06nbt	/common/annotation_category/annotations./common/webpage/topic	/m/027r4w
/m/05wkw	/common/annotation_category/annotations./common/webpage/topic	/m/0b6ktx
/m/06274w	/common/annotation_category/annotations./common/webpage/topic	/m/017fl5
/m/08mbj5d	/common/annotation_category/annotations./common/webpage/topic	/m/02630g
/m/08mbj5d	/common/annotation_category/annotations./common/webpage/topic	/m/0g72r
/m/08mbj5d	/common/annotation_category/annotations./common/webpage/topic	/m/01w_3
/m/08mbj5d	/common/annotation_category/annotations./common/webpage/topic	/m/01cpkt
/m/05wkw	/common/annotation_category/annotations./common/webpage/topic	/m/01p_dkv
/m/018zqj	/common/annotation_category/annotations./common/webpage/topic	/m/0264ttj
/m/08mbj5d	/common/annotation_category/annotations./common/webpage/topic	/m/0j54b
/m/03qh03g	/common/annotation_category/annotations./common/webpage/topic	/m/06wcbt9
/m/08mbj5d	/common/annotation_category/annotations./common/webpage/topic	/m/0404wqb
/m/08mbj5d	/common/annotation_category/annotations./common/webpage/topic	/m/068qh
/m/0557q	/common/annotation_category/annotations./common/webpage/topic	/m/0hhq85v
/m/08mbj5d	/common/annotation_category/annotations./common/webpage/topic	/m/028_yv
/m/08mbj5d	/common/annotation_category/annotations./common/webpage/topic	/m/026m9w
/m/08mbj5d	/common/annotation_category/annotations./common/webpage/topic	/m/0bkq7
/m/0mz2	/common/annotation_category/annotations./common/webpage/topic	/m/0f22j3
/m/057m6	/common/annotation_category/annotations./common/webpage/topic	/m/026sm_3
/m/033th	/common/annotation_category/annotations./common/webpage/topic	/m/022mr1
/m/04rjg	/common/annotation_category/annotations./common/webpage/topic	/m/03yls_l
/m/06n6p	/common/annotation_category/annotations./common/webpage/topic	/m/01l7nlz
/m/026bk	/common/annotation_category/annotations./common/webpage/topic	/m/095twz
/m/03ytc	/common/annotation_category/annotations./common/webpage/topic	/m/02mm3n
/m/08mbj5d	/common/annotation_category/annotations./common/webpage/topic	/m/02rg5rm
/m/08mbj5d	/common/annotation_category/annotations./common/webpage/topic	/m/0d8c4
/m/08mbj5d	/common/annotation_category/annotations./common/webpage/topic	/m/0yzbg
/m/0wzm	/common/annotation_category/annotations./common/webpage/topic	/m/0d097p
/m/08mbj5d	/common/annotation_category/annotations./common/webpage/topic	/m/088fh
/m/08mbj5d	/common/annotation_category/annotations./common/webpage/topic	/m/0yx1m
/m/08mbj5d	/common/annotation_category/annotations./common/webpage/topic	/m/02hkvw
/m/02vx4	/common/annotation_category/annotations./common/webpage/topic	/m/08_lw9
/m/02wbm	/common/annotation_category/annotations./common/webpage/topic	/m/0417h53
/m/03lty	/common/annotation_category/annotations./common/webpage/topic	/m/03h10fc
/m/021bp2	/common/annotation_category/annotations./common/webpage/topic	/m/05bzs5
/m/08mbj5d	/common/annotation_category/annotations./common/webpage/topic	/m/03cp7b3
/m/08mbj5d	/common/annotation_category/annotations./common/webpage/topic	/m/027rqbx
/m/06mbny	/common/annotation_category/annotations./common/webpage/topic	/m/03cmztg
/m/02vxn	/common/annotation_category/annotations./common/webpage/topic	/m/04dy_kg
/m/08mbj5d	/common/annotation_category/annotations./common/webpage/topic	/m/0bdwft
/m/03nfmq	/common/annotation_category/annotations./common/webpage/topic	/m/03wx6_
/m/018zqj	/common/annotation_category/annotations./common/webpage/topic	/m/03ktw2
/m/01chg	/common/annotation_category/annotations./common/webpage/topic	/m/0bt1bq
/m/02wbm	/common/annotation_category/annotations./common/webpage/topic	/m/0c6yj3
/m/08mbj5d	/common/annotation_category/annotations./common/webpage/topic	/m/04jlgp
/m/0mz2	/common/annotation_category/annotations./common/webpage/topic	/m/01sk8nh
/m/08mbj5d	/common/annotation_category/annotations./common/webpage/topic	/m/06_x996
/m/04rlf	/common/annotation_category/annotations./common/webpage/topic	/m/03h_kgb
/m/08mbj5d	/common/annotation_category/annotations./common/webpage/topic	/m/0r6c4
/m/08mbj5d	/common/annotation_category/annotations./common/webpage/topic	/m/024030
/m/08mbj5d	/common/annotation_category/annotations./common/webpage/topic	/m/09vw2b7
/m/025zzc	/common/annotation_category/annotations./common/webpage/topic	/m/02rb9wb
/m/08mbj5d	/common/annotation_category/annotations./common/webpage/topic	/m/06msq2
/m/03nfmq	/common/annotation_category/annotations./common/webpage/topic	/m/02mpg6
/m/015w9s	/common/annotation_category/annotations./common/webpage/topic	/m/0777zj
/m/0jgm8	/common/annotation_category/annotations./common/webpage/topic	/m/03hlpsc
/m/03qsdpk	/common/annotation_category/annotations./common/webpage/topic	/m/01r5pz5
/m/08mbj5d	/common/annotation_category/annotations./common/webpage/topic	/m/0jmmn
/m/0hcr	/common/annotation_category/annotations./common/webpage/topic	/m/027kl76
/m/07c1v	/common/annotation_category/annotations./common/webpage/topic	/m/01w3jhx
/m/08mbj5d	/common/annotation_category/annotations./common/webpage/topic	/m/0k525
/m/0827d	/common/annotation_category/annotations./common/webpage/topic	/m/056_15r
/m/07c1v	/common/annotation_category/annotations./common/webpage/topic	/m/0dzjvr
/m/02_7t	/common/annotation_category/annotations./common/webpage/topic	/m/08zw45
/m/08mbj5d	/common/annotation_category/annotations./common/webpage/topic	/m/025czw
/m/0hn10	/common/annotation_category/annotations./common/webpage/topic	/m/01q77wk
/m/08mbj5d	/common/annotation_category/annotations./common/webpage/topic	/m/031f_m
/m/08mbj5d	/common/annotation_category/annotations./common/webpage/topic	/m/024030
/m/08mbj5d	/common/annotation_category/annotations./common/webpage/topic	/m/0y09
/m/05qt0	/common/annotation_category/annotations./common/webpage/topic	/m/09rm5d
/m/0d63kt	/common/annotation_category/annotations./common/webpage/topic	/m/0413ydg
/m/08mbj5d	/common/annotation_category/annotations./common/webpage/topic	/m/08g5q7
/m/01hmnh	/common/annotation_category/annotations./common/webpage/topic	/m/0g4mp7t
/m/08mbj5d	/common/annotation_category/annotations./common/webpage/topic	/m/0qmd5
/m/08mbj5d	/common/annotation_category/annotations./common/webpage/topic	/m/04n7gc6
/m/08mbj5d	/common/annotation_category/annotations./common/webpage/topic	/m/019bk0
/m/02wbm	/common/annotation_category/annotations./common/webpage/topic	/m/01c_7y
/m/08mbj5d	/common/annotation_category/annotations./common/webpage/topic	/m/02kxbwx
/m/05p553	/common/annotation_category/annotations./common/webpage/topic	/m/03c13_d
/m/08mbj5d	/common/annotation_category/annotations./common/webpage/topic	/m/09r9m7
/m/08mbj5d	/common/annotation_category/annotations./common/webpage/topic	/m/03hzkq
/m/06c9r	/common/annotation_category/annotations./common/webpage/topic	/m/04ydw1v
/m/0mz2	/common/annotation_category/annotations./common/webpage/topic	/m/09_fgg
/m/01zhp	/common/annotation_category/annotations./common/webpage/topic	/m/01k05sm
/m/08mbj5d	/common/annotation_category/annotations./common/webpage/topic	/m/02h400t
/m/08mbj5d	/common/annotation_category/annotations./common/webpage/topic	/m/0j2pg
/m/08mbj5d	/common/annotation_category/annotations./common/webpage/topic	/m/0nryt
/m/03ytc	/common/annotation_category/annotations./common/webpage/topic	/m/06611tg
/m/041y2	/common/annotation_category/annotations./common/webpage/topic	/m/073xbl
/m/02lkt	/common/annotation_category/annotations./common/webpage/topic	/m/0c5hlc
/m/03qh03g	/common/annotation_category/annotations./common/webpage/topic	/m/02mwrh
/m/08mbj5d	/common/annotation_category/annotations./common/webpage/topic	/m/0bh8yn3
/m/06xw2	/common/annotation_category/annotations./common/webpage/topic	/m/05zvj38
/m/08mbj5d	/common/annotation_category/annotations./common/webpage/topic	/m/02wszf
/m/0mz2	/common/annotation_category/annotations./common/webpage/topic	/m/0fl20r
/m/08mbj5d	/common/annotation_category/annotations./common/webpage/topic	/m/0lbl6
/m/02csf	/common/annotation_category/annotations./common/webpage/topic	/m/076c7j
/m/0jtdp	/common/annotation_category/annotations./common/webpage/topic	/m/08czr7
/m/0jtdp	/common/annotation_category/annotations./common/webpage/topic	/m/02h18k
/m/0wzm	/common/annotation_category/annotations./common/webpage/topic	/m/05sxvr1
/m/03qsdpk	/common/annotation_category/annotations./common/webpage/topic	/m/01qxzy
/m/05wkw	/common/annotation_category/annotations./common/webpage/topic	/m/089bh2
/m/08mbj5d	/common/annotation_category/annotations./common/webpage/topic	/m/07751
/m/08mbj5d	/common/annotation_category/annotations./common/webpage/topic	/m/035v3
/m/01540	/common/annotation_category/annotations./common/webpage/topic	/m/04m2c8
/m/05p553	/common/annotation_category/annotations./common/webpage/topic	/m/03cjhs9
/m/08mbj5d	/common/annotation_category/annotations./common/webpage/topic	/m/02lyx4
/m/023907r	/common/annotation_category/annotations./common/webpage/topic	/m/02rxhm5
/m/0827d	/common/annotation_category/annotations./common/webpage/topic	/m/0844ch
/m/08mbj5d	/common/annotation_category/annotations./common/webpage/topic	/m/071dcs
/m/02lkt	/common/annotation_category/annotations./common/webpage/topic	/m/027fmcz
/m/0kcc7	/common/annotation_category/annotations./common/webpage/topic	/m/084jq4
/m/05p553	/common/annotation_category/annotations./common/webpage/topic	/m/06jtqj
/m/0jtdp	/common/annotation_category/annotations./common/webpage/topic	/m/01r83z0
/m/08mbj5d	/common/annotation_category/annotations./common/webpage/topic	/m/01dhjz
/m/08mbj5d	/common/annotation_category/annotations./common/webpage/topic	/m/02c4s
/m/08mbj5d	/common/annotation_category/annotations./common/webpage/topic	/m/04f4z1k
/m/041y2	/common/annotation_category/annotations./common/webpage/topic	/m/088y93
/m/08mbj5d	/common/annotation_category/annotations./common/webpage/topic	/m/013cr
/m/0sydc	/common/annotation_category/annotations./common/webpage/topic	/m/039x5m
/m/08mbj5d	/common/annotation_category/annotations./common/webpage/topic	/m/01l1ls
/m/08mbj5d	/common/annotation_category/annotations./common/webpage/topic	/m/07bbw
/m/08mbj5d	/common/annotation_category/annotations./common/webpage/topic	/m/0gd0c7x
/m/06fhs	/common/annotation_category/annotations./common/webpage/topic	/m/08r7v5
/m/05jnl	/common/annotation_category/annotations./common/webpage/topic	/m/01l74dl
/m/08mbj5d	/common/annotation_category/annotations./common/webpage/topic	/m/07z31v
/m/08mbj5d	/common/annotation_category/annotations./common/webpage/topic	/m/025sh_8
/m/08mbj5d	/common/annotation_category/annotations./common/webpage/topic	/m/06qgvf
/m/08mbj5d	/common/annotation_category/annotations./common/webpage/topic	/m/0f2sx4
/m/06mbny	/common/annotation_category/annotations./common/webpage/topic	/m/085wcg
/m/01chg	/common/annotation_category/annotations./common/webpage/topic	/m/09hm9w
/m/08mbj5d	/common/annotation_category/annotations./common/webpage/topic	/m/0fv6dr
/m/08mbj5d	/common/annotation_category/annotations./common/webpage/topic	/m/027cyf7
/m/08mbj5d	/common/annotation_category/annotations./common/webpage/topic	/m/015gjr
/m/08mbj5d	/common/annotation_category/annotations./common/webpage/topic	/m/02ld6x
/m/08mbj5d	/common/annotation_category/annotations./common/webpage/topic	/m/0438pz
/m/08mbj5d	/common/annotation_category/annotations./common/webpage/topic	/m/02b18l
/m/0jgm8	/common/annotation_category/annotations./common/webpage/topic	/m/01s82r6
/m/08mbj5d	/common/annotation_category/annotations./common/webpage/topic	/m/03kbr
/m/026bk	/common/annotation_category/annotations./common/webpage/topic	/m/04g0d3r
/m/04t_mf	/common/annotation_category/annotations./common/webpage/topic	/m/0gssrb
/m/08mbj5d	/common/annotation_category/annotations./common/webpage/topic	/m/023zd7
/m/02hnl	/common/annotation_category/annotations./common/webpage/topic	/m/0f06p2
/m/0259tnd	/common/annotation_category/annotations./common/webpage/topic	/m/0181_r
/m/08mbj5d	/common/annotation_category/annotations./common/webpage/topic	/m/0f6cl2
/m/06mbny	/common/annotation_category/annotations./common/webpage/topic	/m/0262b21
/m/026t6	/common/annotation_category/annotations./common/webpage/topic	/m/05h4bk1
/m/06n90	/common/annotation_category/annotations./common/webpage/topic	/m/0bkxr4
/m/0d063v	/common/annotation_category/annotations./common/webpage/topic	/m/04f94w
/m/029g_vk	/common/annotation_category/annotations./common/webpage/topic	/m/05m_ypb
/m/03ytc	/common/annotation_category/annotations./common/webpage/topic	/m/01wk79d
/m/08mbj5d	/common/annotation_category/annotations./common/webpage/topic	/m/0gyy53
/m/06274w	/common/annotation_category/annotations./common/webpage/topic	/m/04dyl1
/m/08mbj5d	/common/annotation_category/annotations./common/webpage/topic	/m/02fm4d
/m/0kcc7	/common/annotation_category/annotations./common/webpage/topic	/m/01hb9p
/m/08mbj5d	/common/annotation_category/annotations./common/webpage/topic	/m/0259tnd
/m/08mbj5d	/common/annotation_category/annotations./common/webpage/topic	/m/0284gc
/m/08mbj5d	/common/annotation_category/annotations./common/webpage/topic	/m/01y3_q
/m/01z747	/common/annotation_category/annotations./common/webpage/topic	/m/038l1h
/m/0jgm8	/common/annotation_category/annotations./common/webpage/topic	/m/0775_k
/m/08mbj5d	/common/annotation_category/annotations./common/webpage/topic	/m/02k4b2
/m/06mq7	/common/annotation_category/annotations./common/webpage/topic	/m/07k9c7z
/m/0wzm	/common/annotation_category/annotations./common/webpage/topic	/m/04c_rp
/m/0sydc	/common/annotation_category/annotations./common/webpage/topic	/m/0c9jj9
/m/05jnl	/common/annotation_category/annotations./common/webpage/topic	/m/0c13v8x
/m/02hnl	/common/annotation_category/annotations./common/webpage/topic	/m/0d1j33
/m/08mbj5d	/common/annotation_category/annotations./common/webpage/topic	/m/02zsn
/m/08mbj5d	/common/annotation_category/annotations./common/webpage/topic	/m/098knd
/m/02_7t	/common/annotation_category/annotations./common/webpage/topic	/m/03f7sz7
/m/037hz	/common/annotation_category/annotations./common/webpage/topic	/m/0tw8t
/m/08mbj5d	/common/annotation_category/annotations./common/webpage/topic	/m/014d7f
/m/0fpzzp	/common/annotation_category/annotations./common/webpage/topic	/m/0jyd9pf
/m/01mw1	/common/annotation_category/annotations./common/webpage/topic	/m/0268fyn
/m/017fp	/common/annotation_category/annotations./common/webpage/topic	/m/0bxzf0h
/m/08mbj5d	/common/annotation_category/annotations./common/webpage/topic	/m/0jwmp
/m/08mbj5d	/common/annotation_category/annotations./common/webpage/topic	/m/049g_xj
/m/02_7t	/common/annotation_category/annotations./common/webpage/topic	/m/05kx0t
/m/01zhp	/common/annotation_category/annotations./common/webpage/topic	/m/04b3ym
/m/08mbj5d	/common/annotation_category/annotations./common/webpage/topic	/m/01chg
/m/015w9s	/common/annotation_category/annotations./common/webpage/topic	/m/047m5ls
/m/09kqc	/common/annotation_category/annotations./common/webpage/topic	/m/04my8mj
/m/08mbj5d	/common/annotation_category/annotations./common/webpage/topic	/m/0b6mgp_
/m/08mbj5d	/common/annotation_category/annotations./common/webpage/topic	/m/02f71y
/m/0jjw	/common/annotation_category/annotations./common/webpage/topic	/m/02xz38
/m/08mbj5d	/common/annotation_category/annotations./common/webpage/topic	/m/03vw9m
/m/05wkw	/common/annotation_category/annotations./common/webpage/topic	/m/03p2b0n
/m/08mbj5d	/common/annotation_category/annotations./common/webpage/topic	/m/07h565
/m/08mbj5d	/common/annotation_category/annotations./common/webpage/topic	/m/025t7ly
/m/0wzm	/common/annotation_category/annotations./common/webpage/topic	/m/0bbz7w
/m/01zhp	/common/annotation_category/annotations./common/webpage/topic	/m/026b8pm
/m/03npn	/common/annotation_category/annotations./common/webpage/topic	/m/05zstg
/m/08mbj5d	/common/annotation_category/annotations./common/webpage/topic	/m/0g5qs2k
/m/05wkw	/common/annotation_category/annotations./common/webpage/topic	/m/02qyzrn
/m/08mbj5d	/common/annotation_category/annotations./common/webpage/topic	/m/01q58t
/m/08mbj5d	/common/annotation_category/annotations./common/webpage/topic	/m/01xn6mc
/m/08mbj5d	/common/annotation_category/annotations./common/webpage/topic	/m/0nlqq
/m/08mbj5d	/common/annotation_category/annotations./common/webpage/topic	/m/0gyh2wm
/m/08mbj5d	/common/annotation_category/annotations./common/webpage/topic	/m/0rlz
/m/02vxn	/common/annotation_category/annotations./common/webpage/topic	/m/02635rh
/m/02j62	/common/annotation_category/annotations./common/webpage/topic	/m/0ch26m4
/m/08mbj5d	/common/annotation_category/annotations./common/webpage/topic	/m/03g3w
/m/08mbj5d	/common/annotation_category/annotations./common/webpage/topic	/m/02fqxm
/m/08mbj5d	/common/annotation_category/annotations./common/webpage/topic	/m/015dcj
/m/08mbj5d	/common/annotation_category/annotations./common/webpage/topic	/m/0bkq_8
/m/03ytc	/common/annotation_category/annotations./common/webpage/topic	/m/01606j
/m/08mbj5d	/common/annotation_category/annotations./common/webpage/topic	/m/04wxr
/m/08mbj5d	/common/annotation_category/annotations./common/webpage/topic	/m/07mfk
/m/08mbj5d	/common/annotation_category/annotations./common/webpage/topic	/m/035tjy
/m/03qh03g	/common/annotation_category/annotations./common/webpage/topic	/m/026lysp
/m/08mbj5d	/common/annotation_category/annotations./common/webpage/topic	/m/073hhn
/m/08mbj5d	/common/annotation_category/annotations./common/webpage/topic	/m/047xyn
/m/08mbj5d	/common/annotation_category/annotations./common/webpage/topic	/m/04zqmj
/m/0wzm	/common/annotation_category/annotations./common/webpage/topic	/m/02qbfdk
/m/0d063v	/common/annotation_category/annotations./common/webpage/topic	/m/0drvck
/m/08mbj5d	/common/annotation_category/annotations./common/webpage/topic	/m/02qyntr
/m/02822	/common/annotation_category/annotations./common/webpage/topic	/m/04j07pc
/m/029g_vk	/common/annotation_category/annotations./common/webpage/topic	/m/09s6p3
/m/08mbj5d	/common/annotation_category/annotations./common/webpage/topic	/m/02b0_6
/m/06xw2	/common/annotation_category/annotations./common/webpage/topic	/m/04ybmp4
/m/08mbj5d	/common/annotation_category/annotations./common/webpage/topic	/m/01ydtg
/m/03ytc	/common/annotation_category/annotations./common/webpage/topic	/m/03d7pjm
/m/08mbj5d	/common/annotation_category/annotations./common/webpage/topic	/m/0mtdx
/m/08mbj5d	/common/annotation_category/annotations./common/webpage/topic	/m/01vh096
/m/08mbj5d	/common/annotation_category/annotations./common/webpage/topic	/m/05b2f_k
/m/08mbj5d	/common/annotation_category/annotations./common/webpage/topic	/m/03bggl
/m/0fpzzp	/common/annotation_category/annotations./common/webpage/topic	/m/03czm97
/m/023907r	/common/annotation_category/annotations./common/webpage/topic	/m/0b4bwt
/m/08mbj5d	/common/annotation_category/annotations./common/webpage/topic	/m/01yf85
/m/03nfmq	/common/annotation_category/annotations./common/webpage/topic	/m/08fw3k
/m/08mbj5d	/common/annotation_category/annotations./common/webpage/topic	/m/02rg5rm
/m/03lty	/common/annotation_category/annotations./common/webpage/topic	/m/01r261g
/m/03nfmq	/common/annotation_category/annotations./common/webpage/topic	/m/0263bgg
/m/0jgm8	/common/annotation_category/annotations./common/webpage/topic	/m/06_gk0
/m/06274w	/common/annotation_category/annotations./common/webpage/topic	/m/01r_znk
/m/057m6	/common/annotation_category/annotations./common/webpage/topic	/m/01j__l
/m/015w9s	/common/annotation_category/annotations./common/webpage/topic	/m/0r9y0
/m/02822	/common/annotation_category/annotations./common/webpage/topic	/m/06w7dms
/m/02hnl	/common/annotation_category/annotations./common/webpage/topic	/m/0bp1g4
/m/09s1f	/common/annotation_category/annotations./common/webpage/topic	/m/0bfhgf
/m/08mbj5d	/common/annotation_category/annotations./common/webpage/topic	/m/01hp22
/m/08mbj5d	/common/annotation_category/annotations./common/webpage/topic	/m/04jtj
/m/05jhg	/common/annotation_category/annotations./common/webpage/topic	/m/02rwhv0
/m/08mbj5d	/common/annotation_category/annotations./common/webpage/topic	/m/07t3gd
/m/08mbj5d	/common/annotation_category/annotations./common/webpage/topic	/m/057m6
/m/08mbj5d	/common/annotation_category/annotations./common/webpage/topic	/m/026b33f
/m/01sgl	/common/annotation_category/annotations./common/webpage/topic	/m/052v_1
/m/06nbt	/common/annotation_category/annotations./common/webpage/topic	/m/0c3_91
/m/08mbj5d	/common/annotation_category/annotations./common/webpage/topic	/m/05p3738
/m/08mbj5d	/common/annotation_category/annotations./common/webpage/topic	/m/0162v
/m/08mbj5d	/common/annotation_category/annotations./common/webpage/topic	/m/0kjrx
/m/03q4nz	/common/annotation_category/annotations./common/webpage/topic	/m/02zbnsj
/m/033th	/common/annotation_category/annotations./common/webpage/topic	/m/0584y9
/m/08mbj5d	/common/annotation_category/annotations./common/webpage/topic	/m/0k5fg
/m/023907r	/common/annotation_category/annotations./common/webpage/topic	/m/0284yrl
/m/01sgl	/common/annotation_category/annotations./common/webpage/topic	/m/0czdgd
/m/08mbj5d	/common/annotation_category/annotations./common/webpage/topic	/m/0f3zsq
/m/08mbj5d	/common/annotation_category/annotations./common/webpage/topic	/m/02rp117
/m/08mbj5d	/common/annotation_category/annotations./common/webpage/topic	/m/0j80w
/m/08mbj5d	/common/annotation_category/annotations./common/webpage/topic	/m/02r74mj
/m/04rjg	/common/annotation_category/annotations./common/webpage/topic	/m/02pp3b2
/m/01chg	/common/annotation_category/annotations./common/webpage/topic	/m/0dfsbj
/m/08mbj5d	/common/annotation_category/annotations./common/webpage/topic	/m/05nsfc
/m/08mbj5d	/common/annotation_category/annotations./common/webpage/topic	/m/015q43
/m/08mbj5d	/common/annotation_category/annotations./common/webpage/topic	/m/016zgj
/m/08mbj5d	/common/annotation_category/annotations./common/webpage/topic	/m/06fxnf
/m/05p553	/common/annotation_category/annotations./common/webpage/topic	/m/0ds7hh
/m/08mbj5d	/common/annotation_category/annotations./common/webpage/topic	/m/040v3t
/m/0557q	/common/annotation_category/annotations./common/webpage/topic	/m/025xl1p
/m/057m6	/common/annotation_category/annotations./common/webpage/topic	/m/05p29n9
/m/02wbm	/common/annotation_category/annotations./common/webpage/topic	/m/041pzq
/m/066wd	/common/annotation_category/annotations./common/webpage/topic	/m/04my7_b
/m/08mbj5d	/common/annotation_category/annotations./common/webpage/topic	/m/01f7jt
/m/06mq7	/common/annotation_category/annotations./common/webpage/topic	/m/03c4824
/m/0m1xv	/common/annotation_category/annotations./common/webpage/topic	/m/02xkfk
/m/05p553	/common/annotation_category/annotations./common/webpage/topic	/m/0fwgkn
/m/08mbj5d	/common/annotation_category/annotations./common/webpage/topic	/m/027r7k
/m/0mz2	/common/annotation_category/annotations./common/webpage/topic	/m/04mzb1b
/m/0557q	/common/annotation_category/annotations./common/webpage/topic	/m/026_d5b
/m/08mbj5d	/common/annotation_category/annotations./common/webpage/topic	/m/01ckbq
/m/04t_mf	/common/annotation_category/annotations./common/webpage/topic	/m/05b_g9x
/m/08mbj5d	/common/annotation_category/annotations./common/webpage/topic	/m/0h924
/m/08mbj5d	/common/annotation_category/annotations./common/webpage/topic	/m/017_pb
/m/08mbj5d	/common/annotation_category/annotations./common/webpage/topic	/m/03ybrwc
/m/066wd	/common/annotation_category/annotations./common/webpage/topic	/m/06nc41
/m/08mbj5d	/common/annotation_category/annotations./common/webpage/topic	/m/063y_ky
/m/0mz2	/common/annotation_category/annotations./common/webpage/topic	/m/0zyd6
/m/08mbj5d	/common/annotation_category/annotations./common/webpage/topic	/m/0160w
/m/026t6	/common/annotation_category/annotations./common/webpage/topic	/m/092b8q
/m/08mbj5d	/common/annotation_category/annotations./common/webpage/topic	/m/03tps5
/m/08mbj5d	/common/annotation_category/annotations./common/webpage/topic	/m/04n_g
/m/08mbj5d	/common/annotation_category/annotations./common/webpage/topic	/m/02c6d
/m/041y2	/common/annotation_category/annotations./common/webpage/topic	/m/02848ym
/m/08mbj5d	/common/annotation_category/annotations./common/webpage/topic	/m/01213c
/m/07c1v	/common/annotation_category/annotations./common/webpage/topic	/m/05q5w9_
/m/08mbj5d	/common/annotation_category/annotations./common/webpage/topic	/m/05r6t
/m/018zqj	/common/annotation_category/annotations./common/webpage/topic	/m/07mwb8
/m/0d063v	/common/annotation_category/annotations./common/webpage/topic	/m/0174pr
/m/08mbj5d	/common/annotation_category/annotations./common/webpage/topic	/m/06lckm
/m/02j62	/common/annotation_category/annotations./common/webpage/topic	/m/0282qhx
/m/08mbj5d	/common/annotation_category/annotations./common/webpage/topic	/m/03qjwc
/m/08mbj5d	/common/annotation_category/annotations./common/webpage/topic	/m/037ls6
/m/026bk	/common/annotation_category/annotations./common/webpage/topic	/m/0h288t
/m/023907r	/common/annotation_category/annotations./common/webpage/topic	/m/08sp18
/m/08mbj5d	/common/annotation_category/annotations./common/webpage/topic	/m/02sdk9v
/m/026t6	/common/annotation_category/annotations./common/webpage/topic	/m/033lc0
/m/03nfmq	/common/annotation_category/annotations./common/webpage/topic	/m/03d701h
/m/04rjg	/common/annotation_category/annotations./common/webpage/topic	/m/06kcrg
/m/04g51	/common/annotation_category/annotations./common/webpage/topic	/m/043k6qr
/m/0jjw	/common/annotation_category/annotations./common/webpage/topic	/m/02y4m9
/m/08mbj5d	/common/annotation_category/annotations./common/webpage/topic	/m/0gnjh
/m/0403l3g	/common/annotation_category/annotations./common/webpage/topic	/m/054w54
/m/08mbj5d	/common/annotation_category/annotations./common/webpage/topic	/m/0b57p6
/m/0fpzzp	/common/annotation_category/annotations./common/webpage/topic	/m/0262h3k
/m/08mbj5d	/common/annotation_category/annotations./common/webpage/topic	/m/0fvppk
/m/06c9r	/common/annotation_category/annotations./common/webpage/topic	/m/027gjff
/m/033th	/common/annotation_category/annotations./common/webpage/topic	/m/0w0z7
/m/07c52	/common/annotation_category/annotations./common/webpage/topic	/m/01bwj7
/m/08mbj5d	/common/annotation_category/annotations./common/webpage/topic	/m/01s0ps
/m/08mbj5d	/common/annotation_category/annotations./common/webpage/topic	/m/047dpm0
/m/08mbj5d	/common/annotation_category/annotations./common/webpage/topic	/m/07c404
/m/04t_mf	/common/annotation_category/annotations./common/webpage/topic	/m/02x9jvc
/m/08mbj5d	/common/annotation_category/annotations./common/webpage/topic	/m/01cky2
/m/015w9s	/common/annotation_category/annotations./common/webpage/topic	/m/0f2sc9
/m/08mbj5d	/common/annotation_category/annotations./common/webpage/topic	/m/01jft4
/m/08mbj5d	/common/annotation_category/annotations./common/webpage/topic	/m/0fk98
/m/0m1xv	/common/annotation_category/annotations./common/webpage/topic	/m/05p414
/m/033th	/common/annotation_category/annotations./common/webpage/topic	/m/06gz0y
/m/08mbj5d	/common/annotation_category/annotations./common/webpage/topic	/m/0cf2h
/m/08mbj5d	/common/annotation_category/annotations./common/webpage/topic	/m/03kq98
/m/015w9s	/common/annotation_category/annotations./common/webpage/topic	/m/042jv9
/m/08mbj5d	/common/annotation_category/annotations./common/webpage/topic	/m/0gx_st
/m/08mbj5d	/common/annotation_category/annotations./common/webpage/topic	/m/04g2jz2
/m/08mbj5d	/common/annotation_category/annotations./common/webpage/topic	/m/04j689
/m/0m1xv	/common/annotation_category/annotations./common/webpage/topic	/m/0dx2_q
/m/08mbj5d	/common/annotation_category/annotations./common/webpage/topic	/m/03n15_
/m/02lkt	/common/annotation_category/annotations./common/webpage/topic	/m/0c0dj_
/m/09kqc	/common/annotation_category/annotations./common/webpage/topic	/m/0dngm4
/m/06n6p	/common/annotation_category/annotations./common/webpage/topic	/m/04q9t8p
/m/08mbj5d	/common/annotation_category/annotations./common/webpage/topic	/m/05b0f7
/m/08mbj5d	/common/annotation_category/annotations./common/webpage/topic	/m/01hc9_
/m/0557q	/common/annotation_category/annotations./common/webpage/topic	/m/02qr_sh
/m/03nfmq	/common/annotation_category/annotations./common/webpage/topic	/m/06_gjl
/m/08mbj5d	/common/annotation_category/annotations./common/webpage/topic	/m/03mqj_
/m/0d63kt	/common/annotation_category/annotations./common/webpage/topic	/m/02kx2bg
/m/025zzc	/common/annotation_category/annotations./common/webpage/topic	/m/0dbsl
/m/01z747	/common/annotation_category/annotations./common/webpage/topic	/m/047v4bb
/m/018zqj	/common/annotation_category/annotations./common/webpage/topic	/m/04018t
/m/011s0	/common/annotation_category/annotations./common/webpage/topic	/m/0c8kmn
/m/0557q	/common/annotation_category/annotations./common/webpage/topic	/m/064kn_g
/m/011s0	/common/annotation_category/annotations./common/webpage/topic	/m/0hvz8
/m/0k80c	/common/annotation_category/annotations./common/webpage/topic	/m/0ddhnp
/m/06n90	/common/annotation_category/annotations./common/webpage/topic	/m/0w0rq
/m/02822	/common/annotation_category/annotations./common/webpage/topic	/m/0dx5kq
/m/08mbj5d	/common/annotation_category/annotations./common/webpage/topic	/m/0lgw7
/m/0259tnd	/common/annotation_category/annotations./common/webpage/topic	/m/03x_rqw
/m/02822	/common/annotation_category/annotations./common/webpage/topic	/m/06w7__
/m/08mbj5d	/common/annotation_category/annotations./common/webpage/topic	/m/070m12
/m/08mbj5d	/common/annotation_category/annotations./common/webpage/topic	/m/04y41
/m/026bk	/common/annotation_category/annotations./common/webpage/topic	/m/05k8hd
/m/08mbj5d	/common/annotation_category/annotations./common/webpage/topic	/m/06cvx
/m/08mbj5d	/common/annotation_category/annotations./common/webpage/topic	/m/0ns_4
/m/0kcc7	/common/annotation_category/annotations./common/webpage/topic	/m/01wpz6
/m/08mbj5d	/common/annotation_category/annotations./common/webpage/topic	/m/09ykwk
/m/02lkt	/common/annotation_category/annotations./common/webpage/topic	/m/0fq0t14
/m/08mbj5d	/common/annotation_category/annotations./common/webpage/topic	/m/02_fkk
/m/08mbj5d	/common/annotation_category/annotations./common/webpage/topic	/m/0jz71
/m/0mz2	/common/annotation_category/annotations./common/webpage/topic	/m/0c1fv2
/m/03qh03g	/common/annotation_category/annotations./common/webpage/topic	/m/0gjz3f
/m/06xw2	/common/annotation_category/annotations./common/webpage/topic	/m/04yf308
/m/02lkt	/common/annotation_category/annotations./common/webpage/topic	/m/0383kv
/m/057m6	/common/annotation_category/annotations./common/webpage/topic	/m/03x_pcg
/m/08mbj5d	/common/annotation_category/annotations./common/webpage/topic	/m/03wkwg
/m/08mbj5d	/common/annotation_category/annotations./common/webpage/topic	/m/0h53p1
/m/08mbj5d	/common/annotation_category/annotations./common/webpage/topic	/m/0h4xw_
/m/08mbj5d	/common/annotation_category/annotations./common/webpage/topic	/m/037mh8
/m/06mbny	/common/annotation_category/annotations./common/webpage/topic	/m/07jz57
/m/08mbj5d	/common/annotation_category/annotations./common/webpage/topic	/m/02r6gw6
/m/08mbj5d	/common/annotation_category/annotations./common/webpage/topic	/m/07nqn
/m/08mbj5d	/common/annotation_category/annotations./common/webpage/topic	/m/03ykjs9
/m/08mbj5d	/common/annotation_category/annotations./common/webpage/topic	/m/01c427
/m/057m6	/common/annotation_category/annotations./common/webpage/topic	/m/06zvs3
/m/041y2	/common/annotation_category/annotations./common/webpage/topic	/m/01rcm2
/m/08mbj5d	/common/annotation_category/annotations./common/webpage/topic	/m/01bcq
/m/08mbj5d	/common/annotation_category/annotations./common/webpage/topic	/m/026bfsh
/m/08mbj5d	/common/annotation_category/annotations./common/webpage/topic	/m/01nrgq
/m/08mbj5d	/common/annotation_category/annotations./common/webpage/topic	/m/04qp06
/m/015w9s	/common/annotation_category/annotations./common/webpage/topic	/m/02vncyl
/m/02jfc	/common/annotation_category/annotations./common/webpage/topic	/m/05dh12
/m/01z747	/common/annotation_category/annotations./common/webpage/topic	/m/0cz1md
/m/08mbj5d	/common/annotation_category/annotations./common/webpage/topic	/m/0bzrxn
/m/0d063v	/common/annotation_category/annotations./common/webpage/topic	/m/01nvn0b
/m/08mbj5d	/common/annotation_category/annotations./common/webpage/topic	/m/018009
/m/06xw2	/common/annotation_category/annotations./common/webpage/topic	/m/0xr1v
/m/0jjw	/common/annotation_category/annotations./common/webpage/topic	/m/05272d
/m/08mbj5d	/common/annotation_category/annotations./common/webpage/topic	/m/03lh3v
/m/03pty	/common/annotation_category/annotations./common/webpage/topic	/m/04f246c
/m/08mbj5d	/common/annotation_category/annotations./common/webpage/topic	/m/095kp
/m/03nfmq	/common/annotation_category/annotations./common/webpage/topic	/m/03c1pcw
/m/08mbj5d	/common/annotation_category/annotations./common/webpage/topic	/m/04gny
/m/04rlf	/common/annotation_category/annotations./common/webpage/topic	/m/025t8l
/m/04t_mf	/common/annotation_category/annotations./common/webpage/topic	/m/05fbcq
/m/08mbj5d	/common/annotation_category/annotations./common/webpage/topic	/m/03x746
/m/08mbj5d	/common/annotation_category/annotations./common/webpage/topic	/m/025352
/m/04g51	/common/annotation_category/annotations./common/webpage/topic	/m/015z98
/m/08mbj5d	/common/annotation_category/annotations./common/webpage/topic	/m/01f38z
/m/08mbj5d	/common/annotation_category/annotations./common/webpage/topic	/m/014dsx
/m/08mbj5d	/common/annotation_category/annotations./common/webpage/topic	/m/0jqn5
/m/03hkp	/common/annotation_category/annotations./common/webpage/topic	/m/02x68pp
/m/09s1f	/common/annotation_category/annotations./common/webpage/topic	/m/02qx31j
/m/08mbj5d	/common/annotation_category/annotations./common/webpage/topic	/m/04_x4s
/m/08mbj5d	/common/annotation_category/annotations./common/webpage/topic	/m/02bkdn
/m/08mbj5d	/common/annotation_category/annotations./common/webpage/topic	/m/03k9fj
/m/08mbj5d	/common/annotation_category/annotations./common/webpage/topic	/m/02_qt
/m/02vxn	/common/annotation_category/annotations./common/webpage/topic	/m/05p2p5h
/m/08mbj5d	/common/annotation_category/annotations./common/webpage/topic	/m/0bdx29
/m/08mbj5d	/common/annotation_category/annotations./common/webpage/topic	/m/01yc02
/m/0sydc	/common/annotation_category/annotations./common/webpage/topic	/m/08nh5j
/m/08mbj5d	/common/annotation_category/annotations./common/webpage/topic	/m/041738
/m/08mbj5d	/common/annotation_category/annotations./common/webpage/topic	/m/0d6d2
/m/06274w	/common/annotation_category/annotations./common/webpage/topic	/m/0cc5w3_
/m/07c1v	/common/annotation_category/annotations./common/webpage/topic	/m/02rb2n8
/m/02jfc	/common/annotation_category/annotations./common/webpage/topic	/m/025zcd9
/m/066wd	/common/annotation_category/annotations./common/webpage/topic	/m/026fx90
/m/0k80c	/common/annotation_category/annotations./common/webpage/topic	/m/01wdnks
/m/08mbj5d	/common/annotation_category/annotations./common/webpage/topic	/m/0bxy67
/m/03npn	/common/annotation_category/annotations./common/webpage/topic	/m/05h2nmj
/m/08mbj5d	/common/annotation_category/annotations./common/webpage/topic	/m/0kq2
/m/08mbj5d	/common/annotation_category/annotations./common/webpage/topic	/m/0627zr
/m/08mbj5d	/common/annotation_category/annotations./common/webpage/topic	/m/07fb6
/m/025zzc	/common/annotation_category/annotations./common/webpage/topic	/m/05f0s0
/m/06n6p	/common/annotation_category/annotations./common/webpage/topic	/m/0412hc0
/m/0m1xv	/common/annotation_category/annotations./common/webpage/topic	/m/051404
/m/01mw1	/common/annotation_category/annotations./common/webpage/topic	/m/03mf218
/m/01zhp	/common/annotation_category/annotations./common/webpage/topic	/m/0f4034
/m/06n6p	/common/annotation_category/annotations./common/webpage/topic	/m/09txp9
/m/0sydc	/common/annotation_category/annotations./common/webpage/topic	/m/04fh4d2
/m/08mbj5d	/common/annotation_category/annotations./common/webpage/topic	/m/0f6zs
/m/02vxn	/common/annotation_category/annotations./common/webpage/topic	/m/01msgsy
/m/08mbj5d	/common/annotation_category/annotations./common/webpage/topic	/m/01d8yn
/m/08mbj5d	/common/annotation_category/annotations./common/webpage/topic	/m/07c2wt
/m/02j62	/common/annotation_category/annotations./common/webpage/topic	/m/047mp_p
/m/0mkz	/common/annotation_category/annotations./common/webpage/topic	/m/08t_q4
/m/04t_mf	/common/annotation_category/annotations./common/webpage/topic	/m/07gskj
/m/08mbj5d	/common/annotation_category/annotations./common/webpage/topic	/m/0frq6
/m/04rjg	/common/annotation_category/annotations./common/webpage/topic	/m/0g9j4j
/m/08mbj5d	/common/annotation_category/annotations./common/webpage/topic	/m/07vf5c
/m/01hmnh	/common/annotation_category/annotations./common/webpage/topic	/m/024jc1
/m/08mbj5d	/common/annotation_category/annotations./common/webpage/topic	/m/04jhhng
/m/08mbj5d	/common/annotation_category/annotations./common/webpage/topic	/m/01psyx
/m/09kqc	/common/annotation_category/annotations./common/webpage/topic	/m/0gg4kp
/m/0hn10	/common/annotation_category/annotations./common/webpage/topic	/m/01zks0
/m/01540	/common/annotation_category/annotations./common/webpage/topic	/m/0ghlhx
/m/0mz2	/common/annotation_category/annotations./common/webpage/topic	/m/03d4q7c
/m/04rlf	/common/annotation_category/annotations./common/webpage/topic	/m/0cc91q9
/m/0259tnd	/common/annotation_category/annotations./common/webpage/topic	/m/02r04l6
/m/08mbj5d	/common/annotation_category/annotations./common/webpage/topic	/m/01pv91
/m/08mbj5d	/common/annotation_category/annotations./common/webpage/topic	/m/022qqh
/m/08mbj5d	/common/annotation_category/annotations./common/webpage/topic	/m/0k4j
/m/08mbj5d	/common/annotation_category/annotations./common/webpage/topic	/m/01h7bb
/m/08mbj5d	/common/annotation_category/annotations./common/webpage/topic	/m/033jj1
/m/04g51	/common/annotation_category/annotations./common/webpage/topic	/m/03fxfy
/m/08mbj5d	/common/annotation_category/annotations./common/webpage/topic	/m/08ff1k
/m/02_7t	/common/annotation_category/annotations./common/webpage/topic	/m/02wwpxr
/m/08mbj5d	/common/annotation_category/annotations./common/webpage/topic	/m/0bxc4
/m/08mbj5d	/common/annotation_category/annotations./common/webpage/topic	/m/0h1n9
/m/09kqc	/common/annotation_category/annotations./common/webpage/topic	/m/097_rp
/m/02csf	/common/annotation_category/annotations./common/webpage/topic	/m/02rmvdl
/m/08mbj5d	/common/annotation_category/annotations./common/webpage/topic	/m/02070z
/m/08mbj5d	/common/annotation_category/annotations./common/webpage/topic	/m/0fm3nb
/m/08mbj5d	/common/annotation_category/annotations./common/webpage/topic	/m/0g7s1n
/m/02csf	/common/annotation_category/annotations./common/webpage/topic	/m/01sr0g
/m/08mbj5d	/common/annotation_category/annotations./common/webpage/topic	/m/049sb
/m/08mbj5d	/common/annotation_category/annotations./common/webpage/topic	/m/0gkr9q
/m/06mq7	/common/annotation_category/annotations./common/webpage/topic	/m/02wz4mn
/m/08mbj5d	/common/annotation_category/annotations./common/webpage/topic	/m/01z3bz
/m/08mbj5d	/common/annotation_category/annotations./common/webpage/topic	/m/01fwpt
/m/01chg	/common/annotation_category/annotations./common/webpage/topic	/m/027v3qr
/m/08mbj5d	/common/annotation_category/annotations./common/webpage/topic	/m/02snj9
/m/03hkp	/common/annotation_category/annotations./common/webpage/topic	/m/0bqyc0
/m/025zzc	/common/annotation_category/annotations./common/webpage/topic	/m/04g0d_7
/m/0m1xv	/common/annotation_category/annotations./common/webpage/topic	/m/01v75dg
/m/08mbj5d	/common/annotation_category/annotations./common/webpage/topic	/m/022q32
/m/08mbj5d	/common/annotation_category/annotations./common/webpage/topic	/m/04l_pt
/m/06274w	/common/annotation_category/annotations./common/webpage/topic	/m/0287ptv
/m/08mbj5d	/common/annotation_category/annotations./common/webpage/topic	/m/02079p
/m/04g51	/common/annotation_category/annotations./common/webpage/topic	/m/01_rrz
/m/021bp2	/common/annotation_category/annotations./common/webpage/topic	/m/07rqls
/m/01chg	/common/annotation_category/annotations./common/webpage/topic	/m/0hs6h
/m/07c52	/common/annotation_category/annotations./common/webpage/topic	/m/03hzjn_
/m/04jjy	/common/annotation_category/annotations./common/webpage/topic	/m/0f12dt
/m/0d063v	/common/annotation_category/annotations./common/webpage/topic	/m/064pmj6
/m/0259tnd	/common/annotation_category/annotations./common/webpage/topic	/m/026ln2v
/m/06mbny	/common/annotation_category/annotations./common/webpage/topic	/m/0f60l7
/m/058j2	/common/annotation_category/annotations./common/webpage/topic	/m/03d9575
/m/08mbj5d	/common/annotation_category/annotations./common/webpage/topic	/m/0ff3y
/m/05jhg	/common/annotation_category/annotations./common/webpage/topic	/m/076y98j
/m/08mbj5d	/common/annotation_category/annotations./common/webpage/topic	/m/0xgpv
/m/0k80c	/common/annotation_category/annotations./common/webpage/topic	/m/011jn2
/m/08mbj5d	/common/annotation_category/annotations./common/webpage/topic	/m/06kb_
/m/017fp	/common/annotation_category/annotations./common/webpage/topic	/m/0gw1x
/m/08mbj5d	/common/annotation_category/annotations./common/webpage/topic	/m/02w670
/m/0jjw	/common/annotation_category/annotations./common/webpage/topic	/m/04ghtm5
/m/02vxn	/common/annotation_category/annotations./common/webpage/topic	/m/09th0t
/m/06xw2	/common/annotation_category/annotations./common/webpage/topic	/m/0c805k
/m/0557q	/common/annotation_category/annotations./common/webpage/topic	/m/05bzzft
/m/0kcc7	/common/annotation_category/annotations./common/webpage/topic	/m/01r25qv
/m/06nbt	/common/annotation_category/annotations./common/webpage/topic	/m/01rpk9h
/m/08mbj5d	/common/annotation_category/annotations./common/webpage/topic	/m/02yw1c
/m/06mbny	/common/annotation_category/annotations./common/webpage/topic	/m/02vlsz0
/m/08mbj5d	/common/annotation_category/annotations./common/webpage/topic	/m/04135
/m/01z747	/common/annotation_category/annotations./common/webpage/topic	/m/026s19l
/m/04g51	/common/annotation_category/annotations./common/webpage/topic	/m/03w4q_
/m/06n90	/common/annotation_category/annotations./common/webpage/topic	/m/08w_s8
/m/05qt0	/common/annotation_category/annotations./common/webpage/topic	/m/03h7d5
/m/09lxtg	/location/location/contains	/m/0dr_4
/m/09lxtg	/location/country/administrative_divisions	/m/0mwvq
/m/02g9z1	/location/location/contains	/m/04z94h
/m/06sw9	/location/country/administrative_divisions	/m/0c3vbq
/m/0kcdl	/tv/tv_network/programs./tv/tv_network_duration/program	/m/09v38qj
/m/02vz6dn	/tv/tv_network/programs./tv/tv_network_duration/program	/m/040lmh
/m/03fg0r	/location/location/contains	/m/0d6_hm
/m/01tzm9	/location/location/contains	/m/07wbft
/m/0127xk	/symbols/name_source/namesakes	/m/0drdv
/m/02c7tb	/travel/travel_destination/tourist_attractions	/m/024tz_
/m/01y8zd	/education/educational_institution/students_graduates./education/education/student	/m/01j5x6
/m/02fgmn	/tv/tv_genre/programs	/m/04jn6y7
/m/09lxtg	/influence/influence_node/influenced	/m/0b16h0
/m/02ln1	/base/argumentmaps/innovator/original_ideas	/m/018cwm
/m/02sdk9v	/baseball/baseball_position/players	/m/03qcndn
/m/01yvvn	/baseball/baseball_position/players	/m/0f4p4w
/m/02qvzf	/baseball/baseball_position/players	/m/04vx41
/m/02s529	/film/actor/film./film/performance/film	/m/05dppk
/m/0d87hc	/location/location/contains	/m/053wv0t
/m/03kts	/music/artist/album	/m/02906
/m/03v09	/language/language_family/languages	/m/0t_2
/m/07_3qd	/language/language_family/languages	/m/0xrg
/m/0789r6	/business/industry/companies	/m/03wc0lj
/m/0bvz6	/education/educational_institution/students_graduates./education/education/student	/m/0d5lfg
/m/0ky6d	/education/educational_institution/students_graduates./education/education/student	/m/0gn8gz
/m/02mzg9	/education/educational_institution/students_graduates./education/education/student	/m/03pp8_
/m/0ym1n	/education/educational_institution/students_graduates./education/education/student	/m/0263y0
/m/01w56k	/education/educational_institution/students_graduates./education/education/student	/m/0404_gy
/m/0bx8pn	/education/educational_institution/students_graduates./education/education/student	/m/01p95y0
/m/016_v3	/music/genre/artists	/m/034_t5
/m/01d1yr	/film/actor/film./film/performance/film	/m/0641kkh
/m/01ppq	/location/country/languages_spoken	/m/0121sr
/m/01ppq	/location/location/contains	/m/01xndd
/m/087v17	/tv/tv_actor/starring_roles./tv/regular_tv_appearance/series	/m/02rs1k0
/m/01zfzb	/film/film_genre/films_in_this_genre	/m/0cd3jr
/m/02hnl	/music/performance_role/regular_performances./music/group_membership/group	/m/04bbv7
/m/016ksk	/music/performance_role/regular_performances./music/group_membership/group	/m/076y98j
/m/02hnl	/music/performance_role/regular_performances./music/group_membership/group	/m/01l2b3
/m/02hnl	/music/performance_role/regular_performances./music/group_membership/group	/m/018js4
/m/01bns_	/music/instrument/instrumentalists	/m/03f6jpj
/m/02hnl	/music/performance_role/regular_performances./music/group_membership/group	/m/0psss
/m/02hnl	/music/performance_role/regular_performances./music/group_membership/member	/m/0y1mh
/m/0680x0	/music/instrument/instrumentalists	/m/0ct1b0
/m/0mtdx	/music/performance_role/regular_performances./music/group_membership/member	/m/07_h71
/m/02hnl	/music/instrument/instrumentalists	/m/09p5mwg
/m/030_1_	/music/performance_role/regular_performances./music/group_membership/group	/m/01pwkd3
/m/0bqr7_	/music/performance_role/regular_performances./music/group_membership/member	/m/04z_5tb
/m/02hnl	/music/performance_role/regular_performances./music/group_membership/group	/m/0n57k
/m/01bvw5	/music/performance_role/regular_performances./music/group_membership/member	/m/03f6jpj
/m/05148p4	/music/instrument/instrumentalists	/m/04z_5tb
/m/01vj9c	/music/instrument/instrumentalists	/m/07_h71
/m/02hnl	/music/performance_role/regular_performances./music/group_membership/member	/m/0m68w
/m/0dzs0	/music/performance_role/regular_performances./music/group_membership/group	/m/01r25qv
/m/0j298t8	/music/performance_role/regular_performances./music/group_membership/member	/m/0gmf7sz
/m/0cpjgj	/music/performance_role/regular_performances./music/group_membership/group	/m/05_hh8
/m/01yb09	/film/film_genre/films_in_this_genre	/m/0822j
/m/03q4nz	/film/film_genre/films_in_this_genre	/m/0tbr
/m/03q4nz	/film/film_genre/films_in_this_genre	/m/01cl2y
/m/03q4nz	/film/film_genre/films_in_this_genre	/m/030pm0
/m/03q4nz	/film/film_genre/films_in_this_genre	/m/06qgjh
/m/03q4nz	/tv/tv_genre/programs	/m/04913k
/m/01f7jt	/film/film_genre/films_in_this_genre	/m/04lhwcn
/m/03q4nz	/film/film_genre/films_in_this_genre	/m/03qnc6q
/m/02f6g5	/film/film_genre/films_in_this_genre	/m/02rstmj
/m/03q4nz	/film/film_genre/films_in_this_genre	/m/0f3ys2
/m/01yx7f	/media_common/netflix_genre/titles	/m/04lhwcn
/m/03rk0	/location/location/contains	/m/031c3v
/m/03rk0	/location/location/contains	/m/02py9yf
/m/0jnl5	/organization/organization_scope/organizations_with_this_scope	/m/024yg6
/m/03rk0	/media_common/netflix_genre/titles	/m/01t8gz
/m/019g65	/media_common/netflix_genre/titles	/m/04j0pd7
/m/03rk0	/location/location/contains	/m/078mgh
/m/03rk0	/location/location/contains	/m/0143hl
/m/07kg3	/location/location/contains	/m/020tg6
/m/03rk0	/location/location/contains	/m/07z4p5
/m/012t_z	/location/location/contains	/m/0cn193
/m/02681xs	/location/location/contains	/m/0gtclt
/m/03rk0	/location/location/contains	/m/08l_c1
/m/03rk0	/olympics/olympic_participating_country/medals_won./olympics/olympic_medal_honor/medalist	/m/032v0v
/m/03rk0	/location/location/contains	/m/0r2l7
/m/03rk0	/location/location/contains	/m/0349s
/m/01d2v1	/location/location/contains	/m/03fxfy
/m/03rk0	/location/location/contains	/m/05qtcv
/m/03rk0	/location/location/contains	/m/05prs8
/m/015g7	/olympics/olympic_participating_country/athletes./olympics/olympic_athlete_affiliation/athlete	/m/051wzcl
/m/035v3	/location/location/contains	/m/02794yr
/m/03rk0	/location/location/contains	/m/0q_0z
/m/03rk0	/location/location/contains	/m/01hr1
/m/03rk0	/location/location/contains	/m/0dc3_
/m/03rk0	/government/governmental_jurisdiction/agencies	/m/056jm_
/m/03rk0	/media_common/netflix_genre/titles	/m/03_d0
/m/03qlv7	/location/location/contains	/m/0f5qlj
/m/03rk0	/location/location/contains	/m/0417z2
/m/03vw9m	/location/location/contains	/m/0bhk4m
/m/06d_3	/location/location/contains	/m/0f0d2q
/m/03rk0	/location/location/contains	/m/07nxvj
/m/0jdm8	/award/award_category/winners./award/award_honor/award_winner	/m/01g9mw
/m/064f29	/cvg/cvg_publisher/games_published	/m/0cnjm0
/m/02vyh	/cvg/cvg_developer/games_developed	/m/02774zt
/m/07bs0	/olympics/olympic_sport/athletes./olympics/olympic_athlete_affiliation/athlete	/m/081nh
/m/081t6	/government/political_appointer/appointees./government/government_position_held/office_holder	/m/026_s_
/m/0kn68	/location/location/contains	/m/0148d
/m/011z3g	/award/award_winner/awards_won./award/award_honor/award_winner	/m/05l5n
/m/015w9s	/media_common/netflix_genre/titles	/m/03zqc1
/m/015w9s	/film/film_genre/films_in_this_genre	/m/01z0rcq
/m/0mw89	/award/award_winner/awards_won./award/award_honor/award_winner	/m/06gz0y
/m/016sqs	/award/award_nominee/award_nominations./award/award_nomination/award_nominee	/m/03wxvk
/m/01gtbb	/award/award_category/winners./award/award_honor/award_winner	/m/01hb9p
/m/01dpdh	/award/award_category/nominees./award/award_nomination/award_nominee	/m/01y2mq
/m/06ngk	/education/school_category/schools_of_this_kind	/m/055bft
/m/02x1z2s	/award/award_category/nominees./award/award_nomination/nominated_for	/m/01r2lw
/m/01qjct	/music/performance_role/track_performances./music/track_contribution/contributor	/m/01x0hr_
/m/0319l	/music/instrument/instrumentalists	/m/02bhj4
/m/017z88	/film/production_company/films	/m/0f_kz3
/m/0234_c	/film/film_distributor/films_distributed./film/film_film_distributor_relationship/film	/m/026pdy
/m/01n6r0	/education/educational_institution/students_graduates./education/education/student	/m/03nr3qq
/m/04bfg	/education/educational_institution/students_graduates./education/education/student	/m/08jbxf
/m/09s93	/education/educational_institution/students_graduates./education/education/student	/m/0b6gbfs
/m/017lvd	/education/educational_institution/students_graduates./education/education/student	/m/032p4g
/m/04fznlb	/government/political_party/politicians_in_this_party./government/political_party_tenure/politician	/m/01k_n63
/m/05tcx0	/music/genre/artists	/m/0mwkp
/m/0gtsxr4	/award/award_nominee/award_nominations./award/award_nomination/award	/m/06w6tv2
/m/03_vx9	/business/employer/employees./business/employment_tenure/person	/m/026nw3t
/m/03jjzf	/people/person/education./education/education/institution	/m/07bm3n
/m/0fmtd	/language/language_family/languages	/m/0ff6s5
/m/02wr2r	/time/event/includes_event	/m/0805dtv
/m/0265v21	/time/event/includes_event	/m/02xc04
/m/05fgr_	/time/event/includes_event	/m/03cqjrk
/m/01fkxr	/location/location/contains	/m/0563mx
/m/04nc_7	/education/educational_institution/students_graduates./education/education/student	/m/02076d
/m/01q3_2	/film/music_contributor/film	/m/0c3p5b
/m/024tcq	/government/legislative_session/members./government/government_position_held/office_holder	/m/01tzm9
/m/0bz6sb	/people/ethnicity/people	/m/02q87p8
/m/02ctzb	/people/ethnicity/people	/m/01wqpnm
/m/02bqmq	/fictional_universe/ethnicity_in_fiction/characters_of_this_ethnicity	/m/09kk9wr
/m/02ctzb	/people/ethnicity/people	/m/01qvz8
/m/02lq5w	/olympics/olympic_medal/medal_winners./olympics/olympic_medal_honor/medalist	/m/0c7lcx
/m/05dppk	/olympics/olympic_medal/medal_winners./olympics/olympic_medal_honor/medalist	/m/02rnwgr
/m/01w_10	/olympics/olympic_medal/medal_winners./olympics/olympic_medal_honor/medalist	/m/09pqr
/m/026dg51	/olympics/olympic_medal/medal_winners./olympics/olympic_medal_honor/medalist	/m/0fr3dh
/m/07l5z	/time/event/includes_event	/m/03cg6j2
/m/06nvzg	/organization/membership_organization/members./organization/organization_membership/member	/m/04ty8
/m/06z68	/olympics/olympic_sport/athletes./olympics/olympic_athlete_affiliation/athlete	/m/03d0skq
/m/06z6r	/olympics/olympic_sport/athletes./olympics/olympic_athlete_affiliation/athlete	/m/03llf8
/m/0k3p	/government/governmental_jurisdiction/governing_officials./government/government_position_held/office_holder	/m/027hyk1
/m/07z1m	/location/location/contains	/m/012jc
/m/07z1m	/location/location/contains	/m/029k4p
/m/07z1m	/government/governmental_jurisdiction/governing_officials./government/government_position_held/office_holder	/m/0fq27fp
/m/0c1fs	/book/author/works_written	/m/03sb38
/m/0cmpn	/government/political_appointer/appointees./government/government_position_held/office_holder	/m/01xpg
/m/0q8sw	/location/location/contains	/m/025tlyv
/m/09d5h	/education/educational_institution/students_graduates./education/education/student	/m/02_3m58
/m/02gn8s	/education/educational_institution/students_graduates./education/education/student	/m/05pbckd
/m/01k31p	/business/employer/employees./business/employment_tenure/person	/m/02wcn6t
/m/01jq34	/education/educational_institution/students_graduates./education/education/student	/m/026v_78
/m/01xndd	/tv/tv_actor/starring_roles./tv/regular_tv_appearance/series	/m/07ssc
/m/02bcc0	/people/family/members	/m/0265z9l
/m/02bcc0	/people/family/members	/m/0nccd
/m/02bcc0	/people/family/members	/m/08w4pm
/m/03ln9	/royalty/royal_line/monarchs_from_this_line	/m/0q8lc
/m/02bcc0	/people/family/members	/m/02z44tp
/m/02dwpf	/baseball/baseball_position/players	/m/014g91
/m/02r_5vd	/people/profession/people_with_this_profession	/m/05zn92p
/m/02brqp	/education/educational_institution/students_graduates./education/education/student	/m/05p73sl
/m/01vw917	/music/genre/artists	/m/01wdnks
/m/04q_g	/location/location/contains	/m/04p4r
/m/04q_g	/location/location/contains	/m/0197tq
/m/06lk0_	/award/award_nominee/award_nominations./award/award_nomination/nominated_for	/m/038w8
/m/019lvv	/film/film_genre/films_in_this_genre	/m/026_6ms
/m/082gq	/film/film_genre/films_in_this_genre	/m/033pf1
/m/082gq	/film/film_genre/films_in_this_genre	/m/02lxj_
/m/082gq	/film/film_genre/films_in_this_genre	/m/01swmr
/m/082gq	/film/film_genre/films_in_this_genre	/m/02gl58
/m/01wsj0	/film/film_genre/films_in_this_genre	/m/043gyn
/m/0211jt	/tv/tv_genre/programs	/m/064lg7h
/m/082gq	/film/film_genre/films_in_this_genre	/m/04t969
/m/082gq	/film/film_genre/films_in_this_genre	/m/01wc7p
/m/082gq	/film/film_genre/films_in_this_genre	/m/04v8x9
/m/0b28g	/location/location/containedby	/m/030vnj
/m/0bkj86	/education/educational_degree/people_with_this_degree./education/education/student	/m/0210hf
/m/01xpxv	/education/educational_degree/people_with_this_degree./education/education/student	/m/0g2sgt
/m/01x2_q	/education/educational_degree/people_with_this_degree./education/education/student	/m/0144_b
/m/0bkj86	/education/educational_degree/people_with_this_degree./education/education/student	/m/092kgw
/m/01m1y	/education/educational_degree/people_with_this_degree./education/education/student	/m/02076d
/m/0bkj86	/education/educational_degree/people_with_this_degree./education/education/student	/m/08kp57
/m/07r_p	/award/award_category/winners./award/award_honor/award_winner	/m/03cg8gx
/m/0bs0bh	/award/award_category/nominees./award/award_nomination/award_nominee	/m/033wx9
/m/0cd25	/biology/breed_registry/recognized_breeds./biology/breed_registration/breed	/m/0b3s8y
/m/01n1gc	/film/actor/film./film/performance/film	/m/06mdcv
/m/06fxnf	/people/person/parents	/m/04v18k
/m/017xm3	/music/artist/album	/m/0g_bh
/m/0lbl6	/tv/tv_program/episodes	/m/0796ppm
/m/01d3n8	/medicine/medical_specialty/diseases_treated	/m/027pdrh
/m/0cpjgj	/location/location/contains	/m/0dltwy
/m/0ddjy	/music/genre/artists	/m/01wn3_n
/m/01hcvm	/music/genre/artists	/m/0ldqf
/m/08l_c1	/education/educational_institution/students_graduates./education/education/student	/m/02wcn6t
/m/01wb7	/architecture/building_function/buildings	/m/0hg5
/m/02l4rh	/music/genre/artists	/m/01vnb9t
/m/01pv91	/music/genre/artists	/m/04jl_5m
/m/078jt5	/music/genre/artists	/m/0181_r
/m/0r80l	/music/genre/artists	/m/076y98j
/m/06wrt	/people/profession/people_with_this_profession	/m/09bmpd
/m/03m3mgq	/people/profession/people_with_this_profession	/m/06c9r
/m/03m3mgq	/people/profession/people_with_this_profession	/m/01c72t
/m/03m3mgq	/people/profession/people_with_this_profession	/m/0jxgx
/m/06rfy5	/comic_books/comic_book_publisher/comic_book_series_published	/m/012y10
/m/03v1s	/government/political_district/representatives./government/government_position_held/office_holder	/m/01k31p
/m/047vp1n	/music/performance_role/regular_performances./music/group_membership/member	/m/01rpzrc
/m/0d8lm	/music/instrument/instrumentalists	/m/0c0dj_
/m/05148p4	/music/performance_role/regular_performances./music/group_membership/group	/m/03cvfg
/m/0c66m	/music/performance_role/regular_performances./music/group_membership/member	/m/09xr6_
/m/016622	/music/instrument/instrumentalists	/m/017fl5
/m/0dwt5	/music/instrument/instrumentalists	/m/03h_kgb
/m/05148p4	/music/performance_role/regular_performances./music/group_membership/member	/m/04cw0j
/m/05148p4	/music/performance_role/regular_performances./music/group_membership/member	/m/02tqkf
/m/05148p4	/music/performance_role/regular_performances./music/group_membership/member	/m/02hxhz
/m/0m5s5	/music/performance_role/regular_performances./music/group_membership/member	/m/0c0dj_
/m/07kc_	/music/instrument/instrumentalists	/m/01w3wj4
/m/01f8ld	/music/performance_role/regular_performances./music/group_membership/group	/m/02h18k
/m/01l2fn	/music/performance_role/regular_performances./music/group_membership/member	/m/01w5hdv
/m/02s7tr	/music/performance_role/regular_performances./music/group_membership/group	/m/01l7nlz
/m/021q0l	/business/job_title/people_with_this_title./business/employment_tenure/company	/m/03p2b0n
/m/0ckd1	/business/job_title/people_with_this_title./business/employment_tenure/company	/m/0dfsbj
/m/05_wyz	/business/job_title/people_with_this_title./business/employment_tenure/company	/m/0jzw
/m/0219q	/people/person/education./education/education/institution	/m/08jwmp
/m/07q1v4	/film/music_contributor/film	/m/05w3f
/m/02rsw	/book/book_subject/works	/m/0n_gw
/m/0gfzgl	/people/profession/people_with_this_profession	/m/058wh8p
/m/03zj_3	/people/profession/people_with_this_profession	/m/05zlgn5
/m/0n1h	/people/profession/people_with_this_profession	/m/047f9jp
/m/0xnc3	/people/profession/people_with_this_profession	/m/0bwj1g7
/m/0n1h	/people/profession/people_with_this_profession	/m/01xvjb
/m/0t_07	/people/profession/people_with_this_profession	/m/0gg8hlz
/m/05nzw6	/people/profession/people_with_this_profession	/m/01xwn8
/m/0n1h	/people/profession/people_with_this_profession	/m/01x_d8
/m/0n1h	/people/profession/people_with_this_profession	/m/04hk0w
/m/01rwyq	/people/profession/people_with_this_profession	/m/03hjd_d
/m/0n1h	/people/profession/people_with_this_profession	/m/04nnpw
/m/0n1h	/people/profession/people_with_this_profession	/m/09_b4
/m/0nt4s	/location/location/contains	/m/07tw_b
/m/0qmd5	/film/film/starring./film/performance/actor	/m/04vmqg
/m/0xsk8	/location/location/contains	/m/03p76m
/m/0j8js	/location/location/contains	/m/08lsjh
/m/015nhn	/music/genre/artists	/m/0181_r
/m/01qygl	/music/genre/artists	/m/05k8hd
/m/09_bl	/olympics/olympic_sport/athletes./olympics/olympic_athlete_affiliation/athlete	/m/02r_8rx
/m/09xp_	/olympics/olympic_sport/athletes./olympics/olympic_athlete_affiliation/athlete	/m/0520xw4
/m/01wj5hp	/music/artist/album	/m/06czxq
/m/02g8mp	/award/award_category/nominees./award/award_nomination/award_nominee	/m/011zd3
/m/0d2kt	/award/award_nominated_work/award_nominations./award/award_nomination/award_nominee	/m/01l74dl
/m/02p19pg	/film/film/music	/m/01l74dl
/m/049rd	/award/award_category/nominees./award/award_nomination/nominated_for	/m/01d1_s
/m/04n7jdv	/award/award_category/winners./award/award_honor/honored_for	/m/01d1_s
/m/0bx8pn	/education/educational_institution/students_graduates./education/education/student	/m/05yh_lq
/m/01w_sh	/education/educational_institution/students_graduates./education/education/student	/m/05p29n9
/m/065y4w7	/education/educational_institution/students_graduates./education/education/student	/m/01wk7b7
/m/0436yk	/location/location/contains	/m/030tyj
/m/07ssc	/location/location/contains	/m/0gpx6
/m/0g_bh	/location/location/contains	/m/09hxrq
/m/07ssc	/location/location/contains	/m/01sg7_
/m/07ssc	/location/location/contains	/m/012vwb
/m/07ssc	/location/location/contains	/m/0fnb4
/m/0195fx	/location/location/contains	/m/02kh24
/m/07ssc	/media_common/netflix_genre/titles	/m/07lx1s
/m/07c1v	/location/location/contains	/m/0403lh9
/m/07ssc	/location/location/contains	/m/01gvsn
/m/05cvgl	/location/location/contains	/m/02pnv3m
/m/07ssc	/location/location/contains	/m/04ls81
/m/0h7x	/olympics/olympic_participating_country/athletes./olympics/olympic_athlete_affiliation/athlete	/m/03cvvfm
/m/07ssc	/location/location/contains	/m/0344gc
/m/07ssc	/location/location/contains	/m/04zqmj
/m/06x6s	/location/location/contains	/m/055hkd
/m/06py2	/location/location/contains	/m/028wv1
/m/03f2_rc	/location/location/contains	/m/01ycxx
/m/0jzphpx	/location/location/contains	/m/03m3scc
/m/07ssc	/location/location/contains	/m/08lr6s
/m/0pqz3	/location/location/contains	/m/0c6cq6
/m/0fhxv	/location/location/contains	/m/03m3t3v
/m/07ssc	/media_common/netflix_genre/titles	/m/01kv4mb
/m/07ssc	/location/location/contains	/m/0dq23
/m/07ssc	/location/location/contains	/m/0209xj
/m/0k_9j	/location/location/contains	/m/045c55
/m/07ssc	/location/location/contains	/m/0xrz2
/m/01j_5k	/location/location/contains	/m/02rd9hf
/m/0b_6mr	/location/location/contains	/m/0g7nmy
/m/013nv_	/location/location/contains	/m/0513yp
/m/07ssc	/location/location/contains	/m/03m4mj
/m/07ssc	/location/location/contains	/m/08qnnv
/m/0gvstc3	/location/location/contains	/m/055htp
/m/07ssc	/location/location/contains	/m/023jq1
/m/026390q	/location/location/contains	/m/05p3566
/m/02qvdc	/location/location/contains	/m/02940v
/m/019_1h	/location/location/contains	/m/03c_jvc
/m/07ssc	/location/location/contains	/m/01nds
/m/0cy07	/location/location/contains	/m/0287sp9
/m/07ssc	/location/location/contains	/m/02j3w
/m/07ssc	/location/location/contains	/m/019f4v
/m/033s6	/location/location/contains	/m/02x8s5n
/m/07ssc	/location/location/contains	/m/0yxm1
/m/0301bq	/location/location/contains	/m/03cphz3
/m/07ssc	/location/location/contains	/m/0ddd0gc
/m/04vlh5	/location/location/contains	/m/08tb29
/m/07ssc	/location/location/contains	/m/03hrz
/m/064177	/location/location/contains	/m/0gspl4
/m/07ssc	/location/location/contains	/m/02qt02v
/m/07ssc	/location/location/contains	/m/076lxv
/m/035zr0	/location/location/contains	/m/02z1wwh
/m/07ssc	/location/location/contains	/m/01y28x
/m/07ssc	/location/location/contains	/m/04mx7s
/m/07ssc	/location/location/contains	/m/053vcrp
/m/07ssc	/location/location/contains	/m/05btx9
/m/0j3v	/location/location/contains	/m/095fss
/m/07ssc	/location/location/contains	/m/0k_p5
/m/0msyb	/location/location/contains	/m/032tz6
/m/086sj	/location/location/contains	/m/01y499
/m/07ssc	/location/location/contains	/m/0212ny
/m/0mhlq	/location/country/administrative_divisions	/m/01ycxx
/m/0htqt	/location/location/contains	/m/08y4ct
/m/07ssc	/location/location/contains	/m/06q02g
/m/0l8v5	/location/location/contains	/m/0fdjdj
/m/07ssc	/location/location/contains	/m/027pfb2
/m/07ssc	/location/location/contains	/m/09jp3
/m/07ssc	/location/location/contains	/m/01sbv9
/m/07ssc	/military/military_combatant/military_commanders./military/military_command/military_commander	/m/0pf3k
/m/07ssc	/location/location/contains	/m/01dnws
/m/07ssc	/location/location/contains	/m/03cbtlj
/m/0mbf4	/location/location/contains	/m/0280fpw
/m/05f67hw	/location/location/contains	/m/0gzy8h
/m/0fms83	/location/location/contains	/m/05g297
/m/07ssc	/location/location/contains	/m/06chvn
/m/07ssc	/location/location/contains	/m/088vb
/m/07ssc	/location/location/contains	/m/02pjvc
/m/07ssc	/location/location/contains	/m/0134w7
/m/07ssc	/location/location/contains	/m/03h2c
/m/02lf1j	/location/location/contains	/m/076zb6
/m/07ssc	/location/location/contains	/m/0210f1
/m/0bq0p9	/location/country/administrative_divisions	/m/0p61x
/m/07cw4	/location/location/contains	/m/04gljy2
/m/01yqp	/location/location/contains	/m/0gff3yt
/m/05qd_	/location/location/contains	/m/05hwb4
/m/07ssc	/location/location/contains	/m/04glr5h
/m/03ts0c	/location/location/contains	/m/01zbyw
/m/01m3x5p	/location/location/contains	/m/05zmdwv
/m/01xysf	/location/location/contains	/m/04y_jj
/m/07ssc	/location/location/contains	/m/03zyvw
/m/07ssc	/location/location/contains	/m/02t1dv
/m/01sfl	/location/location/contains	/m/065k8g
/m/016tvq	/location/location/contains	/m/04c1l3
/m/01pd60	/location/location/contains	/m/02qy179
/m/07ssc	/location/location/contains	/m/09dv0sz
/m/07h0cl	/location/location/contains	/m/0dqkdh
/m/0f13b	/location/location/contains	/m/05c37hb
/m/07ssc	/location/location/contains	/m/047tsx3
/m/0cwfgz	/location/location/contains	/m/0g3z8y
/m/07ssc	/location/location/contains	/m/026mfs
/m/07ssc	/location/country/administrative_divisions	/m/084kf
/m/07ssc	/location/location/contains	/m/062ftr
/m/07ssc	/location/location/contains	/m/01dfb6
/m/07ssc	/military/military_combatant/military_conflicts./military/military_combatant_group/conflict	/m/016kv6
/m/0fj45	/location/location/contains	/m/0h38qt
/m/07ssc	/location/location/contains	/m/0gjcrrw
/m/07ssc	/location/location/contains	/m/05nn2c
/m/07j8r	/location/location/contains	/m/08bwwp
/m/0n9dn	/location/country/administrative_divisions	/m/02j17x
/m/0l9k1	/location/location/contains	/m/02j17x
/m/07ssc	/location/location/contains	/m/075mb
/m/044mjy	/location/location/contains	/m/04crq9
/m/07ssc	/location/location/contains	/m/0204jh
/m/07ssc	/location/location/contains	/m/0190xp
/m/01vw37m	/location/location/contains	/m/02trh2
/m/07ssc	/location/location/contains	/m/01w565
/m/01g6gs	/location/location/contains	/m/04g0rc_
/m/03mgx6z	/location/location/contains	/m/04c_rp
/m/07ssc	/location/location/contains	/m/07d3x
/m/017g21	/military/military_combatant/military_conflicts./military/military_combatant_group/conflict	/m/06_v6np
/m/026q3s3	/location/location/contains	/m/04yf2g
/m/07ssc	/location/location/contains	/m/01kgxf
/m/07ssc	/location/location/contains	/m/0f8j13
/m/07ssc	/location/location/contains	/m/03pn9
/m/0l2l3	/location/location/contains	/m/023hr6
/m/02pdhz	/education/educational_institution/students_graduates./education/education/student	/m/0g12zx
/m/0kk9v	/education/educational_institution/students_graduates./education/education/student	/m/03qpc5_
/m/09f2j	/education/educational_institution/students_graduates./education/education/student	/m/014zfs
/m/0kz2w	/education/educational_institution/students_graduates./education/education/student	/m/01vsrsz
/m/07wgm	/education/educational_institution/students_graduates./education/education/student	/m/03cvfz
/m/09f2j	/education/educational_institution/students_graduates./education/education/student	/m/03ft8
/m/09f2j	/business/employer/employees./business/employment_tenure/person	/m/014y6
/m/09f2j	/education/educational_institution/students_graduates./education/education/student	/m/09myny
/m/0gcrg	/film/film/subjects	/m/0mnzd
/m/078mgh	/award/award_nominee/award_nominations./award/award_nomination/nominated_for	/m/0jt02y4
/m/0h96g	/tv/tv_actor/starring_roles./tv/regular_tv_appearance/series	/m/0ky6d
/m/01750n	/music/genre/artists	/m/02clgg
/m/0187nd	/education/educational_institution/students_graduates./education/education/student	/m/0603qp
/m/01_lh1	/education/educational_institution/students_graduates./education/education/student	/m/04n03fk
/m/02c9dj	/education/educational_institution/students_graduates./education/education/student	/m/0drz461
/m/018jz	/sports/sport/teams	/m/06r713
/m/018jz	/sports/sport/teams	/m/04z_x4v
/m/035yn8	/media_common/netflix_genre/titles	/m/09glbk
/m/03_48k	/film/film_subject/films	/m/09glbk
/m/018jz	/sports/sport/leagues	/m/07y9k
/m/0zc6f	/music/genre/artists	/m/0gffzyr
/m/01l9v7n	/film/music_contributor/film	/m/0gjk1d
/m/01l9v7n	/award/award_nominee/award_nominations./award/award_nomination/nominated_for	/m/02jxsq
/m/029j_	/film/film_distribution_medium/films_distributed_in_this_medium./film/film_film_distributor_relationship/film	/m/0fkhz
/m/02s7tr	/basketball/basketball_position/players	/m/0q3z1xz
/m/01z9v6	/basketball/basketball_position/players	/m/04hgh3
/m/02_ssl	/basketball/basketball_position/players	/m/01sg7_
/m/04ych	/location/location/contains	/m/0kn68
/m/04ych	/location/location/contains	/m/02613
/m/051hhz	/location/location/contains	/m/092tpt
/m/02bm1v	/film/film_distributor/films_distributed./film/film_film_distributor_relationship/film	/m/0cv6lc
/m/05my9	/religion/religion/places_of_worship	/m/0l3q2
/m/015kg1	/education/educational_institution/students_graduates./education/education/student	/m/06zpn8j
/m/05q2c	/cvg/cvg_developer/games_developed	/m/03y8m_n
/m/09d6p2	/business/job_title/people_with_this_title./business/employment_tenure/person	/m/02t1cp
/m/01xyy	/award/award_nominee/award_nominations./award/award_nomination/award	/m/02f788
/m/0dvqq	/award/award_winner/awards_won./award/award_honor/award	/m/04mkbj
/m/0g48m4	/people/ethnicity/languages_spoken	/m/06nm1
/m/0bmj62v	/film/film_festival_event/films	/m/0j8f2hc
/m/01t6xz	/music/genre/artists	/m/01pdghl
/m/04jhhng	/location/location/contains	/m/02rxhm5
/m/0p5vf	/government/government_office_category/officeholders./government/government_position_held/office_holder	/m/0kb3n
/m/04syw	/government/government_office_category/officeholders./government/government_position_held/office_holder	/m/02tn9z
/m/02079p	/government/government_office_category/officeholders./government/government_position_held/district_represented	/m/06rbw1
/m/030qb3t	/film/film/other_crew./film/film_crew_gig/crewmember	/m/09883c2
/m/075npt	/tv/tv_actor/guest_roles./tv/tv_guest_role/episodes_appeared_in	/m/0cdkmx
/m/012gyf	/education/educational_institution/students_graduates./education/education/student	/m/03d9wk
/m/01r5xw	/people/ethnicity/people	/m/0f2x0
/m/05b3ts	/people/ethnicity/people	/m/0g9vp9x
/m/0f102	/comic_books/comic_book_publisher/comic_book_series_published	/m/044ykf
/m/019f2f	/award/award_winner/awards_won./award/award_honor/honored_for	/m/05zm34
/m/019f2f	/tv/tv_actor/starring_roles./tv/regular_tv_appearance/series	/m/03ts0c
/m/019f2f	/award/award_nominee/award_nominations./award/award_nomination/nominated_for	/m/02ll45
/m/01dbk6	/film/actor/film./film/performance/film	/m/07lqg0
/m/056jm_	/location/location/contains	/m/06w67l2
/m/01v1d8	/music/instrument/instrumentalists	/m/03mfqm
/m/021gzd	/tv/tv_program/regular_cast./tv/regular_tv_appearance/actor	/m/0phx4
/m/021gzd	/film/film/personal_appearances./film/personal_film_appearance/person	/m/0pgjm
/m/02_hj4	/tv/tv_producer/programs_produced./tv/tv_producer_term/program	/m/0cbv4g
/m/0cm03	/tv/tv_actor/starring_roles./tv/regular_tv_appearance/series	/m/03nrpxx
/m/02gt5s	/location/place_with_neighborhoods/neighborhoods	/m/0yshw
/m/02gt5s	/location/location/contains	/m/0bkf4
/m/042z45	/music/record_label/artist	/m/07bsj
/m/042z45	/organization/organization/founders	/m/02nygk
/m/09c6w	/film/actor/film./film/performance/film	/m/0cd3jr
/m/061v5m	/film/film_distributor/films_distributed./film/film_film_distributor_relationship/film	/m/0cl19v
/m/0bhwhj	/film/film/music	/m/0150jk
/m/0l2yf	/people/profession/people_with_this_profession	/m/05mwh4f
/m/0cbd2	/people/profession/people_with_this_profession	/m/03y9ccy
/m/05qbckf	/people/profession/people_with_this_profession	/m/03qf9tp
/m/0cbd2	/people/profession/people_with_this_profession	/m/01bt59
/m/0cbd2	/people/profession/people_with_this_profession	/m/0k1dw
/m/0b66qd	/people/profession/people_with_this_profession	/m/05wbt91
/m/0cbd2	/people/profession/people_with_this_profession	/m/02wk7b
/m/02sgy	/people/profession/people_with_this_profession	/m/0cxfjd
/m/0296vv	/people/profession/people_with_this_profession	/m/0bxzf0h
/m/0cbd2	/people/profession/people_with_this_profession	/m/039g82
/m/0cbd2	/people/profession/people_with_this_profession	/m/02v5xg
/m/0cbd2	/people/profession/people_with_this_profession	/m/0405l
/m/0cbd2	/people/profession/people_with_this_profession	/m/01fkxr
/m/02b0_6	/people/profession/people_with_this_profession	/m/026zhxp
/m/0n59t	/people/profession/people_with_this_profession	/m/04b3ym
/m/02mt51	/people/profession/people_with_this_profession	/m/0gckdz
/m/010bnr	/people/profession/people_with_this_profession	/m/0djfhx
/m/0cbd2	/people/profession/people_with_this_profession	/m/026n4h6
/m/0cwt70	/people/profession/people_with_this_profession	/m/0j3_p
/m/019n7x	/people/profession/people_with_this_profession	/m/026q808
/m/06yj20	/people/profession/people_with_this_profession	/m/027hvxc
/m/04rsd2	/people/profession/people_with_this_profession	/m/05frf8
/m/0cbd2	/people/profession/people_with_this_profession	/m/05nqq3
/m/0cbd2	/people/profession/people_with_this_profession	/m/032r4n
/m/09sxqk	/people/profession/people_with_this_profession	/m/02r_hv5
/m/0cbd2	/people/profession/people_with_this_profession	/m/0kx4m
/m/0cbd2	/people/profession/people_with_this_profession	/m/07n68
/m/0cbd2	/people/profession/people_with_this_profession	/m/0dgw9r
/m/0cbd2	/people/profession/people_with_this_profession	/m/05b_7n
/m/020vx9	/people/profession/people_with_this_profession	/m/06n47z
/m/0cbd2	/people/profession/people_with_this_profession	/m/03ywyk
/m/0fkh6	/people/profession/people_with_this_profession	/m/0280p4x
/m/04f_d	/people/profession/people_with_this_profession	/m/0by0k8h
/m/0cbd2	/people/profession/people_with_this_profession	/m/021yyx
/m/0cbd2	/people/profession/people_with_this_profession	/m/02h3d1
/m/0cbd2	/people/profession/people_with_this_profession	/m/0dt49
/m/03x746	/people/profession/people_with_this_profession	/m/0czl80
/m/0cbd2	/people/profession/people_with_this_profession	/m/016k4x
/m/0cbd2	/people/profession/people_with_this_profession	/m/058wp
/m/015vql	/people/profession/people_with_this_profession	/m/02f7n7
/m/0cbd2	/people/profession/people_with_this_profession	/m/012vct
/m/0265vt	/people/profession/people_with_this_profession	/m/07z49c
/m/0cbd2	/people/profession/people_with_this_profession	/m/03flwk
/m/0gl02yg	/people/profession/people_with_this_profession	/m/0qfvlr5
/m/0cbd2	/people/profession/people_with_this_profession	/m/05p09zm
/m/0cbd2	/people/profession/people_with_this_profession	/m/0m9_5
/m/0x3r3	/people/profession/people_with_this_profession	/m/055jk3
/m/07wrz	/people/profession/people_with_this_profession	/m/0dxltb
/m/0x335	/people/profession/people_with_this_profession	/m/02qq6ss
/m/06t2t2	/people/profession/people_with_this_profession	/m/04jj7qs
/m/0cbd2	/people/profession/people_with_this_profession	/m/02q1hz
/m/05ldnp	/people/profession/people_with_this_profession	/m/084479
/m/05_k56	/people/profession/people_with_this_profession	/m/01_hwv
/m/0cbd2	/people/profession/people_with_this_profession	/m/0l8sx
/m/0cbd2	/people/profession/people_with_this_profession	/m/0h98b3k
/m/0cbd2	/people/profession/people_with_this_profession	/m/0n95v
/m/08hhm6	/people/profession/people_with_this_profession	/m/057t9l
/m/017cjb	/people/profession/people_with_this_profession	/m/03chypz
/m/0cbd2	/people/profession/people_with_this_profession	/m/01vs4f3
/m/01520h	/people/profession/people_with_this_profession	/m/0fff1s
/m/09hgk	/people/profession/people_with_this_profession	/m/026sf1b
/m/05rnp1	/people/profession/people_with_this_profession	/m/02mlbw
/m/02qw_v	/people/profession/people_with_this_profession	/m/0hn8hw_
/m/0cbd2	/people/profession/people_with_this_profession	/m/02cm2m
/m/01f1jy	/people/profession/people_with_this_profession	/m/0144_b
/m/0bxg3	/people/profession/people_with_this_profession	/m/0f0t_1
/m/0cbd2	/people/profession/people_with_this_profession	/m/0dwr4
/m/0cbd2	/people/profession/people_with_this_profession	/m/02n9nmz
/m/0cbd2	/people/profession/people_with_this_profession	/m/0cgs4
/m/0143wl	/people/profession/people_with_this_profession	/m/02vn3fx
/m/0cbd2	/people/profession/people_with_this_profession	/m/09nqf
/m/0cbd2	/people/profession/people_with_this_profession	/m/0mx6c
/m/0195fx	/people/profession/people_with_this_profession	/m/06sf14
/m/0cbd2	/people/profession/people_with_this_profession	/m/012s5j
/m/0cbd2	/people/profession/people_with_this_profession	/m/0dx84s
/m/02pv_d	/people/profession/people_with_this_profession	/m/02qsxf1
/m/02pby8	/people/profession/people_with_this_profession	/m/026pvkd
/m/03yfh3	/people/profession/people_with_this_profession	/m/05p414
/m/05q7cj	/people/profession/people_with_this_profession	/m/027nqf2
/m/059g4	/people/profession/people_with_this_profession	/m/03qh906
/m/02189	/people/profession/people_with_this_profession	/m/0g9pzc
/m/03nyts	/people/profession/people_with_this_profession	/m/01d6c_
/m/0lbd9	/people/profession/people_with_this_profession	/m/03h60sn
/m/0cbd2	/people/profession/people_with_this_profession	/m/03nsm5x
/m/0cbd2	/people/profession/people_with_this_profession	/m/0f502
/m/0qmhk	/people/profession/people_with_this_profession	/m/05c33zs
/m/0cbd2	/people/profession/people_with_this_profession	/m/0fh2v5
/m/0cbd2	/people/profession/people_with_this_profession	/m/08sk8l
/m/0170qf	/people/profession/people_with_this_profession	/m/0db_pn
/m/0cbd2	/people/profession/people_with_this_profession	/m/03f4k
/m/0p5wz	/people/profession/people_with_this_profession	/m/03pp8_
/m/0c4hx0	/people/profession/people_with_this_profession	/m/0brr_f
/m/0cbd2	/people/profession/people_with_this_profession	/m/01mf49
/m/03zw80	/people/profession/people_with_this_profession	/m/02q52ws
/m/02v92l	/people/profession/people_with_this_profession	/m/0h2xp1
/m/04s7y	/people/profession/people_with_this_profession	/m/0269njr
/m/0sz28	/people/profession/people_with_this_profession	/m/0327x2
/m/0c9t0y	/people/profession/people_with_this_profession	/m/02qkl87
/m/0cbd2	/people/profession/people_with_this_profession	/m/0b1s_q
/m/0xnvg	/people/profession/people_with_this_profession	/m/02rv7pq
/m/088fh	/people/profession/people_with_this_profession	/m/02rsffj
/m/0cbd2	/people/profession/people_with_this_profession	/m/02f6xy
/m/0dbdy	/location/location/contains	/m/04s04
/m/0ftxw	/location/location/events	/m/06mvq
/m/016ksk	/location/location/contains	/m/02pnr85
/m/0p_2r	/tv/tv_producer/programs_produced./tv/tv_producer_term/program	/m/01zhs3
/m/0p_2r	/film/producer/film	/m/01hznh
/m/0p_2r	/film/person_or_entity_appearing_in_film/films./film/personal_film_appearance/film	/m/0mgkg
/m/0p_2r	/tv/tv_program_creator/programs_created	/m/03bdm4
/m/019vsw	/organization/organization/founders	/m/03z509
/m/01p7s6	/people/ethnicity/people	/m/03fnnn
/m/073tm9	/people/ethnicity/people	/m/028cd1b
/m/01pllx	/film/actor/film./film/performance/film	/m/02glmx
/m/0gbbt	/government/legislative_session/members./government/government_position_held/office_holder	/m/01rcm2
/m/05b5c	/cvg/cvg_publisher/games_published	/m/02774zt
/m/05w3y	/cvg/cvg_publisher/games_published	/m/0bmhk0g
/m/02brqp	/cvg/cvg_publisher/games_published	/m/0464gkc
/m/02brqp	/cvg/cvg_publisher/games_published	/m/04kbkd1
/m/043p28m	/tv/tv_program/regular_cast./tv/regular_tv_appearance/actor	/m/07tvwy
/m/01vxqyl	/government/political_ideology/political_parties	/m/07x12p
/m/06vqdf	/tv/tv_producer/programs_produced./tv/tv_producer_term/program	/m/011xg5
/m/09v6gc9	/film/film_distribution_medium/films_distributed_in_this_medium./film/film_film_distributor_relationship/film	/m/0c9jj9
/m/09g90vz	/film/film_distribution_medium/films_distributed_in_this_medium./film/film_film_distributor_relationship/film	/m/01dc46
/m/026mff	/business/industry/companies	/m/04f04kw
/m/01zkgw	/broadcast/content/broadcast	/m/06rq7p
/m/066wd	/internet/website_category/sites	/m/05h4bk1
/m/0x2hn	/media_common/netflix_genre/titles	/m/0300m_
/m/07c52	/media_common/netflix_genre/titles	/m/013b6_
/m/07c52	/business/industry/companies	/m/01ddbl
/m/07c52	/broadcast/content/broadcast	/m/030g9z
/m/07c52	/broadcast/content/broadcast	/m/03hpr
/m/036n1	/organization/role/leaders./organization/leadership/organization	/m/05c56f
/m/0377k9	/organization/role/leaders./organization/leadership/organization	/m/03d7pjm
/m/0blg2	/olympics/olympic_games/medals_awarded./olympics/olympic_medal_honor/medalist	/m/01713c
/m/015p6	/people/profession/people_with_this_profession	/m/0j9kcph
/m/0d1pc	/people/profession/people_with_this_profession	/m/0fnm3
/m/02yqnh	/people/profession/people_with_this_profession	/m/05fbcq
/m/04pcmw	/people/profession/people_with_this_profession	/m/051v6d
/m/0d1pc	/people/profession/people_with_this_profession	/m/01dycg
/m/06ys2	/people/profession/people_with_this_profession	/m/0b35mb
/m/0d1pc	/people/profession/people_with_this_profession	/m/01kkfp
/m/0d1pc	/people/profession/people_with_this_profession	/m/0d8r8
/m/0d1pc	/people/profession/people_with_this_profession	/m/015cjr
/m/0d1pc	/people/profession/people_with_this_profession	/m/0ylsr
/m/0d1pc	/people/profession/people_with_this_profession	/m/0t_2
/m/0dz96	/people/profession/people_with_this_profession	/m/02pxds5
/m/0d1pc	/people/profession/people_with_this_profession	/m/01hv3t
/m/0gq6s3	/award/award_category/nominees./award/award_nomination/award_nominee	/m/0hz28
/m/01j_x	/architecture/architectural_style/examples	/m/0bkzh4
/m/0tyq	/architecture/architectural_style/examples	/m/0n5j_
/m/0tyq	/architecture/architectural_style/examples	/m/0162v
/m/01lj9	/book/periodical_subject/periodicals	/m/01nn3m
/m/01lj9	/education/field_of_study/students_majoring./education/education/institution	/m/0lhql
/m/01pj48	/education/educational_institution/students_graduates./education/education/student	/m/01n4f8
/m/01zzy3	/education/educational_institution/students_graduates./education/education/student	/m/0g5sx23
/m/01x209s	/military/military_combatant/military_conflicts./military/military_combatant_group/conflict	/m/02w8bgt
/m/021yc7p	/film/film_crewmember/films_crewed./film/film_crew_gig/film	/m/06_wqk4
/m/0cwtm	/cvg/gameplay_mode/games_with_this_mode	/m/08j3s6
/m/02hjn4	/cvg/gameplay_mode/games_with_this_mode	/m/03qh03g
/m/012lzc	/cvg/gameplay_mode/games_with_this_mode	/m/02q0fp7
/m/02hjn4	/cvg/gameplay_mode/games_with_this_mode	/m/0hnp7
/m/0r0ss	/cvg/gameplay_mode/games_with_this_mode	/m/02r52xg
/m/03rtmz	/cvg/gameplay_mode/games_with_this_mode	/m/0140b7
/m/0fw3f	/cvg/gameplay_mode/games_with_this_mode	/m/03nltr8
/m/02y9ln	/cvg/gameplay_mode/games_with_this_mode	/m/02pgwh1
/m/02hjn4	/cvg/gameplay_mode/games_with_this_mode	/m/03rz2b
/m/04wp2p	/cvg/gameplay_mode/games_with_this_mode	/m/06hzwd
/m/02hjn4	/cvg/gameplay_mode/games_with_this_mode	/m/03gh4
/m/02hjn4	/cvg/gameplay_mode/games_with_this_mode	/m/0zz6w
/m/02hjn4	/cvg/gameplay_mode/games_with_this_mode	/m/05nlx4
/m/016722	/cvg/gameplay_mode/games_with_this_mode	/m/0m5bb
/m/02hjn4	/cvg/gameplay_mode/games_with_this_mode	/m/07fj_
/m/02hjn4	/cvg/gameplay_mode/games_with_this_mode	/m/0kvgnq
/m/06l32y	/cvg/gameplay_mode/games_with_this_mode	/m/03y8m_n
/m/01rzqj	/cvg/gameplay_mode/games_with_this_mode	/m/06n1m_
/m/02hjn4	/cvg/gameplay_mode/games_with_this_mode	/m/03b_fm5
/m/01wwnh2	/cvg/gameplay_mode/games_with_this_mode	/m/053rq7
/m/01m4yn	/cvg/gameplay_mode/games_with_this_mode	/m/04dynl
/m/04ykg	/cvg/gameplay_mode/games_with_this_mode	/m/0kyrh79
/m/02hjn4	/cvg/gameplay_mode/games_with_this_mode	/m/0df9z
/m/08vq2y	/cvg/gameplay_mode/games_with_this_mode	/m/0hgrdfw
/m/02hjn4	/cvg/gameplay_mode/games_with_this_mode	/m/03c_pqj
/m/0b7l4x	/cvg/gameplay_mode/games_with_this_mode	/m/0657zp
/m/06p0s1	/cvg/gameplay_mode/games_with_this_mode	/m/0lq47yy
/m/01jwt	/cvg/gameplay_mode/games_with_this_mode	/m/04ch36
/m/02hjn4	/cvg/gameplay_mode/games_with_this_mode	/m/0p9nv
/m/02hjn4	/cvg/gameplay_mode/games_with_this_mode	/m/0kxbc
/m/02hjn4	/cvg/gameplay_mode/games_with_this_mode	/m/0l14gg
/m/02hjn4	/cvg/gameplay_mode/games_with_this_mode	/m/02681xs
/m/0291ck	/cvg/gameplay_mode/games_with_this_mode	/m/0d2j6d
/m/0bj9k	/cvg/gameplay_mode/games_with_this_mode	/m/09t9vp
/m/01x7jb	/cvg/gameplay_mode/games_with_this_mode	/m/04640wp
/m/02hjn4	/cvg/gameplay_mode/games_with_this_mode	/m/065zlr
/m/02hjn4	/cvg/gameplay_mode/games_with_this_mode	/m/0cc5mcj
/m/02hjn4	/cvg/gameplay_mode/games_with_this_mode	/m/027ffq
/m/02hjn4	/cvg/gameplay_mode/games_with_this_mode	/m/02mscn
/m/027rn	/cvg/gameplay_mode/games_with_this_mode	/m/0c1s61
/m/09ggk	/cvg/gameplay_mode/games_with_this_mode	/m/04jbxpv
/m/05tfm	/cvg/gameplay_mode/games_with_this_mode	/m/02q_t8_
/m/08_438	/award/award_nominee/award_nominations./award/award_nomination/award	/m/03r67k
/m/026lj	/sports/sports_championship/events	/m/08x9ff
/m/03p5xs	/film/film_genre/films_in_this_genre	/m/0ftvg
/m/0226cw	/sports/sports_team/roster./sports/sports_team_roster/player	/m/02qx2pv
/m/0qyzb	/location/location/events	/m/01xmhv
/m/0lnfy	/location/country/languages_spoken	/m/0xrg
/m/0c0sl	/location/location/contains	/m/05f9wg8
/m/0hkq4	/location/location/events	/m/04pc6l
/m/05gnf	/tv/tv_network/programs./tv/tv_network_duration/program	/m/0m0nq
/m/025jbj	/tv/tv_network/programs./tv/tv_network_duration/program	/m/040lmh
/m/06q7n	/tv/tv_genre/programs	/m/029skd
/m/02238b	/tv/tv_writer/episodes_written	/m/0kxg1k9
/m/0163v	/government/political_district/representatives./government/government_position_held/office_holder	/m/0cwlyd
/m/03qpp9	/location/location/contains	/m/010w98
/m/0847q	/location/location/contains	/m/0grwj
/m/0847q	/location/location/contains	/m/0lsxr
/m/0847q	/location/location/contains	/m/0382k
/m/06p0s1	/tv/tv_genre/programs	/m/04qyn3
/m/03p85	/location/us_county/hud_county_place	/m/0tw8t
/m/086vfb	/location/location/contains	/m/0tw8t
/m/0ch6mp2	/film/film_job/films_with_this_crew_job./film/film_crew_gig/film	/m/01cgxp
/m/0ch6mp2	/film/film_job/films_with_this_crew_job./film/film_crew_gig/film	/m/05nqq3
/m/06n9lt	/film/film_job/films_with_this_crew_job./film/film_crew_gig/film	/m/0cv6lc
/m/0dr_4	/film/film_job/films_with_this_crew_job./film/film_crew_gig/film	/m/02wcw3x
/m/039h8_	/film/film_job/films_with_this_crew_job./film/film_crew_gig/film	/m/0cl19v
/m/02__7n	/film/film_job/films_with_this_crew_job./film/film_crew_gig/film	/m/063_q1y
/m/019pcs	/film/film_job/films_with_this_crew_job./film/film_crew_gig/film	/m/01dc46
/m/0ch6mp2	/film/film_job/films_with_this_crew_job./film/film_crew_gig/film	/m/0gqy2
/m/0ch6mp2	/film/film_job/films_with_this_crew_job./film/film_crew_gig/film	/m/06_bq1
/m/01jswq	/film/film_job/films_with_this_crew_job./film/film_crew_gig/film	/m/04f285v
/m/02rh_0	/film/film_job/films_with_this_crew_job./film/film_crew_gig/film	/m/05f5qpk
/m/0ch6mp2	/film/film_job/films_with_this_crew_job./film/film_crew_gig/film	/m/01fwj8
/m/0g4gr	/film/film_job/films_with_this_crew_job./film/film_crew_gig/film	/m/0309c5
/m/01zq91	/film/film_job/films_with_this_crew_job./film/film_crew_gig/film	/m/0pbqz60
/m/0ch6mp2	/film/film_job/films_with_this_crew_job./film/film_crew_gig/film	/m/026sv5l
/m/0p03t	/award/award_category/nominees./award/award_nomination/nominated_for	/m/054_8k
/m/03ttfc	/award/award_category/nominees./award/award_nomination/nominated_for	/m/03c6q4
/m/01nvmd_	/award/award_category/nominees./award/award_nomination/nominated_for	/m/0p_ss
/m/01n4bh	/music/genre/artists	/m/037n97
/m/0fr_v	/award/ranked_list/ranked_list_items./award/ranking/item	/m/0381ql
/m/03j722	/award/ranked_list/ranked_list_items./award/ranking/item	/m/09rm5d
/m/01th4s	/music/record_label/artist	/m/01tw31
/m/03fwln	/music/performance_role/track_performances./music/track_contribution/role	/m/07s7gc2
/m/01wy6	/music/performance_role/track_performances./music/track_contribution/contributor	/m/05w5d
/m/06ncr	/music/instrument/instrumentalists	/m/0k_h7y
/m/06yrj6	/music/performance_role/track_performances./music/track_contribution/contributor	/m/0164fj
/m/01wy6	/music/instrument/instrumentalists	/m/07nqn
/m/01wy6	/music/instrument/instrumentalists	/m/027t8fw
/m/04cnp4	/education/educational_institution/students_graduates./education/education/student	/m/0263y0
/m/0bw87	/award/award_category/nominees./award/award_nomination/award_nominee	/m/0gxh_l
/m/03rt9	/government/political_district/representatives./government/government_position_held/office_holder	/m/09v4nk
/m/0mcl0	/location/location/contains	/m/0s5md
/m/03v0t	/location/location/contains	/m/0fy59t
/m/04135	/location/location/contains	/m/02w2q3y
/m/01385g	/location/location/contains	/m/0sjch
/m/03v0t	/location/location/contains	/m/04v89z
/m/0k3gj	/location/location/contains	/m/0q40sdw
/m/0jn5l	/location/location/contains	/m/0s9m_
/m/03v0t	/location/location/contains	/m/0nq_b
/m/04hddx	/award/award_category/nominees./award/award_nomination/award_nominee	/m/03k2hn
/m/0fs9jn	/medicine/medical_treatment/used_to_treat	/m/0cmmcy
/m/064jjy	/film/actor/film./film/performance/film	/m/0k0rf
/m/0882j7	/time/recurring_event/instances	/m/07wdd
/m/0gw0	/book/periodical_subject/periodicals	/m/0263tn1
/m/0n59f	/location/us_county/hud_county_place	/m/01z88t
/m/04qr6d	/location/location/contains	/m/0xsnh
/m/019cr	/tv/tv_program/episodes	/m/027qsnz
/m/03c17w7	/music/record_label/artist	/m/01nxs37
/m/087c7	/music/record_label/artist	/m/02mm3n
/m/025352	/people/profession/people_with_this_profession	/m/01g4bk
/m/08z84_	/people/profession/people_with_this_profession	/m/0c0dj_
/m/03hl6lc	/film/film_job/films_with_this_crew_job./film/film_crew_gig/film	/m/0cl19v
/m/02b9g4	/broadcast/artist/content	/m/0215n
/m/02681vq	/award/award_category/nominees./award/award_nomination/award_nominee	/m/09tm38
/m/02r0d0	/award/award_category/nominees./award/award_nomination/award_nominee	/m/0fr0t
/m/02r0d0	/award/award_category/winners./award/award_honor/award_winner	/m/0xc9x
/m/02r0d0	/award/award_category/nominees./award/award_nomination/award_nominee	/m/0kft
/m/0pgjm	/award/award_category/nominees./award/award_nomination/award_nominee	/m/07mnx
/m/02r0d0	/award/award_category/winners./award/award_honor/award_winner	/m/0jnl5
/m/038rzr	/tv/tv_actor/starring_roles./tv/regular_tv_appearance/series	/m/0cj36c
/m/027r0_f	/film/film_story_contributor/film_story_credits	/m/05b7dt
/m/0fq5j	/location/location/contains	/m/0747nrk
/m/0g_qdz	/people/profession/people_with_this_profession	/m/028_yv
/m/0m32_	/tv/tv_actor/guest_roles./tv/tv_guest_role/episodes_appeared_in	/m/01j7z7
/m/015nl4	/education/educational_institution/students_graduates./education/education/student	/m/09swkk
/m/01dnnt	/education/educational_institution/students_graduates./education/education/student	/m/026c1
/m/01mkn_d	/award/award_winner/awards_won./award/award_honor/honored_for	/m/01ft14
/m/01p95y0	/film/music_contributor/film	/m/0309c5
/m/03gn1x	/award/award_nominee/award_nominations./award/award_nomination/nominated_for	/m/0309c5
/m/01tkqy	/people/profession/people_with_this_profession	/m/02_jkc
/m/07wf9	/education/educational_institution/students_graduates./education/education/student	/m/03cm759
/m/04fcjt	/education/educational_institution/students_graduates./education/education/student	/m/02_6z0c
/m/030qb3t	/location/location/contains	/m/021j38
/m/054knh	/film/actor/film./film/performance/film	/m/0fvpc6
/m/09krm_	/geography/body_of_water/islands	/m/04_td5
/m/05fx6	/music/genre/artists	/m/01rh0w
/m/06qxh	/tv/tv_program/episodes	/m/03j0ss
/m/07v64s	/music/genre/artists	/m/03x6xl
/m/03ldxq	/location/location/contains	/m/0gs9rf
/m/01m1_d	/location/location/contains	/m/05gdyg
/m/0ccvx	/location/place_with_neighborhoods/neighborhoods	/m/01zrq0
/m/0fkvn	/transportation/bridge_type/bridges_of_this_type	/m/07stt4
/m/0hqw8p_	/transportation/bridge_type/bridges_of_this_type	/m/03yhw6
/m/01n7rc	/music/genre/artists	/m/0dln5g4
/m/045c7b	/government/political_party/politicians_in_this_party./government/political_party_tenure/politician	/m/026dkzf
/m/02lwv5	/government/political_party/politicians_in_this_party./government/political_party_tenure/politician	/m/0fdfvg
/m/0136kr	/government/political_party/politicians_in_this_party./government/political_party_tenure/politician	/m/02xgdv
/m/0136kr	/government/political_party/politicians_in_this_party./government/political_party_tenure/politician	/m/0523v5y
/m/0bqxw	/government/political_party/politicians_in_this_party./government/political_party_tenure/politician	/m/076ynmj
/m/0558_1	/government/political_party/politicians_in_this_party./government/political_party_tenure/politician	/m/0ks_7b
/m/0136kr	/government/political_party/politicians_in_this_party./government/political_party_tenure/politician	/m/01mylz
/m/0rvty	/film/actor/film./film/performance/film	/m/09n0nb
/m/01vvlyt	/film/music_contributor/film	/m/040lmh
/m/0h9xl	/music/record_label/artist	/m/01lg_1x
/m/04_lb	/award/award_nominee/award_nominations./award/award_nomination/award_nominee	/m/01hb9p
/m/040_9s0	/award/award_category/nominees./award/award_nomination/nominated_for	/m/01t8399
/m/08wjc1	/film/production_company/films	/m/0n96z
/m/0gfq9	/base/culturalevent/event/entity_involved	/m/0mgkg
/m/0jbp0	/tv/tv_actor/guest_roles./tv/tv_guest_role/episodes_appeared_in	/m/0mw89
/m/02w6s3	/location/location/contains	/m/02hp2t
/m/0300ml	/location/location/contains	/m/02wxhcq
/m/01vzx45	/location/location/contains	/m/03ct6qy
/m/073w14	/people/person/spouse_s./people/marriage/spouse	/m/08mrgq
/m/0r4wn	/business/industry/companies	/m/02cf_t
/m/07s4l	/business/industry/companies	/m/04jd08
/m/020mfr	/business/industry/companies	/m/07b2yw
/m/0klw	/music/genre/artists	/m/01wdnks
/m/036c_0	/tv/tv_actor/guest_roles./tv/tv_guest_role/episodes_appeared_in	/m/05wgy
/m/02vxy_	/education/educational_institution/students_graduates./education/education/student	/m/02r5skp
/m/04_j5s	/education/educational_institution/students_graduates./education/education/student	/m/03qd_
/m/0h3y	/book/author/works_written	/m/08g54d
/m/04xvh5	/theater/theater_genre/plays_in_this_genre	/m/02q0c75
/m/01pwbn	/theater/theater_genre/plays_in_this_genre	/m/05gbx_
/m/0219x_	/theater/theater_genre/plays_in_this_genre	/m/07vrkt
/m/019dwp	/music/genre/artists	/m/01y81c
/m/05qd_	/film/production_company/films	/m/01pvkk
/m/05qd_	/film/film_distributor/films_distributed./film/film_film_distributor_relationship/film	/m/03078l
/m/01t8sr	/film/production_company/films	/m/0cvt65
/m/05qd_	/film/production_company/films	/m/024030
/m/04l8xw	/film/film_distributor/films_distributed./film/film_film_distributor_relationship/film	/m/04s2hl
/m/05qd_	/film/film_distributor/films_distributed./film/film_film_distributor_relationship/film	/m/01wmjkb
/m/03fgm	/film/film_distributor/films_distributed./film/film_film_distributor_relationship/film	/m/0b3kpr
/m/026m3y	/film/film_distributor/films_distributed./film/film_film_distributor_relationship/film	/m/02wk56
/m/05qd_	/film/production_company/films	/m/053_7s
/m/014b4h	/film/film_distributor/films_distributed./film/film_film_distributor_relationship/film	/m/054_8k
/m/01fdc0	/tv/tv_actor/starring_roles./tv/regular_tv_appearance/series	/m/02rs1k0
/m/06hsk	/book/school_or_movement/associated_authors	/m/02gyl0
/m/06pvr	/location/location/contains	/m/0chrx
/m/06pvr	/location/location/contains	/m/01jwt
/m/0dy04	/location/place_with_neighborhoods/neighborhoods	/m/03cgtdl
/m/0747nrk	/people/profession/people_with_this_profession	/m/067gh
/m/040z9	/award/award_nominee/award_nominations./award/award_nomination/nominated_for	/m/07shxhw
/m/0bw87	/film/actor/film./film/performance/film	/m/01flgk
/m/07tg4	/location/location/contains	/m/0qq8q
/m/0fr0t	/location/place_with_neighborhoods/neighborhoods	/m/0pmq2
/m/01wk7ql	/location/location/contains	/m/0h6cl3
/m/0pj9t	/tv/tv_actor/guest_roles./tv/tv_guest_role/episodes_appeared_in	/m/0l15n
/m/01541z	/music/artist/label	/m/07r9ct
/m/013m_x	/location/location/nearby_airports	/m/013ksx
/m/013zyw	/music/genre/artists	/m/01hx3gc
/m/01g63y	/people/marriage_union_type/unions_of_this_type./people/marriage/spouse	/m/019z7q
/m/01g63y	/people/marriage_union_type/unions_of_this_type./people/marriage/spouse	/m/0c73z
/m/01hv3t	/people/marriage_union_type/unions_of_this_type./people/marriage/spouse	/m/07mnx
/m/01g63y	/people/marriage_union_type/unions_of_this_type./people/marriage/spouse	/m/0cfz_z
/m/09r3f	/government/legislative_session/members./government/government_position_held/office_holder	/m/02rjzd0
/m/02g_6x	/baseball/baseball_position/players	/m/0h3s3sf
/m/01z9v6	/baseball/baseball_position/players	/m/01f7dd
/m/02qvdc	/baseball/baseball_position/players	/m/0bh6wkx
/m/01z9v6	/baseball/baseball_position/players	/m/01kkx2
/m/01z9v6	/baseball/baseball_position/players	/m/0988cp
/m/023wyl	/baseball/baseball_position/players	/m/072fml
/m/06b1q	/baseball/baseball_position/players	/m/027vknk
/m/01z9v6	/baseball/baseball_position/players	/m/03v36
/m/01z9v6	/baseball/baseball_position/players	/m/07z4p5
/m/01z9v6	/baseball/baseball_position/players	/m/049dyj
/m/02md_2	/baseball/baseball_position/players	/m/0b_dh3
/m/01z9v6	/baseball/baseball_position/players	/m/03t8v3
/m/01z9v6	/baseball/baseball_position/players	/m/04fhn_
/m/05fyy5	/baseball/baseball_position/players	/m/0hgm55r
/m/01z9v6	/baseball/baseball_position/players	/m/0c2rr7
/m/0pmp2	/music/performance_role/track_performances./music/track_contribution/contributor	/m/0m67s
/m/01bns_	/music/instrument/instrumentalists	/m/01vsrsz
/m/0342h	/music/performance_role/track_performances./music/track_contribution/contributor	/m/03j6c
/m/07brj	/music/instrument/instrumentalists	/m/01sk8nh
/m/0342h	/music/performance_role/regular_performances./music/group_membership/group	/m/03d17dg
/m/0hmm7	/music/performance_role/regular_performances./music/group_membership/group	/m/076y98j
/m/0342h	/music/performance_role/regular_performances./music/group_membership/group	/m/02qssrm
/m/04p3c	/music/performance_role/regular_performances./music/group_membership/group	/m/05_hh8
/m/09h_q	/music/performance_role/regular_performances./music/group_membership/group	/m/02h18k
/m/0342h	/music/instrument/instrumentalists	/m/0jm5b
/m/019v67	/music/performance_role/regular_performances./music/group_membership/group	/m/03j2cxz
/m/0342h	/music/performance_role/track_performances./music/track_contribution/contributor	/m/03p2m1
/m/0342h	/music/performance_role/regular_performances./music/group_membership/member	/m/05sbv3
/m/04k25	/music/performance_role/regular_performances./music/group_membership/member	/m/017fl5
/m/0mbct	/music/instrument/instrumentalists	/m/0c0dj_
/m/0342h	/music/performance_role/track_performances./music/track_contribution/contributor	/m/02x8mt
/m/0342h	/music/performance_role/regular_performances./music/group_membership/group	/m/0cg2cj
/m/03lty	/music/performance_role/track_performances./music/track_contribution/contributor	/m/01l74dl
/m/0bshwmp	/music/performance_role/track_performances./music/track_contribution/contributor	/m/03h_kgb
/m/0342h	/music/instrument/instrumentalists	/m/0bq6ntw
/m/0342h	/music/performance_role/track_performances./music/track_contribution/contributor	/m/0mbx4
/m/0342h	/music/instrument/instrumentalists	/m/0g2hw4
/m/0239kh	/music/instrument/instrumentalists	/m/03y9srp
/m/0342h	/music/performance_role/regular_performances./music/group_membership/group	/m/07r_dg
/m/021bmf	/music/instrument/instrumentalists	/m/07b54b
/m/0342h	/music/performance_role/track_performances./music/track_contribution/contributor	/m/0dyl9
/m/0fb18	/music/performance_role/regular_performances./music/group_membership/group	/m/01hx3gc
/m/0342h	/music/performance_role/regular_performances./music/group_membership/member	/m/03lb76
/m/0342h	/music/instrument/instrumentalists	/m/01d30f
/m/02pprs	/music/instrument/instrumentalists	/m/089bh2
/m/0342h	/music/performance_role/guest_performances./music/recording_contribution/contributor	/m/03f6fl0
/m/04gny	/music/performance_role/regular_performances./music/group_membership/member	/m/09xr6_
/m/0342h	/music/performance_role/regular_performances./music/group_membership/group	/m/09rfh9
/m/01bv8b	/music/performance_role/regular_performances./music/group_membership/member	/m/07b54b
/m/0fx80y	/music/instrument/instrumentalists	/m/03cfmng
/m/03qlv7	/music/performance_role/regular_performances./music/group_membership/group	/m/01lct6
/m/015qh	/music/performance_role/track_performances./music/track_contribution/contributor	/m/0164fj
/m/04dn09n	/award/award_category/nominees./award/award_nomination/nominated_for	/m/01kj5h
/m/03v0t	/government/governmental_jurisdiction/governing_officials./government/government_position_held/office_holder	/m/0bhb1n6
/m/06pk8	/location/location/contains	/m/02pm598
/m/01nty	/government/governmental_jurisdiction/official_symbols./location/location_symbol_relationship/symbol	/m/05phd9
/m/05kkh	/government/governmental_jurisdiction/governing_officials./government/government_position_held/office_holder	/m/0hqzr
/m/05kkh	/location/location/contains	/m/0dscrwf
/m/018dcy	/government/governmental_jurisdiction/governing_officials./government/government_position_held/office_holder	/m/02rm2h8
/m/05kkh	/location/location/contains	/m/02m7r
/m/032t2z	/location/location/contains	/m/04y69j
/m/0mnyn	/location/location/contains	/m/0c__9c
/m/0byh8j	/location/location/contains	/m/01gfhk
/m/0bytkq	/location/location/contains	/m/0ch26m4
/m/0byh8j	/location/location/contains	/m/0h3lt
/m/0cjdk	/tv/tv_network/programs./tv/tv_network_duration/program	/m/0c94fn
/m/03k8th	/tv/tv_network/programs./tv/tv_network_duration/program	/m/02vvtq
/m/0l6mp	/tv/tv_network/programs./tv/tv_network_duration/program	/m/040lmh
/m/0cjdk	/tv/tv_network/programs./tv/tv_network_duration/program	/m/01cdjp
/m/0fbdb	/food/food/nutrients./food/nutrition_fact/nutrient	/m/03g9xj
/m/0nccd	/location/location/contains	/m/04lfl0z
/m/0hcr	/tv/tv_genre/programs	/m/06cn5
/m/0hcr	/tv/tv_genre/programs	/m/0p4wb
/m/0hcr	/tv/tv_genre/programs	/m/03ym1
/m/0hcr	/tv/tv_genre/programs	/m/02tn0_
/m/02ky346	/tv/tv_genre/programs	/m/040lmh
/m/0q5hw	/film/film_genre/films_in_this_genre	/m/01dc46
/m/0hcr	/tv/tv_genre/programs	/m/01l4zqz
/m/0hcr	/tv/tv_genre/programs	/m/043ttv
/m/0hcr	/tv/tv_genre/programs	/m/0513yzt
/m/0n3dv	/film/film_genre/films_in_this_genre	/m/05b3r_4
/m/02lg3y	/tv/tv_genre/programs	/m/0fppfw
/m/0hcr	/film/film_genre/films_in_this_genre	/m/02j69w
/m/0gxkm	/film/film_genre/films_in_this_genre	/m/07l515w
/m/07d3x	/film/film_genre/films_in_this_genre	/m/018gvp
/m/0hcr	/film/film_genre/films_in_this_genre	/m/09nz_c
/m/0hcr	/film/film_genre/films_in_this_genre	/m/0z07
/m/01d66p	/film/film_genre/films_in_this_genre	/m/0cd3jr
/m/0hcr	/tv/tv_genre/programs	/m/0n2z
/m/0hcr	/tv/tv_genre/programs	/m/09qr6
/m/0hcr	/tv/tv_genre/programs	/m/01s7z0
/m/05r5c	/tv/tv_genre/programs	/m/07cf3b7
/m/0hcr	/business/industry/companies	/m/0cwx_
/m/0hcr	/film/film_genre/films_in_this_genre	/m/02r4qs
/m/073v6	/tv/tv_genre/programs	/m/05p6jqy
/m/0hcr	/tv/tv_genre/programs	/m/03_80b
/m/01l03w2	/tv/tv_genre/programs	/m/04qyn3
/m/019vhk	/film/actor/film./film/performance/film	/m/0p_ss
/m/045c7b	/music/artist/label	/m/07r9ct
/m/09xbpt	/music/genre/artists	/m/03cfmng
/m/01c9x	/government/political_party/politicians_in_this_party./government/political_party_tenure/politician	/m/029m83
/m/01rz1	/government/political_party/politicians_in_this_party./government/political_party_tenure/politician	/m/0bwhf78
/m/01c9x	/government/political_party/politicians_in_this_party./government/political_party_tenure/politician	/m/017gxw
/m/017cy9	/government/political_party/politicians_in_this_party./government/political_party_tenure/politician	/m/0270g6g
/m/02583l	/education/educational_institution/students_graduates./education/education/student	/m/026q808
/m/01n4f8	/base/popstra/celebrity/supporter./base/popstra/support/supported_organization	/m/0rd6b
/m/02_cx_	/cvg/cvg_developer/games_developed	/m/0657zp
/m/01rt2z	/cvg/cvg_publisher/games_published	/m/02hjn4
/m/0plw	/cvg/cvg_publisher/games_published	/m/0657zp
/m/01wqlc	/music/genre/artists	/m/02_jkc
/m/01wqlc	/music/genre/artists	/m/0cbl95
/m/0k7pf	/music/genre/artists	/m/03m_7y
/m/01xcqc	/people/profession/people_with_this_profession	/m/0gjnhp
/m/02sdwt	/people/profession/people_with_this_profession	/m/0f2x0
/m/02bqm0	/government/legislative_session/members./government/government_position_held/office_holder	/m/0c5vh
/m/02w_l9	/tv/tv_network/programs./tv/tv_network_duration/program	/m/05kr_
/m/02x4wr9	/award/award_category/nominees./award/award_nomination/nominated_for	/m/02x4wb
/m/0301dp	/education/educational_institution/students_graduates./education/education/student	/m/01gp_x
/m/019n9w	/education/educational_institution/students_graduates./education/education/student	/m/0dgvpc
/m/03q2t9	/film/film/starring./film/performance/actor	/m/0b4c0p
/m/03mgbf	/sports/sports_team/roster./sports/sports_team_roster/player	/m/02xp18
/m/043q2z	/education/educational_institution/students_graduates./education/education/degree	/m/01hww_
/m/055hc	/location/location/contains	/m/0gkydb
/m/06c62	/location/location/nearby_airports	/m/01whw6
/m/0k0q73t	/award/award_category/winners./award/award_honor/honored_for	/m/0jt02y4
/m/02fcs2	/award/award_category/nominees./award/award_nomination/nominated_for	/m/0jt02y4
/m/0bpgx	/education/school_category/schools_of_this_kind	/m/05808s
/m/02ky346	/education/school_category/schools_of_this_kind	/m/05kx0t
/m/04rwx	/education/school_category/schools_of_this_kind	/m/0h415d
/m/0cfs8	/education/school_category/schools_of_this_kind	/m/0c5hlc
/m/0m4mb	/education/school_category/schools_of_this_kind	/m/05285l
/m/01t032	/education/school_category/schools_of_this_kind	/m/06_5f9
/m/0bpgx	/education/school_category/schools_of_this_kind	/m/03rwz3
/m/0ks67	/education/school_category/schools_of_this_kind	/m/0bfzt6
/m/02kzfw	/education/school_category/schools_of_this_kind	/m/07bm3n
/m/04jq2	/education/school_category/schools_of_this_kind	/m/0fq0kh
/m/0lk0l	/education/school_category/schools_of_this_kind	/m/0crfdl
/m/0km5c	/education/school_category/schools_of_this_kind	/m/0dbj7t
/m/01_9fk	/education/school_category/schools_of_this_kind	/m/0f2sc9
/m/071pf2	/film/actor/film./film/performance/character	/m/04npq8c
/m/0jcg8	/location/location/contains	/m/05qfh
/m/0l39b	/location/location/events	/m/035qlx
/m/07r4c	/government/governmental_body/members./government/government_position_held/office_holder	/m/026dkzf
/m/0x2sv	/government/governmental_body/members./government/government_position_held/office_holder	/m/03kbb8
/m/0ghtf	/book/book_subject/works	/m/05983yv
/m/039b5	/biology/organism_classification/lower_classifications	/m/0cjvf
/m/01_x6d	/tv/tv_actor/starring_roles./tv/regular_tv_appearance/character	/m/05zvmcm
/m/01_x6d	/tv/tv_producer/programs_produced./tv/tv_producer_term/program	/m/0ym20
/m/01_x6d	/film/actor/film./film/performance/character	/m/0g0vx
/m/01_x6d	/fictional_universe/fictional_character_creator/fictional_characters_created	/m/01hcj2
/m/01kcmr	/award/award_presenting_organization/award_categories_presented	/m/0q9zc
/m/01nn79	/film/film_genre/films_in_this_genre	/m/0j_zg7s
/m/02hmvc	/film/film_genre/films_in_this_genre	/m/04yt7
/m/02hmvc	/film/film_genre/films_in_this_genre	/m/03__y
/m/02hmvc	/film/film_genre/films_in_this_genre	/m/0k696
/m/02hmvc	/film/film_genre/films_in_this_genre	/m/02bvt
/m/02hmvc	/film/film_genre/films_in_this_genre	/m/0568qz
/m/07z4fy	/film/film_genre/films_in_this_genre	/m/040lmh
/m/0821j	/film/film_genre/films_in_this_genre	/m/07l515w
/m/02hmvc	/film/film_genre/films_in_this_genre	/m/036hv
/m/0p0cw	/film/film_genre/films_in_this_genre	/m/0c00tm3
/m/02hmvc	/film/film_genre/films_in_this_genre	/m/0mm1q
/m/02hmvc	/film/film_genre/films_in_this_genre	/m/017gxw
/m/0flsf	/film/film_genre/films_in_this_genre	/m/0vzscs0
/m/01vh3r	/film/film_genre/films_in_this_genre	/m/0n2081k
/m/03k50	/film/film_genre/films_in_this_genre	/m/0289mkf
/m/02hmvc	/film/film_genre/films_in_this_genre	/m/04_cdd
/m/02hmvc	/film/film_genre/films_in_this_genre	/m/02vwckw
/m/0266sb_	/film/film_genre/films_in_this_genre	/m/03hjd3w
/m/02pdhz	/education/educational_institution/students_graduates./education/education/student	/m/02wln1_
/m/01npw8	/education/educational_institution/students_graduates./education/education/student	/m/04zl66
/m/02wt0	/organization/organization_scope/organizations_with_this_scope	/m/017_qw
/m/02wt0	/organization/organization_scope/organizations_with_this_scope	/m/01693z
/m/02ynfr	/people/profession/people_with_this_profession	/m/080dyk
/m/03k7bd	/tv/tv_actor/starring_roles./tv/regular_tv_appearance/series	/m/0bw6y
/m/03sbs	/influence/influence_node/influenced	/m/04vq33
/m/0bn8fw	/fictional_universe/fictional_character_creator/fictional_characters_created	/m/034qgf
/m/0993r	/comic_books/comic_book_creator/characters_created	/m/034qgf
/m/0l98s	/olympics/olympic_games/medals_awarded./olympics/olympic_medal_honor/medalist	/m/09pqr
/m/0d193h	/award/award_nominee/award_nominations./award/award_nomination/award	/m/02gl58
/m/0m0fw	/film/actor/film./film/performance/film	/m/01dc46
/m/031b3h	/film/actor/film./film/performance/film	/m/0fp_cq
/m/074vv	/award/award_category/nominees./award/award_nomination/award_nominee	/m/03hks9g
/m/0gqmvn	/award/award_category/winners./award/award_honor/award_winner	/m/018tnx
/m/0l6ny	/olympics/olympic_games/medals_awarded./olympics/olympic_medal_honor/medalist	/m/01vz80y
/m/01d8l	/location/location/events	/m/04ftdq
/m/0ggjt	/music/artist/album	/m/01kgdyn
/m/0y1mh	/award/award_nominee/award_nominations./award/award_nomination/nominated_for	/m/0kv53j
/m/01wttr1	/film/actor/film./film/performance/film	/m/01p4r3
/m/03vrv9	/award/award_winner/awards_won./award/award_honor/honored_for	/m/0kv53j
/m/025504	/tv/tv_program_creator/programs_created	/m/06p5g
/m/0yyh	/tv/tv_program_creator/programs_created	/m/04yf308
/m/027752	/government/political_party/politicians_in_this_party./government/political_party_tenure/politician	/m/07v4dm
/m/073tm9	/government/political_party/politicians_in_this_party./government/political_party_tenure/politician	/m/03d2_w8
/m/042g7t	/time/time_zone/locations_in_this_time_zone	/m/04_133
/m/02p7pxx	/cvg/cvg_genre/games	/m/02hjn4
/m/0335fp	/tv/tv_writer/episodes_written	/m/02whj
/m/010p3	/tv/tv_writer/episodes_written	/m/05df6yf
/m/04snp2	/tv/tv_writer/episodes_written	/m/05m5xr
/m/030cx	/film/actor/film./film/performance/film	/m/09glbk
/m/05fny	/astronomy/celestial_object_category/objects	/m/04wv_
/m/05gz5	/protected_sites/iucn_category/protected_areas	/m/0n5hh
/m/01t8gz	/protected_sites/iucn_category/protected_areas	/m/0c8kmn
/m/05q8pss	/protected_sites/iucn_category/protected_areas	/m/01s57l
/m/05gz5	/protected_sites/iucn_category/protected_areas	/m/0cdw6
/m/0r4xt	/protected_sites/iucn_category/protected_areas	/m/080w7x
/m/01vv6xv	/protected_sites/iucn_category/protected_areas	/m/038y21
/m/01wqflx	/music/genre/artists	/m/0164fj
/m/02wb6yq	/film/editor/film	/m/0b8gnd
/m/049k07	/film/director/film	/m/0b8gnd
/m/01pdgp	/government/political_party/politicians_in_this_party./government/political_party_tenure/politician	/m/035vw8
/m/07wf9	/government/political_party/politicians_in_this_party./government/political_party_tenure/politician	/m/01t07j
/m/016wyn	/government/political_party/politicians_in_this_party./government/political_party_tenure/politician	/m/02mh2j
/m/0bs5vty	/film/film/featured_film_locations	/m/0bjqh
/m/01mpwj	/cvg/cvg_developer/games_developed	/m/09t9vp
/m/01nds	/cvg/cvg_publisher/games_published	/m/0bmhk0g
/m/01hl_w	/people/profession/people_with_this_profession	/m/03byl4
/m/0gk7z	/education/educational_institution/students_graduates./education/education/student	/m/0l6wj
/m/0m28g	/location/location/contains	/m/01lly5
/m/08s3w_	/film/actor/film./film/performance/film	/m/06mdcv
/m/03ww_x	/music/genre/artists	/m/03j2cxz
/m/0146hc	/education/educational_institution/students_graduates./education/education/student	/m/038g2x
/m/0163v	/location/location/events	/m/0rp46
/m/0q8s4	/location/location/contains	/m/05zyg0p
/m/0163v	/olympics/olympic_participating_country/athletes./olympics/olympic_athlete_affiliation/athlete	/m/02lfl4
/m/017cy9	/business/employer/employees./business/employment_tenure/person	/m/0408np
/m/02607j	/education/educational_institution/students_graduates./education/education/student	/m/05zq5fl
/m/05mkhs	/tv/tv_actor/guest_roles./tv/tv_guest_role/episodes_appeared_in	/m/05dgz_1
/m/0bq4j6	/tv/tv_writer/episodes_written	/m/05dhdzn
/m/07jrjb	/tv/tv_writer/episodes_written	/m/05dhf29
/m/0285c	/film/actor/film./film/performance/film	/m/01vqrm
/m/026db_	/tv/tv_program/episodes	/m/091wjw
/m/0b6k40	/education/educational_institution/students_graduates./education/education/student	/m/09v4nk
/m/049nq	/location/location/contains	/m/0hd7j
/m/04xvlr	/film/film_genre/films_in_this_genre	/m/050ks
/m/04xvlr	/media_common/netflix_genre/titles	/m/0c422z4
/m/0151w_	/film/film_genre/films_in_this_genre	/m/0f_kz3
/m/022_6	/film/film_genre/films_in_this_genre	/m/0b8gnd
/m/06q1r	/location/location/contains	/m/02gnmp
/m/06q1r	/book/book_subject/works	/m/066yfh
/m/09s5q8	/education/educational_institution/students_graduates./education/education/student	/m/0ds2sb
/m/0dq3c	/government/government_office_category/officeholders./government/government_position_held/office_holder	/m/04xzm
/m/0dq3c	/business/job_title/people_with_this_title./business/employment_tenure/company	/m/03wbzp
/m/0dq3c	/business/job_title/people_with_this_title./business/employment_tenure/person	/m/030vnj
/m/04n1q6	/business/job_title/people_with_this_title./business/employment_tenure/company	/m/0381ql
/m/0dq3c	/business/job_title/people_with_this_title./business/employment_tenure/company	/m/043cl9
/m/0126t5	/location/location/contains	/m/01ycxx
/m/0dyjz	/location/location/contains	/m/0j13b
/m/0dyjz	/base/aareas/schema/administrative_area/administrative_children	/m/07vk2
/m/0b_j2	/film/actor/film./film/performance/film	/m/0gzs2r
/m/0gs1_	/film/director/film	/m/016ky6
/m/099pks	/film/producer/film	/m/026_6ms
/m/0gs1_	/film/actor/film./film/performance/film	/m/02n4lw
/m/0kz10	/music/genre/artists	/m/0jlv5
/m/01585b	/film/film_genre/films_in_this_genre	/m/075npt
/m/01vswx5	/film/film_genre/films_in_this_genre	/m/02qy135
/m/017s11	/film/film_distributor/films_distributed./film/film_film_distributor_relationship/film	/m/01l3lx
/m/017s11	/film/film_distributor/films_distributed./film/film_film_distributor_relationship/film	/m/056252
/m/01_2n	/tv/tv_program/episodes	/m/0hwd8
/m/01_2n	/tv/tv_program/episodes	/m/028k2x
/m/01_2n	/tv/tv_program/episodes	/m/06hzq3
/m/06439y	/tv/tv_program/episodes	/m/05dds79
/m/07nt8p	/tv/tv_program/episodes	/m/06xs714
/m/0948xk	/tv/tv_network/programs./tv/tv_network_duration/program	/m/05p6jqy
/m/01nzmp	/award/hall_of_fame/inductees./award/hall_of_fame_induction/inductee	/m/0g5879y
/m/01dyk8	/music/record_label/artist	/m/026f85y
/m/01p2b_	/music/record_label/artist	/m/04lgq
/m/01p2b_	/music/record_label/artist	/m/0c7zf
/m/02b149	/soccer/football_team/manager./soccer/football_team_management_tenure/manager	/m/01n263
/m/03cprft	/people/cause_of_death/people	/m/032p4g
/m/0sx92	/people/cause_of_death/people	/m/015wkb
/m/042g2h	/base/ecology/food_web_member/belongs_to_ecosystem_s	/m/04ggh49
/m/044mjy	/tv/tv_actor/guest_roles./tv/tv_guest_role/episodes_appeared_in	/m/0j90s
/m/04_m9gk	/film/film_festival_event/films	/m/01wt4wc
/m/0kfhjq0	/film/film_festival_event/films	/m/07l515w
/m/04_m9gk	/film/film_festival_event/films	/m/0157g9
/m/05mdx	/medicine/disease/symptoms	/m/01m7f5r
/m/05mdx	/medicine/disease_cause/diseases	/m/0gyy53
/m/05xjb	/people/profession/people_with_this_profession	/m/011wdm
/m/02mz_6	/people/profession/people_with_this_profession	/m/09v1d5q
/m/01tz6vs	/people/profession/people_with_this_profession	/m/051_n9n
/m/064xm0	/people/profession/people_with_this_profession	/m/031x2
/m/07gqbk	/music/record_label/artist	/m/05mkhs
/m/0by292	/education/educational_institution/students_graduates./education/education/student	/m/04pp_3
/m/07t65	/education/educational_institution/students_graduates./education/education/student	/m/026kr8g
/m/01kvrz	/education/educational_institution/students_graduates./education/education/student	/m/09b3cb
/m/08815	/education/educational_institution/students_graduates./education/education/student	/m/0139q5
/m/08815	/education/educational_institution/students_graduates./education/education/student	/m/01wskg
/m/06hhp	/education/educational_institution/students_graduates./education/education/student	/m/05p1wkn
/m/08815	/education/educational_institution/students_graduates./education/education/student	/m/06b3g4
/m/08815	/education/educational_institution/students_graduates./education/education/student	/m/01w23w
/m/08815	/education/educational_institution/students_graduates./education/education/student	/m/030pr
/m/08815	/business/employer/employees./business/employment_tenure/person	/m/023jq1
/m/086nl7	/business/employer/employees./business/employment_tenure/person	/m/05kh98
/m/0gf14	/education/educational_institution/students_graduates./education/education/student	/m/06cws4
/m/08815	/education/educational_institution/students_graduates./education/education/student	/m/02j4sk
/m/05g8n	/education/educational_institution/students_graduates./education/education/student	/m/05c40wl
/m/08815	/education/educational_institution/students_graduates./education/education/student	/m/020x5r
/m/029d_	/education/educational_institution/students_graduates./education/education/student	/m/0dqknj
/m/08815	/education/educational_institution/students_graduates./education/education/student	/m/0bxfmk
/m/08815	/education/educational_institution/subsidiary_or_constituent_schools	/m/03m7d
/m/02j62	/award/award_category/nominees./award/award_nomination/nominated_for	/m/06qh2n
/m/06lq2g	/award/award_category/nominees./award/award_nomination/nominated_for	/m/0kv53j
/m/079vf	/tv/tv_actor/guest_roles./tv/tv_guest_role/episodes_appeared_in	/m/0bkv8p
/m/01xk7r	/award/award_winner/awards_won./award/award_honor/award_winner	/m/07jlks
/m/03fbb6	/tv/tv_program/episodes	/m/05zxrj0
/m/0fm3b5	/award/award_category/nominees./award/award_nomination/award_nominee	/m/02vx4
/m/0280mv7	/award/award_category/winners./award/award_honor/award_winner	/m/03qh906
/m/0jpdn	/tv/tv_actor/starring_roles./tv/regular_tv_appearance/series	/m/043t8t
/m/014l7h	/business/job_title/people_with_this_title./business/employment_tenure/person	/m/03cvfg
/m/014l7h	/business/job_title/people_with_this_title./business/employment_tenure/company	/m/01vqq1
/m/014l7h	/business/job_title/people_with_this_title./business/employment_tenure/person	/m/03l3ln
/m/01yc02	/business/job_title/people_with_this_title./business/employment_tenure/person	/m/02qknch
/m/01jkqfz	/music/genre/artists	/m/043ljky
/m/01swmr	/government/political_party/politicians_in_this_party./government/political_party_tenure/politician	/m/02r0st6
/m/02rdyk7	/award/award_category/nominees./award/award_nomination/nominated_for	/m/04d2yp
/m/0h52w	/education/educational_institution/students_graduates./education/education/student	/m/02rm4s4
/m/01sgl	/sports/sport/teams	/m/02qx9th
/m/07bs0	/cvg/cvg_genre/games	/m/03nltr8
/m/02vx4	/sports/sport/officials	/m/070bjw
/m/0blbxk	/people/profession/people_with_this_profession	/m/02qjbs3
/m/01p2b_	/people/profession/people_with_this_profession	/m/027mrpq
/m/02y5kn	/people/profession/people_with_this_profession	/m/01vvdm
/m/02y5kn	/people/profession/people_with_this_profession	/m/01mgw
/m/02z2mr7	/people/profession/people_with_this_profession	/m/073wgg
/m/02y5kn	/people/profession/people_with_this_profession	/m/07d3z7
/m/01mylz	/people/profession/people_with_this_profession	/m/03qfwk2
/m/03g5jw	/people/profession/people_with_this_profession	/m/04g127l
/m/0680m7	/people/profession/people_with_this_profession	/m/03gdxp
/m/02y5kn	/people/profession/people_with_this_profession	/m/07y1z
/m/02y5kn	/people/profession/people_with_this_profession	/m/01xqw
/m/04xfb	/book/author/works_written	/m/0gxz1m0
/m/01sxly	/award/award_category/winners./award/award_honor/honored_for	/m/06qh2n
/m/09j_g	/film/production_company/films	/m/0c9jj9
/m/01f2w0	/film/film_distributor/films_distributed./film/film_film_distributor_relationship/film	/m/0c42fq1
/m/0325pb	/award/award_nominee/award_nominations./award/award_nomination/nominated_for	/m/0c9jj9
/m/03xsby	/film/film_distributor/films_distributed./film/film_film_distributor_relationship/film	/m/02q1hz
/m/036hnm	/film/film_distributor/films_distributed./film/film_film_distributor_relationship/film	/m/0cd3jr
/m/04rjg	/user/coco/science/concepts_theories/child_concept	/m/04rjg
/m/02wt_x	/user/coco/science/concepts_theories/child_concept	/m/012lj
/m/01ld0	/user/coco/science/concepts_theories/child_concept	/m/050fdl
/m/018_lb	/education/field_of_study/students_majoring./education/education/student	/m/03qpc5_
/m/03dbww	/base/onephylogeny/type_of_thing/includes	/m/05w1q
/m/0gx159f	/education/field_of_study/students_majoring./education/education/student	/m/026ln2v
/m/012wgb	/education/field_of_study/subdisciplines	/m/05w1q
/m/02p0qx9	/user/coco/science/concepts_theories/child_concept	/m/04xzvj
/m/04rjg	/book/book_subject/works	/m/05798
/m/0123r4	/award/award_nominee/award_nominations./award/award_nomination/award	/m/03r67k
/m/0h10vt	/award/award_winner/awards_won./award/award_honor/award	/m/03r67k
/m/04xrx	/base/popstra/celebrity/vacations_in./base/popstra/vacation_choice/location	/m/04jpl
/m/05b7q	/film/film_genre/films_in_this_genre	/m/02wk56
/m/09xvf7	/influence/influence_node/influenced	/m/03cngx1
/m/0d6br	/film/film_genre/films_in_this_genre	/m/0447rg
/m/06nzl	/law/court/judges./law/judicial_tenure/judge	/m/023v2
/m/0dt39	/award/award_category/winners./award/award_honor/award_winner	/m/09g90vz
/m/0fmqp6	/film/film_art_director/films_art_directed	/m/0l2yf
/m/0167bx	/medicine/type_of_infectious_agent/diseases	/m/01r_nw
/m/0lgm5	/music/artist/album	/m/01w02sy
/m/02kxx1	/film/film/film_series	/m/026ph7x
/m/016ywr	/film/actor/film./film/performance/film	/m/05szq8z
/m/02wd48	/government/legislative_session/members./government/government_position_held/office_holder	/m/02mh2j
/m/02bhj4	/education/educational_institution/students_graduates./education/education/student	/m/02q5xsx
/m/03y5ky	/education/educational_institution/students_graduates./education/education/student	/m/080cccx
/m/036hnm	/education/educational_institution/students_graduates./education/education/student	/m/03f3_p3
/m/036jv	/music/genre/artists	/m/0cymp
/m/0b_6qj	/people/profession/people_with_this_profession	/m/07s3bnw
/m/02wt_x	/award/award_winner/awards_won./award/award_honor/award_winner	/m/0gff83x
/m/01rtm4	/award/award_nominee/award_nominations./award/award_nomination/award_nominee	/m/0gff83x
/m/05cxb38	/protected_sites/site_listing_category/listed_sites./protected_sites/natural_or_cultural_site_listing/listed_site	/m/0mzg2
/m/07c1v	/book/book_subject/works	/m/0h7t36
/m/07c1v	/film/film_subject/films	/m/06rf7
/m/07h1tr	/film/film_crewmember/films_crewed./film/film_crew_gig/film	/m/059lwy
/m/04fkg4	/business/employer/employees./business/employment_tenure/person	/m/05wcpgr
/m/01vmv_	/education/educational_institution/students_graduates./education/education/student	/m/0563b3
/m/0c5x_	/business/employer/employees./business/employment_tenure/person	/m/038b_x
/m/011k1h	/business/employer/employees./business/employment_tenure/person	/m/05ybhyw
/m/04tc1g	/location/location/contains	/m/02pnv3m
/m/0j86l	/film/film/subjects	/m/045n4
/m/06dfg	/location/location/events	/m/06n7qg
/m/02kxbwx	/people/profession/people_with_this_profession	/m/02y8dt
/m/0h9c	/people/profession/people_with_this_profession	/m/0880p
/m/0ks67	/education/educational_institution/students_graduates./education/education/student	/m/016lv3
/m/0ks67	/education/educational_institution/students_graduates./education/education/student	/m/01cj6y
/m/017g2y	/business/employer/employees./business/employment_tenure/person	/m/06cbzt
/m/069vt	/education/educational_institution/students_graduates./education/education/student	/m/06cbzt
/m/0m_w6	/location/location/contains	/m/04ztj
/m/0mwzv	/location/location/contains	/m/03ywyk
/m/031vy_	/award/award_winner/awards_won./award/award_honor/award	/m/06w6tv2
/m/016pns	/award/award_nominee/award_nominations./award/award_nomination/award	/m/0zm1
/m/017dbx	/tv/tv_program/regular_cast./tv/regular_tv_appearance/actor	/m/04bdzg
/m/017dbx	/tv/tv_program/episodes	/m/059t8
/m/0kpys	/location/location/contains	/m/03cphg9
/m/0fqz6	/film/film/starring./film/performance/character	/m/013z1n
/m/01vvdm	/award/award_nominee/award_nominations./award/award_nomination/nominated_for	/m/0cy8v
/m/022xml	/award/award_winner/awards_won./award/award_honor/honored_for	/m/060hqq
/m/0mp6	/user/coco/science/concepts_theories/child_concept	/m/025bdk
/m/025x7g_	/user/coco/science/concepts_theories/child_concept	/m/0pf2
/m/025x7g_	/user/coco/science/concepts_theories/child_concept	/m/0mp6
/m/025x7g_	/user/coco/science/concepts_theories/child_concept	/m/04rjg
/m/0pf2	/user/coco/science/concepts_theories/child_concept	/m/01d1kh
/m/02_l9	/organization/membership_organization/members./organization/organization_membership/member	/m/07tp2
/m/022jr5	/education/educational_institution/students_graduates./education/education/student	/m/047f_03
/m/01w20rx	/fictional_universe/fictional_character_creator/fictional_characters_created	/m/06lwtn
/m/04rzd	/film/film/music	/m/01l74dl
/m/01cz_1	/music/genre/artists	/m/01msgsy
/m/05m7zg	/tv/tv_actor/guest_roles./tv/tv_guest_role/episodes_appeared_in	/m/01cpkt
/m/0jgk3	/award/award_category/nominees./award/award_nomination/award_nominee	/m/02sbwl
/m/031vy_	/award/award_category/nominees./award/award_nomination/nominated_for	/m/026pdy
/m/0776drd	/award/award_category/winners./award/award_honor/award_winner	/m/0xqf3
/m/07cj3	/user/coco/science/concepts_theories/child_concept	/m/06mnr
/m/0frz0	/people/profession/people_with_this_profession	/m/0p9z5
/m/0frz0	/people/profession/people_with_this_profession	/m/01dc0c
/m/0frz0	/people/profession/people_with_this_profession	/m/06wcbk7
/m/01l78d	/people/profession/people_with_this_profession	/m/0c52dz
/m/0z1l8	/people/profession/people_with_this_profession	/m/0gtvz8z
/m/05lfwd	/people/profession/people_with_this_profession	/m/01rt68
/m/06hf0n	/people/profession/people_with_this_profession	/m/06g65l
/m/0frz0	/people/profession/people_with_this_profession	/m/01pqx6
/m/0frz0	/people/profession/people_with_this_profession	/m/05t0zfv
/m/04kllm9	/people/profession/people_with_this_profession	/m/0hzrpd5
/m/05f4vxd	/people/profession/people_with_this_profession	/m/02qlkb2
/m/0jdx	/location/location/contains	/m/02jx1
/m/0ct9_	/film/actor/film./film/performance/film	/m/040lmh
/m/08141d	/tv/tv_actor/guest_roles./tv/tv_guest_role/episodes_appeared_in	/m/02r1813
/m/01c9jp	/award/award_category/nominees./award/award_nomination/award_nominee	/m/0c1gj5
/m/0k57l	/award/award_category/winners./award/award_honor/award_winner	/m/08w_s8
/m/02p11jq	/education/educational_institution/students_graduates./education/education/student	/m/0c7hd2
/m/07w3r	/education/educational_institution/students_graduates./education/education/student	/m/04z9tp
/m/01j_9c	/business/employer/employees./business/employment_tenure/person	/m/0gct_
/m/01txts	/education/educational_institution/students_graduates./education/education/student	/m/0dy3sh
/m/017l66	/education/educational_institution/students_graduates./education/education/student	/m/0c3682
/m/01mpwj	/education/educational_institution/students_graduates./education/education/student	/m/07mb57
/m/01mpwj	/education/educational_institution/students_graduates./education/education/student	/m/035rnz
/m/01mpwj	/education/educational_institution/students_graduates./education/education/student	/m/026b7bz
/m/01nhhz	/military/military_combatant/military_conflicts./military/military_combatant_group/conflict	/m/0ym17
/m/01nhhz	/military/military_combatant/military_conflicts./military/military_combatant_group/conflict	/m/0k4p0
/m/01psyx	/people/cause_of_death/people	/m/013nty
/m/02975m	/education/educational_institution/students_graduates./education/education/student	/m/01zwn0
/m/01cf93	/education/educational_institution/students_graduates./education/education/student	/m/0h3v_nz
/m/01w613	/tv/tv_genre/programs	/m/05tjm3
/m/03f0324	/book/author/works_written	/m/0sxmx
/m/03f0324	/film/film_subject/films	/m/07m77x
/m/03gj2	/location/location/contains	/m/0fn7r
/m/02_5x9	/location/location/contains	/m/03yhw6
/m/04g3p5	/tv/tv_actor/guest_roles./tv/tv_guest_role/episodes_appeared_in	/m/02xtxw
/m/05rwlj	/music/genre/artists	/m/0njj0
/m/06l3bl	/film/film_genre/films_in_this_genre	/m/01m1_d
/m/05gsd2	/book/book_subject/works	/m/0cvz4q
/m/06l3bl	/media_common/netflix_genre/titles	/m/07srw
/m/06l3bl	/book/book_subject/works	/m/0b_72t
/m/0chgr2	/music/genre/artists	/m/08dbtc
/m/07hwkr	/people/ethnicity/people	/m/0qf2t
/m/07hwkr	/people/ethnicity/people	/m/013l6l
/m/09j_g	/people/ethnicity/people	/m/0c3dr7
/m/0194xc	/people/ethnicity/people	/m/03pp8_
/m/07hwkr	/people/ethnicity/languages_spoken	/m/0x82
/m/01z2ts	/base/newsevents/news_reporting_organisation/news_reports./base/newsevents/news_report/event	/m/05p1x35
/m/07rlg	/olympics/olympic_sport/athletes./olympics/olympic_athlete_affiliation/athlete	/m/06y7d
/m/0n2k5	/location/location/contains	/m/02qs77g
/m/0ggl02	/location/location/contains	/m/0ff_48
/m/0fg_hg	/award/award_category/nominees./award/award_nomination/award_nominee	/m/01zwn0
/m/04c9bn	/tv/tv_genre/programs	/m/076c6
/m/0h_m	/tv/tv_genre/programs	/m/0h1q6
/m/035tlh	/book/book_subject/works	/m/01w8wp
/m/0jbp0	/book/book_subject/works	/m/012j5w
/m/01ly5m	/book/book_subject/works	/m/02x87pj
/m/0h_m	/book/book_subject/works	/m/09nwwf
/m/0h_m	/book/book_subject/works	/m/063g7l
/m/0jhn7	/olympics/olympic_games/medals_awarded./olympics/olympic_medal_honor/medalist	/m/01l1b90
/m/01bbwp	/location/location/contains	/m/01tckg
/m/0894_x	/music/genre/artists	/m/01v0yt5
/m/01q460	/education/educational_institution/students_graduates./education/education/student	/m/0j5b8
/m/025tmkg	/people/profession/people_with_this_profession	/m/05c6073
/m/0bx8pn	/people/profession/people_with_this_profession	/m/01rmyj
/m/04kxsb	/people/profession/people_with_this_profession	/m/07lvv8
/m/028kk_	/people/profession/people_with_this_profession	/m/0jt5zcn
/m/02v2lh	/music/genre/artists	/m/07vyf
/m/03k50	/media_common/netflix_genre/titles	/m/051hrr
/m/0jf1v	/media_common/netflix_genre/titles	/m/04j0pd7
/m/03hjv97	/media_common/netflix_genre/titles	/m/06qh2n
/m/047mtnd	/media_common/netflix_genre/titles	/m/02qyync
/m/04wx2v	/film/actor/film./film/performance/film	/m/0jm4b
/m/0k4f3	/tv/tv_genre/programs	/m/08fw3k
/m/05qt0	/book/book_subject/works	/m/04t7ts
/m/05qt0	/tv/tv_genre/programs	/m/03_2f
/m/07_f2	/government/governmental_jurisdiction/governing_officials./government/government_position_held/district_represented	/m/0xmlp
/m/0bqsy	/location/location/contains	/m/0533f1
/m/01_qgp	/location/location/contains	/m/0bq8mw
/m/0k2dm	/location/location/contains	/m/0c7slv
/m/07z542	/award/award_nominee/award_nominations./award/award_nomination/award	/m/0gbwp
/m/03hfmm	/award/award_winner/awards_won./award/award_honor/award	/m/0fq1lnw
/m/0m2wm	/film/writer/film	/m/02rstmj
/m/01l2fn	/film/director/film	/m/02rstmj
/m/0gmtm	/film/actor/film./film/performance/film	/m/04w1j9
/m/0gx_st	/award/award_ceremony/awards_presented./award/award_honor/honored_for	/m/03fhjz
/m/018jkl	/location/location/contains	/m/032498
/m/01c0cc	/education/educational_institution/students_graduates./education/education/student	/m/012c6j
/m/0fj45	/government/government_office_category/officeholders./government/government_position_held/office_holder	/m/035vw8
/m/01_fjr	/government/government_office_category/officeholders./government/government_position_held/office_holder	/m/0cqj3j
/m/02079p	/government/government_office_category/officeholders./government/government_position_held/office_holder	/m/024n3z
/m/02yv_b	/award/award_ceremony/awards_presented./award/award_honor/award_winner	/m/04cxw5b
/m/03bzc7	/music/genre/artists	/m/07w0v
/m/0j46b	/music/genre/artists	/m/08ztpc
/m/044n3h	/film/actor/film./film/performance/film	/m/0f_kz3
/m/041_3z	/location/location/contains	/m/0784v1
/m/03jn4	/location/place_with_neighborhoods/neighborhoods	/m/08czr7
/m/06b19	/education/educational_institution/students_graduates./education/education/student	/m/03y3dk
/m/06b19	/business/employer/employees./business/employment_tenure/person	/m/06whf
/m/02p4pt3	/business/employer/employees./business/employment_tenure/person	/m/02xsz7
/m/06b19	/business/employer/employees./business/employment_tenure/person	/m/016dgz
/m/07j87	/food/ingredient/dishes	/m/06p5g
/m/084m3	/tv/tv_actor/guest_roles./tv/tv_guest_role/episodes_appeared_in	/m/0gct_
/m/02f1c	/tv/tv_personality/tv_regular_appearances./tv/tv_regular_personal_appearance/program	/m/02rs1k0
/m/0dwh5	/travel/travel_destination/tourist_attractions	/m/03gbty
/m/015cqh	/people/profession/people_with_this_profession	/m/0275676
/m/0239kh	/people/profession/people_with_this_profession	/m/0c19hv
/m/0np9r	/people/profession/people_with_this_profession	/m/05qx1
/m/0np9r	/people/profession/people_with_this_profession	/m/0cbv4g
/m/0102t4	/people/profession/people_with_this_profession	/m/0gvvn86
/m/015ll	/people/profession/people_with_this_profession	/m/0fl4t7
/m/0np9r	/people/profession/people_with_this_profession	/m/02wr6r
/m/0nvt9	/location/location/contains	/m/01w_10
/m/016622	/location/location/contains	/m/03wfv13
/m/048rn	/people/profession/people_with_this_profession	/m/0f0t_1
/m/0q04f	/people/profession/people_with_this_profession	/m/0m0hw
/m/0q04f	/people/profession/people_with_this_profession	/m/033f8n
/m/0q04f	/people/profession/people_with_this_profession	/m/01rc6f
/m/0137g1	/award/award_nominee/award_nominations./award/award_nomination/award	/m/01r9nk
/m/0mx0f	/people/profession/people_with_this_profession	/m/02f7n7
/m/01nh5h	/location/location/nearby_airports	/m/0b28g
/m/01pcql	/base/popstra/celebrity/dated./base/popstra/dated/participant	/m/0pyq_
/m/07j8kh	/people/person/spouse_s./people/marriage/spouse	/m/0pyq_
/m/03qhyn8	/celebrities/celebrity/sexual_relationships./celebrities/romantic_relationship/celebrity	/m/0pyq_
/m/0kvqv	/award/award_nominee/award_nominations./award/award_nomination/award_nominee	/m/0gff83x
/m/03s7h	/education/educational_institution/students_graduates./education/education/student	/m/0brr_f
/m/01v1vp	/location/location/events	/m/0gl09x8
/m/07gkgp	/government/legislative_session/members./government/government_position_held/office_holder	/m/01rcm2
/m/042zrm	/film/film/starring./film/performance/actor	/m/0ggbfwf
/m/05tjm3	/award/award_category/winners./award/award_honor/honored_for	/m/04q25kd
/m/04fgzb0	/award/award_category/nominees./award/award_nomination/nominated_for	/m/028r4y
/m/067hq2	/tv/tv_actor/guest_roles./tv/tv_guest_role/episodes_appeared_in	/m/0jhwd
/m/06953q	/music/genre/artists	/m/06czyr
/m/099md	/people/profession/people_with_this_profession	/m/026mml
/m/01b4x4	/people/profession/people_with_this_profession	/m/04v18k
/m/099md	/people/profession/people_with_this_profession	/m/061y4q
/m/099md	/people/profession/people_with_this_profession	/m/01ppdy
/m/02rn00y	/location/location/contains	/m/0760nz
/m/0mkqr	/location/location/contains	/m/05lfl7
/m/0grjmv	/music/genre/artists	/m/04_m9gk
/m/036k5h	/medicine/disease/symptoms	/m/079p0q
/m/0lk0l	/education/educational_institution/students_graduates./education/education/student	/m/02hsgn
/m/0nz_b	/location/us_county/hud_county_place	/m/0r9y0
/m/034tl	/location/location/contains	/m/0r9y0
/m/0by17xn	/film/actor/film./film/performance/film	/m/0kvcd9
/m/0145rs	/music/genre/artists	/m/02v4vl
/m/0145rs	/music/genre/artists	/m/026dd2b
/m/096ysw	/music/genre/artists	/m/02vlsz0
/m/01vvzb1	/music/genre/artists	/m/047f_yb
/m/016zwt	/location/location/contains	/m/07bdd_
/m/0g55tzk	/award/award_ceremony/awards_presented./award/award_honor/award	/m/03r67k
/m/01wbsdz	/film/person_or_entity_appearing_in_film/films./film/personal_film_appearance/film	/m/0h0dkv
/m/01bpnd	/film/actor/film./film/performance/film	/m/0c01c
/m/01nhgd	/education/educational_institution/students_graduates./education/education/student	/m/01nwvb
/m/02x9g_	/education/educational_institution/students_graduates./education/education/student	/m/01tpjh
/m/073tm9	/education/educational_institution/students_graduates./education/education/student	/m/05885x
/m/01hl_w	/tv/tv_network/programs./tv/tv_network_duration/program	/m/0c2yz5
/m/01j_cy	/education/educational_institution/students_graduates./education/education/student	/m/07zl1
/m/01j_cy	/education/educational_institution/students_graduates./education/education/student	/m/03c9pqt
/m/01m_p5	/government/political_party/politicians_in_this_party./government/political_party_tenure/politician	/m/03m6pk
/m/01m_p5	/government/political_party/politicians_in_this_party./government/political_party_tenure/politician	/m/03f1zdw
/m/086x3	/government/legislative_session/members./government/government_position_held/office_holder	/m/01rcm2
/m/0274v0r	/award/award_category/nominees./award/award_nomination/nominated_for	/m/015pdg
/m/02vnp2	/education/educational_institution/students_graduates./education/education/student	/m/0bsb4j
/m/02rh_0	/education/educational_institution/students_graduates./education/education/degree	/m/0gvys1
/m/0dlqv	/film/film_job/films_with_this_crew_job./film/film_crew_gig/film	/m/0crd8z
/m/0b6l1st	/film/film/production_companies	/m/05jjld
/m/01wqpnm	/award/award_category/winners./award/award_honor/award_winner	/m/01xp1v
/m/07tg4	/award/award_nominee/award_nominations./award/award_nomination/award_nominee	/m/0f60l7
/m/06rkl	/tv/tv_character/appeared_in_tv_program./tv/regular_tv_appearance/series	/m/07s93v
/m/06tgw	/location/location/events	/m/05kj_
/m/06w7v	/music/performance_role/track_performances./music/track_contribution/contributor	/m/04r68
/m/05kms	/music/instrument/instrumentalists	/m/0c0dj_
/m/0j90s	/music/genre/artists	/m/05zm_9y
/m/0d1t3	/sports/sport/officials	/m/09vm58
/m/09xp_	/sports/sport/officials	/m/01kgxf
/m/01gqfm	/sports/sport/officials	/m/02qlctl
/m/09xp_	/sports/sport/officials	/m/02_0d2
/m/026cmdc	/base/culturalevent/event/entity_involved	/m/07zytf
/m/0rlz	/military/military_commander/military_commands./military/military_command/military_conflict	/m/04jkvx2
/m/0dplh	/education/educational_institution/students_graduates./education/education/student	/m/043s3
/m/0dplh	/education/educational_institution/students_graduates./education/education/student	/m/01bpc9
/m/0dplh	/education/educational_institution/students_graduates./education/education/student	/m/028qdb
/m/0l_n1	/location/location/contains	/m/011zf2
/m/0l_n1	/location/location/contains	/m/029r_2
/m/01nfl1	/fictional_universe/character_occupation/characters_with_this_occupation	/m/07n7cmp
/m/013719	/music/record_label/artist	/m/02vbmw
/m/04dsnp	/film/film_genre/films_in_this_genre	/m/04j07pc
/m/02b5_l	/film/film_genre/films_in_this_genre	/m/019rvp
/m/0143hl	/film/film_genre/films_in_this_genre	/m/05v6jy
/m/041xl	/award/award_category/nominees./award/award_nomination/nominated_for	/m/0b8gnd
/m/0mzy7	/olympics/olympic_participating_country/medals_won./olympics/olympic_medal_honor/medalist	/m/02rnwgr
/m/0g55tzk	/location/location/contains	/m/055bft
/m/0chrx	/travel/travel_destination/how_to_get_here./travel/transportation/transport_terminus	/m/04yvc2
/m/02s2lg	/education/educational_institution/students_graduates./education/education/student	/m/02wzh5z
/m/0l6ny	/olympics/olympic_games/athletes./olympics/olympic_athlete_affiliation/athlete	/m/0k8qwv9
/m/06sks6	/olympics/olympic_games/athletes./olympics/olympic_athlete_affiliation/athlete	/m/01vsy3q
/m/06sks6	/olympics/olympic_games/athletes./olympics/olympic_athlete_affiliation/athlete	/m/0335fp
/m/06sks6	/olympics/olympic_games/medals_awarded./olympics/olympic_medal_honor/medalist	/m/0gd_s
/m/09x3r	/olympics/olympic_games/athletes./olympics/olympic_athlete_affiliation/athlete	/m/0b77xnb
/m/016r9z	/olympics/olympic_games/athletes./olympics/olympic_athlete_affiliation/athlete	/m/051wzcl
/m/06sks6	/olympics/olympic_games/medals_awarded./olympics/olympic_medal_honor/medalist	/m/01vsyg9
/m/018ctl	/olympics/olympic_games/athletes./olympics/olympic_athlete_affiliation/athlete	/m/087ld5
/m/06sks6	/olympics/olympic_games/athletes./olympics/olympic_athlete_affiliation/athlete	/m/021yzs
/m/09n48	/olympics/olympic_games/athletes./olympics/olympic_athlete_affiliation/athlete	/m/06m5jx
/m/06sks6	/olympics/olympic_games/athletes./olympics/olympic_athlete_affiliation/athlete	/m/0czmk1
/m/06sks6	/olympics/olympic_games/athletes./olympics/olympic_athlete_affiliation/athlete	/m/04mg6l
/m/0l6ny	/olympics/olympic_games/athletes./olympics/olympic_athlete_affiliation/athlete	/m/0gyvyb9
/m/0124ld	/olympics/olympic_games/athletes./olympics/olympic_athlete_affiliation/athlete	/m/03_sgx
/m/0sx8l	/olympics/olympic_games/athletes./olympics/olympic_athlete_affiliation/athlete	/m/03r4gg
/m/06sks6	/olympics/olympic_games/athletes./olympics/olympic_athlete_affiliation/athlete	/m/016bx2
/m/0sx7r	/olympics/olympic_games/athletes./olympics/olympic_athlete_affiliation/athlete	/m/0k0ksbg
/m/06sks6	/olympics/olympic_games/athletes./olympics/olympic_athlete_affiliation/athlete	/m/01s7z0
/m/06sks6	/olympics/olympic_games/athletes./olympics/olympic_athlete_affiliation/athlete	/m/01wj9y9
/m/018wrk	/olympics/olympic_games/medals_awarded./olympics/olympic_medal_honor/medalist	/m/048p1l
/m/09n48	/olympics/olympic_games/athletes./olympics/olympic_athlete_affiliation/athlete	/m/0k8j_rr
/m/06sks6	/olympics/olympic_games/athletes./olympics/olympic_athlete_affiliation/athlete	/m/02vr7
/m/0bk25	/fictional_universe/character_powers/characters_with_this_ability	/m/08yzjp
/m/0gy7bj4	/fictional_universe/character_powers/characters_with_this_ability	/m/06lwtn
/m/06rgq	/film/music_contributor/film	/m/0cn_7sr
/m/0bm9xk	/award/award_nominee/award_nominations./award/award_nomination/nominated_for	/m/026_dcw
/m/04gycf	/music/genre/artists	/m/03h_5v3
/m/0bwfn	/business/employer/employees./business/employment_tenure/person	/m/023kzp
/m/02hft3	/education/educational_institution/students_graduates./education/education/student	/m/0412mrb
/m/0bwfn	/education/educational_institution/students_graduates./education/education/student	/m/0164y7
/m/0bwfn	/education/educational_institution/students_graduates./education/education/student	/m/03f68r6
/m/01s73z	/education/educational_institution/students_graduates./education/education/student	/m/01wyyzq
/m/0hsb3	/education/educational_institution/students_graduates./education/education/student	/m/09rt9y0
/m/02xwzh	/education/educational_institution/students_graduates./education/education/student	/m/05p73sl
/m/04knq3	/education/educational_institution/students_graduates./education/education/student	/m/0bgzzw
/m/02r9qt	/business/employer/employees./business/employment_tenure/person	/m/05x5k1_
/m/01rgdw	/education/educational_institution/students_graduates./education/education/student	/m/02r5skp
/m/0bwfn	/education/educational_institution/students_graduates./education/education/student	/m/0p_2r
/m/0bwfn	/education/educational_institution/students_graduates./education/education/student	/m/01ldw4
/m/0bwfn	/education/educational_institution/students_graduates./education/education/student	/m/04m2zj
/m/0bwfn	/education/educational_institution/students_graduates./education/education/student	/m/0q9vf
/m/0bwfn	/education/educational_institution/students_graduates./education/education/student	/m/050_qx
/m/04jtj	/education/educational_institution/students_graduates./education/education/student	/m/0gfd8b2
/m/0ftvg	/travel/travel_destination/tourist_attractions	/m/0bsl6
/m/04kj2v	/people/family/members	/m/0h_4d
/m/01xcfy	/location/location/contains	/m/0v2qg
/m/0vzm	/location/location/events	/m/0vbk
/m/0157m	/government/political_appointer/appointees./government/government_position_held/office_holder	/m/026ldz7
/m/02jr26	/film/person_or_entity_appearing_in_film/films./film/personal_film_appearance/film	/m/0cv6lc
/m/0157m	/base/popstra/celebrity/vacations_in./base/popstra/vacation_choice/location	/m/05ywg
/m/0157m	/film/actor/film./film/performance/film	/m/0ply0
/m/01f69m	/people/profession/people_with_this_profession	/m/0cvnjx
/m/01c8w0	/people/profession/people_with_this_profession	/m/0bqytm
/m/0h5k	/people/profession/people_with_this_profession	/m/0f29k4
/m/02h30z	/education/educational_institution/students_graduates./education/education/student	/m/0412mrb
/m/05d8vw	/base/popstra/celebrity/dated./base/popstra/dated/participant	/m/03jy3w
/m/01nd6v	/tv/tv_actor/guest_roles./tv/tv_guest_role/episodes_appeared_in	/m/01x8cn
/m/08815	/education/educational_institution/students_graduates./education/education/student	/m/01r5pz5
/m/02x4x18	/award/award_category/nominees./award/award_nomination/nominated_for	/m/0bmnm
/m/037njl	/education/educational_institution/students_graduates./education/education/student	/m/08swgx
/m/03f_jk	/award/award_category/winners./award/award_honor/award_winner	/m/015p3p
/m/03pcnt	/base/thoroughbredracing/thoroughbred_racehorse_color/horses_of_this_color	/m/0420y
/m/03pcnt	/base/thoroughbredracing/thoroughbred_racehorse_color/horses_of_this_color	/m/0h6sv
/m/03pcnt	/base/thoroughbredracing/thoroughbred_racehorse_color/horses_of_this_color	/m/09pxc
/m/05pdh86	/book/book_subject/works	/m/073l5n
/m/071pf2	/award/award_category/nominees./award/award_nomination/nominated_for	/m/0b6w50
/m/01ly8d	/location/location/contains	/m/04z_tx6
/m/096g3	/location/location/contains	/m/05ztcp
/m/057_yx	/film/actor/film./film/performance/film	/m/06fkkh
/m/05r5w	/tv/tv_program_guest/appeared_on./tv/tv_guest_personal_appearance/episode	/m/03k6x
/m/067nsm	/award/award_nominee/award_nominations./award/award_nomination/award_nominee	/m/0yl27
/m/033x5p	/education/educational_institution/students_graduates./education/education/student	/m/0h73rn
/m/07wm6	/education/educational_institution/students_graduates./education/education/student	/m/02t0n9
/m/0163v	/location/location/contains	/m/02vnbb8
/m/01w2dq	/film/producer/film	/m/018gvp
/m/0cj36c	/film/producer/film	/m/05ftpb
/m/0f6lx	/tv/tv_producer/tv_episodes_produced./tv/tv_producer_episode_credit/episode	/m/0lbs8gm
/m/08jgk1	/tv/tv_program/episodes	/m/02zkdz
/m/0rj4g	/tv/tv_program/episodes	/m/0k9zjmg
/m/0cks1m	/tv/tv_network/programs./tv/tv_network_duration/program	/m/02vvtq
/m/09n48	/olympics/olympic_games/athletes./olympics/olympic_athlete_affiliation/athlete	/m/0cjtqg
/m/0kbvv	/olympics/olympic_games/athletes./olympics/olympic_athlete_affiliation/athlete	/m/03f22dp
/m/0kbvv	/olympics/olympic_games/medals_awarded./olympics/olympic_medal_honor/medalist	/m/01r7t9
/m/0kbvv	/olympics/olympic_games/athletes./olympics/olympic_athlete_affiliation/athlete	/m/08n9ng
/m/028p0	/music/performance_role/track_performances./music/track_contribution/contributor	/m/0c0dj_
/m/0l14qv	/music/performance_role/track_performances./music/track_contribution/contributor	/m/01t3h6
/m/0l14qv	/music/performance_role/regular_performances./music/group_membership/member	/m/030g9z
/m/06pyc2	/music/performance_role/regular_performances./music/group_membership/group	/m/08dbtc
/m/0l14qv	/music/performance_role/track_performances./music/track_contribution/contributor	/m/0fpmrm3
/m/0cmc2	/music/performance_role/track_performances./music/track_contribution/contributor	/m/01w5hdv
/m/0148d	/base/activism/activism_issue/activists	/m/01vtj38
/m/0dy04	/time/event/includes_event	/m/0d92rr
/m/01nvdc	/time/recurring_event/instances	/m/0gvbw
/m/01pq4w	/education/educational_institution/students_graduates./education/education/student	/m/02h0f3
/m/01pq4w	/business/employer/employees./business/employment_tenure/person	/m/0czhv7
/m/0432cd	/tv/tv_actor/starring_roles./tv/regular_tv_appearance/series	/m/02rs1k0
/m/02htv6	/education/educational_institution/students_graduates./education/education/student	/m/02y49
/m/0p_pd	/tv/tv_actor/guest_roles./tv/tv_guest_role/episodes_appeared_in	/m/0c314q
/m/042v_gx	/music/instrument/instrumentalists	/m/0b90_r
/m/01p9hgt	/music/performance_role/track_performances./music/track_contribution/contributor	/m/0m67s
/m/06fc0b	/music/performance_role/guest_performances./music/recording_contribution/contributor	/m/0m67s
/m/042v_gx	/music/performance_role/track_performances./music/track_contribution/contributor	/m/01fc7p
/m/04sv4	/business/employer/employees./business/employment_tenure/person	/m/0253b6
/m/04sv4	/business/employer/employees./business/employment_tenure/person	/m/027n4zv
/m/04sv4	/computer/software_developer/software	/m/055yr
/m/049rd	/government/political_ideology/political_parties	/m/0b0z_9
/m/05gd9	/government/political_ideology/political_parties	/m/0g2c8
/m/065zr	/location/location/contains	/m/0ct2tf5
/m/065zr	/location/location/contains	/m/0jrtv
/m/046488	/location/location/contains	/m/0ddxqr
/m/021bmf	/location/location/contains	/m/0bhcmy
/m/08l_c1	/education/educational_institution/students_graduates./education/education/student	/m/06j0md
/m/0cc5qkt	/award/award_nominated_work/award_nominations./award/award_nomination/award_nominee	/m/02s9vc
/m/0cc5qkt	/film/film/other_crew./film/film_crew_gig/crewmember	/m/047g6
/m/0mmpz	/location/location/contains	/m/04n7gc6
/m/0nf3h	/location/location/contains	/m/01vsb_
/m/02cg7g	/government/legislative_session/members./government/government_position_held/office_holder	/m/02sjf5
/m/015lhm	/film/cinematographer/film	/m/026_6ms
/m/088tp3	/government/governmental_body/members./government/government_position_held/office_holder	/m/02dgjd
/m/0g96wd	/government/governmental_body/members./government/government_position_held/office_holder	/m/0g00c1
/m/0134pk	/government/governmental_body/members./government/government_position_held/office_position_or_title	/m/091j0x
/m/048s0r	/people/profession/people_with_this_profession	/m/02w4flr
/m/03sbb	/people/profession/people_with_this_profession	/m/02hcxm
/m/03sbb	/people/profession/people_with_this_profession	/m/017t44
/m/01zrq0	/people/profession/people_with_this_profession	/m/0fl7l
/m/0l76z	/people/profession/people_with_this_profession	/m/02798kc
/m/03sbb	/people/profession/people_with_this_profession	/m/0crd8q6
/m/04s430	/base/americancomedy/celebrity_impressionist/celebrities_impersonated	/m/0gyy0
/m/04wlh	/location/location/partially_contains	/m/01fbb3
/m/07_l6	/music/instrument/instrumentalists	/m/01l_yg
/m/07_l6	/music/performance_role/track_performances./music/track_contribution/contributor	/m/0bdlj
/m/016tbr	/music/performance_role/track_performances./music/track_contribution/contributor	/m/034328
/m/01w4dy	/music/instrument/instrumentalists	/m/034328
/m/081lh	/film/actor/film./film/performance/film	/m/01gf5
/m/0cnl1c	/tv/tv_actor/guest_roles./tv/tv_guest_role/episodes_appeared_in	/m/0gztl
/m/01c6l	/film/person_or_entity_appearing_in_film/films./film/personal_film_appearance/film	/m/09h95g
/m/0dw4g	/music/artist/album	/m/06cs1
/m/0dw4g	/music/artist/album	/m/04ls81
/m/0dw4g	/award/award_nominee/award_nominations./award/award_nomination/nominated_for	/m/018qb4
/m/0h7jp	/location/location/contains	/m/05zr6wv
/m/01_3rn	/location/location/contains	/m/04cwxmr
/m/0nzny	/location/location/contains	/m/0ym69
/m/0swbd	/olympics/olympic_games/medals_awarded./olympics/olympic_medal_honor/medalist	/m/038rzr
/m/0jg1q	/people/cause_of_death/people	/m/03c40
/m/054lpb6	/education/educational_institution/students_graduates./education/education/student	/m/03np65h
/m/0fvzg	/location/location/events	/m/06n7qg
/m/014kg4	/tennis/tennis_player/matches_lost./tennis/tennis_match/winner	/m/07d8rt
/m/015z4j	/tennis/tennis_player/matches_won./tennis/tennis_match/loser	/m/044ptm
/m/04fzfj	/film/actor/film./film/performance/film	/m/064lg7h
/m/019fh	/location/location/contains	/m/02k76g
/m/01t_1p	/music/genre/artists	/m/0p76z
/m/01wdj_	/education/educational_institution/students_graduates./education/education/student	/m/02t1dv
/m/020vx9	/tv/tv_network/programs./tv/tv_network_duration/program	/m/0tkf74t
/m/06xl8z	/tv/tv_network/programs./tv/tv_network_duration/program	/m/05zvj38
/m/03fw4y	/film/director/film	/m/02c638
/m/012pd4	/film/actor/film./film/performance/character	/m/08yzjp
/m/04bs3j	/tv/tv_actor/starring_roles./tv/regular_tv_appearance/character	/m/08yzjp
/m/053fc5	/government/governmental_body/members./government/government_position_held/office_holder	/m/01tfck
/m/01xcfy	/military/military_combatant/force_deployments./military/force_strength/military_conflict	/m/0pyy3
/m/01c83m	/military/military_combatant/casualties./military/casualties/military_conflict	/m/0pyy3
/m/01r216	/military/military_combatant/military_commanders./military/military_command/military_conflict	/m/0pyy3
/m/059z0	/military/military_combatant/military_conflicts./military/military_combatant_group/conflict	/m/0ctwqs
/m/085v7	/symbols/namesake/named_after	/m/0144_b
/m/0hw29	/visual_art/visual_art_form/artists	/m/0406yb4
/m/0yz30	/visual_art/visual_art_form/artists	/m/026_cs7
/m/07bsj	/tv/tv_actor/starring_roles./tv/regular_tv_appearance/seasons	/m/0crqcc
/m/0bfvd4	/award/award_category/nominees./award/award_nomination/nominated_for	/m/0319l
/m/0cw4l	/location/location/contains	/m/097zcz
/m/0cw4l	/location/location/contains	/m/093h7p
/m/01c9f2	/location/location/contains	/m/066dhq
/m/0fqt1ns	/education/educational_degree/people_with_this_degree./education/education/student	/m/03jy3w
/m/088q1s	/education/educational_degree/people_with_this_degree./education/education/student	/m/02_3m58
/m/027wvb	/education/educational_degree/people_with_this_degree./education/education/student	/m/03qpc5_
/m/0hnlx	/film/actor/film./film/performance/film	/m/040lmh
/m/043sct5	/education/field_of_study/students_majoring./education/education/student	/m/0264sd1
/m/0bqthy	/sports/sports_team/championships	/m/06n7qg
/m/0b_734	/base/marchmadness/ncaa_basketball_team/ncaa_tournament_seeds./base/marchmadness/ncaa_tournament_seed/tournament	/m/06n7qg
/m/0ycp3	/film/actor/film./film/performance/film	/m/0fttwt
/m/01fy2s	/music/record_label/artist	/m/01pdghl
/m/026m3y	/music/record_label/artist	/m/09gqb4j
/m/049mr	/music/record_label/artist	/m/0181_r
/m/01r47h	/music/record_label/artist	/m/01l7nlz
/m/043djx	/government/legislative_session/members./government/government_position_held/office_holder	/m/09v6tz
/m/02wrhj	/government/legislative_session/members./government/government_position_held/office_holder	/m/01z5v_
/m/06w7mlh	/tv/tv_program/episodes	/m/028pzq
/m/07szy	/education/educational_institution/students_graduates./education/education/student	/m/018db8
/m/02fzs	/education/educational_institution/students_graduates./education/education/student	/m/0d85nt
/m/07szy	/education/educational_institution/students_graduates./education/education/student	/m/03ktjq
/m/07szy	/education/educational_institution/students_graduates./education/education/student	/m/049qx
/m/03t28q	/education/educational_institution/students_graduates./education/education/student	/m/0c7hd2
/m/02_2kg	/education/educational_institution/students_graduates./education/education/student	/m/0d7tf9
/m/07szy	/education/educational_institution/students_graduates./education/education/student	/m/01htxr
/m/07szy	/education/educational_institution/students_graduates./education/education/student	/m/0c2dl
/m/07szy	/education/educational_institution/students_graduates./education/education/student	/m/0fthdk
/m/07szy	/business/employer/employees./business/employment_tenure/person	/m/01c8v0
/m/09hgk	/education/educational_institution/students_graduates./education/education/student	/m/0h27vc
/m/0cbvg	/book/book_subject/works	/m/03zm00
/m/03fn6z	/time/event/included_in_event	/m/01z25g
/m/0cbvg	/time/event/includes_event	/m/0cp9f9
/m/03hmr_	/time/event/includes_event	/m/02xc04
/m/09p30_	/award/award_ceremony/awards_presented./award/award_honor/award_winner	/m/0fyjjm
/m/0g7nc	/people/profession/people_with_this_profession	/m/098s1
/m/05dbyt	/people/profession/people_with_this_profession	/m/04bp94
/m/01kb2j	/people/profession/people_with_this_profession	/m/0406khz
/m/09k0h5	/people/profession/people_with_this_profession	/m/03d0vz0
/m/019r_1	/people/profession/people_with_this_profession	/m/02z3vn5
/m/0gg81w	/tv/tv_genre/programs	/m/023slg
/m/0gg81w	/tv/tv_genre/programs	/m/0h7h6
/m/067mj	/people/cause_of_death/people	/m/01ty7_y
/m/0gk4g	/people/cause_of_death/people	/m/02hcv8
/m/0gk4g	/people/cause_of_death/people	/m/05d8vw
/m/04thp	/people/cause_of_death/people	/m/0164fj
/m/0gk4g	/people/cause_of_death/people	/m/09f8q
/m/0260bz	/people/cause_of_death/people	/m/05ql6h
/m/0gk4g	/people/cause_of_death/people	/m/04tc1g
/m/0l67h	/medicine/disease/symptoms	/m/079p0q
/m/01d0b1	/people/cause_of_death/people	/m/0f2x0
/m/0s9z_	/people/cause_of_death/people	/m/0gltwr
/m/01fpfn	/people/cause_of_death/people	/m/07mnx
/m/07ftc0	/people/cause_of_death/people	/m/07mmg5
/m/02zj61	/people/cause_of_death/people	/m/03ndvj
/m/02pptm	/people/cause_of_death/people	/m/04v18k
/m/0mn78	/people/cause_of_death/people	/m/06w4sw9
/m/0krdk	/business/job_title/people_with_this_title./business/employment_tenure/person	/m/018dyl
/m/0krdk	/business/job_title/people_with_this_title./business/employment_tenure/company	/m/043djx
/m/0krdk	/business/job_title/people_with_this_title./business/employment_tenure/company	/m/0gh4g0
/m/028tv0	/business/job_title/people_with_this_title./business/employment_tenure/company	/m/05rhxg
/m/02qlr1	/visual_art/art_period_movement/associated_artists	/m/0406yb4
/m/0pybl	/visual_art/art_period_movement/associated_artists	/m/026dx
/m/0qlnr	/education/educational_institution/students_graduates./education/education/student	/m/05slvm
/m/0159r9	/education/educational_institution/students_graduates./education/education/student	/m/03yf4d
/m/0191h5	/award/award_nominee/award_nominations./award/award_nomination/nominated_for	/m/04jlgp
/m/0f7hw	/award/award_winner/awards_won./award/award_honor/honored_for	/m/079t_g
/m/05h0n	/film/actor/film./film/performance/film	/m/0h1f05q
/m/0r540	/people/person/place_of_birth	/m/08szf7
/m/0sxgh	/education/educational_institution/students_graduates./education/education/student	/m/06x_7h
/m/02qflgv	/award/award_winner/awards_won./award/award_honor/award_winner	/m/01s753
/m/02qflgv	/award/award_nominee/award_nominations./award/award_nomination/award_nominee	/m/08_vwq
/m/09f6b	/olympics/olympic_sport/athletes./olympics/olympic_athlete_affiliation/athlete	/m/02r7fcv
/m/0466p0j	/award/award_ceremony/awards_presented./award/award_honor/honored_for	/m/02v_r7d
/m/0gwdy4	/award/award_ceremony/awards_presented./award/award_honor/award	/m/03r67k
/m/063t3j	/tv/tv_actor/guest_roles./tv/tv_guest_role/episodes_appeared_in	/m/06y57rm
/m/04rwx	/education/educational_institution/students_graduates./education/education/student	/m/01v9724
/m/01vg0s	/education/educational_institution/students_graduates./education/education/student	/m/0gt71m
/m/04rwx	/education/educational_institution/students_graduates./education/education/student	/m/02x8mt
/m/046qpy	/education/educational_institution/students_graduates./education/education/student	/m/05jz03
/m/04rwx	/education/educational_institution/students_graduates./education/education/student	/m/0210f1
/m/03d6fyn	/education/educational_institution/students_graduates./education/education/student	/m/0kt2b3
/m/01m4pc	/business/employer/employees./business/employment_tenure/person	/m/0264sd1
/m/014j0w	/education/educational_institution/students_graduates./education/education/student	/m/0c5wyg
/m/04rwx	/education/educational_institution/students_graduates./education/education/student	/m/013zyw
/m/0_2v	/education/educational_institution/students_graduates./education/education/student	/m/0bs219y
/m/04rwx	/education/educational_institution/students_graduates./education/education/student	/m/01kymm
/m/03w7kx	/business/employer/employees./business/employment_tenure/person	/m/069vsf
/m/04rwx	/education/educational_institution/students_graduates./education/education/student	/m/01k5zk
/m/04vcdj	/film/actor/film./film/performance/film	/m/06k176
/m/05jbn	/location/location/events	/m/05m883
/m/04jhp	/film/film/starring./film/performance/actor	/m/03x_p13
/m/08141d	/location/location/contains	/m/01bwj7
/m/0qzhw	/location/country/second_level_divisions	/m/0gg4kp
/m/0150n	/olympics/olympic_participating_country/athletes./olympics/olympic_athlete_affiliation/athlete	/m/04jkdts
/m/05qhw	/base/aareas/schema/administrative_area/administrative_children	/m/05bmq
/m/0nhmw	/olympics/olympic_participating_country/athletes./olympics/olympic_athlete_affiliation/athlete	/m/0b77xnb
/m/05qhw	/location/location/contains	/m/0cc5tgk
/m/07fj_	/location/country/second_level_divisions	/m/0f06p2
/m/0h953	/location/location/contains	/m/02lysz
/m/05qhw	/location/country/administrative_divisions	/m/0bzjf
/m/05qhw	/location/location/contains	/m/0d__g
/m/05qhw	/location/country/first_level_divisions	/m/0fmyd
/m/02648p	/location/location/contains	/m/06z52h
/m/05qhw	/location/location/contains	/m/016_mj
/m/05qhw	/location/location/contains	/m/0m2l9
/m/0ys4f	/location/location/contains	/m/056flm
/m/0chsq	/location/location/contains	/m/0f06p2
/m/05w1vf	/film/actor/film./film/performance/film	/m/0g0dy
/m/01nxzv	/tv/tv_producer/programs_produced./tv/tv_producer_term/program	/m/0834fg
/m/071dcs	/tv/tv_actor/starring_roles./tv/regular_tv_appearance/series	/m/01jvgt
/m/01d_4t	/cvg/game_character/games./cvg/game_performance/game	/m/03y8m_n
/m/0789n	/government/government_office_category/officeholders./government/government_position_held/office_holder	/m/0c9d9
/m/0bynt	/cvg/cvg_genre/games	/m/0kyrh79
/m/057m6	/cvg/cvg_genre/games	/m/02r8pr1
/m/07yqn	/cvg/cvg_genre/games	/m/04kbkd1
/m/0bynt	/cvg/cvg_genre/games	/m/0b73n8
/m/03ht1z	/cvg/cvg_genre/games	/m/03y8m_n
/m/03tmr	/cvg/cvg_genre/games	/m/0m5bb
/m/07yqn	/cvg/cvg_genre/games	/m/06ztwyd
/m/07yqn	/cvg/cvg_genre/games	/m/04kbkd1
/m/07yqn	/cvg/cvg_genre/games	/m/02hjn4
/m/07yqn	/cvg/cvg_genre/games	/m/0642v9q
/m/0b_770	/sports/sports_team/championships	/m/04jjvq6
/m/0xbm	/sports/sports_award_winner/awards./sports/sports_award/season	/m/084qpk
/m/0xbm	/sports/sports_team/championships	/m/05g_nr
/m/0162kb	/government/governmental_body/members./government/government_position_held/office_holder	/m/043gj
/m/02w70	/government/governmental_body/members./government/government_position_held/office_holder	/m/04y9rtv
/m/01trhmt	/award/award_winner/awards_won./award/award_honor/award	/m/01_1kk
/m/01trhmt	/award/award_nominee/award_nominations./award/award_nomination/award	/m/04t969
/m/0223g8	/film/actor/film./film/performance/film	/m/058w5
/m/01n4w	/award/award_nominee/award_nominations./award/award_nomination/award_nominee	/m/0gff83x
/m/03tcnt	/award/award_category/nominees./award/award_nomination/nominated_for	/m/014kq6
/m/0mws3	/award/award_category/winners./award/award_honor/honored_for	/m/03cqqf1
/m/09xq9d	/user/alexander/philosophy/subject/philosophers	/m/0b16h0
/m/02hwyss	/location/location/contains	/m/0f0d2q
/m/07wdw	/government/political_party/politicians_in_this_party./government/political_party_tenure/politician	/m/05s_c38
/m/07wdw	/government/political_party/politicians_in_this_party./government/political_party_tenure/politician	/m/015g_7
/m/06gp3f	/music/performance_role/regular_performances./music/group_membership/group	/m/01pwkd3
/m/0f485	/location/location/contains	/m/02663p2
/m/0154yf	/royalty/order_of_chivalry/recipients./royalty/chivalric_order_membership/recipient	/m/0kft
/m/01pt5w	/award/award_nominee/award_nominations./award/award_nomination/nominated_for	/m/0p_ss
/m/01gw8b	/award/award_winner/awards_won./award/award_honor/honored_for	/m/01gtdd
/m/01gw8b	/film/actor/film./film/performance/film	/m/02k6pv
/m/01x4sb	/award/award_nominee/award_nominations./award/award_nomination/award_nominee	/m/016017
/m/01x4sb	/award/award_winner/awards_won./award/award_honor/award_winner	/m/0b90_r
/m/045n3p	/tv/tv_genre/programs	/m/0jt02y4
/m/01z77k	/tv/tv_genre/programs	/m/07t21
/m/05b6c	/tv/tv_genre/programs	/m/0y7rzg4
/m/02lkt	/music/genre/artists	/m/034bgm
/m/047m_w	/music/genre/artists	/m/0t52ctz
/m/028hc2	/music/genre/artists	/m/03hzjn_
/m/0txhf	/music/genre/artists	/m/01ntcmd
/m/02lkt	/music/genre/artists	/m/03mfqm
/m/02hkvw	/music/genre/artists	/m/08ztpc
/m/02lkt	/music/genre/artists	/m/0frq6
/m/02lkt	/music/genre/artists	/m/02z_b
/m/0146pg	/music/genre/artists	/m/03hzqc2
/m/01vw26l	/film/music_contributor/film	/m/044vd3
/m/02sj1x	/award/award_nominee/award_nominations./award/award_nomination/nominated_for	/m/0kc6x
/m/043ttv	/venture_capital/venture_investor/investments./venture_capital/venture_investment/company	/m/03bnb
/m/0x2gl	/location/location/contains	/m/0bb3md
/m/04ly1	/location/location/contains	/m/0cp6w
/m/01m5m5b	/location/location/contains	/m/0tk_4
/m/06mnps	/location/location/contains	/m/0bg91y
/m/0371rb	/military/armed_force/personnel./military/military_service/military_person	/m/03y9b0z
/m/07wj1	/military/armed_force/personnel./military/military_service/military_person	/m/029m83
/m/08mbj5d	/location/location/contains	/m/03nn_fc
/m/03wh8pq	/tv/tv_writer/episodes_written	/m/0d24fq
/m/01y6dz	/award/award_category/winners./award/award_honor/award_winner	/m/03qf9tp
/m/0m57f	/award/award_category/winners./award/award_honor/award_winner	/m/0272vm
/m/012x4t	/music/artist/album	/m/09th87
/m/014dm6	/film/actor/film./film/performance/film	/m/0kvqv
/m/014dm6	/film/person_or_entity_appearing_in_film/films./film/personal_film_appearance/film	/m/0typ5
/m/018gz8	/people/profession/people_with_this_profession	/m/0dsfnd
/m/018gz8	/people/profession/people_with_this_profession	/m/04344j
/m/018gz8	/people/profession/people_with_this_profession	/m/0294jb
/m/0b9dmk	/people/profession/people_with_this_profession	/m/04f3gvv
/m/018gz8	/people/profession/people_with_this_profession	/m/02vcp0
/m/018gz8	/people/profession/people_with_this_profession	/m/02dsz
/m/018gz8	/people/profession/people_with_this_profession	/m/026g51
/m/018gz8	/people/profession/people_with_this_profession	/m/06vnh2
/m/018gz8	/people/profession/people_with_this_profession	/m/0mk1z
/m/04135	/people/profession/people_with_this_profession	/m/09gp3y1
/m/0qzhw	/people/profession/people_with_this_profession	/m/04jj7qs
/m/019vv1	/education/educational_institution/students_graduates./education/education/student	/m/01200d
/m/09s1f	/tv/tv_genre/programs	/m/0462grz
/m/01mvpv	/symbols/name_source/namesakes	/m/0ccxx6
/m/01f5q5	/film/person_or_entity_appearing_in_film/films./film/personal_film_appearance/film	/m/0j8f2hc
/m/02nzb8	/soccer/football_position/players	/m/02pswvx
/m/02_j1w	/sports/sports_position/players./sports/sports_team_roster/team	/m/02q6gfp
/m/05zm34	/sports/sports_position/players./sports/sports_team_roster/player	/m/04my8b1
/m/0355dz	/soccer/football_position/players	/m/0h2bj6
/m/02_j1w	/soccer/football_position/players	/m/0gtgp6
/m/02lyr4	/soccer/football_position/players	/m/0bw7mp
/m/02_j1w	/soccer/football_position/players	/m/02qny_
/m/02_j1w	/soccer/football_position/players	/m/03jg5t
/m/02_j1w	/soccer/football_position/players	/m/05_6_y
/m/01r3hr	/sports/sports_position/players./sports/sports_team_roster/player	/m/0fgyvs
/m/0619m3	/soccer/football_position/players	/m/02qx2pv
/m/02qpbqj	/sports/sports_position/players./sports/sports_team_roster/team	/m/071t4w
/m/0619m3	/sports/sports_position/players./sports/sports_team_roster/team	/m/0d8c0_
/m/01_9c1	/sports/sports_position/players./sports/sports_team_roster/team	/m/03d1kyw
/m/049k4w	/sports/sports_position/players./sports/sports_team_roster/player	/m/02qx2pv
/m/02_j1w	/sports/sports_position/players./sports/sports_team_roster/team	/m/02z9rr
/m/02dwn9	/sports/sports_position/players./sports/sports_team_roster/team	/m/0d4l4s
/m/017drs	/sports/sports_position/players./sports/sports_team_roster/team	/m/0536hd
/m/02qvzf	/soccer/football_position/players	/m/02wx406
/m/01r3hr	/soccer/football_position/players	/m/0556fn
/m/02_j1w	/soccer/football_position/players	/m/0fw2d3
/m/0415ggl	/film/film/featured_film_locations	/m/0drs7
/m/064177	/influence/influence_node/influenced_by	/m/02qfk4j
/m/07b_l	/government/governmental_jurisdiction/official_symbols./location/location_symbol_relationship/symbol	/m/041xyk
/m/07b_l	/location/location/contains	/m/0r4z7
/m/07b_l	/location/location/events	/m/01_r9k
/m/0kv4k	/location/location/contains	/m/0g58g5n
/m/04smdd	/location/location/contains	/m/0mpsj
/m/0dhdp	/film/film_location/featured_in_films	/m/0c42fq1
/m/02_t6d	/location/location/contains	/m/047skc4
/m/01rnxn	/location/location/contains	/m/07459h
/m/07b_l	/location/location/contains	/m/01vskn
/m/07b_l	/location/location/contains	/m/04hgpt
/m/07b_l	/location/location/contains	/m/0g7yx
/m/05ml_s	/award/award_category/winners./award/award_honor/honored_for	/m/0300m_
/m/09qv3c	/award/award_category/nominees./award/award_nomination/nominated_for	/m/01pl14
/m/01z9v6	/people/profession/people_with_this_profession	/m/0kszfw
/m/0dxtg	/people/profession/people_with_this_profession	/m/0m2kw
/m/01x1fq	/people/profession/people_with_this_profession	/m/0b7lkg
/m/0dxtg	/people/profession/people_with_this_profession	/m/04gc65
/m/0dxtg	/people/profession/people_with_this_profession	/m/0c3p7
/m/03fhm5	/people/profession/people_with_this_profession	/m/053sdy
/m/0dxtg	/people/profession/people_with_this_profession	/m/0ghtf
/m/0dxtg	/people/profession/people_with_this_profession	/m/08lr6s
/m/0124k9	/people/profession/people_with_this_profession	/m/04lg34n
/m/0dxtg	/people/profession/people_with_this_profession	/m/0b_72t
/m/0dxtg	/people/profession/people_with_this_profession	/m/0xt3t
/m/0f830f	/people/profession/people_with_this_profession	/m/026yhzm
/m/0k0q8q	/people/profession/people_with_this_profession	/m/0bmc9bx
/m/0h9xl	/people/profession/people_with_this_profession	/m/07z49c
/m/0dxtg	/people/profession/people_with_this_profession	/m/0205m3
/m/0dxtg	/people/profession/people_with_this_profession	/m/04zd4m
/m/0bld8	/people/profession/people_with_this_profession	/m/03hks9g
/m/03rwz3	/people/profession/people_with_this_profession	/m/06_v_6h
/m/01m59	/people/profession/people_with_this_profession	/m/084479
/m/0dxtg	/people/profession/people_with_this_profession	/m/05njw
/m/01t0dy	/people/profession/people_with_this_profession	/m/0g199d
/m/0dxtg	/people/profession/people_with_this_profession	/m/0b6p3qf
/m/01y888	/people/profession/people_with_this_profession	/m/0cm_07
/m/0xnvg	/people/profession/people_with_this_profession	/m/04jj7qs
/m/0dxtg	/people/profession/people_with_this_profession	/m/0f2tj
/m/087_xx	/people/profession/people_with_this_profession	/m/0gjbkty
/m/0n57k	/people/profession/people_with_this_profession	/m/0frw9v
/m/0dxtg	/people/profession/people_with_this_profession	/m/01xmxj
/m/0dxtg	/people/profession/people_with_this_profession	/m/03xq0f
/m/0dxtg	/people/profession/people_with_this_profession	/m/02wzv
/m/0dxtg	/people/profession/people_with_this_profession	/m/0g7pm1
/m/0161rf	/people/profession/people_with_this_profession	/m/07j8mb
/m/02fj8n	/people/profession/people_with_this_profession	/m/0k51nm
/m/0fnmz	/people/profession/people_with_this_profession	/m/03nr3qq
/m/09n48	/people/profession/people_with_this_profession	/m/075rgn9
/m/0dxtg	/people/profession/people_with_this_profession	/m/03ds3
/m/0dxtg	/people/profession/people_with_this_profession	/m/0m2wm
/m/01h4rj	/people/profession/people_with_this_profession	/m/0db_pn
/m/02cjlk	/people/profession/people_with_this_profession	/m/07sgghb
/m/0dxtg	/people/profession/people_with_this_profession	/m/01wsl7c
/m/016sqs	/people/profession/people_with_this_profession	/m/07v4_46
/m/0ftxc	/location/location/contains	/m/02xv8m
/m/03b04g	/education/educational_institution/students_graduates./education/education/student	/m/0412mrb
/m/0b6k40	/film/film_distributor/films_distributed./film/film_film_distributor_relationship/film	/m/0fp_cq
/m/01r3w7	/film/film_distributor/films_distributed./film/film_film_distributor_relationship/film	/m/03c6q4
/m/021q2j	/film/film_distributor/films_distributed./film/film_film_distributor_relationship/film	/m/0b8gnd
/m/0123r4	/film/film_distributor/films_distributed./film/film_film_distributor_relationship/film	/m/01d1_s
/m/0kw4j	/broadcast/radio_station_owner/radio_stations	/m/0ggx5q
/m/04j5fx	/film/film_genre/films_in_this_genre	/m/0glrjbp
/m/05znbh7	/film/film_genre/films_in_this_genre	/m/08nxwx
/m/0kvwh	/film/film_genre/films_in_this_genre	/m/02rstmj
/m/06y8v	/film/film_genre/films_in_this_genre	/m/0c3p5b
/m/053mhx	/film/film_genre/films_in_this_genre	/m/08ww44
/m/0lsxr	/film/film_genre/films_in_this_genre	/m/048ldh
/m/0lsxr	/tv/tv_genre/programs	/m/03cz4j
/m/0lsxr	/tv/tv_genre/programs	/m/0dwsp
/m/023rwm	/film/film_genre/films_in_this_genre	/m/0bbyc7n
/m/04k8n	/tv/tv_genre/programs	/m/07s418
/m/0lsxr	/film/film_genre/films_in_this_genre	/m/02rv1w
/m/07f_7h	/film/film_genre/films_in_this_genre	/m/0447rg
/m/01x4py	/film/film_genre/films_in_this_genre	/m/08l8dnc
/m/0lsxr	/film/film_genre/films_in_this_genre	/m/02_t2t
/m/0lsxr	/tv/tv_genre/programs	/m/0170yd
/m/0p5mw	/film/music_contributor/film	/m/07vn_9
/m/03975z	/film/film/subjects	/m/0183kq
/m/01pj48	/people/place_of_interment/interred_here	/m/01ty7_y
/m/01nrnm	/education/educational_institution/students_graduates./education/education/student	/m/01vswwx
/m/01n4w_	/education/educational_institution/students_graduates./education/education/student	/m/03qcchz
/m/02_gzx	/education/educational_institution/students_graduates./education/education/student	/m/02psywk
/m/01nrnm	/education/educational_institution/students_graduates./education/education/student	/m/0brddh
/m/01nrnm	/education/educational_institution/students_graduates./education/education/student	/m/01817f
/m/01xllf	/film/person_or_entity_appearing_in_film/films./film/personal_film_appearance/film	/m/09h95g
/m/07_grx	/film/music_contributor/film	/m/09h95g
/m/0660b9b	/tv/tv_program/episodes	/m/05dqg4m
/m/0b2km_	/tv/tv_program/episodes	/m/05dqgvp
/m/02mjmr	/tv/tv_program/episodes	/m/08s9bvl
/m/03c6vl	/tv/tv_program/regular_cast./tv/regular_tv_appearance/actor	/m/04w8l2
/m/012bk	/tv/tv_program/episodes	/m/06x27rt
/m/02qfh	/tv/tv_program/episodes	/m/0d8r8
/m/06crk	/award/award_category/nominees./award/award_nomination/nominated_for	/m/0p_ss
/m/0776h1v	/award/award_category/nominees./award/award_nomination/nominated_for	/m/0822j
/m/02rgz97	/film/cinematographer/film	/m/02ljhg
/m/0kd69	/people/profession/people_with_this_profession	/m/0cglgw
/m/012t1	/people/profession/people_with_this_profession	/m/02pwmgw
/m/036n1	/people/profession/people_with_this_profession	/m/0dq3c
/m/03tw2s	/education/educational_institution/students_graduates./education/education/student	/m/01v9724
/m/03tw2s	/education/educational_institution/students_graduates./education/education/student	/m/0g72r
/m/03x83_	/education/educational_institution/students_graduates./education/education/student	/m/03wy48s
/m/03tw2s	/education/educational_institution/students_graduates./education/education/student	/m/080dyk
/m/0443xn	/tv/tv_actor/guest_roles./tv/tv_guest_role/episodes_appeared_in	/m/01c9f2
/m/0bkq7	/award/award_category/nominees./award/award_nomination/award_nominee	/m/02mlbw
/m/0dwtp	/music/instrument/instrumentalists	/m/02vlsz0
/m/092868	/award/award_ceremony/awards_presented./award/award_honor/award	/m/08k881
/m/0266sb_	/award/award_category/nominees./award/award_nomination/award_nominee	/m/0dgn7pn
/m/0dgr5xp	/award/award_category/winners./award/award_honor/award_winner	/m/0drtv8
/m/0g2c8	/award/award_presenting_organization/awards_presented	/m/013_5c
/m/01dc0c	/award/hall_of_fame/inductees./award/hall_of_fame_induction/inductee	/m/0830n
/m/0kx4m	/award/hall_of_fame/inductees./award/hall_of_fame_induction/inductee	/m/0164fj
/m/02bc74	/film/person_or_entity_appearing_in_film/films./film/personal_film_appearance/film	/m/0j8f2hc
/m/06kkgw	/sports/sports_team/roster./sports/sports_team_roster/player	/m/05zm6n6
/m/023rwm	/media_common/adaptation/adapted_from	/m/0822j
/m/01dzg0	/education/educational_institution/students_graduates./education/education/student	/m/03_1pg
/m/025g__	/music/genre/artists	/m/05t4q
/m/02_j7t	/music/genre/artists	/m/01wkmyx
/m/07twz	/music/performance_role/regular_performances./music/group_membership/group	/m/05_hh8
/m/01m59	/music/performance_role/regular_performances./music/group_membership/group	/m/076y98j
/m/028tv0	/music/performance_role/regular_performances./music/group_membership/member	/m/02kc5rj
/m/02bq1j	/education/educational_institution/students_graduates./education/education/student	/m/06lk0_
/m/02sgy	/music/performance_role/track_performances./music/track_contribution/contributor	/m/0bmj2y
/m/02sgy	/music/performance_role/track_performances./music/track_contribution/contributor	/m/0tlq9
/m/01z88t	/music/performance_role/regular_performances./music/group_membership/group	/m/01hx3gc
/m/05qfh	/music/performance_role/track_performances./music/track_contribution/contributor	/m/01w_zc6
/m/02sgy	/music/instrument/instrumentalists	/m/0flbm
/m/02sgy	/music/performance_role/guest_performances./music/recording_contribution/contributor	/m/08ff1k
/m/02sgy	/music/performance_role/track_performances./music/track_contribution/contributor	/m/03ljr
/m/02sgy	/music/instrument/instrumentalists	/m/03fhml
/m/02sgy	/music/performance_role/track_performances./music/track_contribution/role	/m/036jp8
/m/02sp_v	/music/performance_role/regular_performances./music/group_membership/group	/m/01r261g
/m/02sgy	/music/performance_role/track_performances./music/track_contribution/contributor	/m/0n2z
/m/06rv5t	/location/location/contains	/m/0fqxwc
/m/02xry	/location/location/contains	/m/0244r8
/m/0h0wc	/book/book_subject/works	/m/0d124_
/m/0bw87	/people/person/spouse_s./people/marriage/location_of_ceremony	/m/0gtrg
/m/07vht	/business/employer/employees./business/employment_tenure/person	/m/0frnff
/m/0cm19f	/film/actor/film./film/performance/film	/m/01803s
/m/0d2b38	/film/film_job/films_with_this_crew_job./film/film_crew_gig/film	/m/02h8p8
/m/0j5g9	/location/location/contains	/m/092vkg
/m/0jmwg	/music/genre/artists	/m/01cyd5
/m/0cshrf	/music/genre/artists	/m/01wn3_n
/m/0jmwg	/music/genre/artists	/m/0cqhb3
/m/0l786	/film/actor/film./film/performance/film	/m/05g7q
/m/02m__	/people/profession/people_with_this_profession	/m/03d11gf
/m/0y3_8	/music/genre/artists	/m/0278rq7
/m/0y3_8	/music/genre/artists	/m/03x9yr
/m/0cc8q3	/music/genre/artists	/m/026s19l
/m/070yzk	/music/genre/artists	/m/0gffzyr
/m/0y3_8	/music/genre/artists	/m/0jjy0
/m/0k9ctht	/music/genre/artists	/m/08ztpc
/m/01rdm0	/music/genre/artists	/m/0h3wr46
/m/0y3_8	/music/genre/artists	/m/030_3z
/m/0y3_8	/music/genre/artists	/m/07lrrt
/m/013knm	/tv/tv_actor/starring_roles./tv/regular_tv_appearance/series	/m/0ms6_
/m/02lg3y	/location/location/contains	/m/01r124
/m/01l63	/location/location/contains	/m/0900j5
/m/01wj17	/location/location/nearby_airports	/m/01r124
/m/0l2vz	/government/governmental_jurisdiction/government_positions	/m/04zw14c
/m/01vsps	/film/actor/film./film/performance/film	/m/02vmzp
/m/014kg4	/film/producer/film	/m/069mcz
/m/05kr_	/location/location/contains	/m/02q4wxm
/m/03gkb0	/people/profession/people_with_this_profession	/m/015ln1
/m/03gkb0	/people/profession/people_with_this_profession	/m/0c0zq
/m/03h_f4	/government/legislative_session/members./government/government_position_held/office_holder	/m/049l7
/m/059_c	/location/location/contains	/m/0206k5
/m/03j7cf	/location/location/contains	/m/03cvf3
/m/05jxkf	/education/school_category/schools_of_this_kind	/m/011k1h
/m/05fny	/education/school_category/schools_of_this_kind	/m/05c56f
/m/05jxkf	/education/school_category/schools_of_this_kind	/m/064f29
/m/05jxkf	/education/school_category/schools_of_this_kind	/m/0k__z
/m/05jxkf	/education/school_category/schools_of_this_kind	/m/01dycg
/m/01rs41	/education/school_category/schools_of_this_kind	/m/043rpg5
/m/05jxkf	/education/school_category/schools_of_this_kind	/m/024rbz
/m/05jxkf	/education/school_category/schools_of_this_kind	/m/02rfft
/m/05jxkf	/education/school_category/schools_of_this_kind	/m/0gy1_
/m/04wv_	/education/school_category/schools_of_this_kind	/m/02mpg6
/m/02cft	/music/performance_role/regular_performances./music/group_membership/group	/m/01hx3gc
/m/077yk0	/award/award_nominee/award_nominations./award/award_nomination/award_nominee	/m/0166b
/m/0cv_2	/award/award_category/nominees./award/award_nomination/nominated_for	/m/0p_ss
/m/0dc95	/location/location/contains	/m/073y53
/m/02sdx	/award/award_winner/awards_won./award/award_honor/award_winner	/m/02qcpzb
/m/03x2qp	/award/award_nominee/award_nominations./award/award_nomination/award_nominee	/m/02qcpzb
/m/0h21v2	/film/film/starring./film/performance/actor	/m/0l3h
/m/029m83	/music/artist/album	/m/02z0_8b
/m/0bkbz	/award/award_nominee/award_nominations./award/award_nomination/nominated_for	/m/01dc46
/m/02gnh0	/film/production_company/films	/m/01dc46
/m/07gqbk	/film/film_distributor/films_distributed./film/film_film_distributor_relationship/film	/m/01dc46
/m/0283xx2	/music/record_label/artist	/m/03j2xpq
/m/03wy70	/film/actor/film./film/performance/film	/m/03c6q4
/m/0ly8z	/award/award_nominee/award_nominations./award/award_nomination/award_nominee	/m/01l74dl
/m/02ql_ms	/award/award_category/nominees./award/award_nomination/nominated_for	/m/02wk56
/m/0bw20	/people/profession/people_with_this_profession	/m/01w5hdv
/m/02tx6q	/people/profession/people_with_this_profession	/m/025s7j4
/m/0cffd	/people/profession/people_with_this_profession	/m/043qb46
/m/0jvq	/location/location/contains	/m/03g7fb
/m/047myg9	/location/location/contains	/m/0r_pn
/m/06mkj	/location/location/contains	/m/0mskq
/m/0gvt8sz	/military/military_combatant/military_conflicts./military/military_combatant_group/conflict	/m/03cqjrk
/m/03x9yr	/location/location/contains	/m/02qbfdk
/m/06mkj	/military/military_combatant/military_conflicts./military/military_combatant_group/conflict	/m/0cshrf
/m/06mkj	/location/location/contains	/m/045c66
/m/06mkj	/location/location/contains	/m/0ccqd7
/m/06mkj	/location/location/contains	/m/03hzt
/m/06mkj	/location/location/contains	/m/08mhyd
/m/06mkj	/location/location/contains	/m/01zp33
/m/06mkj	/military/military_combatant/military_conflicts./military/military_combatant_group/conflict	/m/03sbb
/m/06mkj	/olympics/olympic_participating_country/athletes./olympics/olympic_athlete_affiliation/athlete	/m/0pcc0
/m/094jv	/location/location/contains	/m/0bzlrh
/m/0ck1d	/location/location/contains	/m/0ds2sb
/m/0lfyd	/location/location/contains	/m/0479b
/m/0mgp	/location/location/contains	/m/0517bc
/m/01trtc	/music/record_label/artist	/m/026njb5
/m/02hcxm	/music/record_label/artist	/m/0bl7b8
/m/0c8hct	/award/award_category/nominees./award/award_nomination/nominated_for	/m/0j641kt
/m/02w7fs	/award/award_category/nominees./award/award_nomination/award_nominee	/m/04x56
/m/0gl5_	/military/armed_force/personnel./military/military_service/military_person	/m/03pr4v
/m/02qk3fk	/film/actor/film./film/performance/film	/m/0fp_cq
/m/0190_8	/film/film_distributor/films_distributed./film/film_film_distributor_relationship/film	/m/01dc46
/m/0hd7j	/film/film_distributor/films_distributed./film/film_film_distributor_relationship/film	/m/0c9jj9
/m/047qxs	/film/film/other_crew./film/film_crew_gig/crewmember	/m/06qn87
/m/060c4	/business/job_title/people_with_this_title./business/employment_tenure/company	/m/0by1wkq
/m/060c4	/organization/role/leaders./organization/leadership/organization	/m/012tqm
/m/060c4	/business/job_title/people_with_this_title./business/employment_tenure/person	/m/01l_yg
/m/02y6fz	/organization/role/leaders./organization/leadership/organization	/m/020tg6
/m/060c4	/organization/role/leaders./organization/leadership/person	/m/040696
/m/09d6p2	/business/job_title/people_with_this_title./business/employment_tenure/company	/m/05rhxg
/m/01zq91	/government/government_office_category/officeholders./government/government_position_held/office_holder	/m/03nshs7
/m/060c4	/organization/role/leaders./organization/leadership/organization	/m/01b39j
/m/060c4	/organization/role/leaders./organization/leadership/organization	/m/0vlf
/m/060c4	/business/job_title/people_with_this_title./business/employment_tenure/company	/m/02rybfn
/m/06b1q	/business/job_title/people_with_this_title./business/employment_tenure/person	/m/04sv7z
/m/060c4	/organization/role/leaders./organization/leadership/organization	/m/0778_3
/m/04n1q6	/organization/role/leaders./organization/leadership/organization	/m/07vlx1
/m/04n1q6	/organization/role/leaders./organization/leadership/organization	/m/03j8fq
/m/022qqh	/organization/role/leaders./organization/leadership/organization	/m/02mpg6
/m/02y6fz	/organization/role/leaders./organization/leadership/organization	/m/0h288t
/m/02n9jv	/organization/role/leaders./organization/leadership/person	/m/05zk650
/m/0f6c3	/government/government_office_category/officeholders./government/government_position_held/office_holder	/m/02qkny
/m/03r8gp	/location/location/contains	/m/03v6st
/m/06qd3	/media_common/netflix_genre/titles	/m/05f8c2
/m/06qd3	/location/location/contains	/m/0mzww
/m/05pcjw	/government/legislative_session/members./government/government_position_held/office_holder	/m/01rcm2
/m/014xf6	/location/location/contains	/m/0bhk4m
/m/015wd7	/location/location/contains	/m/05pdzj
/m/0ckh4k	/award/award_winning_work/awards_won./award/award_honor/award_winner	/m/0gt_k
/m/0ckh4k	/award/award_nominated_work/award_nominations./award/award_nomination/award_nominee	/m/02v406
/m/0ckh4k	/tv/tv_program/regular_cast./tv/regular_tv_appearance/actor	/m/0265v21
/m/01pn0r	/business/employer/employees./business/employment_tenure/person	/m/0c1qgrg
/m/0dy04	/education/educational_institution/students_graduates./education/education/student	/m/01vsy7t
/m/0t6sb	/location/location/contains	/m/02z6fs
/m/094jv	/travel/travel_destination/tourist_attractions	/m/0fn9s2
/m/07jqh	/education/educational_institution/students_graduates./education/education/student	/m/0hnd3ln
/m/0l2xl	/location/country/administrative_divisions	/m/0jm9h
/m/019rg5	/base/aareas/schema/administrative_area/administrative_children	/m/0f04v
/m/02b18l	/location/location/contains	/m/0jm9h
/m/04ly1	/olympics/olympic_participating_country/medals_won./olympics/olympic_medal_honor/medalist	/m/040456
/m/0234_c	/government/political_party/politicians_in_this_party./government/political_party_tenure/politician	/m/0465sdd
/m/01p5yn	/education/educational_institution/students_graduates./education/education/student	/m/04yf__4
/m/023vrq	/award/award_category/nominees./award/award_nomination/award_nominee	/m/097ns
/m/0dmtp	/cvg/cvg_publisher/games_published	/m/03by3p7
/m/0356gk	/soccer/football_team/league./soccer/football_league_participation/league	/m/0h_dz1k
/m/058vfp4	/tv/tv_actor/starring_roles./tv/regular_tv_appearance/series	/m/07nw3y
/m/05t54s	/film/actor/film./film/performance/film	/m/04lhwcn
/m/0542n	/people/cause_of_death/people	/m/02cx90
/m/058x5	/religion/religion/places_of_worship	/m/0y3k9
/m/076689	/award/award_nominee/award_nominations./award/award_nomination/nominated_for	/m/0m24v
/m/01lwfr	/film/actor/film./film/performance/film	/m/07shxhw
/m/02s58t	/tv/tv_actor/starring_roles./tv/regular_tv_appearance/series	/m/07shxhw
/m/08vlns	/music/genre/artists	/m/01w5gg6
/m/0dcp_	/music/genre/artists	/m/03hzqc2
/m/0845v	/music/genre/artists	/m/077tq4
/m/09v8clw	/film/film/starring./film/performance/actor	/m/046qq
/m/0flw86	/religion/religion/texts	/m/0wzm
/m/0g8fs	/education/educational_institution/students_graduates./education/education/student	/m/04wp63
/m/0g8fs	/education/educational_institution/students_graduates./education/education/student	/m/0382m4
/m/0cxgc	/award/award_category/nominees./award/award_nomination/nominated_for	/m/01d1_s
/m/01qqv5	/government/political_party/politicians_in_this_party./government/political_party_tenure/politician	/m/0271420
/m/0x2hn	/government/political_party/politicians_in_this_party./government/political_party_tenure/politician	/m/01mwsnc
/m/088xp	/location/place_with_neighborhoods/neighborhoods	/m/04gkfs
/m/01531	/location/location/contains	/m/02613
/m/01722w	/education/educational_institution/students_graduates./education/education/student	/m/01zz8t
/m/03w1lf	/education/educational_institution/students_graduates./education/education/student	/m/03cw433
/m/0371rb	/education/educational_institution/students_graduates./education/education/student	/m/0kmq1
/m/03q8ch	/royalty/order_of_chivalry/recipients./royalty/chivalric_order_membership/recipient	/m/0llf9
/m/01y28x	/royalty/order_of_chivalry/recipients./royalty/chivalric_order_membership/recipient	/m/01r9c_
/m/03pzf	/location/location/contains	/m/075p0r
/m/03pzf	/travel/travel_destination/tourist_attractions	/m/01jpmpv
/m/012d40	/government/legislative_session/members./government/government_position_held/office_holder	/m/01rcm2
/m/099flj	/music/performance_role/track_performances./music/track_contribution/contributor	/m/0m67s
/m/07m2y	/music/instrument/instrumentalists	/m/0830n
/m/04rzd	/music/performance_role/track_performances./music/track_contribution/role	/m/033w9g
/m/0cfdd	/music/instrument/instrumentalists	/m/017fl5
/m/0m93	/music/performance_role/guest_performances./music/recording_contribution/contributor	/m/0m67s
/m/05y5kf	/award/award_winner/awards_won./award/award_honor/award_winner	/m/0q00t
/m/0906w9	/award/award_nominee/award_nominations./award/award_nomination/award_nominee	/m/02qcpzb
/m/04q7r	/music/instrument/instrumentalists	/m/0164fj
/m/06ncr	/music/performance_role/regular_performances./music/group_membership/group	/m/0199gx
/m/06ncr	/music/performance_role/regular_performances./music/group_membership/member	/m/0vg8x
/m/06w7v	/music/performance_role/track_performances./music/track_contribution/contributor	/m/019v3d
/m/0gdm1	/education/educational_institution/students_graduates./education/education/student	/m/0kb3n
/m/0chhs	/business/employer/employees./business/employment_tenure/person	/m/020q9s
/m/0gdm1	/education/educational_institution/students_graduates./education/education/student	/m/06n9lt
/m/0820xz	/education/educational_institution/students_graduates./education/education/student	/m/07khb39
/m/0gdm1	/education/educational_institution/students_graduates./education/education/student	/m/067sqt
/m/0bfp0l	/education/educational_institution/students_graduates./education/education/student	/m/05y90z9
/m/0lbfv	/education/educational_institution/students_graduates./education/education/student	/m/02hg53
/m/07y0n	/education/educational_institution/students_graduates./education/education/student	/m/0dlmlwn
/m/011zd3	/award/award_winner/awards_won./award/award_honor/honored_for	/m/0d1qn
/m/01ggbx	/base/popstra/celebrity/dated./base/popstra/dated/participant	/m/0gxh_l
/m/016s0m	/award/award_nominee/award_nominations./award/award_nomination/nominated_for	/m/0j641kt
/m/02nb2s	/tv/tv_personality/tv_regular_appearances./tv/tv_regular_personal_appearance/program	/m/02rs1k0
/m/011zd3	/tv/tv_actor/starring_roles./tv/regular_tv_appearance/series	/m/02qggqc
/m/020ddc	/education/educational_institution/students_graduates./education/education/student	/m/018gkb
/m/03zyvw	/tv/tv_actor/guest_roles./tv/tv_guest_role/episodes_appeared_in	/m/05dgr7m
/m/02y74	/olympics/olympic_sport/athletes./olympics/olympic_athlete_affiliation/athlete	/m/02l0xc
/m/09xbpt	/film/actor/film./film/performance/film	/m/069mcz
/m/012tqm	/government/political_party/politicians_in_this_party./government/political_party_tenure/politician	/m/04y9rtv
/m/041pnt	/government/political_party/politicians_in_this_party./government/political_party_tenure/politician	/m/05q5m9b
/m/0bvz6	/government/political_party/politicians_in_this_party./government/political_party_tenure/politician	/m/02tn9z
/m/04qt29	/people/person/education./education/education/institution	/m/027ydt
/m/02g0rb	/people/person/spouse_s./people/marriage/spouse	/m/03jy3w
/m/05m0h	/people/person/religion	/m/01b3bp
/m/025h4z	/base/schemastaging/tv_actor_extra/regular_dubbing_performances./base/schemastaging/tv_star_dubbing_performance/program	/m/0fppfw
/m/0ct2tf5	/film/film/written_by	/m/03x82v
/m/0266bd5	/location/location/contains	/m/03ckxx8
/m/0lyb_	/award/award_category/nominees./award/award_nomination/award_nominee	/m/05szq8z
/m/0lyb_	/award/award_category/winners./award/award_honor/award_winner	/m/0gqxm
/m/034_cr	/award/award_category/winners./award/award_honor/honored_for	/m/0gtvbqc
/m/0lyb_	/award/award_category/nominees./award/award_nomination/nominated_for	/m/09v38qj
/m/0257__	/music/genre/artists	/m/02q1bv8
/m/01pq5j7	/location/location/contains	/m/0hzm2xs
/m/08pth9	/music/artist/album	/m/06_xj46
/m/011kn2	/education/educational_institution/students_graduates./education/education/student	/m/09gnmxw
/m/052bw	/media_common/adaptation/adapted_from	/m/035pjq
/m/0969vz	/tv/tv_program_creator/programs_created	/m/04r27q
/m/03d29b	/organization/organization_sector/organizations_in_this_sector	/m/025vbcb
/m/02ky346	/organization/organization_sector/organizations_in_this_sector	/m/0c0sl
/m/05kh_	/music/genre/artists	/m/01nvn0b
/m/02lnbg	/music/genre/artists	/m/0dqyc
/m/02lnbg	/music/genre/artists	/m/037d35
/m/02mv9b	/film/actor/film./film/performance/film	/m/03mp54
/m/034bgm	/film/writer/film	/m/02c98m
/m/04yt7	/tv/tv_actor/guest_roles./tv/tv_guest_role/episodes_appeared_in	/m/03h246l
/m/04xn_	/religion/religion/deities	/m/0pjsy
/m/0h1tz	/location/location/contains	/m/08fy2l
/m/03pmfw	/award/award_category/nominees./award/award_nomination/nominated_for	/m/0c9jj9
/m/01frpd	/education/educational_institution/students_graduates./education/education/student	/m/0c_rn_
/m/02583l	/education/educational_institution/students_graduates./education/education/student	/m/05tg5n
/m/080g3	/travel/travel_destination/tourist_attractions	/m/01722w
/m/080g3	/location/location/contains	/m/04v7kt
/m/080g3	/location/location/contains	/m/0hv1t
/m/02g40r	/location/location/contains	/m/03ns_sc
/m/0h53p1	/location/location/contains	/m/02x68pp
/m/0cwx_	/education/educational_institution/subsidiary_or_constituent_schools	/m/0ff_48
/m/021y1s	/people/ethnicity/people	/m/018vhw
/m/018w0j	/base/culturalevent/event/entity_involved	/m/07gvx
/m/01515d	/film/actor/film./film/performance/film	/m/02wk56
/m/01l29r	/award/award_category/nominees./award/award_nomination/award_nominee	/m/015y3j
/m/0b7l1f	/award/award_category/winners./award/award_honor/award_winner	/m/07q2cz
/m/02r0d0	/film/film/produced_by	/m/094jg3
/m/0c9cw	/award/award_nominated_work/award_nominations./award/award_nomination/award_nominee	/m/094jg3
/m/0296y	/music/genre/artists	/m/05808s
/m/039yzf	/music/genre/artists	/m/02mm3n
/m/02tgz4	/business/employer/employees./business/employment_tenure/person	/m/06g65l
/m/03t97y	/film/film/other_crew./film/film_crew_gig/crewmember	/m/031v3p
/m/01crd5	/government/political_district/representatives./government/government_position_held/office_holder	/m/02mh2j
/m/0498y	/location/location/contains	/m/02ck1
/m/0vmt	/government/governmental_jurisdiction/governing_officials./government/government_position_held/office_holder	/m/02mh2j
/m/01ppfv	/location/location/contains	/m/0267h75
/m/0498y	/government/governmental_jurisdiction/official_symbols./location/location_symbol_relationship/symbol	/m/02rxbmt
/m/0kv238	/location/location/contains	/m/0tdn1
/m/0498y	/government/political_district/representatives./government/government_position_held/office_holder	/m/06vsbt
/m/0m2mk	/location/country/capital	/m/0174pr
/m/02r1c18	/location/location/contains	/m/0174pr
/m/06npx	/geography/geographical_feature_category/features	/m/01lhdt
/m/021npv	/fictional_universe/character_powers/characters_with_this_ability	/m/06m0b
/m/07cc8	/fictional_universe/character_powers/characters_with_this_ability	/m/0d5_f
/m/03078l	/tv/tv_genre/programs	/m/0462grz
/m/01vx5w7	/music/artist/album	/m/0bpfch
/m/0f6_x	/fictional_universe/character_powers/characters_with_this_ability	/m/08yzjp
/m/0dybqm	/fictional_universe/character_powers/characters_with_this_ability	/m/0mb31
/m/0g6ff	/people/ethnicity/people	/m/05mv4
/m/0hm0k	/organization/organization/child./organization/organization_relationship/child	/m/02mp92
/m/011k11	/music/record_label/artist	/m/0l_qt
/m/011k11	/music/record_label/artist	/m/03pty
/m/03hp2y1	/music/record_label/artist	/m/0f2x0
/m/011k11	/music/record_label/artist	/m/012hw
/m/011k11	/music/record_label/artist	/m/01f1r4
/m/02x9g_	/music/record_label/artist	/m/02q1bv8
/m/03b79	/base/aareas/schema/administrative_area/capital	/m/03fxfy
/m/03q64h	/location/location/contains	/m/03fxfy
/m/0kx4m	/government/political_party/politicians_in_this_party./government/political_party_tenure/politician	/m/02721t3
/m/01lvd0	/government/political_party/politicians_in_this_party./government/political_party_tenure/politician	/m/03n08b
/m/02h3tp	/music/performance_role/track_performances./music/track_contribution/contributor	/m/04jjt1
/m/05qtcv	/music/performance_role/track_performances./music/track_contribution/contributor	/m/01l74dl
/m/06tgw	/music/performance_role/track_performances./music/track_contribution/contributor	/m/01tsg4r
/m/09krp	/music/performance_role/regular_performances./music/group_membership/member	/m/01w5hdv
/m/01vj9c	/music/performance_role/track_performances./music/track_contribution/contributor	/m/051hhz
/m/01vj9c	/music/performance_role/track_performances./music/track_contribution/contributor	/m/03fghg
/m/01vsykc	/music/performance_role/regular_performances./music/group_membership/group	/m/03j2cxz
/m/01vj9c	/music/performance_role/track_performances./music/track_contribution/contributor	/m/020w2
/m/012ykt	/music/performance_role/regular_performances./music/group_membership/group	/m/02h18k
/m/01vj9c	/music/performance_role/guest_performances./music/recording_contribution/contributor	/m/01v3s2_
/m/01vj9c	/music/performance_role/track_performances./music/track_contribution/contributor	/m/047myg9
/m/01b_d4	/education/educational_institution/students_graduates./education/education/student	/m/0563b3
/m/0gqxm	/military/military_combatant/military_conflicts./military/military_combatant_group/conflict	/m/02xc04
/m/01jpqb	/film/production_company/films	/m/0fp_cq
/m/032dg7	/film/film_distributor/films_distributed./film/film_film_distributor_relationship/film	/m/06g4l
/m/034cm	/book/book_subject/works	/m/04wsz
/m/04f6df0	/book/book_subject/works	/m/01w8wp
/m/01p8s	/book/book_subject/works	/m/0gcq0g
/m/09wv__	/education/educational_institution/students_graduates./education/education/student	/m/0db0gm
/m/037fqp	/education/educational_institution/students_graduates./education/education/student	/m/01vrncs
/m/03c3yf	/music/artist/album	/m/0hkxq
/m/0403l3g	/cvg/cvg_genre/games	/m/0642v9q
/m/03hf_rm	/cvg/cvg_genre/games	/m/06k9py
/m/0403l3g	/cvg/cvg_genre/games	/m/06506j
/m/07yqn	/cvg/cvg_genre/games	/m/04jbxpv
/m/07yqn	/cvg/cvg_genre/games	/m/0cfmqk
/m/04rjg	/cvg/cvg_genre/games	/m/0c2b1n
/m/0403l3g	/cvg/cvg_genre/games	/m/02hjn4
/m/0425gc	/tv/tv_program/episodes	/m/0g78hml
/m/0688f	/film/film_genre/films_in_this_genre	/m/03dj6y
/m/035d1m	/sports/sport/teams	/m/03v1tr
/m/06f3l	/sports/sport/teams	/m/02h400t
/m/06bpt_	/location/location/contains	/m/047n1z5
/m/06yxd	/location/location/contains	/m/01wcp_g
/m/024rbz	/military/military_conflict/military_personnel_involved	/m/0d3f0t
/m/0dz3r	/military/military_conflict/military_personnel_involved	/m/07nzw5
/m/043q2z	/time/event/includes_event	/m/045lzk
/m/081pw	/military/military_conflict/military_personnel_involved	/m/0dr5y
/m/09k9d0	/military/military_conflict/military_personnel_involved	/m/04dx40
/m/02lw8j	/film/film_subject/films	/m/054_8k
/m/081pw	/military/military_conflict/military_personnel_involved	/m/01qbjg
/m/02d6cy	/military/military_conflict/military_personnel_involved	/m/02x3vny
/m/081pw	/time/event/includes_event	/m/01585b
/m/02mg5r	/military/military_conflict/military_personnel_involved	/m/02pkcqq
/m/081pw	/military/military_conflict/military_personnel_involved	/m/051m56
/m/09btk	/military/military_conflict/military_personnel_involved	/m/04g24sc
/m/081pw	/military/military_conflict/military_personnel_involved	/m/09rp4r_
/m/081pw	/time/event/includes_event	/m/0b3wk
/m/066l3y	/time/event/includes_event	/m/0fy83f
/m/081pw	/military/military_conflict/military_personnel_involved	/m/01x1fq
/m/0f5hyg	/military/military_conflict/military_personnel_involved	/m/099yl0
/m/0bzh04	/military/military_conflict/military_personnel_involved	/m/05kfcd
/m/0436yk	/film/actor/film./film/performance/film	/m/06qh2n
/m/0cqnss	/award/award_nominee/award_nominations./award/award_nomination/nominated_for	/m/06qh2n
/m/0dlv0	/film/actor/film./film/performance/film	/m/0d277t
/m/0h0wc	/film/actor/film./film/performance/film	/m/01ycck
/m/0km3f	/astronomy/celestial_object_category/objects	/m/0266jb3
/m/0hkxq	/astronomy/celestial_object_category/objects	/m/035y_8
/m/0jvq	/astronomy/celestial_object_category/objects	/m/09cws
/m/04mky3	/film/music_contributor/film	/m/03k489
/m/0135dr	/government/political_party/politicians_in_this_party./government/political_party_tenure/politician	/m/03fbb6
/m/09r4xx	/government/political_party/politicians_in_this_party./government/political_party_tenure/politician	/m/07s8z2x
/m/0xkyn	/location/location/contains	/m/0ddhnp
/m/01vv7sc	/film/actor/film./film/performance/film	/m/015rhv
/m/028sgq	/people/profession/people_with_this_profession	/m/0jj6k
/m/0nlc7	/people/profession/people_with_this_profession	/m/022wmh
/m/028sgq	/people/profession/people_with_this_profession	/m/02jnw
/m/0dq9wx	/people/profession/people_with_this_profession	/m/028bddt
/m/02hczc	/time/time_zone/locations_in_this_time_zone	/m/027kp3
/m/02hczc	/time/time_zone/locations_in_this_time_zone	/m/01jpyb
/m/0gsrz4	/time/time_zone/locations_in_this_time_zone	/m/0208yts
/m/02hczc	/time/time_zone/locations_in_this_time_zone	/m/0d117
/m/052vwh	/time/time_zone/locations_in_this_time_zone	/m/0b0s_n
/m/03pty	/organization/organization_type/organizations_of_this_type	/m/0414303
/m/02kysg	/organization/organization_type/organizations_of_this_type	/m/017y6l
/m/086x3	/education/educational_institution/students_graduates./education/education/student	/m/0gxh_l
/m/02mj7c	/education/educational_institution/students_graduates./education/education/student	/m/02xfrd
/m/02x8m	/music/genre/artists	/m/07m4c
/m/0118d3	/music/genre/artists	/m/03j2cxz
/m/02x8m	/music/genre/artists	/m/0bl1_
/m/081_zm	/organization/organization_sector/organizations_in_this_sector	/m/09_bm7
/m/03f5k	/book/periodical_subject/periodicals	/m/03qgjwc
/m/0cpllql	/organization/organization_sector/organizations_in_this_sector	/m/0dm88p
/m/05kyr	/location/location/events	/m/03d17dg
/m/05kyr	/military/military_combatant/military_conflicts./military/military_combatant_group/conflict	/m/02z0j
/m/015nl4	/film/film/starring./film/performance/actor	/m/0bs09xw
/m/03j5zb	/tv/tv_program/episodes	/m/0gmgm89
/m/06y_n	/tv/tv_program/regular_cast./tv/regular_tv_appearance/character	/m/027dcbn
/m/07vzd	/book/periodical_subject/periodicals	/m/0882r_
/m/02bzh0	/military/armed_force/personnel./military/military_service/military_person	/m/07kc38w
/m/02189	/military/armed_force/personnel./military/military_service/military_person	/m/0nbt9rc
/m/02pptm	/military/armed_force/personnel./military/military_service/military_person	/m/027cp8v
/m/021q2j	/military/armed_force/personnel./military/military_service/military_person	/m/0d1qq5
/m/0gg68	/military/armed_force/personnel./military/military_service/military_person	/m/026nw3t
/m/026k4d	/military/armed_force/personnel./military/military_service/military_person	/m/03qpc5_
/m/090gpr	/film/actor/film./film/performance/film	/m/013yq
/m/01nwwl	/award/award_category/winners./award/award_honor/honored_for	/m/0300m_
/m/09qrn4	/award/award_category/nominees./award/award_nomination/nominated_for	/m/01jn5
/m/0b1q7c	/tv/tv_actor/guest_roles./tv/tv_guest_role/episodes_appeared_in	/m/01r2l
/m/07scx	/music/performance_role/regular_performances./music/group_membership/group	/m/03j2cxz
/m/01vnt4	/music/instrument/instrumentalists	/m/0c0dj_
/m/0l14j_	/music/performance_role/regular_performances./music/group_membership/member	/m/03d2k
/m/0l14j_	/music/performance_role/track_performances./music/track_contribution/role	/m/094tsh6
/m/02m97n	/music/performance_role/track_performances./music/track_contribution/contributor	/m/0c0dj_
/m/01_bhs	/dining/cuisine/restaurant	/m/01npcx
/m/019v9k	/organization/organization_type/organizations_of_this_type	/m/0hm_34j
/m/0dxyzb	/film/film_genre/films_in_this_genre	/m/04lhwcn
/m/01chg	/film/film_genre/films_in_this_genre	/m/02y_2y
/m/01chg	/media_common/netflix_genre/titles	/m/02mf7
/m/09yg6l	/film/film_genre/films_in_this_genre	/m/0kv53j
/m/01chg	/media_common/netflix_genre/titles	/m/01vsy3q
/m/02htv6	/media_common/netflix_genre/titles	/m/06qh2n
/m/01chg	/media_common/netflix_genre/titles	/m/01352_
/m/01chg	/music/genre/artists	/m/01w03jv
/m/01flzq	/music/genre/artists	/m/09cmq
/m/01mf0	/business/industry/companies	/m/02hcxm
/m/0175yg	/business/industry/companies	/m/027gj6x
/m/0w7s	/people/profession/people_with_this_profession	/m/0tkk9fw
/m/0885n	/education/school_category/schools_of_this_kind	/m/02rmvdl
/m/0257h9	/education/school_category/schools_of_this_kind	/m/025txrl
/m/02hft3	/education/educational_institution/students_graduates./education/education/student	/m/01vw_dv
/m/02jp2w	/time/recurring_event/instances	/m/0f2c8g
/m/03f0fnk	/film/film_genre/films_in_this_genre	/m/03d39ws
/m/0p_2r	/tv/tv_actor/starring_roles./tv/regular_tv_appearance/series	/m/04khr0
/m/02wlwtm	/organization/role/leaders./organization/leadership/organization	/m/0plw
/m/01mvpv	/fictional_universe/character_species/characters_of_this_species	/m/08yzjp
/m/0n0bp	/sports/sports_team/roster./sports/sports_team_roster/player	/m/02892nf
/m/03t8v3	/military/military_combatant/military_conflicts./military/military_combatant_group/conflict	/m/02pk25s
/m/03pn9	/military/military_combatant/force_deployments./military/force_strength/military_conflict	/m/01mgw
/m/03pn9	/military/military_combatant/military_conflicts./military/military_combatant_group/conflict	/m/0p_tz
/m/080dwhx	/military/military_combatant/casualties./military/casualties/military_conflict	/m/0pyy3
/m/064177	/military/military_combatant/military_commanders./military/military_command/military_conflict	/m/0pyy3
/m/03pn9	/military/military_combatant/military_conflicts./military/military_combatant_group/conflict	/m/088tb
/m/0ftn8	/award/award_category/nominees./award/award_nomination/award_nominee	/m/039q91
/m/05gqy	/location/location/contains	/m/054187
/m/05pdh86	/film/film/starring./film/performance/actor	/m/01l1b90
/m/0g824	/award/award_winner/awards_won./award/award_honor/award	/m/04q_g
/m/04ltlj	/award/award_nominee/award_nominations./award/award_nomination/award	/m/06w6tv2
/m/07bbc	/music/genre/artists	/m/043ljky
/m/01nxzv	/music/genre/parent_genre	/m/03t8hl
/m/01yb1y	/music/musical_group/member./music/group_membership/member	/m/0c0dj_
/m/0sxkh	/film/film/starring./film/performance/actor	/m/0drrw
/m/04sv4	/education/educational_institution/students_graduates./education/education/student	/m/043s8lr
/m/065r8g	/education/educational_institution/students_graduates./education/education/student	/m/0h73rn
/m/011xy1	/education/educational_institution/students_graduates./education/education/student	/m/06cc_1
/m/01h7xx	/government/legislative_session/members./government/government_position_held/office_holder	/m/02qy3py
/m/0p_jc	/government/legislative_session/members./government/government_position_held/office_holder	/m/02mh2j
/m/01h7xx	/government/legislative_session/members./government/government_position_held/office_holder	/m/04g865
/m/02xhpl	/film/film_genre/films_in_this_genre	/m/0dj2gg3
/m/0jfqp	/film/actor/film./film/performance/film	/m/0c3p5b
/m/016z51	/people/family_member/family	/m/096jr0
/m/0gx1bnj	/government/governmental_body/members./government/government_position_held/office_holder	/m/028bddt
/m/02rxj	/religion/religion/organizations	/m/03m6j
/m/03_kl4	/cvg/cvg_developer/games_developed	/m/0464gkc
/m/03_kl4	/cvg/cvg_publisher/games_published	/m/06506j
/m/06t74h	/tv/tv_program/episodes	/m/05nfmgt
/m/0124k9	/tv/tv_program/episodes	/m/05nfhx6
/m/03mqtr	/film/film_genre/films_in_this_genre	/m/0fq8f
/m/03mqtr	/media_common/netflix_genre/titles	/m/01ycfv
/m/03mqtr	/film/film_genre/films_in_this_genre	/m/025xdxs
/m/03mqtr	/film/film_genre/films_in_this_genre	/m/0fp5z
/m/05j085	/award/award_category/nominees./award/award_nomination/nominated_for	/m/09n0nb
/m/0170xl	/music/performance_role/track_performances./music/track_contribution/contributor	/m/01w5hdv
/m/07rn0z	/music/performance_role/track_performances./music/track_contribution/contributor	/m/03c1pcw
/m/05842k	/music/performance_role/track_performances./music/track_contribution/contributor	/m/032w8h
/m/02gl58	/music/performance_role/track_performances./music/track_contribution/contributor	/m/01l74dl
/m/025s7j4	/music/performance_role/track_performances./music/track_contribution/contributor	/m/04mfbn
/m/05pq9	/award/award_nominee/award_nominations./award/award_nomination/nominated_for	/m/0ckt6
/m/05pq9	/award/award_winner/awards_won./award/award_honor/honored_for	/m/0d8m3
/m/03vpf_	/film/writer/film	/m/0b3kpr
/m/082_p	/location/location/contains	/m/0s8vsdd
/m/0d0x8	/book/book_subject/works	/m/016gp5
/m/081pw	/people/profession/people_with_this_profession	/m/09g9y65
/m/01xr66	/organization/role/leaders./organization/leadership/organization	/m/0bbn3k
/m/09d6p2	/business/job_title/people_with_this_title./business/employment_tenure/company	/m/02kx2bg
/m/01zq91	/organization/role/leaders./organization/leadership/organization	/m/0381ql
/m/0dq_5	/organization/role/leaders./organization/leadership/person	/m/03v40v
/m/01cpkt	/organization/role/leaders./organization/leadership/person	/m/020q9s
/m/0krdk	/business/job_title/people_with_this_title./business/employment_tenure/person	/m/03wy48s
/m/0dq_5	/organization/role/leaders./organization/leadership/organization	/m/07k2x
/m/0dq_5	/business/job_title/people_with_this_title./business/employment_tenure/person	/m/02y8bn
/m/0dq_5	/organization/role/leaders./organization/leadership/organization	/m/07tg4
/m/05172y	/organization/role/leaders./organization/leadership/organization	/m/01rcct
/m/0dq_5	/business/job_title/people_with_this_title./business/employment_tenure/company	/m/0n1h
/m/0dq_5	/business/job_title/people_with_this_title./business/employment_tenure/company	/m/02b1hq
/m/04192r	/business/job_title/people_with_this_title./business/employment_tenure/company	/m/03p219q
/m/0dq_5	/business/job_title/people_with_this_title./business/employment_tenure/company	/m/01w0yrc
/m/0dq_5	/organization/role/leaders./organization/leadership/organization	/m/02kxx1
/m/0dq_5	/business/job_title/people_with_this_title./business/employment_tenure/person	/m/07ss8_
/m/0377k9	/organization/role/leaders./organization/leadership/organization	/m/01qxzy
/m/0dq_5	/business/job_title/people_with_this_title./business/employment_tenure/person	/m/027r0_f
/m/04n1q6	/organization/role/leaders./organization/leadership/organization	/m/04tgmc
/m/0dq_5	/organization/role/leaders./organization/leadership/organization	/m/02htv6
/m/02h53vq	/organization/role/leaders./organization/leadership/organization	/m/0drsyp
/m/02211by	/organization/role/leaders./organization/leadership/organization	/m/029r2y
/m/0dq_5	/organization/role/leaders./organization/leadership/organization	/m/03qk20
/m/01xr66	/organization/role/leaders./organization/leadership/organization	/m/0287ptv
/m/06hpx2	/organization/role/leaders./organization/leadership/organization	/m/0dfsbj
/m/0dq_5	/organization/role/leaders./organization/leadership/organization	/m/0f11p
/m/09lq2c	/organization/role/leaders./organization/leadership/organization	/m/09rm5d
/m/08jcfy	/business/job_title/people_with_this_title./business/employment_tenure/company	/m/02s99wb
/m/02211by	/business/job_title/people_with_this_title./business/employment_tenure/company	/m/03p2b0n
/m/0frz0	/business/job_title/people_with_this_title./business/employment_tenure/company	/m/0381ql
/m/0dq_5	/organization/role/leaders./organization/leadership/organization	/m/07wg3
/m/0dq_5	/organization/role/leaders./organization/leadership/organization	/m/03gn1x
/m/0dq_5	/business/job_title/people_with_this_title./business/employment_tenure/person	/m/01vw37m
/m/0dq_5	/organization/role/leaders./organization/leadership/organization	/m/04hgpt
/m/0fkvn	/organization/role/leaders./organization/leadership/organization	/m/06w7__
/m/0fkvn	/organization/role/leaders./organization/leadership/person	/m/03wqqb8
/m/0130xz	/organization/role/leaders./organization/leadership/organization	/m/0391ds
/m/0dq_5	/organization/role/leaders./organization/leadership/organization	/m/0l0wv
/m/039b7_	/fictional_universe/character_occupation/characters_with_this_occupation	/m/043xvk
/m/0xl08	/tv/tv_network/programs./tv/tv_network_duration/program	/m/05h4bk1
/m/02j7k	/tv/tv_network/programs./tv/tv_network_duration/program	/m/040lmh
/m/015wnl	/tv/tv_actor/starring_roles./tv/regular_tv_appearance/series	/m/045qmr
/m/01w23w	/film/actor/film./film/performance/film	/m/0j54b
/m/01v3bn	/base/events/type_of_festival/recurring_festivals_of_this_type	/m/06ryh7
/m/02xb2	/base/events/type_of_festival/recurring_festivals_of_this_type	/m/03h502k
/m/02y7t7	/music/record_label/artist	/m/077tq4
/m/04fcjt	/music/record_label/artist	/m/054gwt
/m/0520r2x	/film/film_art_director/films_art_directed	/m/0j6tr
/m/056252	/music/record_label/artist	/m/0mxcf
/m/056252	/music/record_label/artist	/m/048htn
/m/058kqy	/film/writer/film	/m/016z68
/m/058kqy	/film/producer/film	/m/017cjb
/m/043q6n_	/film/film_story_contributor/film_story_credits	/m/0c9jj9
/m/058kqy	/film/director/film	/m/086hg9
/m/06c1y	/location/location/contains	/m/0gvstc3
/m/06c1y	/location/location/contains	/m/0d3f83
/m/06srk	/location/location/contains	/m/01lnyf
/m/019kn7	/tv/tv_genre/programs	/m/05zqnzn
/m/095bb	/tv/tv_genre/programs	/m/03f2fw
/m/033jj1	/tv/tv_writer/episodes_written	/m/0bkv8p
/m/01f8f7	/music/group_member/instruments_played	/m/07p0w9
/m/01x72k	/fictional_universe/fictional_character_creator/fictional_characters_created	/m/06m0b
/m/016fjj	/film/actor/film./film/performance/film	/m/02cqny
/m/0b0pf	/organization/organization_sector/organizations_in_this_sector	/m/0d8y0x
/m/01g4qq	/organization/organization_sector/organizations_in_this_sector	/m/02lwv5
/m/0l2l3	/biology/breed_origin/breeds_originating_here	/m/0b3s8y
/m/025twgf	/business/industry/companies	/m/06xwj9
/m/01mw1	/business/industry/companies	/m/03zw80
/m/01mw1	/business/industry/companies	/m/01vg13
/m/0fhsz	/business/industry/companies	/m/0gjz3f
/m/01mw1	/book/periodical_subject/periodicals	/m/0207wx
/m/01mw1	/business/industry/companies	/m/0dmtp
/m/01lyv	/book/periodical_subject/periodicals	/m/03nr0lz
/m/01n1pp	/education/educational_institution/students_graduates./education/education/student	/m/071wvh
/m/0dwtp	/music/instrument/instrumentalists	/m/01wdwn
/m/020w2	/music/performance_role/track_performances./music/track_contribution/contributor	/m/08cl7s
/m/0224z4	/business/company_type/companies_of_this_type	/m/02x4c4c
/m/0259tnd	/business/company_type/companies_of_this_type	/m/01pvxl
/m/02h7qr	/film/actor/film./film/performance/film	/m/0b8gnd
/m/03bx0bm	/music/performance_role/regular_performances./music/group_membership/group	/m/016kkx
/m/0262x6	/music/performance_role/regular_performances./music/group_membership/group	/m/076y98j
/m/03bx0bm	/music/performance_role/regular_performances./music/group_membership/member	/m/0ccqd7
/m/021gzd	/music/performance_role/regular_performances./music/group_membership/member	/m/01vsrsz
/m/087pfc	/music/performance_role/regular_performances./music/group_membership/group	/m/0181_r
/m/03bx0bm	/music/performance_role/regular_performances./music/group_membership/group	/m/02ptczs
/m/03bx0bm	/music/performance_role/regular_performances./music/group_membership/group	/m/01mtt
/m/03bx0bm	/music/performance_role/regular_performances./music/group_membership/group	/m/05qtj
/m/01pcq3	/music/performance_role/regular_performances./music/group_membership/group	/m/01pwkd3
/m/03bx0bm	/music/performance_role/guest_performances./music/recording_contribution/contributor	/m/026dcvf
/m/03r8gp	/music/performance_role/regular_performances./music/group_membership/member	/m/06yws3
/m/0mgkg	/music/performance_role/regular_performances./music/group_membership/group	/m/08ztpc
/m/03jgz	/people/profession/people_with_this_profession	/m/018sg9
/m/0d8m3	/people/profession/people_with_this_profession	/m/027nqf2
/m/05mcjs	/people/profession/people_with_this_profession	/m/0gh8w42
/m/09fqdt	/people/profession/people_with_this_profession	/m/057t9l
/m/01_td3	/people/profession/people_with_this_profession	/m/026q808
/m/03jgz	/people/profession/people_with_this_profession	/m/02jxbw
/m/03jgz	/people/profession/people_with_this_profession	/m/01c6rd
/m/03jgz	/people/profession/people_with_this_profession	/m/01lyv
/m/03jgz	/people/profession/people_with_this_profession	/m/0dxtg
/m/01hwkn	/people/profession/people_with_this_profession	/m/05kh98
/m/0265z9l	/people/profession/people_with_this_profession	/m/02q39fc
/m/02gt5s	/people/profession/people_with_this_profession	/m/03qf9tp
/m/01zkxv	/people/profession/people_with_this_profession	/m/0274hld
/m/01dtl	/people/profession/people_with_this_profession	/m/02_k82
/m/01wdj_	/music/record_label/artist	/m/064kn_g
/m/022lly	/music/record_label/artist	/m/01s2zxm
/m/07w5rq	/music/record_label/artist	/m/03hzqc2
/m/03y82t6	/award/award_nominee/award_nominations./award/award_nomination/award_nominee	/m/0gp5l6
/m/042g7t	/time/time_zone/locations_in_this_time_zone	/m/01qgv7
/m/05b7q	/location/statistical_region/religions./location/religion_percentage/religion	/m/02784z
/m/064t9	/location/location/contains	/m/03qmx0v
/m/05y5fw	/tv/tv_writer/episodes_written	/m/08phg9
/m/0bpgx	/business/company_type/companies_of_this_type	/m/0bqyc0
/m/0psss	/comic_books/comic_book_creator/characters_created	/m/034qgf
/m/0z05l	/fictional_universe/fictional_character_creator/fictional_characters_created	/m/034qgf
/m/03jjn8	/tv/tv_program_creator/programs_created	/m/05sfkc
/m/0bqtx	/military/military_conflict/military_personnel_involved	/m/03kxdw
/m/0dz3r	/book/book_subject/works	/m/08g54d
/m/02b171	/location/location/contains	/m/06bp4h
/m/015h31	/people/profession/people_with_this_profession	/m/03z20c
/m/01d9r3	/people/profession/people_with_this_profession	/m/026f_zy
/m/0fr9jp	/education/educational_institution/students_graduates./education/education/student	/m/04ybmp4
/m/017v3q	/education/educational_institution/students_graduates./education/education/student	/m/027_sn
/m/017v3q	/education/educational_institution/students_graduates./education/education/student	/m/049dyj
/m/01jsk6	/education/educational_institution/students_graduates./education/education/student	/m/034cj9
/m/01jsk6	/education/educational_institution/students_graduates./education/education/student	/m/03j149k
/m/01r3hr	/sports/sports_position/players./sports/sports_team_roster/team	/m/049k4w
/m/03rtmz	/award/award_nominee/award_nominations./award/award_nomination/award	/m/06w6tv2
/m/01wcp_g	/film/actor/film./film/performance/film	/m/01gst_
/m/03_vx9	/film/person_or_entity_appearing_in_film/films./film/personal_film_appearance/film	/m/063_q1y
/m/05fjf	/award/award_winner/awards_won./award/award_honor/award	/m/06w6tv2
/m/02mt51	/education/educational_degree/people_with_this_degree./education/education/institution	/m/08jwmp
/m/029h7y	/music/genre/artists	/m/02rff2
/m/02rjjll	/award/award_ceremony/awards_presented./award/award_honor/honored_for	/m/06d4h
/m/0fzrtf	/award/award_ceremony/awards_presented./award/award_honor/award	/m/03r67k
/m/03f5mt	/music/performance_role/regular_performances./music/group_membership/group	/m/02r34n
/m/03rgvr	/film/actor/film./film/performance/film	/m/06yj20
/m/05ksh	/location/location/contains	/m/013q0p
/m/05ksh	/location/location/contains	/m/02p72j
/m/025czw	/location/location/contains	/m/03gmw0
/m/012qjw	/tv/tv_program/episodes	/m/0wbg8xh
/m/07lp1	/medicine/disease/notable_people_with_this_condition	/m/0262k9p
/m/0gg4h	/people/cause_of_death/people	/m/0163kf
/m/08jtv5	/tv/tv_actor/guest_roles./tv/tv_guest_role/episodes_appeared_in	/m/05ngdd8
/m/049xgc	/music/genre/artists	/m/076y98j
/m/01z3bz	/music/genre/artists	/m/026f85y
/m/04ltlj	/music/genre/artists	/m/027hp7w
/m/0fhmf	/travel/travel_destination/tourist_attractions	/m/05hff0
/m/0kbq	/location/location/contains	/m/05hff0
/m/016ybr	/music/genre/artists	/m/030qb3t
/m/03x726	/music/genre/artists	/m/01w_zc6
/m/0172rj	/music/genre/artists	/m/02pxst
/m/0tz54	/film/actor/film./film/performance/film	/m/05b7dt
/m/02l0xc	/film/actor/film./film/performance/film	/m/04dz_y7
/m/02q_cc	/tv/tv_genre/programs	/m/0j641kt
/m/03zg2x	/tv/tv_genre/programs	/m/03nrpxx
/m/02n4kr	/tv/tv_genre/programs	/m/0b5hj5
/m/0dyjz	/tv/tv_genre/programs	/m/0542ff
/m/02n4kr	/film/film_genre/films_in_this_genre	/m/01t032
/m/02n4kr	/film/film_genre/films_in_this_genre	/m/0d4htf
/m/02q3s	/award/recurring_competition/individual_competitions	/m/02t_zq
/m/01rxyb	/time/recurring_event/instances	/m/0hw7r
/m/0g39h	/award/award_winner/awards_won./award/award_honor/award_winner	/m/02qcpzb
/m/02w9895	/award/award_nominee/award_nominations./award/award_nomination/award_nominee	/m/0345gh
/m/039b5	/astronomy/celestial_object_category/objects	/m/06m_p
/m/039b5	/astronomy/celestial_object_category/objects	/m/09cws
/m/0838f	/astronomy/celestial_object_category/objects	/m/0bby391
/m/06s0l	/user/alexander/philosophy/era/philosophers	/m/01tpjh
/m/0mj1l	/government/governmental_body/members./government/government_position_held/office_holder	/m/04lkvc
/m/04z288	/government/governmental_body/members./government/government_position_held/office_holder	/m/0hsn_
/m/05p553	/media_common/netflix_genre/titles	/m/06796
/m/05p553	/tv/tv_genre/programs	/m/09r94m
/m/05p553	/film/film_genre/films_in_this_genre	/m/01w02sy
/m/0ft5vs	/tv/tv_genre/programs	/m/05c4hvp
/m/011vx3	/tv/tv_genre/programs	/m/03hlgc4
/m/05p553	/tv/tv_genre/programs	/m/02nygk
/m/06m_p	/tv/tv_genre/programs	/m/0lhsvf4
/m/05p553	/tv/tv_genre/programs	/m/01y67v
/m/05p553	/film/film_genre/films_in_this_genre	/m/023322
/m/0f03_	/tv/tv_genre/programs	/m/05h4bk1
/m/05p553	/film/film_genre/films_in_this_genre	/m/03x2qp
/m/0l9rg	/tv/tv_genre/programs	/m/07pkgj
/m/05p553	/media_common/netflix_genre/titles	/m/0g768
/m/05p553	/tv/tv_genre/programs	/m/0bhsnb
/m/05p553	/film/film_genre/films_in_this_genre	/m/01wcp_g
/m/017t44	/film/film_genre/films_in_this_genre	/m/04j0pd7
/m/06wbm8q	/film/film_genre/films_in_this_genre	/m/0j_7b9m
/m/05p553	/film/film_genre/films_in_this_genre	/m/05sxzwc
/m/05p553	/film/film_genre/films_in_this_genre	/m/09f5pp
/m/01bcp7	/film/film_genre/films_in_this_genre	/m/07shxhw
/m/05p553	/music/genre/artists	/m/01zlh5
/m/0fhxv	/film/film_genre/films_in_this_genre	/m/07n98j4
/m/05p553	/film/film_genre/films_in_this_genre	/m/0138mv
/m/05p553	/film/film_genre/films_in_this_genre	/m/031v3p
/m/02lq67	/tv/tv_genre/programs	/m/0ch42y3
/m/02l0xc	/media_common/netflix_genre/titles	/m/09glbk
/m/0m9c1	/film/film_genre/films_in_this_genre	/m/01dc46
/m/0420y	/film/film_genre/films_in_this_genre	/m/0gtgdk
/m/05p553	/film/film_genre/films_in_this_genre	/m/034_t5
/m/05p553	/media_common/netflix_genre/titles	/m/01x9_8
/m/05p553	/film/film_genre/films_in_this_genre	/m/0qb7t
/m/05p553	/film/film_genre/films_in_this_genre	/m/0r2bv
/m/07wh1	/film/film_genre/films_in_this_genre	/m/0j310sj
/m/05p553	/media_common/netflix_genre/titles	/m/06fsr
/m/0gfmc_	/film/film_genre/films_in_this_genre	/m/04lhk6q
/m/05p553	/tv/tv_genre/programs	/m/0pyww
/m/05p553	/film/film_genre/films_in_this_genre	/m/0bmch_x
/m/05p553	/media_common/netflix_genre/titles	/m/0h1_c
/m/02zs4	/film/film_genre/films_in_this_genre	/m/0crxlch
/m/0bm2nq	/film/film_genre/films_in_this_genre	/m/08l8dnc
/m/021q1c	/film/film_genre/films_in_this_genre	/m/0p_ss
/m/039n1	/tv/tv_genre/programs	/m/0300m_
/m/05p553	/film/film_genre/films_in_this_genre	/m/0gtv7pk
/m/05p553	/media_common/netflix_genre/titles	/m/012ts
/m/05p553	/film/film_genre/films_in_this_genre	/m/02lt8
/m/05p553	/film/film_genre/films_in_this_genre	/m/03jl0_
/m/01skmp	/tv/tv_genre/programs	/m/05h2nmj
/m/022q4l9	/tv/tv_genre/programs	/m/0vzcxwn
/m/05p553	/tv/tv_genre/programs	/m/079vf
/m/07tw_b	/film/film_genre/films_in_this_genre	/m/08nxwx
/m/05p553	/film/film_genre/films_in_this_genre	/m/011yd2
/m/015wc0	/film/film_genre/films_in_this_genre	/m/0278fml
/m/05p553	/film/film_genre/films_in_this_genre	/m/02fqxm
/m/027nb	/tv/tv_genre/programs	/m/092b8q
/m/05p553	/media_common/netflix_genre/titles	/m/0m2hs
/m/0163r3	/tv/tv_genre/programs	/m/0gls42g
/m/05p553	/film/film_genre/films_in_this_genre	/m/0f4k49
/m/027yjnv	/tv/tv_genre/programs	/m/04qyn3
/m/05p553	/film/film_genre/films_in_this_genre	/m/01wx756
/m/0hwqz	/film/film_genre/films_in_this_genre	/m/0cvt65
/m/05p553	/tv/tv_genre/programs	/m/06g5z
/m/05p553	/film/film_genre/films_in_this_genre	/m/0gx9rvq
/m/0gt14	/tv/tv_genre/programs	/m/0bjf7n
/m/0262s1	/film/film_genre/films_in_this_genre	/m/0czd5bt
/m/05p553	/tv/tv_genre/programs	/m/086k8
/m/09rvcvl	/film/film_genre/films_in_this_genre	/m/08ww44
/m/0p88j	/military/armed_force/personnel./military/military_service/military_person	/m/027_6sg
/m/0kk9v	/military/armed_force/personnel./military/military_service/military_person	/m/04n63h5
/m/01vqc7	/military/armed_force/personnel./military/military_service/military_person	/m/04g24sc
/m/0y54	/military/armed_force/personnel./military/military_service/military_person	/m/0cn_2qf
/m/06hhp	/military/armed_force/personnel./military/military_service/military_person	/m/028pzq
/m/07r1h	/tv/tv_personality/tv_regular_appearances./tv/tv_regular_personal_appearance/program	/m/01rdm0
/m/09s5q8	/film/actor/film./film/performance/film	/m/026_6ms
/m/02g2wv	/time/event/includes_event	/m/064qq8z
/m/0hhjk	/location/location/contains	/m/02xz38
/m/02rc4d	/comic_books/comic_book_character/regular_featured_appearances	/m/09k5bx7
/m/0jgd	/location/location/contains	/m/0lpjn
/m/0jgd	/location/location/contains	/m/0171c7
/m/0jgd	/location/location/contains	/m/03ct7jd
/m/0f2sx4	/location/location/contains	/m/0f2mhr
/m/0qf43	/location/location/contains	/m/0dkcw0
/m/03thw4	/location/location/contains	/m/0d6h00
/m/01t_vv	/education/educational_degree/people_with_this_degree./education/education/student	/m/02zfrjl
/m/0dcdp	/education/educational_degree/people_with_this_degree./education/education/student	/m/02r5skp
/m/014y6	/tv/tv_actor/guest_roles./tv/tv_guest_role/episodes_appeared_in	/m/02z81h
/m/09tqx3	/business/industry/companies	/m/09vwz6
/m/01j_x	/military/armed_force/personnel./military/military_service/military_person	/m/04jlgp
/m/01j_x	/military/armed_force/personnel./military/military_service/military_person	/m/07zl1
/m/023p18	/military/armed_force/personnel./military/military_service/military_person	/m/07mr99
/m/04gd8j	/organization/organization/child./organization/organization_relationship/child	/m/09kdmr
/m/01j_x	/military/armed_force/personnel./military/military_service/military_person	/m/05nqq3
/m/02t_8z	/base/popstra/celebrity/vacations_in./base/popstra/vacation_choice/location	/m/0gtrg
/m/023mdt	/film/actor/film./film/performance/film	/m/02vpvk
/m/02wwwv5	/award/award_nominee/award_nominations./award/award_nomination/award	/m/01g4qq
/m/02wwwv5	/award/award_winner/awards_won./award/award_honor/award	/m/0ccd3x
/m/01p7s6	/film/film/starring./film/performance/actor	/m/0dss88
/m/079ws	/award/award_category/nominees./award/award_nomination/award_nominee	/m/03gq8z1
/m/040njc	/award/award_category/nominees./award/award_nomination/award_nominee	/m/01nrz4
/m/04qhdf	/broadcast/radio_station_owner/radio_stations	/m/05jhg
/m/02z6fs	/film/production_company/films	/m/018gvp
/m/059lwy	/film/film/starring./film/performance/actor	/m/0d0vqn
/m/05kj_	/location/location/contains	/m/01cq1t
/m/01k2wn	/location/location/events	/m/03c_vbn
/m/031sn	/location/location/contains	/m/08czr7
/m/03fbb6	/location/location/contains	/m/07vlx1
/m/05kj_	/symbols/name_source/namesakes	/m/08624h
/m/0151xv	/base/aareas/schema/administrative_area/administrative_children	/m/0wb0v
/m/02b1j1	/location/location/contains	/m/06mnhk
/m/0gkgp	/location/location/contains	/m/0wb0v
/m/07gql	/music/instrument/instrumentalists	/m/01p8r8
/m/07gql	/music/performance_role/track_performances./music/track_contribution/contributor	/m/02qlg7s
/m/07gql	/music/performance_role/regular_performances./music/group_membership/group	/m/0bmssv
/m/09889g	/people/family_member/family	/m/09gb_4p
/m/09889g	/music/artist/album	/m/088_kf
/m/09889g	/organization/organization_founder/organizations_founded	/m/025scjj
/m/0cm89v	/people/person/employment_history./business/employment_tenure/company	/m/06gz0y
/m/0102t4	/award/award_winner/awards_won./award/award_honor/honored_for	/m/01hl40t
/m/0br1x_	/film/actor/film./film/performance/film	/m/0b8gnd
/m/09qvc0	/film/actor/film./film/performance/film	/m/0cvt65
/m/03ng8q	/music/performance_role/track_performances./music/track_contribution/role	/m/07s7gc2
/m/05d8_h	/music/performance_role/regular_performances./music/group_membership/role	/m/07s7gc2
/m/0prjs	/film/actor/film./film/performance/film	/m/03mqj_
/m/0swff	/olympics/olympic_games/medals_awarded./olympics/olympic_medal_honor/medalist	/m/0csdzz
/m/04qk12	/people/cause_of_death/people	/m/05p3w8q
/m/01gkgk	/government/government_office_category/officeholders./government/government_position_held/office_position_or_title	/m/01x4h7
/m/01dz7z	/government/government_office_category/offices	/m/01x4h7
/m/01dvzy	/location/location/contains	/m/02b0yz
/m/01bkb	/award/award_nominee/award_nominations./award/award_nomination/award_nominee	/m/01hb9p
/m/06182p	/education/educational_institution/students_graduates./education/education/student	/m/03g2ls
/m/024cg8	/education/educational_institution/students_graduates./education/education/student	/m/0cwlyd
/m/01ymvk	/education/educational_institution/students_graduates./education/education/student	/m/0cpvcd
/m/02w4v	/music/genre/artists	/m/05b4rcb
/m/04fhps	/music/genre/artists	/m/0830n
/m/02yy88	/music/genre/artists	/m/0c7lcx
/m/02s5v5	/business/employer/employees./business/employment_tenure/person	/m/02_6z0c
/m/03jjzf	/award/award_nominee/award_nominations./award/award_nomination/nominated_for	/m/052_mn
/m/0134bf	/film/actor/film./film/performance/film	/m/0309c5
/m/0kc6	/film/producer/films_executive_produced	/m/09pk__
/m/01w23w	/film/person_or_entity_appearing_in_film/films./film/personal_film_appearance/film	/m/09pk__
/m/043zg	/film/actor/film./film/performance/film	/m/02mdty
/m/0blq0z	/location/location/contains	/m/049_gyf
/m/04rrx	/location/location/contains	/m/06pwf6
/m/04rrx	/location/location/contains	/m/074w86
/m/02q_x_l	/location/location/contains	/m/0c5hlc
/m/022g44	/location/location/contains	/m/05c6ff
/m/04rrx	/location/location/contains	/m/02pb2bp
/m/04rrx	/location/location/contains	/m/04wp63
/m/066wd	/cvg/cvg_genre/games	/m/06ztwyd
/m/0k80c	/cvg/cvg_genre/games	/m/0j63n06
/m/01wbz9	/film/film_set_designer/film_sets_designed	/m/02qxsz9
/m/0nt6b	/tv/tv_program/episodes	/m/05dg4dx
/m/071_8	/award/award_category/nominees./award/award_nomination/nominated_for	/m/0300m_
/m/0_00	/military/military_combatant/military_conflicts./military/military_combatant_group/conflict	/m/02rhfsc
/m/0bfp0l	/music/record_label/artist	/m/01vw917
/m/071t0	/tv/tv_genre/programs	/m/0h1gvnt
/m/0fhxv	/film/person_or_entity_appearing_in_film/films./film/personal_film_appearance/film	/m/0dqmt0
/m/0fhxv	/music/artist/album	/m/0c8qq
/m/081nh	/film/director/film	/m/09prlz
/m/0htcn	/award/award_nominee/award_nominations./award/award_nomination/nominated_for	/m/07y9ts
/m/0sxmx	/military/military_combatant/military_conflicts./military/military_combatant_group/conflict	/m/07k94my
/m/0gk7z	/film/film_distributor/films_distributed./film/film_film_distributor_relationship/film	/m/05ftpb
/m/0l14gg	/music/genre/artists	/m/035gjq
/m/0l5mz	/book/book_subject/works	/m/0n3dv
/m/0ldpy	/medicine/risk_factor/diseases	/m/06brp0
/m/03z106	/business/industry/companies	/m/02xby_d
/m/021q23	/education/educational_institution/students_graduates./education/education/student	/m/0hhvx50
/m/02fsn	/music/instrument/instrumentalists	/m/01lp8
/m/02fsn	/music/performance_role/track_performances./music/track_contribution/contributor	/m/06dqt
/m/011_6p	/music/instrument/instrumentalists	/m/0gjnhp
/m/02k7y0	/tv/tv_genre/programs	/m/02skyy
/m/02sdk9v	/soccer/football_position/players	/m/02z195p
/m/02nzb8	/sports/sports_position/players./sports/sports_team_roster/team	/m/01_bmf
/m/02nzb8	/sports/sports_position/players./sports/sports_team_roster/team	/m/077yk0
/m/02nzb8	/sports/sports_position/players./sports/sports_team_roster/player	/m/0278x6s
/m/02wszf	/sports/sports_position/players./sports/sports_team_roster/team	/m/0d8_y4
/m/01snvb	/soccer/football_position/players	/m/0556fn
/m/02nzb8	/soccer/football_position/players	/m/03jg5t
/m/02nzb8	/sports/sports_position/players./sports/sports_team_roster/team	/m/05nrkb
/m/02nzb8	/soccer/football_position/players	/m/07m69t
/m/02nzb8	/soccer/football_position/players	/m/03jg5t
/m/02s7tr	/soccer/football_position/players	/m/04m_wgq
/m/04nfpk	/sports/sports_position/players./sports/sports_team_roster/player	/m/02892nf
/m/02nzb8	/soccer/football_position/players	/m/02zbjwr
/m/02sf_r	/sports/sports_position/players./sports/sports_team_roster/team	/m/0c8btk
/m/02qvzf	/soccer/football_position/players	/m/03cm0dq
/m/02nzb8	/sports/sports_position/players./sports/sports_team_roster/team	/m/0290rb
/m/02nzb8	/soccer/football_position/players	/m/04pxcx
/m/023wyl	/soccer/football_position/players	/m/047qg02
/m/01snvb	/sports/sports_position/players./sports/sports_team_roster/player	/m/02z195p
/m/01_9c1	/soccer/football_position/players	/m/0f1kf6
/m/02_j1w	/soccer/football_position/players	/m/047m_fs
/m/01r3hr	/sports/sports_position/players./sports/sports_team_roster/team	/m/0536hd
/m/02nzb8	/soccer/football_position/players	/m/08gwzt
/m/02nzb8	/soccer/football_position/players	/m/0bw7ly
/m/0b13yt	/soccer/football_position/players	/m/04pb0q
/m/02_ssl	/soccer/football_position/players	/m/07fsbq
/m/02nzb8	/soccer/football_position/players	/m/05_6_y
/m/05b4w	/broadcast/genre/content	/m/03wmqxv
/m/02vxn	/business/industry/companies	/m/01w5gp
/m/02vxn	/business/industry/companies	/m/02gkxp
/m/02qdzd	/music/record_label/artist	/m/03h_kgb
/m/017d77	/film/film/starring./film/performance/actor	/m/0gjd61t
/m/05xd_v	/film/actor/film./film/performance/film	/m/03c17w7
/m/05xd_v	/film/actor/film./film/performance/film	/m/06f5j
/m/06mxs	/sports/sports_team_location/teams	/m/014q2g
/m/02lzy0	/influence/influence_node/influenced	/m/01tpjh
/m/08nhwb	/people/cause_of_death/people	/m/01pl14
/m/0jxy	/tv/tv_genre/programs	/m/081lh
/m/0jxy	/tv/tv_genre/programs	/m/03q8ch
/m/0jxy	/tv/tv_genre/programs	/m/0qcrj
/m/0jxy	/tv/tv_genre/programs	/m/024030
/m/0jxy	/tv/tv_genre/programs	/m/032clf
/m/0l8gh	/music/genre/artists	/m/0g9zcgx
/m/02r8hh_	/music/genre/artists	/m/0km3p6x
/m/09q_6t	/award/award_ceremony/awards_presented./award/award_honor/award_winner	/m/03hks9g
/m/0lp_cd3	/award/award_ceremony/awards_presented./award/award_honor/honored_for	/m/026mfs
/m/01rgr	/location/location/contains	/m/029bjy
/m/0qcr0	/people/cause_of_death/people	/m/026spg
/m/019_1h	/people/cause_of_death/people	/m/01vmvdk
/m/0x3b7	/people/cause_of_death/people	/m/09bv78
/m/0qcr0	/people/cause_of_death/people	/m/0qmd5
/m/0qcr0	/people/cause_of_death/people	/m/03x83_
/m/0qcr0	/medicine/disease_cause/diseases	/m/018f8
/m/0r1yc	/medicine/disease/includes_diseases	/m/025hh9
/m/0gkd1	/people/cause_of_death/people	/m/08ls1j
/m/0qcr0	/people/cause_of_death/people	/m/01mz9lt
/m/0qcr0	/people/cause_of_death/people	/m/02jyr8
/m/0qcr0	/people/cause_of_death/people	/m/084302
/m/0qcr0	/people/cause_of_death/includes_causes_of_death	/m/0bz6sb
/m/0ycp3	/award/award_nominee/award_nominations./award/award_nomination/award	/m/0xxc
/m/020v2	/award/award_winner/awards_won./award/award_honor/award	/m/02f788
/m/0_xdd	/location/location/contains	/m/050cqz
/m/012wgb	/location/location/contains	/m/018_q8
/m/029qzx	/education/educational_institution/students_graduates./education/education/student	/m/06sy4c
/m/01ygv2	/education/educational_institution/students_graduates./education/education/student	/m/0cc8_w2
/m/02jknp	/people/profession/people_with_this_profession	/m/05wgy
/m/0j3b	/people/profession/people_with_this_profession	/m/09sm71
/m/01_9c1	/people/profession/people_with_this_profession	/m/0cc9jw7
/m/02jknp	/people/profession/people_with_this_profession	/m/025b3k
/m/013tjc	/people/profession/people_with_this_profession	/m/0gcf7c3
/m/04ynx7	/people/profession/people_with_this_profession	/m/096wm6
/m/0z53k	/people/profession/people_with_this_profession	/m/026yhzm
/m/02jknp	/people/profession/people_with_this_profession	/m/06wm0z
/m/02rybfn	/people/profession/people_with_this_profession	/m/02sbwl
/m/09g_31	/people/profession/people_with_this_profession	/m/047b9kl
/m/02jknp	/people/profession/people_with_this_profession	/m/0840vq
/m/03nqbvz	/people/profession/people_with_this_profession	/m/02z3vn5
/m/02jknp	/people/profession/people_with_this_profession	/m/051q39
/m/027jbr	/people/profession/people_with_this_profession	/m/0412h_9
/m/02jknp	/people/profession/people_with_this_profession	/m/03lsq
/m/02jknp	/people/profession/people_with_this_profession	/m/018417
/m/02jknp	/people/profession/people_with_this_profession	/m/02x2khw
/m/0j86l	/people/profession/people_with_this_profession	/m/03nr3qq
/m/02jknp	/people/profession/people_with_this_profession	/m/018009
/m/012zng	/people/profession/people_with_this_profession	/m/076yyk5
/m/04d5v9	/people/profession/people_with_this_profession	/m/06n47z
/m/019n7x	/people/profession/people_with_this_profession	/m/0273f9p
/m/02xzd9	/people/profession/people_with_this_profession	/m/094jg3
/m/02y21l	/people/profession/people_with_this_profession	/m/075rgn9
/m/02jknp	/people/profession/people_with_this_profession	/m/02jcc
/m/02l96k	/people/profession/people_with_this_profession	/m/0gxh_l
/m/02jknp	/people/profession/people_with_this_profession	/m/01t8gz
/m/02jknp	/people/profession/people_with_this_profession	/m/0225bv
/m/0n25q	/people/profession/people_with_this_profession	/m/0f0t_1
/m/03ys2f	/people/profession/people_with_this_profession	/m/07v4_46
/m/02jknp	/people/profession/people_with_this_profession	/m/01hpf6
/m/02jknp	/people/profession/people_with_this_profession	/m/05p7tx
/m/026cmdc	/people/profession/people_with_this_profession	/m/03mhplk
/m/0bs1yy	/people/profession/people_with_this_profession	/m/0b8sdt
/m/043tvp3	/people/profession/people_with_this_profession	/m/0gjbkty
/m/073h9x	/people/profession/people_with_this_profession	/m/06_v_6h
/m/09k56b7	/people/profession/people_with_this_profession	/m/0cm_07
/m/02jknp	/people/profession/people_with_this_profession	/m/0rrhp
/m/02pvqmz	/tv/tv_program/episodes	/m/0n4z2
/m/0kq08	/location/location/contains	/m/05rq9v
/m/035qy	/location/location/contains	/m/0169t
/m/0d8w2n	/location/location/contains	/m/02635rh
/m/04gtdnh	/location/location/contains	/m/034v2_
/m/03dkh6	/location/location/contains	/m/0ft12_
/m/0_9l_	/film/actor/film./film/performance/film	/m/08ww44
/m/01n6r0	/education/educational_institution/students_graduates./education/education/student	/m/02qwwqs
/m/051_y	/people/cause_of_death/people	/m/07qg8v
/m/051_y	/people/cause_of_death/people	/m/017w_
/m/094qd5	/people/cause_of_death/people	/m/03f6jpj
/m/05798	/people/profession/people_with_this_profession	/m/03nm_fh
/m/04ydr95	/people/profession/people_with_this_profession	/m/03mf494
/m/05pd94v	/award/award_ceremony/awards_presented./award/award_honor/award	/m/01w_10
/m/05sb1	/location/location/contains	/m/0brkwj
/m/05sb1	/location/location/contains	/m/06t2t2
/m/016ybr	/location/location/contains	/m/02z0_km
/m/05sb1	/location/location/contains	/m/01v3x8
/m/03m6zs	/location/location/contains	/m/05b0zzk
/m/05sb1	/location/location/contains	/m/03sxd2
/m/05sb1	/location/location/contains	/m/0bcp9b
/m/0hv8w	/location/location/contains	/m/0b1t3x
/m/01k7xz	/cvg/cvg_developer/games_developed	/m/06hzwd
/m/06p8m	/cvg/cvg_publisher/games_published	/m/02hjn4
/m/01qckn	/cvg/cvg_publisher/games_published	/m/04640wp
/m/06p8m	/cvg/cvg_publisher/games_published	/m/0cnjm0
/m/02l48d	/cvg/cvg_publisher/games_published	/m/09vnfc
/m/02zs4	/cvg/cvg_publisher/games_published	/m/03y8m_n
/m/01bvx1	/cvg/cvg_publisher/games_published	/m/06hzwd
/m/01zzy3	/cvg/cvg_developer/games_developed	/m/04640wp
/m/08cn4_	/film/actor/film./film/performance/film	/m/03_ly
/m/0b5hj5	/education/educational_institution/students_graduates./education/education/student	/m/02hy9p
/m/0cb77r	/film/film_set_designer/film_sets_designed	/m/05y7hc
/m/0d6484	/award/award_nominee/award_nominations./award/award_nomination/nominated_for	/m/0fpmrm3
/m/0d6484	/tv/tv_producer/programs_produced./tv/tv_producer_term/program	/m/0h95b81
/m/02rkkn1	/location/location/contains	/m/023hr6
/m/0gn30	/film/actor/film./film/performance/film	/m/0jn5l
/m/0gyvgw	/location/location/contains	/m/01w1w9
/m/013807	/education/educational_institution/students_graduates./education/education/student	/m/015z4j
/m/0dzst	/education/educational_institution/students_graduates./education/education/student	/m/04bbx2
/m/0143hl	/education/educational_institution/students_graduates./education/education/student	/m/01wyy_
/m/0146hc	/education/educational_institution/students_graduates./education/education/student	/m/03clpz3
/m/02kmx6	/tv/tv_producer/programs_produced./tv/tv_producer_term/program	/m/04qyn3
/m/0mj1l	/tv/tv_actor/starring_roles./tv/regular_tv_appearance/series	/m/03cyh39
/m/01pl14	/education/educational_institution/students_graduates./education/education/student	/m/03l26m
/m/01rt2z	/education/educational_institution/students_graduates./education/education/student	/m/0gfdzlp
/m/022wxh	/business/industry/companies	/m/09p6s
/m/0b_6qj	/base/marchmadness/ncaa_basketball_team/ncaa_tournament_seeds./base/marchmadness/ncaa_tournament_seed/tournament	/m/06n7qg
/m/04306rv	/media_common/netflix_genre/titles	/m/01vsksr
/m/069_0y	/film/actor/film./film/performance/film	/m/09glbk
/m/047m_w	/tv/tv_program/episodes	/m/03_2td
/m/047m_w	/tv/tv_program/regular_cast./tv/regular_tv_appearance/character	/m/024qwq
/m/047m_w	/tv/tv_program/episodes	/m/06vv_6
/m/064vjs	/olympics/olympic_sport/athletes./olympics/olympic_athlete_affiliation/athlete	/m/03_lf
/m/064vjs	/olympics/olympic_sport/athletes./olympics/olympic_athlete_affiliation/athlete	/m/06s7rd
/m/06bw5	/business/employer/employees./business/employment_tenure/person	/m/01v42g
/m/02kj7g	/education/educational_institution/students_graduates./education/education/student	/m/0g2sgt
/m/0h_cssd	/award/award_ceremony/awards_presented./award/award_honor/award_winner	/m/029pnn
/m/0150t6	/location/location/contains	/m/02gps2
/m/054krc	/location/location/contains	/m/04_j2k
/m/0_2v	/government/political_party/politicians_in_this_party./government/political_party_tenure/politician	/m/047c9lb
/m/0q96	/government/political_party/politicians_in_this_party./government/political_party_tenure/politician	/m/0q9zc
/m/0q96	/government/political_party/politicians_in_this_party./government/political_party_tenure/politician	/m/0kbg6
/m/0kwr	/government/political_party/politicians_in_this_party./government/political_party_tenure/politician	/m/02z0q2r
/m/026vcc	/government/political_party/politicians_in_this_party./government/political_party_tenure/politician	/m/05q6npd
/m/08t9df	/education/educational_degree/people_with_this_degree./education/education/student	/m/0bq_f1w
/m/014mlp	/education/educational_degree/people_with_this_degree./education/education/student	/m/01hmk9
/m/0kq0q	/education/educational_degree/people_with_this_degree./education/education/student	/m/02_fdj1
/m/0pc62	/education/educational_degree/people_with_this_degree./education/education/student	/m/03c5h6n
/m/05tr7	/education/educational_degree/people_with_this_degree./education/education/student	/m/05c40wl
/m/014mlp	/education/educational_degree/people_with_this_degree./education/education/student	/m/069z_5
/m/014mlp	/education/educational_degree/people_with_this_degree./education/education/student	/m/0ql36
/m/014mlp	/education/educational_degree/people_with_this_degree./education/education/student	/m/07cbs
/m/014mlp	/education/educational_degree/people_with_this_degree./education/education/student	/m/044k8
/m/014mlp	/education/educational_degree/people_with_this_degree./education/education/student	/m/013423
/m/014mlp	/education/educational_degree/people_with_this_degree./education/education/student	/m/03mstc
/m/014mlp	/education/educational_degree/people_with_this_degree./education/education/student	/m/06fc0b
/m/014mlp	/education/educational_degree/people_with_this_degree./education/education/student	/m/0343h
/m/02fgmn	/education/educational_degree/people_with_this_degree./education/education/student	/m/0gmhd92
/m/014mlp	/education/educational_degree/people_with_this_degree./education/education/student	/m/027f7dj
/m/025rw19	/education/educational_degree/people_with_this_degree./education/education/institution	/m/08jwmp
/m/03lyp4	/education/educational_degree/people_with_this_degree./education/education/student	/m/02r5skp
/m/014mlp	/education/educational_degree/people_with_this_degree./education/education/student	/m/0pj8m
/m/01516r	/music/artist/album	/m/02scbv
/m/05f7snc	/music/artist/album	/m/01k4tds
/m/08mg_b	/location/location/contains	/m/06yqlf
/m/0280mv7	/location/location/contains	/m/03_xys
/m/01mkq	/education/field_of_study/students_majoring./education/education/student	/m/026gb3v
/m/01mkq	/education/field_of_study/students_majoring./education/education/specialization	/m/03ndd
/m/059wk	/education/educational_institution/students_graduates./education/education/student	/m/05fbcq
/m/027r8p	/film/actor/film./film/performance/film	/m/04jlgp
/m/059m45	/tv/tv_actor/guest_roles./tv/tv_guest_role/episodes_appeared_in	/m/064h0m
/m/0378zn	/film/actor/film./film/performance/character	/m/0clpml
/m/03h2c	/location/country/administrative_divisions	/m/071zb
/m/018dk_	/location/location/contains	/m/0756db
/m/02rxj	/location/location/contains	/m/02pn2k
/m/03h2c	/base/aareas/schema/administrative_area/administrative_children	/m/03hrz
/m/04xvh5	/film/film_genre/films_in_this_genre	/m/04knvh
/m/04xvh5	/film/film_genre/films_in_this_genre	/m/03bdkd
/m/04xvh5	/tv/tv_genre/programs	/m/017rbx
/m/059s8	/location/location/contains	/m/07z1m
/m/060c4	/location/location/contains	/m/048kss
/m/0212zp	/location/location/contains	/m/03r9nv
/m/05fly	/location/location/contains	/m/038csl
/m/05fly	/base/aareas/schema/administrative_area/administrative_children	/m/0z1l8
/m/027qgy	/location/location/contains	/m/02q9k9c
/m/05dppk	/tv/tv_network/programs./tv/tv_network_duration/program	/m/04__ry
/m/05xbx	/broadcast/producer/produces	/m/013rxq
/m/05zl0	/education/educational_institution/students_graduates./education/education/student	/m/0d0l91
/m/0ym4t	/education/educational_institution/students_graduates./education/education/student	/m/03m_7y
/m/05zl0	/education/educational_institution/students_graduates./education/education/student	/m/0bj9k
/m/0143hl	/education/educational_institution/students_graduates./education/education/student	/m/0280p4x
/m/02bq1j	/education/educational_institution/students_graduates./education/education/student	/m/0ddd_qg
/m/01bvx1	/education/educational_institution/students_graduates./education/education/student	/m/032hzz
/m/05zl0	/education/educational_institution/students_graduates./education/education/student	/m/02qmncd
/m/05zl0	/education/educational_institution/students_graduates./education/education/student	/m/01hxs4
/m/0f11p	/education/educational_institution/students_graduates./education/education/student	/m/0c3dr7
/m/01hhvg	/education/educational_institution/students_graduates./education/education/student	/m/0839fs
/m/06jk5_	/education/educational_institution/students_graduates./education/education/student	/m/01c5d5
/m/060ppp	/education/educational_institution/students_graduates./education/education/student	/m/07gwqj
/m/06mt91	/award/award_nominee/award_nominations./award/award_nomination/award_nominee	/m/050f0s
/m/06mt91	/award/award_nominee/award_nominations./award/award_nomination/award	/m/059_y8d
/m/06mt91	/award/award_winner/awards_won./award/award_honor/award_winner	/m/01_jky
/m/0727h	/base/culturalevent/event/entity_involved	/m/02nvg1
/m/076psv	/film/film_set_designer/film_sets_designed	/m/072r5v
/m/07wjk	/education/educational_institution/students_graduates./education/education/student	/m/016s0m
/m/07wjk	/education/educational_institution/subsidiary_or_constituent_schools	/m/035ktt
/m/07wjk	/business/employer/employees./business/employment_tenure/person	/m/06s6hs
/m/05zjtn4	/education/educational_institution/students_graduates./education/education/student	/m/07sy2g
/m/01x6d4	/education/educational_institution/students_graduates./education/education/student	/m/04ghp8d
/m/07wjk	/education/educational_institution/students_graduates./education/education/student	/m/02cbs0
/m/098s1	/medicine/symptom/symptom_of	/m/05t54s
/m/04rcr	/medicine/disease_cause/diseases	/m/02jrl1
/m/09hrc	/location/location/contains	/m/03qcq
/m/0n5_g	/base/aareas/schema/administrative_area/administrative_children	/m/04v242
/m/0d9kl	/film/film_character/portrayed_in_films./film/performance/film	/m/0ftqr
/m/03w94xt	/location/location/contains	/m/0f77dh
/m/0fx0j2	/location/location/contains	/m/02pvzc_
/m/01qvtwm	/music/genre/artists	/m/0fq0t14
/m/0fd3y	/music/genre/artists	/m/01flzq
/m/0d10d	/music/genre/artists	/m/01v75dg
/m/09l9xt	/location/location/contains	/m/0typj
/m/0n5fz	/location/location/contains	/m/01cycq
/m/044k8	/tv/tv_actor/starring_roles./tv/regular_tv_appearance/series	/m/0j641kt
/m/079dy	/music/genre/artists	/m/02vbmw
/m/025sc50	/music/genre/artists	/m/01rnpy
/m/04t_mf	/education/educational_degree/people_with_this_degree./education/education/student	/m/0465sdr
/m/047rgpy	/food/dietary_restriction/compatible_ingredients	/m/01x3mx
/m/031rx9	/food/dietary_restriction/compatible_ingredients	/m/025s187
/m/014g22	/food/dietary_restriction/compatible_ingredients	/m/0cj45
/m/03qncl3	/film/producer/film	/m/01x1cn2
/m/06c0j	/government/political_appointer/appointees./government/government_position_held/office_holder	/m/0421v9q
/m/06cqb	/music/genre/artists	/m/0641kkh
/m/06cqb	/music/genre/artists	/m/018p4y
/m/0jbk	/music/genre/artists	/m/03f7lms
/m/0pm85	/music/genre/artists	/m/01my5f8
/m/059gkk	/music/genre/artists	/m/01vx48m
/m/0f4vx0	/music/genre/artists	/m/03f6jpj
/m/039b5	/astronomy/celestial_object_category/objects	/m/06m7l6
/m/06ngk	/astronomy/celestial_object_category/objects	/m/04wv_
/m/06ngk	/astronomy/celestial_object_category/objects	/m/0cqbc
/m/06ngk	/astronomy/celestial_object_category/objects	/m/04wv_
/m/01wj18h	/music/artist/album	/m/0gjdyrz
/m/0837ql	/award/award_nominee/award_nominations./award/award_nomination/award	/m/042v2
/m/09w1n	/olympics/olympic_sport/athletes./olympics/olympic_athlete_affiliation/athlete	/m/0g2mbn
/m/0c41n	/people/ethnicity/people	/m/03rrdb
/m/0cyn3	/government/governmental_jurisdiction/governing_officials./government/government_position_held/basic_title	/m/01dz7z
/m/08849	/tv/tv_actor/starring_roles./tv/regular_tv_appearance/series	/m/0lhsvf4
/m/0gl2ny2	/people/profession/people_with_this_profession	/m/04pm6
/m/0gl2ny2	/people/profession/people_with_this_profession	/m/0vzm
/m/0n25q	/people/profession/people_with_this_profession	/m/01n263
/m/0gl2ny2	/people/profession/people_with_this_profession	/m/0333wf
/m/04fkg4	/people/profession/people_with_this_profession	/m/02qx2pv
/m/0d6_s	/people/profession/people_with_this_profession	/m/02892nf
/m/0gl2ny2	/people/profession/people_with_this_profession	/m/01518s
/m/07g2v	/people/profession/people_with_this_profession	/m/0412dv9
/m/02zjd	/people/profession/people_with_this_profession	/m/0cxmt2
/m/0gl2ny2	/people/profession/people_with_this_profession	/m/01t4p0
/m/0gl2ny2	/people/profession/people_with_this_profession	/m/0kvwh
/m/0h6rm	/education/educational_institution/students_graduates./education/education/student	/m/093jng
/m/0jpn8	/education/educational_institution/students_graduates./education/education/student	/m/04mlh8
/m/0m0jc	/music/genre/artists	/m/04228s
/m/01vz80y	/music/genre/artists	/m/08ztpc
/m/0m0jc	/music/genre/artists	/m/0ps1q
/m/02c7tb	/music/genre/artists	/m/01wdnks
/m/06rvn	/music/genre/artists	/m/0bhc8n_
/m/02pjxr	/music/genre/artists	/m/05f0s0
/m/0m0jc	/music/genre/artists	/m/0crlz
/m/0ckcvk	/location/location/contains	/m/0zyd6
/m/03yvgp	/music/genre/artists	/m/03f6jpj
/m/01bh3l	/location/location/contains	/m/016n7b
/m/01bh3l	/location/location/contains	/m/0bs5f0b
/m/0c3p7	/tv/tv_actor/starring_roles./tv/regular_tv_appearance/seasons	/m/05dqhx3
/m/01mtt	/cvg/cvg_genre/games	/m/06ztwyd
/m/01mtt	/cvg/cvg_genre/games	/m/0642v9q
/m/01tz3c	/tv/tv_genre/programs	/m/06pcz0
/m/024cg8	/education/educational_institution/students_graduates./education/education/student	/m/05183k
/m/026mff	/award/award_category/winners./award/award_honor/award_winner	/m/01fjz9
/m/01jtp7	/award/award_category/nominees./award/award_nomination/award_nominee	/m/08w_s8
/m/053ksp	/book/magazine_genre/magazines_in_this_genre	/m/04f94w
/m/02p4q92	/book/magazine_genre/magazines_in_this_genre	/m/047951
/m/01p79b	/education/educational_institution/students_graduates./education/education/student	/m/07zcd8
/m/041y2	/education/field_of_study/students_majoring./education/education/student	/m/0gppg
/m/0gsy3b	/education/field_of_study/students_majoring./education/education/student	/m/0byw7m
/m/04n7njg	/tv/tv_writer/episodes_written	/m/05z1_
/m/01x66d	/tv/tv_actor/starring_roles./tv/regular_tv_appearance/character	/m/09g6v3n
/m/04n7njg	/film/actor/film./film/performance/character	/m/0hnws
/m/02dq8f	/location/location/contains	/m/050cqz
/m/0gwgn1k	/location/location/contains	/m/030tyj
/m/05bcl	/location/location/contains	/m/05fw6t
/m/05f4p	/spaceflight/space_agency/astronauts	/m/023tp8
/m/0g2lq	/tv/tv_actor/guest_roles./tv/tv_guest_role/episodes_appeared_in	/m/0bkv8p
/m/0gldyz	/film/film/starring./film/performance/actor	/m/05n6sq
/m/0jbqf	/sports/sports_team/roster./sports/sports_team_roster/player	/m/01l1hr
/m/024y8p	/sports/sports_team/roster./sports/sports_team_roster/player	/m/02814j
/m/0xwj	/cvg/cvg_publisher/games_published	/m/02hjn4
/m/019vhk	/film/film/starring./film/performance/actor	/m/032nl2
/m/0m9_5	/music/record_label/artist	/m/019v3d
/m/012wvj	/music/record_label/artist	/m/01l7nlz
/m/0dy04	/music/record_label/artist	/m/02mm3n
/m/01tgwv	/award/award_category/nominees./award/award_nomination/nominated_for	/m/03g5_y
/m/0nbzp	/award/award_category/winners./award/award_honor/honored_for	/m/01w8wp
/m/03_1pg	/film/person_or_entity_appearing_in_film/films./film/personal_film_appearance/film	/m/063_q1y
/m/01wk7ql	/film/actor/film./film/performance/film	/m/02d9nr
/m/01nnsv	/award/award_nominee/award_nominations./award/award_nomination/nominated_for	/m/079t_g
/m/01y_rz	/award/award_winner/awards_won./award/award_honor/honored_for	/m/02tk74
/m/02qjv	/music/performance_role/track_performances./music/track_contribution/contributor	/m/0bmhvpr
/m/048kw	/location/location/contains	/m/0dx97
/m/03t97y	/location/location/contains	/m/02hvdp
/m/03zv2t	/location/location/contains	/m/0h38qt
/m/02kc4sf	/location/location/contains	/m/02qy179
/m/03hf_rm	/award/award_discipline/awards_in_this_discipline	/m/07667z
/m/04czgbh	/book/book_subject/works	/m/02x87pj
/m/04g51	/book/book_subject/works	/m/071t0
/m/04nfpk	/sports/sports_position/players./sports/sports_team_roster/team	/m/0p_qr
/m/06n6p	/book/book_subject/works	/m/0bzkvd
/m/034q3l	/film/film_genre/films_in_this_genre	/m/02wk56
/m/01pj_5	/film/film_genre/films_in_this_genre	/m/09n0nb
/m/02bh_v	/film/film_genre/films_in_this_genre	/m/03cg1fg
/m/09qbdc	/government/legislative_session/members./government/government_position_held/office_holder	/m/01rcm2
/m/0bmnm	/music/performance_role/regular_performances./music/group_membership/role	/m/028p0
/m/04cwcdb	/music/performance_role/track_performances./music/track_contribution/role	/m/07s7gc2
/m/02yvhx	/people/profession/people_with_this_profession	/m/07zyxk
/m/0fj9f	/people/profession/people_with_this_profession	/m/064f29
/m/068l3t	/people/profession/people_with_this_profession	/m/09gcvw4
/m/02yc5b	/people/profession/people_with_this_profession	/m/02xsz7
/m/015dcj	/people/profession/people_with_this_profession	/m/02x595f
/m/0fj9f	/people/profession/people_with_this_profession	/m/0fvwz
/m/0fj9f	/people/profession/people_with_this_profession	/m/02tzwd
/m/02mv9b	/people/profession/people_with_this_profession	/m/0cqdb1
/m/0fj9f	/people/profession/people_with_this_profession	/m/05cw8
/m/04zkj5	/people/profession/people_with_this_profession	/m/026nfdb
/m/0gx159f	/people/profession/people_with_this_profession	/m/0kt2b3
/m/02s2wq	/people/profession/people_with_this_profession	/m/03c9hmx
/m/0fj9f	/people/profession/people_with_this_profession	/m/02g9z1
/m/0fj9f	/people/profession/people_with_this_profession	/m/01p_ly
/m/0fj9f	/people/profession/people_with_this_profession	/m/02d_zc
/m/017b2p	/people/profession/people_with_this_profession	/m/02rjzd0
/m/0gjvqm	/people/profession/people_with_this_profession	/m/058yl3
/m/0fj9f	/people/profession/people_with_this_profession	/m/02whj
/m/01m3dv	/people/profession/people_with_this_profession	/m/02rkpx1
/m/0fj9f	/people/profession/people_with_this_profession	/m/0s3pw
/m/0cv3w	/people/profession/people_with_this_profession	/m/0ky88
/m/01s_d4	/people/profession/people_with_this_profession	/m/0cvxns
/m/0f5kw7	/people/profession/people_with_this_profession	/m/02q9db6
/m/0fj9f	/people/profession/people_with_this_profession	/m/04jt2
/m/04b2qn	/people/profession/people_with_this_profession	/m/0brxwz
/m/0fj9f	/people/profession/people_with_this_profession	/m/01tsbmv
/m/0fj9f	/people/profession/people_with_this_profession	/m/03459x
/m/02056s	/people/profession/people_with_this_profession	/m/02x7n88
/m/02bvt	/people/profession/people_with_this_profession	/m/0ksb0h
/m/0frm7n	/people/profession/people_with_this_profession	/m/03y40p4
/m/09gvd	/people/profession/people_with_this_profession	/m/035vw8
/m/02pzy52	/people/profession/people_with_this_profession	/m/076_pv
/m/05q96q6	/people/profession/people_with_this_profession	/m/07qm7x
/m/0fj9f	/people/profession/people_with_this_profession	/m/0fvly
/m/02pjxr	/people/profession/people_with_this_profession	/m/0465sdr
/m/05qck	/people/profession/people_with_this_profession	/m/02l9kb
/m/017959	/people/profession/people_with_this_profession	/m/04sv7z
/m/02l101	/people/profession/people_with_this_profession	/m/0cqydb
/m/02qkt	/people/profession/people_with_this_profession	/m/0c491h
/m/0fj9f	/people/profession/people_with_this_profession	/m/0cp0790
/m/0fj9f	/people/profession/people_with_this_profession	/m/021npv
/m/0fj9f	/people/profession/people_with_this_profession	/m/01jzxy
/m/03ctv8m	/people/profession/people_with_this_profession	/m/01ctw_
/m/0fj9f	/people/profession/people_with_this_profession	/m/02b19t
/m/05pcjw	/people/profession/people_with_this_profession	/m/026fnxt
/m/0fj9f	/people/profession/people_with_this_profession	/m/01750n
/m/0fj9f	/people/profession/people_with_this_profession	/m/03zw80
/m/01gssz	/people/profession/people_with_this_profession	/m/07nzw5
/m/0fj9f	/people/profession/people_with_this_profession	/m/03cfjg
/m/023322	/people/profession/people_with_this_profession	/m/097vtn
/m/03c5bz	/people/profession/people_with_this_profession	/m/02mh2j
/m/0fj9f	/people/profession/people_with_this_profession	/m/0jq2r
/m/0fj9f	/people/profession/people_with_this_profession	/m/089g0h
/m/0fj9f	/people/profession/people_with_this_profession	/m/01nr36
/m/0fj9f	/people/profession/people_with_this_profession	/m/02my3z
/m/02p4q92	/people/profession/people_with_this_profession	/m/086v28
/m/0fj9f	/people/profession/people_with_this_profession	/m/0ljl8
/m/02wzl1d	/people/profession/people_with_this_profession	/m/02qrdl1
/m/0k049	/people/profession/people_with_this_profession	/m/0466ls4
/m/0fj9f	/people/profession/people_with_this_profession	/m/06bzwt
/m/0bl1_	/people/profession/people_with_this_profession	/m/0ksgxj
/m/050r1z	/people/profession/people_with_this_profession	/m/02z6gl8
/m/01qbl	/people/profession/people_with_this_profession	/m/0d8t62
/m/02cnqk	/people/profession/people_with_this_profession	/m/027971v
/m/060j8b	/people/profession/people_with_this_profession	/m/02z2qr5
/m/05pd94v	/people/profession/people_with_this_profession	/m/02rkth3
/m/0fj9f	/people/profession/people_with_this_profession	/m/03qd_
/m/0p07l	/people/profession/people_with_this_profession	/m/044_y7
/m/0cnztc4	/people/profession/people_with_this_profession	/m/0d5lfg
/m/0fj9f	/people/profession/people_with_this_profession	/m/01m8dg
/m/07fq1y	/people/profession/people_with_this_profession	/m/02pyv6t
/m/098phg	/people/profession/people_with_this_profession	/m/023v2
/m/0fj9f	/people/profession/people_with_this_profession	/m/01s7zw
/m/0fj9f	/people/profession/people_with_this_profession	/m/01kf3_9
/m/0fj9f	/people/profession/people_with_this_profession	/m/03wkwg
/m/0fj9f	/people/profession/people_with_this_profession	/m/09txzv
/m/0fj9f	/people/profession/people_with_this_profession	/m/03zb6t
/m/058vp	/people/profession/people_with_this_profession	/m/01ymfq
/m/0fj9f	/people/profession/people_with_this_profession	/m/03f5k
/m/0fj9f	/people/profession/people_with_this_profession	/m/0bzlrh
/m/0fj9f	/people/profession/people_with_this_profession	/m/048j4l
/m/0fj9f	/people/profession/people_with_this_profession	/m/02d45s
/m/0fj9f	/people/profession/people_with_this_profession	/m/0h1yf
/m/07g9f	/people/profession/people_with_this_profession	/m/027n95b
/m/0fj9f	/people/profession/people_with_this_profession	/m/03x6rj
/m/0fj9f	/people/profession/people_with_this_profession	/m/01f8ld
/m/0fj9f	/people/profession/people_with_this_profession	/m/020yvh
/m/0fj9f	/people/profession/people_with_this_profession	/m/02_fj
/m/0nm9y	/people/profession/people_with_this_profession	/m/02q4pn4
/m/0h03fhx	/people/profession/people_with_this_profession	/m/01vtpx
/m/0fj9f	/people/profession/people_with_this_profession	/m/044f7
/m/028dcg	/people/profession/people_with_this_profession	/m/02rgp49
/m/01_d4	/people/profession/people_with_this_profession	/m/01r1w3
/m/0264jc6	/people/profession/people_with_this_profession	/m/02tn9z
/m/0fj9f	/people/profession/people_with_this_profession	/m/09rp4r_
/m/09f5vv	/people/profession/people_with_this_profession	/m/03xs14
/m/04knh6	/people/profession/people_with_this_profession	/m/02rk9q0
/m/0fj9f	/people/profession/people_with_this_profession	/m/05prj
/m/03nsm5x	/people/profession/people_with_this_profession	/m/0cqj3j
/m/0fj9f	/people/profession/people_with_this_profession	/m/033rq
/m/0kcrd	/people/profession/people_with_this_profession	/m/0g1rzb
/m/03xpx0	/people/profession/people_with_this_profession	/m/0bb406
/m/01cyd5	/people/profession/people_with_this_profession	/m/06xn1p
/m/0fj9f	/people/profession/people_with_this_profession	/m/0c9xjl
/m/0fj9f	/people/profession/people_with_this_profession	/m/02xtxw
/m/03fhjz	/people/profession/people_with_this_profession	/m/026g4wy
/m/04954	/people/profession/people_with_this_profession	/m/03d2_w8
/m/0fj9f	/people/profession/people_with_this_profession	/m/01lyv
/m/04nz3	/people/profession/people_with_this_profession	/m/02rkbxw
/m/0fj9f	/people/profession/people_with_this_profession	/m/03plfd
/m/016ghw	/people/profession/people_with_this_profession	/m/03cdlcg
/m/0fj9f	/people/profession/people_with_this_profession	/m/0hd7j
/m/0fj9f	/people/profession/people_with_this_profession	/m/033g0y
/m/0fj9f	/people/profession/people_with_this_profession	/m/014x77
/m/0fj9f	/people/profession/people_with_this_profession	/m/07vfz
/m/082pc	/people/profession/people_with_this_profession	/m/0584y9
/m/0fj9f	/people/profession/people_with_this_profession	/m/090gk3
/m/0mpfn	/people/profession/people_with_this_profession	/m/09x181
/m/06mm1x	/people/profession/people_with_this_profession	/m/046yw7
/m/0fj9f	/people/profession/people_with_this_profession	/m/05zr0xl
/m/0294zg	/people/profession/people_with_this_profession	/m/05h0l9
/m/03f1zdw	/people/profession/people_with_this_profession	/m/02phm7w
/m/09wz9	/people/profession/people_with_this_profession	/m/02qk22k
/m/0fj9f	/people/profession/people_with_this_profession	/m/02qvzf
/m/0yjvm	/people/profession/people_with_this_profession	/m/08gngx
/m/026kds	/people/profession/people_with_this_profession	/m/0124t3
/m/0fj9f	/people/profession/people_with_this_profession	/m/090q8l
/m/0fj9f	/people/profession/people_with_this_profession	/m/03wjb7
/m/0fj9f	/people/profession/people_with_this_profession	/m/01rgr
/m/0fj9f	/people/profession/people_with_this_profession	/m/03n93
/m/0fj9f	/people/profession/people_with_this_profession	/m/012dtf
/m/0fj9f	/people/profession/people_with_this_profession	/m/03kx49
/m/0fj9f	/people/profession/people_with_this_profession	/m/0h95927
/m/0q9jk	/people/profession/people_with_this_profession	/m/07pm6q
/m/07l8f	/people/profession/people_with_this_profession	/m/066qvg
/m/0mm0p	/people/profession/people_with_this_profession	/m/01zqvr
/m/04mkbj	/people/profession/people_with_this_profession	/m/09g9y65
/m/0fj9f	/people/profession/people_with_this_profession	/m/04kqk
/m/05zksls	/people/profession/people_with_this_profession	/m/08hbx4
/m/0fj9f	/people/profession/people_with_this_profession	/m/015ln1
/m/03ff65	/people/profession/people_with_this_profession	/m/0263y0
/m/01sg7_	/people/profession/people_with_this_profession	/m/02qlkb2
/m/03c0vy	/people/profession/people_with_this_profession	/m/05t87y
/m/0fj9f	/people/profession/people_with_this_profession	/m/04y652m
/m/0fj9f	/people/profession/people_with_this_profession	/m/02g0mx
/m/02xgdv	/people/profession/people_with_this_profession	/m/03ct0tf
/m/04344j	/tv/tv_genre/programs	/m/092b8q
/m/017cw	/government/governmental_jurisdiction/governing_officials./government/government_position_held/office_holder	/m/04j3t98
/m/01cx_	/location/location/contains	/m/02y5kn
/m/0522wp	/location/location/contains	/m/04646yk
/m/0hyyq	/music/genre/artists	/m/02pyg6
/m/01znc_	/olympics/olympic_participating_country/athletes./olympics/olympic_athlete_affiliation/athlete	/m/025_ql1
/m/01p1v	/olympics/olympic_participating_country/athletes./olympics/olympic_athlete_affiliation/athlete	/m/0k0ksbg
/m/01znc_	/location/location/contains	/m/0jmcv
/m/01znc_	/location/location/contains	/m/011pcj
/m/09kzxt	/award/award_winner/awards_won./award/award_honor/award_winner	/m/02qcpzb
/m/02pkpfs	/award/award_nominee/award_nominations./award/award_nomination/award_nominee	/m/03hzl42
/m/02rxbmt	/award/award_nominee/award_nominations./award/award_nomination/award	/m/0mj1l
/m/0ql86	/award/award_winner/awards_won./award/award_honor/award	/m/0fq1lnw
/m/01gx5f	/music/genre/artists	/m/0164fj
/m/06rqw	/music/genre/artists	/m/02dk5q
/m/017g21	/music/genre/artists	/m/01k05sm
/m/03m6j	/education/educational_institution/students_graduates./education/education/student	/m/05k8hd
/m/08_yl1	/film/film/costume_design_by	/m/0fyjjm
/m/0xnt5	/location/location/contains	/m/093dqjy
/m/01x5fb	/music/record_label/artist	/m/019v3d
/m/015_1q	/music/record_label/artist	/m/03vrnh
/m/0dplh	/music/record_label/artist	/m/08w_s8
/m/01nrnm	/music/record_label/artist	/m/09gqb4j
/m/02bb47	/music/record_label/artist	/m/02pyg6
/m/05hf_5	/education/educational_institution/students_graduates./education/education/student	/m/0c44s7
/m/01dq5z	/education/educational_institution/students_graduates./education/education/student	/m/0m9c1
/m/01gz9n	/film/producer/film	/m/0f485
/m/01jq0j	/education/educational_institution/students_graduates./education/education/student	/m/07lwsz
/m/025vry	/business/employer/employees./business/employment_tenure/person	/m/02qtrb7
/m/01r3y2	/business/employer/employees./business/employment_tenure/person	/m/0kvjrw
/m/021dvj	/music/genre/artists	/m/01vw26l
/m/03r8v_	/award/award_nominee/award_nominations./award/award_nomination/award	/m/03r67k
/m/02b1d0	/education/field_of_study/students_majoring./education/education/student	/m/03jy3w
/m/02zhkz	/tv/tv_actor/guest_roles./tv/tv_guest_role/episodes_appeared_in	/m/064h0m
/m/0n6dc	/tv/tv_network/programs./tv/tv_network_duration/program	/m/05h2nmj
/m/018x3	/location/location/contains	/m/069tsm
/m/08849	/location/location/contains	/m/05q7_yn
/m/0fw2y	/government/governmental_jurisdiction/governing_officials./government/government_position_held/office_holder	/m/02qkny
/m/023s8	/media_common/netflix_genre/titles	/m/04j160l
/m/05v8c	/location/location/contains	/m/01_rh4
/m/05v8c	/organization/organization_scope/organizations_with_this_scope	/m/0171c7
/m/05v8c	/location/location/contains	/m/0flj39
/m/084w8	/location/location/contains	/m/02724x
/m/062zm5h	/film/film/starring./film/performance/character	/m/0d9kl
/m/069ld1	/tv/tv_actor/starring_roles./tv/regular_tv_appearance/series	/m/01f07x
/m/06x4c	/symbols/name_source/namesakes	/m/0c3vbq
/m/06r4f	/book/book_subject/works	/m/04t1gfy
/m/09dhj	/tv/tv_genre/programs	/m/02b0y3
/m/09dhj	/book/book_subject/works	/m/016yr0
/m/09dhj	/book/book_subject/works	/m/05hdf
/m/02_1ky	/film/actor/film./film/performance/film	/m/0cd3jr
/m/01mh8zn	/film/music_contributor/film	/m/09prlz
/m/0f38nv	/government/political_party/politicians_in_this_party./government/political_party_tenure/politician	/m/0c7c5b
/m/0d075m	/government/political_party/politicians_in_this_party./government/political_party_tenure/politician	/m/09dvgb8
/m/07vj4v	/government/political_party/politicians_in_this_party./government/political_party_tenure/politician	/m/04qwb1
/m/04nc_7	/government/political_party/politicians_in_this_party./government/political_party_tenure/politician	/m/02rm4s4
/m/01vmv_	/government/political_party/politicians_in_this_party./government/political_party_tenure/politician	/m/03g2ls
/m/0d075m	/government/political_party/politicians_in_this_party./government/political_party_tenure/politician	/m/025xt8y
/m/0d075m	/government/political_party/politicians_in_this_party./government/political_party_tenure/politician	/m/03mz9r
/m/0d075m	/government/political_party/politicians_in_this_party./government/political_party_tenure/politician	/m/02g9z1
/m/0d075m	/government/political_party/politicians_in_this_party./government/political_party_tenure/politician	/m/01xpxv
/m/0c9blh	/government/political_party/politicians_in_this_party./government/political_party_tenure/politician	/m/0cb5gq
/m/02bvc5	/government/political_party/politicians_in_this_party./government/political_party_tenure/politician	/m/0cwlyd
/m/0d075m	/government/political_party/politicians_in_this_party./government/political_party_tenure/politician	/m/026c1
/m/0d075m	/government/political_party/politicians_in_this_party./government/political_party_tenure/politician	/m/0n839
/m/0d075m	/government/political_party/politicians_in_this_party./government/political_party_tenure/politician	/m/05bpg3
/m/02lw5z	/government/political_party/politicians_in_this_party./government/political_party_tenure/politician	/m/075l2b
/m/0d075m	/government/political_party/politicians_in_this_party./government/political_party_tenure/politician	/m/086nl7
/m/041p3y	/government/political_party/politicians_in_this_party./government/political_party_tenure/politician	/m/03d11gf
/m/02hp70	/government/political_party/politicians_in_this_party./government/political_party_tenure/politician	/m/057gwv
/m/0d075m	/government/political_party/politicians_in_this_party./government/political_party_tenure/politician	/m/0177g
/m/02zy1z	/government/political_party/politicians_in_this_party./government/political_party_tenure/politician	/m/062bt_
/m/0d075m	/government/political_party/politicians_in_this_party./government/political_party_tenure/politician	/m/01c8v0
/m/09b_0m	/government/political_party/politicians_in_this_party./government/political_party_tenure/politician	/m/07zyxk
/m/0d075m	/government/political_party/politicians_in_this_party./government/political_party_tenure/politician	/m/042z_g
/m/0d075m	/government/political_party/politicians_in_this_party./government/political_party_tenure/politician	/m/09ykwk
/m/018p5f	/government/political_party/politicians_in_this_party./government/political_party_tenure/politician	/m/03zcp2
/m/0d075m	/government/political_party/politicians_in_this_party./government/political_party_tenure/politician	/m/03p9hl
/m/0d075m	/government/political_party/politicians_in_this_party./government/political_party_tenure/politician	/m/04j5fx
/m/0d075m	/government/political_party/politicians_in_this_party./government/political_party_tenure/politician	/m/03mfqm
/m/01tntf	/government/political_party/politicians_in_this_party./government/political_party_tenure/politician	/m/03xs14
/m/013719	/government/political_party/politicians_in_this_party./government/political_party_tenure/politician	/m/0cxf70
/m/07733f	/government/political_party/politicians_in_this_party./government/political_party_tenure/politician	/m/01d205
/m/0d075m	/government/political_party/politicians_in_this_party./government/political_party_tenure/politician	/m/01x2tm8
/m/02fzs	/government/political_party/politicians_in_this_party./government/political_party_tenure/politician	/m/03mf494
/m/0259r0	/protected_sites/natural_or_cultural_site_designation/sites./protected_sites/natural_or_cultural_site_listing/listed_site	/m/0fqxwc
/m/0byh8j	/protected_sites/natural_or_cultural_site_designation/sites./protected_sites/natural_or_cultural_site_listing/listed_site	/m/02z1h_k
/m/0h52w	/protected_sites/natural_or_cultural_site_designation/sites./protected_sites/natural_or_cultural_site_listing/listed_site	/m/043q2z
/m/0h52w	/protected_sites/natural_or_cultural_site_designation/sites./protected_sites/natural_or_cultural_site_listing/listed_site	/m/0g_gl
/m/012dtf	/protected_sites/natural_or_cultural_site_designation/sites./protected_sites/natural_or_cultural_site_listing/listed_site	/m/06zn60w
/m/0h52w	/protected_sites/natural_or_cultural_site_designation/sites./protected_sites/natural_or_cultural_site_listing/listed_site	/m/0nm6z
/m/0260p2	/protected_sites/natural_or_cultural_site_designation/sites./protected_sites/natural_or_cultural_site_listing/listed_site	/m/047n1z5
/m/0h52w	/protected_sites/natural_or_cultural_site_designation/sites./protected_sites/natural_or_cultural_site_listing/listed_site	/m/05zhg
/m/01k5y0	/protected_sites/natural_or_cultural_site_designation/sites./protected_sites/natural_or_cultural_site_listing/listed_site	/m/05f5pvh
/m/01twdk	/protected_sites/natural_or_cultural_site_designation/sites./protected_sites/natural_or_cultural_site_listing/listed_site	/m/06416mb
/m/0277990	/protected_sites/natural_or_cultural_site_designation/sites./protected_sites/natural_or_cultural_site_listing/listed_site	/m/04y9lr2
/m/0h52w	/protected_sites/natural_or_cultural_site_designation/sites./protected_sites/natural_or_cultural_site_listing/listed_site	/m/06pwq
/m/0h52w	/protected_sites/natural_or_cultural_site_designation/sites./protected_sites/natural_or_cultural_site_listing/listed_site	/m/07ylj
/m/0h52w	/protected_sites/natural_or_cultural_site_designation/sites./protected_sites/natural_or_cultural_site_listing/listed_site	/m/03gdf1
/m/01k5zk	/protected_sites/natural_or_cultural_site_designation/sites./protected_sites/natural_or_cultural_site_listing/listed_site	/m/0462plh
/m/067xd	/protected_sites/natural_or_cultural_site_designation/sites./protected_sites/natural_or_cultural_site_listing/listed_site	/m/092456
/m/0h52w	/protected_sites/natural_or_cultural_site_designation/sites./protected_sites/natural_or_cultural_site_listing/listed_site	/m/0n5yv
/m/01lk31	/protected_sites/natural_or_cultural_site_designation/sites./protected_sites/natural_or_cultural_site_listing/listed_site	/m/03ns_sc
/m/0h52w	/protected_sites/natural_or_cultural_site_designation/sites./protected_sites/natural_or_cultural_site_listing/listed_site	/m/04hgpt
/m/0h52w	/protected_sites/natural_or_cultural_site_designation/sites./protected_sites/natural_or_cultural_site_listing/listed_site	/m/0jrjb
/m/040_t	/protected_sites/natural_or_cultural_site_designation/sites./protected_sites/natural_or_cultural_site_listing/listed_site	/m/0blr4
/m/08xz51	/protected_sites/natural_or_cultural_site_designation/sites./protected_sites/natural_or_cultural_site_listing/listed_site	/m/0bg91y
/m/0h52w	/protected_sites/natural_or_cultural_site_designation/sites./protected_sites/natural_or_cultural_site_listing/listed_site	/m/0dy04
/m/0y1rf	/protected_sites/natural_or_cultural_site_designation/sites./protected_sites/natural_or_cultural_site_listing/listed_site	/m/03bxvpm
/m/0xmp9	/protected_sites/natural_or_cultural_site_designation/sites./protected_sites/natural_or_cultural_site_listing/listed_site	/m/0q40sdw
/m/016z2j	/protected_sites/natural_or_cultural_site_designation/sites./protected_sites/natural_or_cultural_site_listing/listed_site	/m/047czgy
/m/01l2m3	/protected_sites/natural_or_cultural_site_designation/sites./protected_sites/natural_or_cultural_site_listing/listed_site	/m/047mvtk
/m/0ck91	/protected_sites/natural_or_cultural_site_designation/sites./protected_sites/natural_or_cultural_site_listing/listed_site	/m/04glz8c
/m/03bxz7	/protected_sites/natural_or_cultural_site_designation/sites./protected_sites/natural_or_cultural_site_listing/listed_site	/m/01tckg
/m/0h52w	/protected_sites/natural_or_cultural_site_designation/sites./protected_sites/natural_or_cultural_site_listing/listed_site	/m/029d_
/m/0h52w	/protected_sites/natural_or_cultural_site_designation/sites./protected_sites/natural_or_cultural_site_listing/listed_site	/m/05vz3zq
/m/0h52w	/protected_sites/natural_or_cultural_site_designation/sites./protected_sites/natural_or_cultural_site_listing/listed_site	/m/01213c
/m/0h52w	/protected_sites/natural_or_cultural_site_designation/sites./protected_sites/natural_or_cultural_site_listing/listed_site	/m/01ppq
/m/0prfz	/protected_sites/natural_or_cultural_site_designation/sites./protected_sites/natural_or_cultural_site_listing/listed_site	/m/04f2tn9
/m/0h52w	/protected_sites/natural_or_cultural_site_designation/sites./protected_sites/natural_or_cultural_site_listing/listed_site	/m/0fkbh
/m/065zr	/protected_sites/natural_or_cultural_site_designation/sites./protected_sites/natural_or_cultural_site_listing/listed_site	/m/02w2q3y
/m/0p98z	/protected_sites/natural_or_cultural_site_designation/sites./protected_sites/natural_or_cultural_site_listing/listed_site	/m/06_f1jv
/m/0h52w	/protected_sites/natural_or_cultural_site_designation/sites./protected_sites/natural_or_cultural_site_listing/listed_site	/m/0n5bk
/m/02l_7y	/protected_sites/natural_or_cultural_site_designation/sites./protected_sites/natural_or_cultural_site_listing/listed_site	/m/04lfl0z
/m/03ttfc	/protected_sites/natural_or_cultural_site_designation/sites./protected_sites/natural_or_cultural_site_listing/listed_site	/m/04n0w00
/m/0lv1x	/protected_sites/natural_or_cultural_site_designation/sites./protected_sites/natural_or_cultural_site_listing/listed_site	/m/026g0db
/m/0h52w	/protected_sites/natural_or_cultural_site_designation/sites./protected_sites/natural_or_cultural_site_listing/listed_site	/m/0m5pn
/m/0h52w	/protected_sites/natural_or_cultural_site_designation/sites./protected_sites/natural_or_cultural_site_listing/listed_site	/m/0xt3t
/m/0h52w	/protected_sites/natural_or_cultural_site_designation/sites./protected_sites/natural_or_cultural_site_listing/listed_site	/m/0n6c_
/m/015x74	/protected_sites/natural_or_cultural_site_designation/sites./protected_sites/natural_or_cultural_site_listing/listed_site	/m/0c7slv
/m/011s0	/book/periodical_subject/periodicals	/m/04f94w
/m/0n85g	/music/record_label/artist	/m/01j53q
/m/0d_rw	/organization/organization/founders	/m/099kyz
/m/012qjw	/organization/organization_founder/organizations_founded	/m/05dh12
/m/0219q	/tv/tv_actor/guest_roles./tv/tv_guest_role/episodes_appeared_in	/m/0gxsyq0
/m/01kymm	/tv/tv_actor/starring_roles./tv/regular_tv_appearance/series	/m/06rrzn
/m/01s1zk	/film/actor/film./film/performance/film	/m/019tfz
/m/01s1zk	/film/person_or_entity_appearing_in_film/films./film/personal_film_appearance/film	/m/01nty
/m/01ttg5	/award/award_nominee/award_nominations./award/award_nomination/nominated_for	/m/0d3mlc
/m/0xxc	/award/award_winner/awards_won./award/award_honor/honored_for	/m/079t_g
/m/025ttz4	/education/educational_institution/students_graduates./education/education/student	/m/01s3kv
/m/0283ph	/tv/tv_program/episodes	/m/01qvtwm
/m/04rkkv	/government/legislative_session/members./government/government_position_held/office_holder	/m/01rcm2
/m/01zxzp	/cvg/cvg_genre/games	/m/03lk0j
/m/02hygl	/cvg/cvg_genre/games	/m/06506j
/m/03hf_rm	/cvg/cvg_genre/games	/m/0d2j6d
/m/02hygl	/cvg/cvg_genre/games	/m/06506j
/m/01fpdh	/music/genre/artists	/m/0dln5g4
/m/035yg	/olympics/olympic_participating_country/athletes./olympics/olympic_athlete_affiliation/athlete	/m/0js9s
/m/0418ft	/film/actor/film./film/performance/film	/m/09cvbq
/m/02clgg	/business/employer/employees./business/employment_tenure/person	/m/027hg0c
/m/052nd	/education/educational_institution/students_graduates./education/education/student	/m/01vvyvk
/m/02hmw9	/education/educational_institution/students_graduates./education/education/student	/m/03c5h6n
/m/052nd	/education/educational_institution/students_graduates./education/education/student	/m/019n7x
/m/03pmfw	/education/educational_institution/students_graduates./education/education/student	/m/0d5nk9
/m/018t8f	/education/educational_institution/students_graduates./education/education/student	/m/03cx9mc
/m/052nd	/education/educational_institution/students_graduates./education/education/student	/m/02mhfy
/m/01gfq4	/education/educational_institution/students_graduates./education/education/student	/m/027hg0c
/m/05fjf	/location/location/contains	/m/0gwlfnb
/m/05fjf	/location/location/contains	/m/04qk12
/m/05fjf	/location/location/contains	/m/0300ml
/m/05fjf	/location/location/contains	/m/0382m4
/m/05fjf	/location/location/contains	/m/01qzyz
/m/04gcyg	/location/location/contains	/m/0xr1v
/m/02cvp8	/location/location/contains	/m/09jtgw
/m/0z74	/location/location/contains	/m/09jx57
/m/05xvj	/sports/sports_team/roster./sports/sports_team_roster/player	/m/0ggl02
/m/05xvj	/sports/sports_team/roster./sports/sports_team_roster/player	/m/023kzp
/m/09j9h	/people/profession/people_with_this_profession	/m/0d_skg
/m/09j9h	/people/profession/people_with_this_profession	/m/022fhd
/m/09j9h	/people/profession/people_with_this_profession	/m/02m0sc
/m/0jsg0m	/people/profession/people_with_this_profession	/m/03g8c4
/m/09j9h	/people/profession/people_with_this_profession	/m/0d10d
/m/0k3jq	/people/profession/people_with_this_profession	/m/02py_h7
/m/041p3y	/people/profession/people_with_this_profession	/m/0155z8
/m/09j9h	/people/profession/people_with_this_profession	/m/0blq0z
/m/09j9h	/people/profession/people_with_this_profession	/m/05nwfr
/m/09j9h	/people/profession/people_with_this_profession	/m/03xj05
/m/019x4f	/people/profession/people_with_this_profession	/m/05qzvc
/m/09j9h	/people/profession/people_with_this_profession	/m/0cc8l6d
/m/0l2k7	/people/place_of_interment/interred_here	/m/043s8lr
/m/0d0xs5	/award/award_winner/awards_won./award/award_honor/award_winner	/m/09sdmz
/m/0d0xs5	/award/award_nominee/award_nominations./award/award_nomination/award_nominee	/m/06gst
/m/0453t	/people/family/members	/m/02xc4vd
/m/0d2mh7	/royalty/royal_line/monarchs_from_this_line	/m/0cmpn
/m/0wzm	/user/radiusrs/default_domain/astrology/related_topics	/m/02664f
/m/0164v	/organization/organization_scope/organizations_with_this_scope	/m/01jj4x
/m/01clyb	/education/educational_institution/students_graduates./education/education/student	/m/030g9z
/m/036921	/cvg/cvg_developer/games_developed	/m/02q_t8_
/m/0hkqn	/cvg/cvg_publisher/games_published	/m/02q_t8_
/m/01g901	/government/political_ideology/political_parties	/m/0by292
/m/02_1kl	/government/political_ideology/political_parties	/m/02qfb0h
/m/01vs14j	/film/person_or_entity_appearing_in_film/films./film/personal_film_appearance/film	/m/0f2v0
/m/011lvx	/film/music_contributor/film	/m/09h95g
/m/0234pg	/film/actor/film./film/performance/film	/m/02qkwl
/m/01z9v6	/sports/sports_position/players./sports/sports_team_roster/player	/m/06xvwt
/m/02g_6x	/baseball/baseball_position/players	/m/07pw6_
/m/01snvb	/baseball/baseball_position/players	/m/06pctwm
/m/08ns5s	/baseball/baseball_position/players	/m/06xvwt
/m/02lyr4	/baseball/baseball_position/players	/m/03xnq9_
/m/02lyr4	/baseball/baseball_position/players	/m/01934k
/m/0bgv8y	/baseball/baseball_position/players	/m/03y8zmf
/m/02lyr4	/baseball/baseball_position/players	/m/0884fm
/m/02lyr4	/baseball/baseball_position/players	/m/057176
/m/02lyr4	/baseball/baseball_position/players	/m/01xdf5
/m/03h42s4	/baseball/baseball_position/players	/m/026cvcz
/m/02lyr4	/baseball/baseball_position/players	/m/01nn6c
/m/047g8h	/baseball/baseball_position/players	/m/0gvt4n1
/m/0345_	/location/location/contains	/m/07vk2
/m/03s7h	/base/schemastaging/organization_extra/phone_number./base/schemastaging/phone_sandbox/product_or_service	/m/01nd2c
/m/04yqlk	/tv/tv_actor/guest_roles./tv/tv_guest_role/episodes_appeared_in	/m/01w724
/m/031rx9	/education/educational_institution/students_graduates./education/education/student	/m/0h962tx
/m/05krk	/education/educational_institution/students_graduates./education/education/student	/m/0h25
/m/05krk	/education/educational_institution/students_graduates./education/education/student	/m/01qvtwm
/m/05krk	/education/educational_institution/students_graduates./education/education/student	/m/02y0dd
/m/03558l	/business/employer/employees./business/employment_tenure/person	/m/02qwwqs
/m/05krk	/education/educational_institution/students_graduates./education/education/student	/m/02d9k
/m/05krk	/education/educational_institution/students_graduates./education/education/student	/m/02g0rb
/m/01pfkw	/film/producer/films_executive_produced	/m/0c9jj9
/m/07jwr	/people/cause_of_death/people	/m/017w_
/m/017jd9	/people/cause_of_death/people	/m/0kfj2
/m/0z07	/media_common/netflix_genre/titles	/m/08l8dnc
/m/0n9dn	/film/film_genre/films_in_this_genre	/m/02wk56
/m/0564x	/media_common/netflix_genre/titles	/m/026_6ms
/m/02b25y	/film/film_genre/films_in_this_genre	/m/01d1_s
/m/037n97	/tv/tv_genre/programs	/m/05mv99z
/m/07q0m	/tv/tv_genre/programs	/m/03nrpxx
/m/07s9rl0	/film/film_genre/films_in_this_genre	/m/0nzlp
/m/07xtqq	/tv/tv_genre/programs	/m/07s8xtc
/m/07s9rl0	/film/film_genre/films_in_this_genre	/m/059_c
/m/07s9rl0	/film/film_genre/films_in_this_genre	/m/06bzwt
/m/0dqmt0	/tv/tv_genre/programs	/m/0c2yz5
/m/04gb7	/film/film_genre/films_in_this_genre	/m/044vd3
/m/027kwc	/film/film_genre/films_in_this_genre	/m/0447rg
/m/07s9rl0	/film/film_genre/films_in_this_genre	/m/014_lq
/m/07s9rl0	/film/film_genre/films_in_this_genre	/m/035tjy
/m/07s9rl0	/film/film_genre/films_in_this_genre	/m/02s529
/m/07s9rl0	/film/film_genre/films_in_this_genre	/m/034hck
/m/02p21g	/film/film_genre/films_in_this_genre	/m/0cqnq8
/m/07s9rl0	/film/film_genre/films_in_this_genre	/m/0f1nl
/m/07s9rl0	/film/film_genre/films_in_this_genre	/m/01n244
/m/07s9rl0	/media_common/netflix_genre/titles	/m/0l_v1
/m/07s9rl0	/film/film_genre/films_in_this_genre	/m/0hz28
/m/05vjt6	/tv/tv_genre/programs	/m/0267wtr
/m/07s9rl0	/film/film_genre/films_in_this_genre	/m/01mvpv
/m/07s9rl0	/film/film_genre/films_in_this_genre	/m/02y0yt
/m/07s9rl0	/film/film_genre/films_in_this_genre	/m/032ft5
/m/07q68q	/film/film_genre/films_in_this_genre	/m/0822j
/m/07s9rl0	/film/film_genre/films_in_this_genre	/m/024tv_
/m/0969fd	/film/film_genre/films_in_this_genre	/m/0h1f05q
/m/0c73z	/film/film_genre/films_in_this_genre	/m/0ghhd7x
/m/05pb534	/tv/tv_genre/programs	/m/07s418
/m/0g0z58	/film/film_genre/films_in_this_genre	/m/054_8k
/m/07s9rl0	/film/film_genre/films_in_this_genre	/m/0fr9jp
/m/07s9rl0	/film/film_genre/films_in_this_genre	/m/0yc7f
/m/06lht1	/film/film_genre/films_in_this_genre	/m/06mdcv
/m/07s9rl0	/film/film_genre/films_in_this_genre	/m/0mp08
/m/07s9rl0	/film/film_genre/films_in_this_genre	/m/04bz2f
/m/0f9rw9	/film/film_genre/films_in_this_genre	/m/0j_7b9m
/m/07s9rl0	/film/film_genre/films_in_this_genre	/m/0jc7g
/m/07s9rl0	/film/film_genre/films_in_this_genre	/m/0f4k5
/m/05f4_n0	/film/film_genre/films_in_this_genre	/m/0b8gnd
/m/07s9rl0	/film/film_genre/films_in_this_genre	/m/05mv4
/m/0mk7z	/tv/tv_genre/programs	/m/0j641kt
/m/01m2v2	/film/film_genre/films_in_this_genre	/m/04j160l
/m/07s9rl0	/film/film_genre/films_in_this_genre	/m/02z6872
/m/0yx_w	/tv/tv_genre/programs	/m/0w3lvkj
/m/09n5t_	/film/film_genre/films_in_this_genre	/m/0p_ss
/m/07s9rl0	/film/film_genre/films_in_this_genre	/m/031y07
/m/0tz1j	/film/film_genre/films_in_this_genre	/m/02rstmj
/m/07s9rl0	/film/film_genre/films_in_this_genre	/m/01x4r3
/m/016dp0	/tv/tv_genre/programs	/m/0lpgyb6
/m/07s9rl0	/film/film_genre/films_in_this_genre	/m/049ql1
/m/07s9rl0	/film/film_genre/films_in_this_genre	/m/04nrcg
/m/07s9rl0	/tv/tv_genre/programs	/m/01l5t6
/m/02sj1x	/film/film_genre/films_in_this_genre	/m/0fp_cq
/m/07s9rl0	/film/film_genre/films_in_this_genre	/m/06br8
/m/07s9rl0	/film/film_genre/films_in_this_genre	/m/06nzl
/m/01n5sn	/media_common/netflix_genre/titles	/m/0f_kz3
/m/03ydlnj	/tv/tv_genre/programs	/m/04khr0
/m/0783m_	/film/film_genre/films_in_this_genre	/m/06qh2n
/m/07s9rl0	/media_common/netflix_genre/titles	/m/0jgjn
/m/07s9rl0	/film/film_genre/films_in_this_genre	/m/020ddc
/m/0y2tr	/media_common/netflix_genre/titles	/m/0b6w50
/m/07s9rl0	/film/film_genre/films_in_this_genre	/m/0l6m5
/m/07s9rl0	/film/film_genre/films_in_this_genre	/m/053j4w4
/m/013n2h	/film/film_genre/films_in_this_genre	/m/07n98j4
/m/092bf5	/film/film_genre/films_in_this_genre	/m/0ds7pvv
/m/02vxq9m	/film/film_genre/films_in_this_genre	/m/04lhwcn
/m/07s9rl0	/film/film_genre/films_in_this_genre	/m/01ddth
/m/07s9rl0	/media_common/netflix_genre/titles	/m/0703j
/m/07s9rl0	/tv/tv_genre/programs	/m/06kknt
/m/0988cp	/film/film_genre/films_in_this_genre	/m/0f_kz3
/m/02qnyr7	/media_common/netflix_genre/titles	/m/04j0zy4
/m/07s9rl0	/film/film_genre/films_in_this_genre	/m/05frqx
/m/07s9rl0	/tv/tv_genre/programs	/m/034n2g
/m/07s9rl0	/film/film_genre/films_in_this_genre	/m/05bht9
/m/07s9rl0	/tv/tv_genre/programs	/m/046zh
/m/02cg41	/film/film_genre/films_in_this_genre	/m/0kv55t
/m/02bpy_	/film/film_genre/films_in_this_genre	/m/0cvt65
/m/07s9rl0	/tv/tv_genre/programs	/m/0gf14
/m/0l2l3	/tv/tv_genre/programs	/m/028c9sy
/m/07s9rl0	/tv/tv_genre/programs	/m/01wz3cx
/m/07s9rl0	/tv/tv_genre/programs	/m/05y8n7
/m/0b44shh	/film/film_genre/films_in_this_genre	/m/0fttwt
/m/01grp0	/film/film_genre/films_in_this_genre	/m/0kvcd9
/m/01cwm1	/media_common/netflix_genre/titles	/m/0447rg
/m/07s9rl0	/film/film_genre/films_in_this_genre	/m/06jnv
/m/0ck27z	/award/award_category/winners./award/award_honor/award_winner	/m/09krm_
/m/0ck27z	/award/award_category/nominees./award/award_nomination/award_nominee	/m/030x48
/m/0fj45	/government/government_office_category/officeholders./government/government_position_held/office_holder	/m/015qyf
/m/0h6dy	/government/governmental_body/members./government/government_position_held/district_represented	/m/0109vk
/m/0h6dy	/government/governmental_body/members./government/government_position_held/office_holder	/m/011zf2
/m/0hm4q	/organization/role/leaders./organization/leadership/organization	/m/02w_l9
/m/0fj45	/organization/role/leaders./organization/leadership/organization	/m/0d1j33
/m/0bs0bh	/people/profession/people_with_this_profession	/m/0b64ssn
/m/01jr6	/people/profession/people_with_this_profession	/m/07snfg
/m/0mn6	/people/profession/people_with_this_profession	/m/01qvtwm
/m/0mn6	/people/profession/people_with_this_profession	/m/014zz1
/m/02__94	/people/profession/people_with_this_profession	/m/0dgvpc
/m/0mn6	/people/profession/people_with_this_profession	/m/015y3j
/m/0pk41	/people/profession/people_with_this_profession	/m/04q8pdy
/m/0mn6	/people/profession/people_with_this_profession	/m/06w58f
/m/02j_j0	/people/profession/people_with_this_profession	/m/02q4pn4
/m/0mn6	/people/profession/people_with_this_profession	/m/01vv126
/m/01bs9f	/projects/project_role/projects./projects/project_participation/participant	/m/0g4xdbb
/m/0mn6	/people/profession/people_with_this_profession	/m/023361
/m/01pqy_	/people/profession/people_with_this_profession	/m/0bhrmr
/m/05cv94	/people/profession/people_with_this_profession	/m/06zmxj
/m/0g7yx	/people/profession/people_with_this_profession	/m/0180z2
/m/0mn6	/people/profession/people_with_this_profession	/m/04j_gs
/m/0mn6	/people/profession/people_with_this_profession	/m/0f4l5
/m/0mwsh	/location/location/contains	/m/01j8wk
/m/03fnqj	/education/educational_institution/students_graduates./education/education/student	/m/02vq253
/m/014d4v	/education/educational_institution/students_graduates./education/education/student	/m/021yw7
/m/0q6lr	/location/location/contains	/m/01r124
/m/017jq	/geography/island_group/islands_in_group	/m/01m24m
/m/01dwrc	/award/award_nominee/award_nominations./award/award_nomination/award_nominee	/m/02r8hh_
/m/01nnsv	/business/employer/employees./business/employment_tenure/person	/m/044n3h
/m/020vx9	/education/educational_institution/students_graduates./education/education/student	/m/01pgk0
/m/05ftw3	/education/educational_institution/students_graduates./education/education/student	/m/03qkfqd
/m/020vx9	/education/educational_institution/students_graduates./education/education/student	/m/03xpsrx
/m/018zsw	/education/educational_institution/students_graduates./education/education/student	/m/03nqf6m
/m/01j53q	/music/record_label/artist	/m/01q77wk
/m/0123j6	/education/educational_institution/students_graduates./education/education/student	/m/07zcd8
/m/03nymk	/tv/tv_program/regular_cast./tv/regular_tv_appearance/seasons	/m/0gpprt
/m/0686zv	/tv/tv_program/seasons	/m/080flnc
/m/01x72k	/location/location/contains	/m/02mpg6
/m/051pnv	/cvg/cvg_developer/games_developed	/m/0657zp
/m/088gzp	/cvg/cvg_developer/games_developed	/m/05qtdj
/m/059wk	/cvg/cvg_publisher/games_published	/m/025vn5m
/m/059wk	/cvg/cvg_publisher/games_published	/m/0642v9q
/m/08wjc1	/cvg/cvg_publisher/games_published	/m/05qtdj
/m/05c6073	/music/genre/artists	/m/03ytp3
/m/03h_9lg	/people/profession/people_with_this_profession	/m/0j_7g
/m/066dv	/people/profession/people_with_this_profession	/m/016tb7
/m/06hwzy	/tv/tv_program/regular_personal_appearances./tv/tv_regular_personal_appearance/person	/m/04135
/m/02jxkw	/film/film/starring./film/performance/actor	/m/0pyq_
/m/07d2d	/music/genre/artists	/m/0fg_hg
/m/01w9ph_	/music/genre/artists	/m/08ztpc
/m/07vsl	/government/governmental_body/offices_positions	/m/01jv_6
/m/07r1h	/government/governmental_body/members./government/government_position_held/office_position_or_title	/m/0bg53_
/m/01bczm	/music/genre/artists	/m/0k_nkz
/m/0yx74	/music/genre/artists	/m/03hzqc2
/m/0k39j	/media_common/netflix_genre/titles	/m/02qyync
/m/059rby	/olympics/olympic_participating_country/athletes./olympics/olympic_athlete_affiliation/athlete	/m/0kg3bmb
/m/09btt1	/film/director/film	/m/0c3p5b
/m/018mmw	/music/performance_role/track_performances./music/track_contribution/contributor	/m/01qqxfm
/m/0k_kr	/education/educational_institution/students_graduates./education/education/student	/m/0d6j4
/m/03_05	/education/educational_institution/students_graduates./education/education/student	/m/01zwn0
/m/019kn7	/people/ethnicity/people	/m/01p4wv
/m/01hkg9	/tv/tv_actor/starring_roles./tv/regular_tv_appearance/series	/m/0dl4z
/m/01rz1	/organization/membership_organization/members./organization/organization_membership/member	/m/04lkvc
/m/02vk52z	/organization/membership_organization/members./organization/organization_membership/member	/m/02r5skp
/m/03rwz3	/award/award_nominee/award_nominations./award/award_nomination/award	/m/06w6tv2
/m/01ddbl	/education/educational_institution/students_graduates./education/education/student	/m/0fr3dh
/m/0lfgr	/education/educational_institution/students_graduates./education/education/student	/m/0cc6r0w
/m/03c17w7	/protected_sites/governing_body_of_protected_sites/protected_sites_governed	/m/0n84k
/m/01k2xy	/sports/sports_team/arena_stadium	/m/0dk_nr
/m/04rfq	/people/person/sibling_s./people/sibling_relationship/sibling	/m/0167v4
/m/04sylm	/education/educational_institution/students_graduates./education/education/student	/m/0g9zcgx
/m/017d77	/film/film/starring./film/performance/actor	/m/026q4v
/m/0myhb	/award/award_nominated_work/award_nominations./award/award_nomination/award_nominee	/m/026q4v
/m/012f86	/location/location/contains	/m/02617m4
/m/072twv	/film/film_art_director/films_art_directed	/m/052p7
/m/0b13g7	/film/film_art_director/films_art_directed	/m/09prlz
/m/0ggq0m	/music/genre/artists	/m/0f1k__
/m/014v6f	/music/genre/artists	/m/0cc5w3_
/m/0ggq0m	/music/genre/artists	/m/029m83
/m/0ggq0m	/music/genre/artists	/m/01cjhz
/m/022_6	/music/genre/artists	/m/02vlsz0
/m/03p5xs	/music/genre/artists	/m/07k56tl
/m/02b1jf	/music/genre/artists	/m/0h97xz1
/m/0ggq0m	/music/genre/artists	/m/01jc6q
/m/01w56k	/education/educational_institution/students_graduates./education/education/student	/m/026nw3t
/m/0ftf0f	/business/employer/employees./business/employment_tenure/person	/m/05pcltn
/m/0mlvc	/location/location/contains	/m/03p85
/m/0n57k	/location/location/contains	/m/0gr42
/m/0n57k	/location/location/contains	/m/0515zg
/m/011vx3	/influence/influence_node/influenced_by	/m/07663r
/m/02yr1q	/award/award_category/nominees./award/award_nomination/nominated_for	/m/02ptw05
/m/01cky2	/award/award_category/nominees./award/award_nomination/award_nominee	/m/0dq630k
/m/02bkdn	/award/award_category/winners./award/award_honor/honored_for	/m/02ptw05
/m/01f6ss	/education/educational_institution/students_graduates./education/education/student	/m/02dh86
/m/037ts6	/education/educational_institution/students_graduates./education/education/student	/m/0crh4tt
/m/016dsy	/location/location/contains	/m/0563mx
/m/01mv_n	/film/actor/film./film/performance/film	/m/06gcn
/m/01w40h	/music/record_label/artist	/m/07d3z7
/m/02fy0z	/music/record_label/artist	/m/0164fj
/m/01w40h	/music/record_label/artist	/m/01vyv9
/m/01w40h	/music/record_label/artist	/m/01xhh5
/m/0260p2	/music/record_label/artist	/m/01q77wk
/m/06www	/cvg/cvg_genre/games	/m/0ddc0c
/m/0jm_	/cvg/cvg_genre/games	/m/03cng28
/m/04pbhw	/cvg/cvg_genre/games	/m/0bs4t29
/m/02psqkz	/military/military_combatant/military_conflicts./military/military_combatant_group/conflict	/m/0vfs8
/m/0mcf4	/education/educational_institution/students_graduates./education/education/student	/m/02xsz7
/m/0_b3d	/sports/sports_team/roster./sports/sports_team_roster/player	/m/04m_wgq
/m/03_3z4	/sports/sports_team/arena_stadium	/m/01tjt2
/m/03fpx	/music/genre/artists	/m/0466p0j
/m/03vtfp	/music/record_label/artist	/m/01gb1c
/m/0kqb0	/award/award_category/winners./award/award_honor/award_winner	/m/0f2x0
/m/06j8wx	/people/person/education./education/education/institution	/m/0c5hlc
/m/03j2gxx	/film/writer/film	/m/03c6q4
/m/059yj	/film/film_distributor/films_distributed./film/film_film_distributor_relationship/film	/m/0nhh9z4
/m/014d4v	/film/production_company/films	/m/0nhh9z4
/m/0cmb3	/location/location/contains	/m/03bwzr4
/m/0h6r5	/music/genre/artists	/m/01wdnks
/m/05567m	/music/genre/artists	/m/01v75dg
/m/012wvj	/government/political_party/politicians_in_this_party./government/political_party_tenure/politician	/m/03x3qv
/m/0gjv_	/people/profession/people_with_this_profession	/m/0830n
/m/016wtf	/people/profession/people_with_this_profession	/m/02rjjll
/m/0181hw	/music/record_label/artist	/m/01jmv8
/m/01cl2y	/education/educational_institution/students_graduates./education/education/student	/m/01nwvb
/m/01gst9	/government/legislative_session/members./government/government_position_held/office_holder	/m/0520r2x
/m/01ld0	/award/award_nominee/award_nominations./award/award_nomination/nominated_for	/m/09gd6ll
/m/01jrs46	/film/music_contributor/film	/m/0kv9d3
/m/057d89	/award/award_winner/awards_won./award/award_honor/honored_for	/m/09gd6ll
/m/01v80y	/film/producer/films_executive_produced	/m/0l30v
/m/033db3	/film/actor/film./film/performance/film	/m/0m2fr
/m/03ss47	/education/school_category/schools_of_this_kind	/m/01cf93
/m/03ss47	/education/school_category/schools_of_this_kind	/m/0181dw
/m/03ss47	/education/school_category/schools_of_this_kind	/m/019v67
/m/09k23	/organization/organization/child./organization/organization_relationship/child	/m/07kbbcc
/m/04sqj	/location/location/contains	/m/04knq3
/m/01vc3y	/people/profession/people_with_this_profession	/m/026pqsp
/m/09ps01	/people/profession/people_with_this_profession	/m/07_zz3
/m/01rlz4	/people/profession/people_with_this_profession	/m/026ln2v
/m/030dx5	/people/profession/people_with_this_profession	/m/0h73rn
/m/05snw	/people/profession/people_with_this_profession	/m/03gyh_z
/m/0mdyn	/people/profession/people_with_this_profession	/m/0267bjg
/m/05snw	/people/profession/people_with_this_profession	/m/03m1n
/m/01tp5bj	/people/profession/people_with_this_profession	/m/02w7lbx
/m/0ggbhy7	/people/profession/people_with_this_profession	/m/02qb0k1
/m/01mhwk	/people/profession/people_with_this_profession	/m/063_r97
/m/05snw	/people/profession/people_with_this_profession	/m/0lnfy
/m/0jfx1	/people/profession/people_with_this_profession	/m/09gc3l8
/m/02wmy	/media_common/netflix_genre/titles	/m/08nxwx
/m/081bls	/tv/tv_program/episodes	/m/06n9g5
/m/0j5g9	/olympics/olympic_participating_country/athletes./olympics/olympic_athlete_affiliation/athlete	/m/06m5jx
/m/02w9s	/olympics/olympic_participating_country/medals_won./olympics/olympic_medal_honor/medalist	/m/02814j
/m/0d0vqn	/location/location/contains	/m/0n5fl
/m/0d0vqn	/location/location/contains	/m/06l6nj
/m/0d0vqn	/military/military_combatant/military_conflicts./military/military_combatant_group/conflict	/m/04gp58p
/m/018ctl	/olympics/olympic_games/medals_awarded./olympics/olympic_medal_honor/medalist	/m/048p1l
/m/0kbvv	/olympics/olympic_games/athletes./olympics/olympic_athlete_affiliation/athlete	/m/04jlz6p
/m/0lk8j	/olympics/olympic_games/medals_awarded./olympics/olympic_medal_honor/medalist	/m/03_sgx
/m/0jkvj	/olympics/olympic_games/athletes./olympics/olympic_athlete_affiliation/athlete	/m/06m5jx
/m/0kbws	/olympics/olympic_games/athletes./olympics/olympic_athlete_affiliation/athlete	/m/01q32bd
/m/0kbws	/olympics/olympic_games/athletes./olympics/olympic_athlete_affiliation/athlete	/m/0fbx6
/m/018qpq	/location/us_county/hud_county_place	/m/0sjch
/m/0l3kx	/location/location/contains	/m/02x9hs
/m/017cw	/military/military_combatant/military_conflicts./military/military_combatant_group/conflict	/m/05c4fys
/m/018lbg	/location/location/adjoin_s./location/adjoining_relationship/adjoins	/m/035yzw
/m/07wh1	/music/genre/artists	/m/05zm_9y
/m/01gpzx	/location/location/contains	/m/0b2h3
/m/037n97	/government/legislative_session/members./government/government_position_held/office_holder	/m/02mh2j
/m/020923	/education/educational_institution/students_graduates./education/education/student	/m/02pnbs3
/m/01h8rk	/education/educational_institution/students_graduates./education/education/student	/m/048cl
/m/01hlwv	/education/educational_institution/students_graduates./education/education/student	/m/0ds54rs
/m/01pxg	/people/profession/people_with_this_profession	/m/086m1
/m/0n228	/people/profession/people_with_this_profession	/m/03cyxxf
/m/01pxg	/people/profession/people_with_this_profession	/m/0xhmb
/m/05c46y6	/people/profession/people_with_this_profession	/m/0372yy
/m/01pxg	/people/profession/people_with_this_profession	/m/05ggt_
/m/057xkj_	/people/profession/people_with_this_profession	/m/0gdrk1
/m/01pxg	/people/profession/people_with_this_profession	/m/0gzy02
/m/01pxg	/people/profession/people_with_this_profession	/m/0bl60p
/m/04bfg	/education/educational_institution/students_graduates./education/education/student	/m/0fjp84
/m/07wj1	/education/educational_institution/students_graduates./education/education/student	/m/0fk0q8
/m/02rk23	/education/educational_institution/students_graduates./education/education/student	/m/03mdf84
/m/025v3k	/education/educational_institution/students_graduates./education/education/student	/m/01rc4p
/m/05ftw3	/education/educational_institution/students_graduates./education/education/student	/m/0byw7m
/m/0hw29	/education/educational_institution/students_graduates./education/education/student	/m/09gcvw4
/m/0mcf4	/education/educational_institution/students_graduates./education/education/student	/m/0bqzs7
/m/01wrcxr	/music/musical_group/member./music/group_membership/member	/m/03f6jpj
/m/03sww	/film/actor/film./film/performance/film	/m/0bzm__
/m/024rdh	/tv/tv_genre/programs	/m/02qrqxv
/m/05r4w	/location/location/contains	/m/025hzx
/m/05r4w	/organization/organization_scope/organizations_with_this_scope	/m/03kbr
/m/05rwpb	/music/genre/artists	/m/07x4c
/m/0gmd3k7	/people/profession/people_with_this_profession	/m/02wvrnj
/m/05t4q	/people/profession/people_with_this_profession	/m/0c8hct
/m/05t4q	/people/profession/people_with_this_profession	/m/02zjd
/m/05t4q	/people/profession/people_with_this_profession	/m/01y665
/m/05t4q	/people/profession/people_with_this_profession	/m/020fcn
/m/05t4q	/people/profession/people_with_this_profession	/m/0jlv5
/m/05t4q	/people/profession/people_with_this_profession	/m/0cbvg
/m/05t4q	/people/profession/people_with_this_profession	/m/05bt6j
/m/05t4q	/people/profession/people_with_this_profession	/m/0783m_
/m/03h_9lg	/people/profession/people_with_this_profession	/m/09g_z
/m/05t4q	/people/profession/people_with_this_profession	/m/04w4s
/m/05t4q	/people/profession/people_with_this_profession	/m/0cgwt8
/m/05t4q	/people/profession/people_with_this_profession	/m/02j7k
/m/05t4q	/people/profession/people_with_this_profession	/m/0bl60p
/m/05t4q	/people/profession/people_with_this_profession	/m/016732
/m/02hkw6	/people/profession/people_with_this_profession	/m/09ryvs
/m/04hs7d	/people/profession/people_with_this_profession	/m/02pjqgd
/m/05t4q	/people/profession/people_with_this_profession	/m/02bj6k
/m/03bmmc	/people/profession/people_with_this_profession	/m/02qxlrl
/m/05t4q	/people/profession/people_with_this_profession	/m/01wk7ql
/m/06z5s	/people/cause_of_death/people	/m/0bbvr84
/m/0gy7bj4	/people/cause_of_death/people	/m/09xr6_
/m/06z5s	/people/cause_of_death/people	/m/0yjvm
/m/06z5s	/people/cause_of_death/people	/m/01ddbl
/m/0d8_wz	/people/cause_of_death/people	/m/076yzq
/m/06z5s	/people/cause_of_death/people	/m/03xzxb
/m/07yklv	/music/genre/artists	/m/03gvt
/m/06mm1x	/award/award_category/nominees./award/award_nomination/award_nominee	/m/07v4_46
/m/0mkz	/book/book_subject/works	/m/0f42nz
/m/017r2	/influence/influence_node/peers./influence/peer_relationship/peers	/m/04nlb94
/m/020_95	/people/person/spouse_s./people/marriage/location_of_ceremony	/m/0gtrg
/m/01h96	/music/genre/artists	/m/06q8hf
/m/01jzyx	/education/educational_institution/students_graduates./education/education/student	/m/069z_5
/m/06q07	/education/educational_institution/students_graduates./education/education/student	/m/03wczym
/m/01smm	/location/place_with_neighborhoods/neighborhoods	/m/0mmr1
/m/01smm	/location/location/contains	/m/05r79
/m/02bc74	/tv/tv_actor/guest_roles./tv/tv_guest_role/episodes_appeared_in	/m/01rwcgb
/m/015pvh	/people/person/ethnicity	/m/0bzkm2
/m/02pcq92	/film/film/starring./film/performance/actor	/m/0fw2f
/m/02pcq92	/film/film/starring./film/performance/actor	/m/0hkst
/m/01m7f5r	/fictional_universe/fictional_character_creator/fictional_characters_created	/m/08yzjp
/m/047t4gb	/military/armed_force/personnel./military/military_service/military_person	/m/025b5y
/m/02gt5s	/film/film_genre/films_in_this_genre	/m/044vd3
/m/058nt	/fictional_universe/fictional_universe/characters	/m/015dxd
/m/02681vq	/comic_books/comic_book_fictional_universe/characters_primarily_appearing_in_this_universe	/m/034qgf
/m/03m3vr6	/fictional_universe/fictional_universe/characters	/m/06k_xx
/m/06ns98	/fictional_universe/fictional_universe/characters	/m/06lwtn
/m/0215hd	/fictional_universe/fictional_universe/characters	/m/06m0b
/m/0cyhq	/people/person/spouse_s./people/marriage/location_of_ceremony	/m/0gtrg
/m/0p76z	/film/film_genre/films_in_this_genre	/m/0kv55t
/m/06ppq	/film/film_genre/films_in_this_genre	/m/0778_3
/m/03v52f	/film/film_genre/films_in_this_genre	/m/0447rg
/m/07vjm	/education/educational_institution/students_graduates./education/education/student	/m/01mvjl0
/m/07vjm	/education/educational_institution/students_graduates./education/education/student	/m/01tpl1p
/m/07wgm	/education/educational_institution/students_graduates./education/education/student	/m/0h65x1d
/m/0683n	/base/culturalevent/event/entity_involved	/m/01ltsz
/m/0bjkpt	/language/language_family/languages	/m/056567
/m/01v9l67	/people/person/children	/m/08mrgq
/m/0j3b	/geography/body_of_water/islands	/m/02mj7c
/m/01_s9q	/education/educational_institution/students_graduates./education/education/student	/m/0llf9
/m/0ylgz	/education/educational_institution/students_graduates./education/education/student	/m/0l6wj
/m/013gwb	/travel/travel_destination/tourist_attractions	/m/0jm3b
/m/047g6m	/film/actor/film./film/performance/film	/m/0b8gnd
/m/0294fd	/media_common/netflix_genre/titles	/m/0f_kz3
/m/0261g5l	/base/popstra/celebrity/supporter./base/popstra/support/supported_organization	/m/0q055
/m/01pm0_	/tv/tv_actor/starring_roles./tv/regular_tv_appearance/series	/m/01m2v2
/m/06w33f8	/tv/tv_actor/guest_roles./tv/tv_guest_role/episodes_appeared_in	/m/0cdkmx
/m/02qfv5d	/film/film_genre/films_in_this_genre	/m/03b12
/m/04p3c	/location/location/contains	/m/05d49
/m/0c1fs	/location/location/contains	/m/03h2kx9
/m/04dsnp	/location/location/contains	/m/0465j2v
/m/0d1y7	/location/location/contains	/m/02mqc4
/m/019n8z	/olympics/olympic_games/medals_awarded./olympics/olympic_medal_honor/medalist	/m/040456
/m/05zvj3m	/sports/sports_team/roster./sports/sports_team_roster/player	/m/0cxmt2
/m/0l14_3	/people/profession/people_with_this_profession	/m/0cmbvx1
/m/01zh3_	/cvg/cvg_developer/games_developed	/m/02bfwm
/m/01k_n63	/award/award_nominee/award_nominations./award/award_nomination/award_nominee	/m/09gkx35
/m/0130xz	/business/job_title/people_with_this_title./business/employment_tenure/company	/m/09p6s
/m/032ft5	/government/legislative_session/members./government/government_position_held/office_holder	/m/03fwln
/m/0373qt	/education/educational_institution/students_graduates./education/education/student	/m/04k25
/m/047p798	/film/film/subjects	/m/0d063v
/m/047g6m	/location/location/contains	/m/03bxvpm
/m/02k4gv	/location/location/contains	/m/07bm3n
/m/05fhy	/location/location/contains	/m/0349s
/m/081_zm	/film/actor/film./film/performance/film	/m/0822j
/m/03zb6t	/soccer/football_team/league./soccer/football_league_participation/league	/m/0h_dz1k
/m/09hnb	/music/artist/album	/m/024_vw
/m/02p59ry	/music/artist/album	/m/01j03n3
/m/0h9c	/people/profession/people_with_this_profession	/m/017fl5
/m/09jwl	/people/profession/people_with_this_profession	/m/06q6jz
/m/01qhm_	/people/profession/people_with_this_profession	/m/07kjc44
/m/02hcv8	/people/profession/people_with_this_profession	/m/02ykgs
/m/0rql_	/people/profession/people_with_this_profession	/m/01wx_k3
/m/09jwl	/people/profession/people_with_this_profession	/m/02hygl
/m/07h5d	/people/profession/people_with_this_profession	/m/099w_f
/m/09tcg4	/people/profession/people_with_this_profession	/m/0dbsl
/m/09jwl	/people/profession/people_with_this_profession	/m/07zl1
/m/0d1xh	/people/profession/people_with_this_profession	/m/0gvt1zv
/m/018zsw	/people/profession/people_with_this_profession	/m/01w5hdv
/m/09jwl	/people/profession/people_with_this_profession	/m/0j5g9
/m/03v36	/people/profession/people_with_this_profession	/m/02qmq1c
/m/07fr_	/people/profession/people_with_this_profession	/m/01vsrsz
/m/09jwl	/people/profession/people_with_this_profession	/m/02d478
/m/01w565	/people/profession/people_with_this_profession	/m/03cfmng
/m/09jwl	/people/profession/people_with_this_profession	/m/073q1
/m/09jwl	/people/profession/people_with_this_profession	/m/01mxt_
/m/09jwl	/people/profession/people_with_this_profession	/m/03ryzs
/m/09jwl	/people/profession/people_with_this_profession	/m/014ps4
/m/09jwl	/people/profession/people_with_this_profession	/m/0ckh4k
/m/09jwl	/people/profession/people_with_this_profession	/m/0c7ct
/m/09jwl	/people/profession/people_with_this_profession	/m/037w7r
/m/01xqqp	/people/profession/people_with_this_profession	/m/0f2x0
/m/09jwl	/people/profession/people_with_this_profession	/m/07_k0c0
/m/09jwl	/people/profession/people_with_this_profession	/m/04_xr8
/m/01337_	/people/profession/people_with_this_profession	/m/0830n
/m/071dcs	/people/profession/people_with_this_profession	/m/03f6jpj
/m/09yg6l	/sports/sports_team/roster./sports/sports_team_roster/player	/m/01g4zr
/m/03z0l6	/film/film/subjects	/m/0697qj
/m/02hkvw	/fictional_universe/character_species/characters_of_this_species	/m/05gxby
/m/0dgw9r	/fictional_universe/character_species/characters_of_this_species	/m/01rk30
/m/0859_	/location/location/contains	/m/03ps4b
/m/0fqyc	/location/location/contains	/m/06znpjr
/m/03d8njj	/award/award_category/nominees./award/award_nomination/award_nominee	/m/0fyjjm
/m/0gs96	/award/award_category/winners./award/award_honor/award_winner	/m/03v1s
/m/0cc8q3	/sports/sports_team/championships	/m/08x9ff
/m/01_f90	/organization/organization/child./organization/organization_relationship/child	/m/01yf92
/m/081l_	/award/award_nominee/award_nominations./award/award_nomination/nominated_for	/m/0300m_
/m/01d0b1	/tv/tv_actor/starring_roles./tv/regular_tv_appearance/series	/m/045c66
/m/026wmz6	/award/award_winner/awards_won./award/award_honor/honored_for	/m/0300m_
/m/01jzyf	/people/ethnicity/people	/m/04c8vk
/m/0sngf	/symbols/namesake/named_after	/m/05td73
/m/0j06n	/film/actor/film./film/performance/film	/m/0dygx8
/m/03m5y9p	/film/film/starring./film/performance/actor	/m/08qjfv
/m/01qd_r	/location/place_with_neighborhoods/neighborhoods	/m/092tpt
/m/03q_g6	/location/location/contains	/m/092tpt
/m/054187	/location/location/contains	/m/03wfw2b
/m/03y9ccy	/tv/tv_writer/episodes_written	/m/032d52
/m/05218gr	/film/film_art_director/films_art_directed	/m/017d93
/m/05hyf	/base/activism/activism_issue/activists	/m/01rr9f
/m/0d0l91	/government/political_ideology/political_parties	/m/0287k9f
/m/062t2	/medicine/symptom/symptom_of	/m/0c35b1
/m/06j6l	/music/genre/artists	/m/03p7rp
/m/06j6l	/music/genre/artists	/m/06z9k8
/m/01bcwk	/music/genre/artists	/m/0280k93
/m/06j6l	/music/genre/artists	/m/0436kgz
/m/06j6l	/music/genre/artists	/m/0520y3
/m/09gwd	/music/genre/artists	/m/08t89c
/m/06j6l	/music/genre/artists	/m/067hq2
/m/0dc95	/music/genre/artists	/m/08dfv4
/m/05w3f	/music/genre/artists	/m/05mwcz_
/m/06j6l	/music/genre/artists	/m/078jt5
/m/038zh6	/music/genre/artists	/m/01wkmyx
/m/07_hy	/food/dietary_restriction/compatible_ingredients	/m/032zq6
/m/01nczg	/base/eating/diets/people_who_follow_this_diet	/m/02pqxtp
/m/07_hy	/food/dietary_restriction/incompatible_ingredients	/m/01lk31
/m/07_hy	/food/dietary_restriction/compatible_ingredients	/m/0brgy
/m/03q27t	/food/dietary_restriction/compatible_ingredients	/m/025s187
/m/03v9yw	/location/location/contains	/m/0cxn2h
/m/0f25w9	/government/governmental_body/members./government/government_position_held/district_represented	/m/06rbw1
/m/0gn_x	/government/governmental_body/members./government/government_position_held/office_holder	/m/0w6w
/m/0bs1yy	/government/governmental_body/members./government/government_position_held/office_holder	/m/047c9lb
/m/023w9s	/government/governmental_body/members./government/government_position_held/office_holder	/m/0466ls4
/m/0gn_x	/government/governmental_body/members./government/government_position_held/office_holder	/m/01tpl1p
/m/0161sp	/location/location/contains	/m/05h2wqy
/m/0jfx	/location/location/contains	/m/01sxd1
/m/057dxsg	/location/location/contains	/m/02q_2xs
/m/0sx7r	/olympics/olympic_games/medals_awarded./olympics/olympic_medal_honor/medalist	/m/0132k4
/m/0sx7r	/olympics/olympic_games/medals_awarded./olympics/olympic_medal_honor/medalist	/m/0dzkq
/m/016m9h	/people/profession/people_with_this_profession	/m/03ljr
/m/016m9h	/people/profession/people_with_this_profession	/m/06t2t
/m/016m9h	/people/profession/people_with_this_profession	/m/0chgr2
/m/0191_7	/business/industry/companies	/m/06jplb
/m/0jq27	/business/industry/companies	/m/0gtx1xv
/m/0191_7	/organization/organization_type/organizations_of_this_type	/m/02fzs
/m/0191_7	/business/industry/companies	/m/065y4w7
/m/0930v2	/business/industry/companies	/m/04tgmc
/m/0191_7	/business/industry/companies	/m/0j8cs
/m/0191_7	/business/industry/companies	/m/04cnp4
/m/01gjw	/music/genre/artists	/m/035xwd
/m/0cf2h	/location/location/contains	/m/01zks0
/m/01n7q	/location/location/contains	/m/0myk8
/m/01n7q	/book/book_subject/works	/m/012pd4
/m/01n7q	/location/location/contains	/m/017yxq
/m/01yxbw	/location/location/contains	/m/08d9m6
/m/01n7q	/location/location/contains	/m/0ftjx
/m/07wlt	/location/location/contains	/m/0127_4
/m/0l786	/location/location/contains	/m/03cgtdl
/m/07mgr	/location/location/contains	/m/04z_v1c
/m/07qzv	/government/governmental_jurisdiction/governing_officials./government/government_position_held/office_holder	/m/09vtss
/m/01qncf	/location/location/contains	/m/027tc09
/m/01n7q	/location/location/contains	/m/04mrfv
/m/01n7q	/location/location/contains	/m/0340hj
/m/05gh50	/location/location/contains	/m/0264lkg
/m/01n7q	/government/governmental_jurisdiction/governing_officials./government/government_position_held/office_holder	/m/01nm3s
/m/01wkmgb	/music/artist/album	/m/0ff2k
/m/02nvg1	/education/educational_institution/students_graduates./education/education/student	/m/04gj0v9
/m/0b7gxq	/film/writer/film	/m/0p_ss
/m/041288	/award/award_winner/awards_won./award/award_honor/honored_for	/m/0p_ss
/m/020x5r	/film/director/film	/m/025s0s0
/m/020x5r	/film/actor/film./film/performance/film	/m/02rvwt
/m/0173kj	/film/producer/film	/m/0p_ss
/m/0k54q	/award/award_nominee/award_nominations./award/award_nomination/nominated_for	/m/0p_ss
/m/02qgqt	/tv/tv_actor/starring_roles./tv/regular_tv_appearance/series	/m/0739y
/m/0gxbl	/music/genre/artists	/m/04jl_5m
/m/03ll3	/organization/organization_sector/organizations_in_this_sector	/m/0yldt
/m/050ks	/location/location/contains	/m/09bymc
/m/0kv9d3	/location/location/contains	/m/027tvvp
/m/050ks	/location/location/contains	/m/01vyv9
/m/05glt	/award/ranked_list/ranked_list_items./award/ranking/item	/m/06y3r
/m/0ctzf1	/award/ranked_list/ranked_list_items./award/ranking/item	/m/044vd3
/m/06m_5	/location/location/contains	/m/057xn_m
/m/06m_5	/location/location/events	/m/0309jm
/m/06m_5	/location/location/contains	/m/03n0cd
/m/070ny	/cvg/cvg_developer/games_developed	/m/04kbkd1
/m/01c6k4	/cvg/cvg_publisher/games_published	/m/04dynl
/m/07c98	/location/location/contains	/m/0jrq9
/m/07c98	/location/location/contains	/m/0b_5d
/m/07c98	/location/location/contains	/m/03wh8pq
/m/0138t4	/education/educational_institution/students_graduates./education/education/student	/m/026c9fr
/m/07wrz	/education/educational_institution/students_graduates./education/education/student	/m/01271h
/m/0fht9f	/education/educational_institution/students_graduates./education/education/student	/m/06w7zkv
/m/07wpm	/education/educational_institution/students_graduates./education/education/student	/m/0g2sgt
/m/07wrz	/education/educational_institution/students_graduates./education/education/student	/m/06d6y
/m/07wrz	/education/educational_institution/students_graduates./education/education/student	/m/0143wl
/m/01ptt7	/education/educational_institution/students_graduates./education/education/student	/m/09lqjp
/m/03cz83	/education/educational_institution/students_graduates./education/education/student	/m/0hzrpd5
/m/07wrz	/business/employer/employees./business/employment_tenure/person	/m/01zmpg
/m/07wrz	/education/educational_institution/students_graduates./education/education/student	/m/0fpjd_g
/m/06v99d	/award/award_nominee/award_nominations./award/award_nomination/award_nominee	/m/02qcpzb
/m/0bd2n4	/award/award_winner/awards_won./award/award_honor/award_winner	/m/0mp08
/m/0cgqx	/government/government_office_or_title/office_holders./government/government_position_held/office_holder	/m/07v4dm
/m/0clz1b	/film/film_genre/films_in_this_genre	/m/01r2lw
/m/0294fd	/tv/tv_genre/programs	/m/05c4hvp
/m/0jf1v	/music/genre/artists	/m/025v26c
/m/0m2lt	/location/location/contains	/m/0x44q
/m/013nty	/location/location/contains	/m/063z4mt
/m/0nm6z	/location/location/contains	/m/01x209s
/m/01cgz	/olympics/olympic_sport/athletes./olympics/olympic_athlete_affiliation/athlete	/m/03y2kr
/m/01cgz	/sports/sport/related_equipment	/m/02q3wl
/m/06n8j	/media_common/netflix_genre/titles	/m/06mdcv
/m/0hvbj	/film/film_subject/films	/m/06mdcv
/m/02k13d	/business/job_title/people_with_this_title./business/employment_tenure/company	/m/0381ql
/m/060c4	/business/job_title/people_with_this_title./business/employment_tenure/company	/m/0drsyp
/m/01yc02	/business/job_title/people_with_this_title./business/employment_tenure/company	/m/09qycb
/m/02lq10	/tv/tv_actor/guest_roles./tv/tv_guest_role/episodes_appeared_in	/m/02wyzmv
/m/04vjh	/location/location/contains	/m/03_0p
/m/038g2x	/film/film_set_designer/film_sets_designed	/m/08ww44
/m/073bb	/people/person/spouse_s./people/marriage/spouse	/m/07nznf
/m/073tm9	/music/record_label/artist	/m/012rng
/m/0425j7	/government/governmental_body/members./government/government_position_held/office_holder	/m/023v2
/m/0gd_b_	/government/governmental_body/members./government/government_position_held/office_holder	/m/026ln2v
/m/082mc	/military/armed_force/personnel./military/military_service/military_person	/m/0f4dx2
/m/0chsq	/film/actor/film./film/performance/film	/m/0_678
/m/0g8rj	/education/educational_institution/students_graduates./education/education/student	/m/0177s6
/m/02b190	/education/educational_institution/students_graduates./education/education/student	/m/0g9v9m9
/m/0g8rj	/education/educational_institution/students_graduates./education/education/student	/m/02t_tp
/m/0m7yh	/education/educational_institution/students_graduates./education/education/student	/m/05pc65m
/m/04399	/education/educational_institution/students_graduates./education/education/student	/m/027hyk1
/m/0g8rj	/education/educational_institution/students_graduates./education/education/student	/m/063g7l
/m/0g8rj	/education/educational_institution/students_graduates./education/education/student	/m/0443y3
/m/01qf54	/education/educational_institution/students_graduates./education/education/student	/m/0c44s7
/m/031vy_	/education/educational_institution/students_graduates./education/education/student	/m/0krr60
/m/04czhj	/education/educational_institution/students_graduates./education/education/student	/m/02x402c
/m/01x5fb	/government/political_party/politicians_in_this_party./government/political_party_tenure/politician	/m/0cqydb
/m/0gl6x	/education/educational_institution/students_graduates./education/education/student	/m/01yb09
/m/0b25vg	/tv/tv_actor/guest_roles./tv/tv_guest_role/episodes_appeared_in	/m/05ngdd8
/m/016tt2	/organization/organization/parent./organization/organization_relationship/parent	/m/09j_g
/m/02kbtf	/film/film_distributor/films_distributed./film/film_film_distributor_relationship/film	/m/0cqnq8
/m/016tt2	/film/film_distributor/films_distributed./film/film_film_distributor_relationship/film	/m/018ldw
/m/016tt2	/film/film_distributor/films_distributed./film/film_film_distributor_relationship/film	/m/019sc
/m/016tt2	/film/film_distributor/films_distributed./film/film_film_distributor_relationship/film	/m/0cf_n
/m/01l8t8	/education/educational_institution/students_graduates./education/education/student	/m/06b4wb
/m/0202p_	/film/actor/film./film/performance/film	/m/0fg1g
/m/023ny6	/tv/tv_program/episodes	/m/056878
/m/01gtcc	/tv/tv_program/episodes	/m/05dn50q
/m/023ny6	/tv/tv_program/episodes	/m/02pl5bx
/m/03j2gxx	/religion/religious_organization/leaders./religion/religious_organization_leadership/leader	/m/0h_4d
/m/0338g8	/tv/tv_actor/starring_roles./tv/regular_tv_appearance/series	/m/01mxzw
/m/09xp_	/olympics/olympic_sport/athletes./olympics/olympic_athlete_affiliation/athlete	/m/0kf7c9j
/m/01llj3	/time/event/includes_event	/m/0gl09x8
/m/050sw4	/broadcast/radio_format/stations	/m/02lkt
/m/04hddx	/film/actor/film./film/performance/film	/m/0d277t
/m/05nw9m	/film/actor/film./film/performance/film	/m/0_7z2
/m/06n90	/tv/tv_genre/programs	/m/0kq95
/m/06n90	/film/film_genre/films_in_this_genre	/m/01gx5f
/m/06n90	/tv/tv_genre/programs	/m/02km0m
/m/06n90	/film/film_genre/films_in_this_genre	/m/026t6
/m/06n90	/tv/tv_genre/programs	/m/013p59
/m/01f1p9	/film/film_genre/films_in_this_genre	/m/05b3r_4
/m/06n90	/award/award_discipline/awards_in_this_discipline	/m/02t1dv
/m/05bkf	/film/film_genre/films_in_this_genre	/m/0b3_d9
/m/04pm6	/tv/tv_genre/programs	/m/03vprq
/m/06n90	/tv/tv_genre/programs	/m/06t6dz
/m/06n90	/film/film_genre/films_in_this_genre	/m/018dx9
/m/06n90	/film/film_genre/films_in_this_genre	/m/057pq5
/m/0jbp0	/film/film_genre/films_in_this_genre	/m/0ghhd7x
/m/09bv45	/tv/tv_network/programs./tv/tv_network_duration/program	/m/02r858_
/m/02b149	/film/film/subjects	/m/045n4
/m/0gpjbt	/award/award_ceremony/awards_presented./award/award_honor/award	/m/0c8wxp
/m/0gs9p	/award/award_category/nominees./award/award_nomination/nominated_for	/m/0118v
/m/0fnc_	/medicine/disease/treatments	/m/048r_c
/m/0m8vm	/music/genre/artists	/m/0m0nq
/m/02822	/music/genre/artists	/m/02j6cs
/m/025tlyv	/education/educational_institution/students_graduates./education/education/student	/m/07b54b
/m/01s753	/education/educational_institution/students_graduates./education/education/student	/m/0c1qgrg
/m/07w3r	/education/educational_institution/students_graduates./education/education/specialization	/m/02cm1
/m/04p4r	/education/educational_institution/students_graduates./education/education/student	/m/06zp1pj
/m/01n3bm	/people/cause_of_death/people	/m/05nn4k
/m/01v0sxx	/film/music_contributor/film	/m/0fv96z
/m/09sdmz	/film/actor/film./film/performance/film	/m/0fv96z
/m/03bxz7	/film/film_genre/films_in_this_genre	/m/097df
/m/03bxz7	/film/film_genre/films_in_this_genre	/m/0cyn3
/m/01f2f8	/film/film_genre/films_in_this_genre	/m/03c6q4
/m/0230rx	/film/film_genre/films_in_this_genre	/m/09mg9l
/m/0d34_	/film/film_genre/films_in_this_genre	/m/0cv6lc
/m/03bxz7	/film/film_genre/films_in_this_genre	/m/03xf_m
/m/027yf83	/base/marchmadness/ncaa_basketball_team/ncaa_tournament_seeds./base/marchmadness/ncaa_tournament_seed/tournament	/m/06n7qg
/m/01zrs_	/tv/tv_network/programs./tv/tv_network_duration/program	/m/0462grz
/m/051x52f	/film/film_set_designer/film_sets_designed	/m/0rp46
/m/06wpc	/sports/sports_team/roster./sports/sports_team_roster/player	/m/03f22dp
/m/04523f	/film/film/subjects	/m/0hv6w
/m/0935jw	/tv/tv_actor/starring_roles./tv/regular_tv_appearance/series	/m/08xwck
/m/01vsy7t	/film/actor/film./film/performance/film	/m/0fvpc6
/m/043n1r5	/film/film/starring./film/performance/actor	/m/04jj7qs
/m/0d2t4g	/time/time_zone/locations_in_this_time_zone	/m/01c333
/m/09myny	/music/performance_role/track_performances./music/track_contribution/contributor	/m/01tsg4r
/m/0m93	/book/author/works_written	/m/09gtw5
/m/0h0p_	/book/author/works_written	/m/04xbr4
/m/013423	/award/award_nominee/award_nominations./award/award_nomination/award_nominee	/m/02qcpzb
/m/044k8	/award/award_winner/awards_won./award/award_honor/award_winner	/m/02qcpzb
/m/08cx5g	/religion/religion/places_of_worship	/m/084rn7
/m/02pv_d	/location/location/contains	/m/03csf_l
/m/01jq4b	/location/location/contains	/m/02qg40v
/m/0172jm	/location/place_with_neighborhoods/neighborhoods	/m/03csf_l
/m/0xn7q	/location/place_with_neighborhoods/neighborhoods	/m/02qg40v
/m/01pgzn_	/business/employer/employees./business/employment_tenure/person	/m/0byw7m
/m/040whs	/award/award_category/nominees./award/award_nomination/nominated_for	/m/03cqqf1
/m/02lg3y	/award/award_category/nominees./award/award_nomination/nominated_for	/m/01hdpb3
/m/01by1l	/award/award_category/nominees./award/award_nomination/award_nominee	/m/055z7
/m/03y3dk	/award/award_category/nominees./award/award_nomination/award_nominee	/m/01hb9p
/m/01pk8v	/base/popstra/celebrity/shops_at./base/popstra/shopping_choice/company	/m/07q1v4
/m/04l8xw	/education/educational_institution/students_graduates./education/education/student	/m/02wsyb
/m/01qgr3	/education/educational_institution/students_graduates./education/education/student	/m/02d9k
/m/0b79gfg	/people/profession/people_with_this_profession	/m/07s3bnw
/m/0fsm8c	/people/profession/people_with_this_profession	/m/063znqw
/m/02lcrv	/time/time_zone/locations_in_this_time_zone	/m/02rzhz7
/m/019z7q	/broadcast/distributor/distributes	/m/06rq7p
/m/029tx	/broadcast/distributor/distributes	/m/0bkxr4
/m/0jhwd	/broadcast/distributor/distributes	/m/06zvs3
/m/045w_4	/tv/tv_writer/episodes_written	/m/04fjzv
/m/02mp0g	/government/legislative_session/members./government/government_position_held/district_represented	/m/03gmw0
/m/015196	/government/legislative_session/members./government/government_position_held/office_holder	/m/02xsz7
/m/02pz3j5	/music/genre/artists	/m/01w_zc6
/m/0c4f4	/sports/sports_team/roster./sports/sports_team_roster/player	/m/05ztlnc
/m/07vk2	/education/educational_institution/subsidiary_or_constituent_schools	/m/07l1c
/m/01lhdt	/education/educational_institution/students_graduates./education/education/student	/m/04hxyh
/m/07vk2	/education/educational_institution/students_graduates./education/education/student	/m/01hb6v
/m/02zc7f	/organization/organization/child./organization/organization_relationship/child	/m/08zw45
/m/07vk2	/education/educational_institution/students_graduates./education/education/student	/m/01k5zk
/m/07vk2	/business/employer/employees./business/employment_tenure/person	/m/016z51
/m/03h4mp	/award/award_winner/awards_won./award/award_honor/award_winner	/m/02qcpzb
/m/02w2bc	/award/award_nominee/award_nominations./award/award_nomination/award_nominee	/m/02qcpzb
/m/0bqxw	/film/film/starring./film/performance/actor	/m/01ty7_y
/m/0dq9p	/people/cause_of_death/people	/m/0225bv
/m/0f13b	/people/cause_of_death/people	/m/043qfzy
/m/04gxp2	/people/cause_of_death/people	/m/0bgnv6
/m/07_fj54	/people/cause_of_death/people	/m/0g1rzb
/m/03yf4d	/people/cause_of_death/people	/m/0gxqll
/m/0g5lhl7	/tv/tv_network/programs./tv/tv_network_duration/program	/m/05ftw3
/m/0g5lhl7	/film/film_distributor/films_distributed./film/film_film_distributor_relationship/film	/m/05fyss
/m/02lk95	/tv/tv_network/programs./tv/tv_network_duration/program	/m/05wgrn
/m/0g5lhl7	/broadcast/radio_station_owner/radio_stations	/m/07c52
/m/0dyg2	/business/employer/employees./business/employment_tenure/person	/m/0d8qrb
/m/083chw	/media_common/netflix_genre/titles	/m/05wgrn
/m/093dqjy	/tv/tv_network/programs./tv/tv_network_duration/program	/m/04r27q
/m/02y0dd	/tv/tv_network/programs./tv/tv_network_duration/program	/m/07s8xtc
/m/018zsw	/base/newsevents/news_reporting_organisation/news_reports./base/newsevents/news_report/event	/m/05p1x35
/m/0fz2y7	/business/employer/employees./business/employment_tenure/person	/m/0s8x24m
/m/0g5lhl7	/media_common/netflix_genre/titles	/m/027mvrc
/m/03gbty	/tv/tv_network/programs./tv/tv_network_duration/program	/m/092b8q
/m/01kyln	/tv/tv_network/programs./tv/tv_network_duration/program	/m/02r1qy3
/m/0g5lhl7	/tv/tv_network/programs./tv/tv_network_duration/program	/m/08vxk5
/m/0gsg7	/tv/tv_network/programs./tv/tv_network_duration/program	/m/0ptdz
/m/0gsg7	/tv/tv_network/programs./tv/tv_network_duration/program	/m/02pk6x
/m/0c55fj	/tv/tv_network/programs./tv/tv_network_duration/program	/m/04qyn3
/m/0gsg7	/tv/tv_network/programs./tv/tv_network_duration/program	/m/03s5lz
/m/0gsg7	/tv/tv_network/programs./tv/tv_network_duration/program	/m/0gldyz
/m/057xkj_	/government/political_party/politicians_in_this_party./government/political_party_tenure/politician	/m/02q883q
/m/012lzr	/government/political_party/politicians_in_this_party./government/political_party_tenure/politician	/m/03c5h6n
/m/04k4l	/government/political_party/politicians_in_this_party./government/political_party_tenure/politician	/m/05zlldc
/m/01bqnc	/government/political_party/politicians_in_this_party./government/political_party_tenure/politician	/m/02kz_
/m/01cyd5	/education/educational_institution/students_graduates./education/education/student	/m/030b93
/m/07jmgz	/military/military_combatant/military_conflicts./military/military_combatant_group/conflict	/m/011xt0
/m/01vvyc_	/award/award_winner/awards_won./award/award_honor/award	/m/059gkk
/m/01vvyc_	/award/award_nominee/award_nominations./award/award_nomination/award	/m/02cm2m
/m/01vvyc_	/base/popstra/celebrity/friendship./base/popstra/friendship/participant	/m/0bs5f0b
/m/01wb8bs	/film/actor/film./film/performance/film	/m/0mw5x
/m/01mylz	/business/industry/companies	/m/0c4pp7
/m/023907r	/business/industry/companies	/m/02bzh0
/m/02sdk9v	/soccer/football_position/players	/m/026y23w
/m/0dgrmp	/soccer/football_position/players	/m/0412dv9
/m/02sdk9v	/sports/sports_position/players./sports/sports_team_roster/team	/m/01cmp9
/m/02sdk9v	/soccer/football_position/players	/m/04pxcx
/m/02sdk9v	/sports/sports_position/players./sports/sports_team_roster/team	/m/02lp3c
/m/02qpbqj	/soccer/football_position/players	/m/02plnxf
/m/0bgv4g	/soccer/football_position/players	/m/0h2bj6
/m/01r3hr	/soccer/football_position/players	/m/03hhjc2
/m/05fyy5	/soccer/football_position/players	/m/0g3cx3
/m/02sdk9v	/soccer/football_position/players	/m/0d3f83
/m/02sdk9v	/soccer/football_position/players	/m/0135nb
/m/02vkdwz	/soccer/football_position/players	/m/0276g8h
/m/05b3ts	/sports/sports_position/players./sports/sports_team_roster/team	/m/0d8_y4
/m/06b1q	/sports/sports_position/players./sports/sports_team_roster/team	/m/0c8btk
/m/04nfpk	/soccer/football_position/players	/m/0fqzys
/m/02sddg	/soccer/football_position/players	/m/026fmvd
/m/01r3hr	/sports/sports_position/players./sports/sports_team_roster/team	/m/071t4w
/m/02sdk9v	/soccer/football_position/players	/m/0gtgp6
/m/019mcm	/sports/sports_team/arena_stadium	/m/04fwml
/m/017hnw	/music/performance_role/track_performances./music/track_contribution/contributor	/m/0164fj
/m/0h6dy	/music/performance_role/track_performances./music/track_contribution/contributor	/m/0f2x0
/m/048hf	/tv/tv_actor/guest_roles./tv/tv_guest_role/episodes_appeared_in	/m/078g3l
/m/050xpd	/education/educational_institution/students_graduates./education/education/student	/m/05qsxy
/m/08qnnv	/education/educational_institution/students_graduates./education/education/student	/m/01wj18h
/m/01dtcb	/education/educational_institution/students_graduates./education/education/student	/m/0dp_cy
/m/02bh8z	/education/educational_institution/students_graduates./education/education/student	/m/02pqxtp
/m/06bw5	/organization/organization/child./organization/organization_relationship/child	/m/05rhxg
/m/0lpfh	/location/location/events	/m/05p1x35
/m/0d05q4	/organization/organization_scope/organizations_with_this_scope	/m/03s5lz
/m/0d05q4	/location/country/languages_spoken	/m/05zjd
/m/0lm0n	/protected_sites/governing_body_of_protected_sites/protected_sites_governed	/m/0264lkg
/m/013wf1	/location/location/contains	/m/02pt92y
/m/07cdz	/location/location/contains	/m/08snx2
/m/02681_5	/location/location/contains	/m/0gfkrw
/m/0jf1v	/location/location/contains	/m/02wb3hb
/m/014l4w	/film/production_company/films	/m/01s5nb
/m/0173b0	/music/genre/artists	/m/06ywtl
/m/0sgxg	/film/actor/film./film/performance/film	/m/04f285v
/m/0ml_m	/travel/travel_destination/tourist_attractions	/m/04q2ly2
/m/01tl50z	/film/actor/film./film/performance/film	/m/026n6cs
/m/026s90	/music/record_label/artist	/m/031sn
/m/0143wl	/music/genre/artists	/m/0dgpzr2
/m/02qcqkl	/broadcast/radio_format/stations	/m/07c52
/m/033th	/cvg/cvg_genre/games	/m/09rdns
/m/0jxxt	/cvg/cvg_genre/games	/m/09t9vp
/m/033th	/cvg/cvg_genre/games	/m/09rdns
/m/0x27b	/cvg/cvg_genre/games	/m/0b4bsm
/m/0781g	/music/genre/artists	/m/0c0sl
/m/03558l	/symbols/name_source/namesakes	/m/0830n
/m/0dxmyh	/tv/tv_actor/starring_roles./tv/regular_tv_appearance/seasons	/m/0fx0mw
/m/0hm0k	/broadcast/radio_station_owner/radio_stations	/m/0gfzgl
/m/01pvkk	/protected_sites/site_listing_category/listed_sites./protected_sites/natural_or_cultural_site_listing/listed_site	/m/026g0db
/m/09gq0x5	/protected_sites/site_listing_category/listed_sites./protected_sites/natural_or_cultural_site_listing/listed_site	/m/01tckg
/m/030p35	/protected_sites/site_listing_category/listed_sites./protected_sites/natural_or_cultural_site_listing/listed_site	/m/03ns_sc
/m/0245zn	/protected_sites/site_listing_category/listed_sites./protected_sites/natural_or_cultural_site_listing/listed_site	/m/0m27n
/m/02x9cv	/protected_sites/site_listing_category/listed_sites./protected_sites/natural_or_cultural_site_listing/listed_site	/m/02ddwb
/m/0d8_wz	/protected_sites/site_listing_category/listed_sites./protected_sites/natural_or_cultural_site_listing/listed_site	/m/079r3c
/m/0245zn	/protected_sites/site_listing_category/listed_sites./protected_sites/natural_or_cultural_site_listing/listed_site	/m/01ppq
/m/03mszl	/protected_sites/site_listing_category/listed_sites./protected_sites/natural_or_cultural_site_listing/listed_site	/m/03cl2gr
/m/0245zn	/protected_sites/site_listing_category/listed_sites./protected_sites/natural_or_cultural_site_listing/listed_site	/m/0wqwj
/m/02c0mv	/tv/tv_producer/tv_episodes_produced./tv/tv_producer_episode_credit/episode	/m/01l1ls
/m/02yxbc	/award/award_winner/awards_won./award/award_honor/award_winner	/m/02qcpzb
/m/0fvly	/award/award_nominee/award_nominations./award/award_nomination/award_nominee	/m/02qcpzb
/m/02y_rq5	/award/award_category/nominees./award/award_nomination/nominated_for	/m/02y0js
/m/03339m	/music/genre/artists	/m/0bmnm
/m/01w5n51	/business/employer/employees./business/employment_tenure/person	/m/09g3bj
/m/04yt7	/tv/tv_actor/starring_roles./tv/regular_tv_appearance/series	/m/03_wj_
/m/01337_	/tv/tv_personality/tv_regular_appearances./tv/tv_regular_personal_appearance/program	/m/05wgrn
/m/0694j	/location/location/contains	/m/01w5gg6
/m/0n5dt	/location/location/contains	/m/02vqlt8
/m/0694j	/location/location/contains	/m/034b6k
/m/0694j	/location/location/contains	/m/02l4pj
/m/0b7t3p	/tv/tv_writer/episodes_written	/m/0d8m3
/m/0c4z8	/award/award_category/nominees./award/award_nomination/nominated_for	/m/021vwt
/m/0c4z8	/award/award_category/nominees./award/award_nomination/nominated_for	/m/0187y5
/m/0dt9_	/government/political_party/politicians_in_this_party./government/political_party_tenure/politician	/m/01nx_8
/m/0dt9_	/government/political_party/politicians_in_this_party./government/political_party_tenure/politician	/m/0cj36c
/m/03hpkp	/music/record_label/artist	/m/091qvq
/m/0k6nt	/location/location/contains	/m/01l3vx
/m/0k6nt	/location/location/contains	/m/0lx2l
/m/0nvrd	/location/us_county/hud_county_place	/m/0d6hn
/m/01m1_d	/location/location/contains	/m/03d6cdr
/m/04jhhng	/location/location/contains	/m/0s5md
/m/03hmt9b	/tv/tv_program/episodes	/m/06z54v5
/m/01lvrm	/location/location/contains	/m/0qq8q
/m/01z452	/base/activism/activism_issue/activists	/m/04gk8_c
/m/012h0y	/organization/organization_sector/organizations_in_this_sector	/m/0c_zj
/m/014dsx	/tv/tv_genre/programs	/m/051z6mv
/m/014dsx	/broadcast/genre/content	/m/0q9nj
/m/0c7g7	/film/film_subject/films	/m/0cqnq8
/m/019g40	/award/award_nominee/award_nominations./award/award_nomination/award	/m/02z6l5f
/m/0g5llry	/award/award_nominee/award_nominations./award/award_nomination/award	/m/03r67k
/m/08c6k9	/music/genre/artists	/m/06_gjl
/m/025ygqm	/music/genre/artists	/m/08ztpc
/m/02rv1w	/education/educational_institution/students_graduates./education/education/student	/m/0kszfw
/m/04zx3q1	/education/educational_degree/people_with_this_degree./education/education/student	/m/05xc_19
/m/027wvb	/education/educational_degree/people_with_this_degree./education/education/student	/m/0264sd1
/m/0192l	/education/educational_degree/people_with_this_degree./education/education/student	/m/0c3dr7
/m/02_xgp2	/education/educational_degree/people_with_this_degree./education/education/institution	/m/0152x_
/m/03w94xt	/education/educational_degree/people_with_this_degree./education/education/student	/m/0g2sgt
/m/01jgkj2	/education/educational_degree/people_with_this_degree./education/education/student	/m/0c1qgrg
/m/02_xgp2	/education/educational_degree/people_with_this_degree./education/education/student	/m/02zl4d
/m/02_xgp2	/education/educational_degree/people_with_this_degree./education/education/student	/m/06gb2q
/m/0y54	/education/educational_degree/people_with_this_degree./education/education/student	/m/0bq_f1w
/m/01zxx9	/education/educational_degree/people_with_this_degree./education/education/institution	/m/02mpg6
/m/02_xgp2	/education/educational_degree/people_with_this_degree./education/education/student	/m/03hltjb
/m/03lty	/music/genre/artists	/m/02c98m
/m/03lty	/music/genre/artists	/m/0c4hnm
/m/03lty	/music/genre/artists	/m/03h4mp
/m/03lty	/music/genre/artists	/m/0hd7j
/m/03lty	/music/genre/artists	/m/07glc4
/m/03lty	/music/genre/artists	/m/07yklv
/m/011xjd	/music/genre/artists	/m/0181_r
/m/0d6qjf	/music/genre/artists	/m/05k8hd
/m/03lty	/music/genre/artists	/m/01q2sk
/m/03lty	/music/genre/artists	/m/014zwb
/m/03lty	/music/genre/artists	/m/0bt3j9
/m/026dcvf	/music/genre/artists	/m/01r25qv
/m/0ct2tf5	/education/educational_degree/people_with_this_degree./education/education/institution	/m/08jwmp
/m/0162kb	/music/genre/artists	/m/0ds5qdp
/m/06c6l	/location/location/contains	/m/0dcp_
/m/05qgd9	/visual_art/visual_art_form/artists	/m/09gnmxw
/m/02wtp6	/visual_art/visual_art_form/artists	/m/046575n
/m/01_1pv	/visual_art/visual_art_form/artists	/m/0gg8hlz
/m/0lh0c	/visual_art/visual_art_form/artists	/m/03cngx1
/m/09cpb	/location/location/contains	/m/0s6jm
/m/09cpb	/location/location/contains	/m/055sjw
/m/09cpb	/location/location/contains	/m/02s7tr
/m/012qdp	/location/location/contains	/m/043vsw
/m/0d66j2	/tv/tv_program/episodes	/m/07n3s
/m/03flwk	/people/profession/people_with_this_profession	/m/0gfhbw2
/m/0d8qb	/people/profession/people_with_this_profession	/m/03tck1
/m/0d8qb	/people/profession/people_with_this_profession	/m/018c_r
/m/07phbc	/people/profession/people_with_this_profession	/m/06zjyyn
/m/0ftlx	/people/profession/people_with_this_profession	/m/04mx9x_
/m/064f29	/people/profession/people_with_this_profession	/m/0cdsl1
/m/0d8qb	/people/profession/people_with_this_profession	/m/02qhqz4
/m/03l7w8	/people/profession/people_with_this_profession	/m/02_k82
/m/012lzc	/people/profession/people_with_this_profession	/m/02r_3m3
/m/04qy5	/people/profession/people_with_this_profession	/m/05mwh4f
/m/0d8qb	/people/profession/people_with_this_profession	/m/02g5h5
/m/0d8qb	/people/profession/people_with_this_profession	/m/013l6l
/m/0d8qb	/people/profession/people_with_this_profession	/m/01pk8b
/m/0d8qb	/people/profession/people_with_this_profession	/m/025bwc
/m/0d8qb	/people/profession/people_with_this_profession	/m/0fvvz
/m/059m45	/people/profession/people_with_this_profession	/m/05x63pp
/m/0d8qb	/people/profession/people_with_this_profession	/m/02qzmz6
/m/042xh	/people/profession/people_with_this_profession	/m/0fwbpx
/m/03fmw_	/people/profession/people_with_this_profession	/m/02qjzzt
/m/012f86	/people/profession/people_with_this_profession	/m/02r_hv5
/m/01rh0w	/people/profession/people_with_this_profession	/m/09wsxb
/m/03lrqw	/people/profession/people_with_this_profession	/m/0gmhd92
/m/0d8qb	/people/profession/people_with_this_profession	/m/0142rn
/m/0_xdd	/people/profession/people_with_this_profession	/m/09g3bj
/m/01c427	/people/profession/people_with_this_profession	/m/03c3gz6
/m/0d8qb	/people/profession/people_with_this_profession	/m/03yhgp
/m/04nnpw	/people/profession/people_with_this_profession	/m/0263rxq
/m/0d8qb	/people/profession/people_with_this_profession	/m/082237
/m/0d8qb	/people/profession/people_with_this_profession	/m/07v64s
/m/02xb2bt	/people/profession/people_with_this_profession	/m/0j45px1
/m/013xrm	/people/profession/people_with_this_profession	/m/0gckdz
/m/051z6rz	/people/profession/people_with_this_profession	/m/03ndvj
/m/0d8qb	/people/profession/people_with_this_profession	/m/05tg3
/m/0d8qb	/people/profession/people_with_this_profession	/m/02ynfr
/m/02g839	/people/profession/people_with_this_profession	/m/047rwrh
/m/0bxxzb	/people/profession/people_with_this_profession	/m/04f6fp3
/m/0d8qb	/people/profession/people_with_this_profession	/m/09r_wb
/m/0d8qb	/people/profession/people_with_this_profession	/m/01wzs_q
/m/0d8qb	/people/profession/people_with_this_profession	/m/0h99n
/m/0d8qb	/people/profession/people_with_this_profession	/m/01yf85
/m/0d8qb	/people/profession/people_with_this_profession	/m/02n61z
/m/0d8qb	/people/profession/people_with_this_profession	/m/035wtd
/m/0fq9zcx	/people/profession/people_with_this_profession	/m/087vw3
/m/0h7x	/location/location/contains	/m/0ky0b
/m/011yth	/location/location/contains	/m/0b_td9
/m/08_hns	/location/location/contains	/m/09gz7p
/m/0pc56	/location/location/contains	/m/04rv_6
/m/012x03	/music/musical_group/member./music/group_membership/member	/m/034bgm
/m/01nzs7	/tv/tv_network/programs./tv/tv_network_duration/program	/m/01l2fn
/m/01yqqv	/education/educational_institution/students_graduates./education/education/student	/m/01v_0b
/m/02k6pv	/education/educational_institution/students_graduates./education/education/student	/m/05p1vvz
/m/024_fw	/award/award_category/winners./award/award_honor/award_winner	/m/01pwz
/m/02l3_5	/award/award_category/nominees./award/award_nomination/award_nominee	/m/03c3hc9
/m/02q42j_	/award/award_nominee/award_nominations./award/award_nomination/award_nominee	/m/059f4
/m/02rp117	/award/award_winner/awards_won./award/award_honor/award_winner	/m/03gq8z1
/m/0lfgr	/film/production_company/films	/m/0glrjbp
/m/03ljr	/government/governmental_body/members./government/government_position_held/office_holder	/m/04cmrt
/m/048n7	/time/event/includes_event	/m/03cvwkr
/m/048n7	/film/film_subject/films	/m/0bmc4cm
/m/048n7	/military/military_conflict/military_personnel_involved	/m/07hgkd
/m/05smlt	/film/film_job/films_with_this_crew_job./film/film_crew_gig/film	/m/0kr_t
/m/05smlt	/business/job_title/people_with_this_title./business/employment_tenure/company	/m/036gdw
/m/05vyk	/people/profession/people_with_this_profession	/m/02tjl3
/m/05vyk	/people/profession/people_with_this_profession	/m/02jt1k
/m/05vyk	/people/profession/people_with_this_profession	/m/05jt_
/m/0f1r9	/people/profession/people_with_this_profession	/m/02vlsz0
/m/015fr	/people/profession/people_with_this_profession	/m/0b6ddn5
/m/0xnc3	/people/profession/people_with_this_profession	/m/0hgp0rk
/m/05vyk	/people/profession/people_with_this_profession	/m/0k7tq
/m/05vyk	/people/profession/people_with_this_profession	/m/02cbvn
/m/02q42j_	/people/profession/people_with_this_profession	/m/08pvvc
/m/01v3rb	/education/educational_institution/students_graduates./education/education/student	/m/05n_18m
/m/0hhtgcw	/award/award_ceremony/awards_presented./award/award_honor/honored_for	/m/09gd6ll
/m/0k1bs	/location/location/contains	/m/0d_g3n
/m/01v3ht	/location/location/contains	/m/0cxzqh
/m/0ymdn	/education/educational_institution/students_graduates./education/education/student	/m/03975z
/m/012w3	/people/appointed_role/appointment./people/appointment/appointee	/m/03gm48
/m/0m57f	/music/genre/artists	/m/01hx3gc
/m/01lyv	/music/genre/artists	/m/01x4sb
/m/01lyv	/music/genre/artists	/m/021y7yw
/m/01lyv	/music/genre/artists	/m/05_wyz
/m/09v71cj	/music/genre/artists	/m/01r5pz5
/m/0bthb	/music/genre/artists	/m/01hb9p
/m/01lyv	/music/genre/artists	/m/01ngxm
/m/02p65p	/broadcast/radio_format/stations	/m/05p2p5h
/m/01lyv	/broadcast/radio_format/stations	/m/0gfzgl
/m/09z2b7	/music/genre/artists	/m/040452p
/m/01m3b1t	/award/award_nominee/award_nominations./award/award_nomination/award	/m/02s2xy
/m/01tsq8	/location/location/events	/m/0d66j2
/m/05x_5	/education/educational_institution/students_graduates./education/education/student	/m/05p10l3
/m/037c9s	/music/performance_role/regular_performances./music/group_membership/group	/m/01grpc
/m/03f0fp	/soccer/football_position/players	/m/0g7vxv
/m/01fwf1	/award/award_nominee/award_nominations./award/award_nomination/award_nominee	/m/01y81c
/m/0c9c0	/base/popstra/celebrity/friendship./base/popstra/friendship/participant	/m/01y81c
/m/049qx	/base/popstra/celebrity/dated./base/popstra/dated/participant	/m/02r_d4
/m/04kj2v	/film/film_production_designer/films_production_designed	/m/05r3qc
/m/019n9w	/education/educational_institution/students_graduates./education/education/student	/m/09gcvw4
/m/04ld32	/education/educational_institution/students_graduates./education/education/student	/m/06n9lt
/m/01w92	/film/film/story_by	/m/02thcm
/m/0dgrmp	/sports/sports_position/players./sports/sports_team_roster/team	/m/0ghlhx
/m/02_3zj	/location/location/contains	/m/03ck2t3
/m/0ctw_b	/government/governmental_jurisdiction/governing_officials./government/government_position_held/office_position_or_title	/m/06s_2
/m/0ctw_b	/location/location/contains	/m/014mlp
/m/01dzz7	/organization/organization_scope/organizations_with_this_scope	/m/024jc1
/m/01crd5	/government/governmental_jurisdiction/agencies	/m/024jc1
/m/0ctw_b	/location/location/contains	/m/0n03f
/m/06s9y	/government/governmental_jurisdiction/agencies	/m/02rht0j
/m/0ctw_b	/organization/organization_scope/organizations_with_this_scope	/m/033m23
/m/0ctw_b	/location/location/contains	/m/0170pk
/m/059t8	/olympics/olympic_participating_country/athletes./olympics/olympic_athlete_affiliation/athlete	/m/0k8pf1z
/m/0nj7b	/government/governmental_jurisdiction/government_positions	/m/01x4h7
/m/0ctw_b	/location/location/contains	/m/01gb_p
/m/0fj52s	/food/food/nutrients./food/nutrition_fact/nutrient	/m/05p606
/m/01pxg	/music/performance_role/regular_performances./music/group_membership/role	/m/07s7gc2
/m/0g6pl	/visual_art/art_period_movement/associated_artists	/m/013km
/m/0h6rm	/education/educational_institution/students_graduates./education/education/student	/m/0fv6dr
/m/0gy1_	/education/educational_institution/students_graduates./education/education/student	/m/02rjd6b
/m/0h6rm	/education/educational_institution/students_graduates./education/education/student	/m/09t4hh
/m/0h6rm	/education/educational_institution/students_graduates./education/education/student	/m/01jz6x
/m/0hyyq	/location/location/adjoin_s./location/adjoining_relationship/adjoins	/m/0bqxw
/m/016ks_	/film/actor/film./film/performance/film	/m/015fsv
/m/017jv5	/film/film_distributor/films_distributed./film/film_film_distributor_relationship/film	/m/06rvn
/m/01kwhf	/film/film_distributor/films_distributed./film/film_film_distributor_relationship/film	/m/09rqzlg
/m/017jv5	/film/production_company/films	/m/0cgm9
/m/01c333	/education/educational_institution/students_graduates./education/education/student	/m/018yj6
/m/030_1m	/education/educational_institution/students_graduates./education/education/student	/m/0266p4y
/m/01fml	/government/political_party/politicians_in_this_party./government/political_party_tenure/politician	/m/01gkmx
/m/01fml	/government/political_party/politicians_in_this_party./government/political_party_tenure/politician	/m/03c7ln
/m/0212zp	/government/political_party/politicians_in_this_party./government/political_party_tenure/politician	/m/0grnf2
/m/03m9c8	/government/political_party/politicians_in_this_party./government/political_party_tenure/politician	/m/05zvsdk
/m/0yls9	/government/political_party/politicians_in_this_party./government/political_party_tenure/politician	/m/0bg1cb
/m/01fml	/government/political_party/politicians_in_this_party./government/political_party_tenure/politician	/m/0b22w
/m/01fml	/government/political_party/politicians_in_this_party./government/political_party_tenure/politician	/m/0168dy
/m/01fml	/government/political_party/politicians_in_this_party./government/political_party_tenure/politician	/m/07_3qd
/m/01fml	/government/political_party/politicians_in_this_party./government/political_party_tenure/politician	/m/01nglk
/m/0169t	/film/film/starring./film/performance/actor	/m/0gcf7c3
/m/07yjb	/film/film/starring./film/performance/actor	/m/0bs09xw
/m/01jc9d	/location/location/contains	/m/06s9y
/m/09pnw5	/government/political_ideology/political_parties	/m/0463_f8
/m/0bsjcw	/government/political_ideology/political_parties	/m/03g9fv
/m/048xh	/film/actor/film./film/performance/film	/m/018gvp
/m/0205dx	/film/producer/films_executive_produced	/m/0fvzz
/m/0205dx	/film/actor/film./film/performance/film	/m/064ndc
/m/032nl2	/location/location/contains	/m/02rd9hf
/m/09b9m	/government/governmental_jurisdiction/governing_officials./government/government_position_held/office_holder	/m/0cqj3j
/m/01r3hr	/military/military_combatant/military_conflicts./military/military_combatant_group/conflict	/m/064qq8z
/m/0byb_x	/military/military_combatant/military_conflicts./military/military_combatant_group/conflict	/m/0d92rr
/m/03k9fj	/film/film_genre/films_in_this_genre	/m/025s7j4
/m/0cfz_z	/film/film_genre/films_in_this_genre	/m/0cd3jr
/m/09s93	/film/film_genre/films_in_this_genre	/m/03cnk52
/m/03k9fj	/film/film_genre/films_in_this_genre	/m/07lp1
/m/03k9fj	/film/film_genre/films_in_this_genre	/m/0265vt
/m/03k9fj	/tv/tv_genre/programs	/m/0lmm3
/m/03k9fj	/film/film_genre/films_in_this_genre	/m/0f4kp
/m/02xs6_	/film/film_genre/films_in_this_genre	/m/09yl69
/m/025bwc	/film/film_genre/films_in_this_genre	/m/05f5qpk
/m/0n6ds	/tv/tv_genre/programs	/m/07cf3b7
/m/0mfj2	/tv/tv_genre/programs	/m/0tkf74t
/m/03k9fj	/film/film_genre/films_in_this_genre	/m/018mlg
/m/01ym8l	/media_common/netflix_genre/titles	/m/05b7dt
/m/03ndd	/film/film_genre/films_in_this_genre	/m/05b3r_4
/m/032_wv	/film/film_genre/films_in_this_genre	/m/044vd3
/m/0mwht	/media_common/netflix_genre/titles	/m/09yl69
/m/03k9fj	/film/film_genre/films_in_this_genre	/m/02xzd9
/m/06f0dc	/government/legislative_session/members./government/government_position_held/office_holder	/m/01l9p
/m/02yr3z	/music/record_label/artist	/m/02q1bv8
/m/02fgdx	/music/record_label/artist	/m/01pwkd3
/m/06gst	/organization/organization/child./organization/organization_relationship/child	/m/09wv__
/m/01xl5	/education/educational_institution/students_graduates./education/education/student	/m/080lgg_
/m/0f1r9	/education/educational_institution/students_graduates./education/education/student	/m/05ztlnc
/m/0c4xc	/tv/tv_genre/programs	/m/02sj1x
/m/01htzx	/tv/tv_genre/programs	/m/0300m_
/m/0bdw6t	/tv/tv_genre/programs	/m/0d1zl5
/m/0c4xc	/tv/tv_genre/programs	/m/02rzmzk
/m/01l4g5	/tv/tv_genre/programs	/m/0bjf7n
/m/01l_yg	/tv/tv_genre/programs	/m/05h4bk1
/m/016lv3	/tv/tv_genre/programs	/m/04_0lbj
/m/0c4xc	/tv/tv_genre/programs	/m/03zrc_
/m/0c4xc	/tv/tv_genre/programs	/m/0jm8l
/m/03gt7s	/film/film_genre/films_in_this_genre	/m/063_q1y
/m/0dsb_yy	/award/award_winner/awards_won./award/award_honor/award_winner	/m/049912
/m/0126hc	/award/award_nominee/award_nominations./award/award_nomination/award_nominee	/m/02qcpzb
/m/0lphb	/location/location/events	/m/02pp1
/m/013zyw	/tv/tv_program_creator/programs_created	/m/01y2mq
/m/01_qc_	/people/cause_of_death/people	/m/04l5d0
/m/01_qc_	/people/cause_of_death/people	/m/06ntj
/m/01dnws	/music/performance_role/track_performances./music/track_contribution/role	/m/09dvgb8
/m/01xdn1	/cvg/cvg_publisher/games_published	/m/0b73n8
/m/02qvzf	/ice_hockey/hockey_position/players	/m/01fx2g
/m/032l1	/influence/influence_node/influenced	/m/097kp
/m/03hkp	/location/location/contains	/m/032358
/m/073w14	/music/genre/artists	/m/0dd8zqs
/m/0kz4w	/film/actor/film./film/performance/film	/m/0309c5
/m/06f32	/government/governmental_jurisdiction/government_bodies	/m/0pmcz
/m/02pkpfs	/education/field_of_study/students_majoring./education/education/institution	/m/05dh12
/m/04b_jc	/media_common/netflix_genre/titles	/m/04j160l
/m/0cjsxp	/location/location/contains	/m/04n7g12
/m/0cqgl9	/award/award_category/nominees./award/award_nomination/nominated_for	/m/09b83
/m/04j1n8	/location/location/contains	/m/0f1psx
/m/0cr3d	/location/location/contains	/m/06v8s0
/m/0gsgr	/base/newsevents/news_reporting_organisation/news_reports./base/newsevents/news_report/event	/m/02pgky2
/m/042q3	/business/employer/employees./business/employment_tenure/person	/m/0byw7m
/m/0229rs	/base/newsevents/news_reporting_organisation/news_reports./base/newsevents/news_report/event	/m/06s_gf
/m/0ms1n	/location/location/contains	/m/02qx5h
/m/018_q8	/cvg/cvg_publisher/games_published	/m/09k703m
/m/07vj4v	/fictional_universe/character_powers/characters_with_this_ability	/m/06k_xx
/m/01vxlbm	/base/popstra/celebrity/shops_at./base/popstra/shopping_choice/company	/m/04f6df0
/m/0151b0	/award/award_nominee/award_nominations./award/award_nomination/award	/m/03r67k
/m/0224z4	/organization/organization_sector/organizations_in_this_sector	/m/01jsn5
/m/0224z4	/organization/organization_sector/organizations_in_this_sector	/m/02mw6c
/m/02bp37	/government/legislative_session/members./government/government_position_held/office_holder	/m/08f3yq
/m/02pzy52	/film/actor/film./film/performance/film	/m/0gzs2r
/m/04t53l	/music/record_label/artist	/m/02hmvc
/m/059kh	/music/genre/artists	/m/03459x
/m/059kh	/music/genre/artists	/m/01qxc7
/m/025twgt	/music/genre/artists	/m/08dbtc
/m/059kh	/music/genre/artists	/m/03_wj_
/m/0nm3n	/music/genre/artists	/m/01vsrsz
/m/059kh	/music/genre/artists	/m/034hzj
/m/059kh	/music/genre/artists	/m/0bj25
/m/05nrkb	/education/educational_institution/students_graduates./education/education/student	/m/01sb5r
/m/01x4r3	/tv/tv_actor/starring_roles./tv/regular_tv_appearance/series	/m/04qyn3
/m/0287xhr	/location/location/contains	/m/0cn193
/m/0d7m90	/award/award_winner/awards_won./award/award_honor/award	/m/02f788
/m/0838y	/award/award_nominee/award_nominations./award/award_nomination/award	/m/04czgbh
/m/06fvc	/influence/influence_node/influenced	/m/0b16h0
/m/0g5879y	/film/film/story_by	/m/02tc5y
/m/0gbwp	/award/award_nominee/award_nominations./award/award_nomination/award	/m/02f93t
/m/046f25	/people/family_member/family	/m/096jr0
/m/011yqc	/film/film/starring./film/performance/actor	/m/0dx84s
/m/0151ns	/tv/tv_actor/starring_roles./tv/regular_tv_appearance/series	/m/04hgpt
/m/017y6l	/education/educational_institution/students_graduates./education/education/student	/m/04053_6
/m/0820xz	/education/educational_institution/students_graduates./education/education/student	/m/01tpjh
/m/01pcbg	/tv/tv_actor/guest_roles./tv/tv_guest_role/episodes_appeared_in	/m/056252
/m/0d5wn3	/tv/tv_genre/programs	/m/06l42v
/m/0pmcz	/education/educational_institution/students_graduates./education/education/student	/m/0ccwnh
/m/0464pz	/tv/tv_program/episodes	/m/0ttxp
/m/022_lg	/location/location/contains	/m/0228dq
/m/01vs8ng	/location/location/contains	/m/0dy7jd
/m/02lt8	/location/location/contains	/m/025t8l
/m/05kr_	/location/location/contains	/m/0m2b5
/m/05kr_	/location/location/contains	/m/0dnkmq
/m/0c58k	/location/location/contains	/m/04f3zmn
/m/05kr_	/location/location/contains	/m/0209hj
/m/05kr_	/location/location/contains	/m/0gqwc
/m/05kr_	/location/location/contains	/m/06pqy_
/m/094hwz	/location/location/contains	/m/01_rrz
/m/07y0n	/location/location/contains	/m/0641bv
/m/056xkh	/location/location/contains	/m/05kx0t
/m/0157m	/location/location/contains	/m/02ww7g5
/m/06npd	/location/location/contains	/m/0172rj
/m/02bwc7	/location/location/contains	/m/0fwgkn
/m/01ksz9	/book/book_subject/works	/m/02qnd86
/m/0d060g	/olympics/olympic_participating_country/athletes./olympics/olympic_athlete_affiliation/athlete	/m/04mky3
/m/0d060g	/location/location/contains	/m/0cqcgj
/m/0d060g	/olympics/olympic_participating_country/athletes./olympics/olympic_athlete_affiliation/athlete	/m/09b0xs
/m/0d060g	/location/location/contains	/m/03g5_y
/m/0d060g	/location/location/contains	/m/02lt8
/m/01___w	/location/location/contains	/m/02qxsb0
/m/01ccr8	/location/location/contains	/m/047qffw
/m/0164nb	/location/location/contains	/m/025t8l
/m/0d060g	/organization/organization_scope/organizations_with_this_scope	/m/019tfz
/m/01wj17	/location/location/contains	/m/05kx0t
/m/0d060g	/location/location/contains	/m/05d1dy
/m/01s695	/location/location/contains	/m/027592p
/m/0d060g	/organization/organization_scope/organizations_with_this_scope	/m/09fqd3
/m/02vk5b6	/location/location/contains	/m/08f_h8
/m/06www	/location/location/contains	/m/07gskj
/m/0d060g	/location/location/contains	/m/0971v
/m/0b06q	/location/location/contains	/m/07qjc1
/m/0c2tf	/location/location/contains	/m/04z_tx6
/m/0d060g	/location/location/contains	/m/01t21q
/m/01693z	/location/location/contains	/m/056m2k
/m/04v09	/location/country/second_level_divisions	/m/03nxh75
/m/0d060g	/location/location/contains	/m/03lpp_
/m/075mb	/olympics/olympic_participating_country/athletes./olympics/olympic_athlete_affiliation/athlete	/m/03r4gg
/m/0d060g	/organization/organization_scope/organizations_with_this_scope	/m/055yr
/m/03_r3	/location/country/second_level_divisions	/m/01_rrz
/m/0d060g	/location/location/contains	/m/02qd04y
/m/0d060g	/location/location/contains	/m/0ghvb
/m/0g4pl7z	/film/film/personal_appearances./film/personal_film_appearance/person	/m/0sw62
/m/0gy3w	/education/educational_institution/students_graduates./education/education/student	/m/01wmgrf
/m/0dv9v	/organization/organization_sector/organizations_in_this_sector	/m/02pm8g5
/m/01xn57g	/organization/organization_founder/organizations_founded	/m/03m6208
/m/018p5f	/broadcast/radio_station_owner/radio_stations	/m/01fjfv
/m/0d9s5	/film/producer/film	/m/044vd3
/m/03xpx0	/people/place_of_interment/interred_here	/m/023v2
/m/027hnjh	/tv/tv_writer/episodes_written	/m/03m6_z
/m/02h400t	/business/industry/companies	/m/037s9x
/m/02h400t	/business/industry/companies	/m/01_4mn
/m/07gknc	/business/industry/companies	/m/029r2y
/m/0784v1	/tv/tv_genre/programs	/m/04yddk9
/m/02qvl7	/sports/sports_position/players./sports/sports_team_roster/player	/m/01r216
/m/04nfpk	/ice_hockey/hockey_position/players	/m/02qlm13
/m/02qvl7	/ice_hockey/hockey_position/players	/m/03xgm3
/m/02qvl7	/ice_hockey/hockey_position/players	/m/02fybl
/m/03c17w7	/cvg/cvg_developer/games_developed	/m/064k5vk
/m/02slt7	/military/military_combatant/military_conflicts./military/military_combatant_group/conflict	/m/064qq8z
/m/04sry	/tv/tv_personality/tv_regular_appearances./tv/tv_regular_personal_appearance/program	/m/092_25
/m/0cnl09	/tv/tv_actor/guest_roles./tv/tv_guest_role/episodes_appeared_in	/m/0ch26b_
/m/0dn3n	/cvg/game_voice_actor/computer_game_voice_performances./cvg/game_performance/game	/m/02mg5r
/m/06151l	/film/director/film	/m/09rqzlg
/m/07lt7b	/military/military_combatant/military_conflicts./military/military_combatant_group/conflict	/m/07k94my
/m/0lgw7	/people/profession/people_with_this_profession	/m/026v5
/m/0lgw7	/people/profession/people_with_this_profession	/m/01rzxl
/m/0lgw7	/people/profession/people_with_this_profession	/m/02m97n
/m/0lgw7	/people/profession/people_with_this_profession	/m/06klyh
/m/0dky9n	/people/profession/people_with_this_profession	/m/0cdsl1
/m/0lgw7	/people/profession/people_with_this_profession	/m/07xvf
/m/01l47f5	/people/profession/people_with_this_profession	/m/05s_bky
/m/0lgw7	/people/profession/people_with_this_profession	/m/09blyk
/m/03zv3n	/film/film_subject/films	/m/0ghhd7x
/m/031hxk	/education/educational_institution/students_graduates./education/education/student	/m/04f3_0g
/m/027m5wv	/award/award_nominee/award_nominations./award/award_nomination/nominated_for	/m/05p669s
/m/03c_cxn	/book/book_subject/works	/m/09rdvs
/m/07y_r	/film/film_subject/films	/m/0p_ss
/m/02k6hp	/medicine/disease/includes_diseases	/m/01kvrz
/m/0d__c3	/influence/influence_node/influenced_by	/m/0j3_p
/m/0372p	/symbols/name_source/namesakes	/m/0gkxgfq
/m/04n6k	/user/tsegaran/random/subject_taxonomy/entry./user/tsegaran/random/taxonomy_entry/subject	/m/01mszz
/m/022wxh	/user/tsegaran/random/subject_taxonomy/entry./user/tsegaran/random/taxonomy_entry/subject	/m/063nx
/m/0tyww	/user/tsegaran/random/subject_taxonomy/entry./user/tsegaran/random/taxonomy_entry/subject	/m/021hzp
/m/02vnpv	/user/tsegaran/random/subject_taxonomy/entry./user/tsegaran/random/taxonomy_entry/subject	/m/02q_z0
/m/01yhm	/user/tsegaran/random/subject_taxonomy/entry./user/tsegaran/random/taxonomy_entry/subject	/m/03jwd
/m/05hjmd	/user/tsegaran/random/subject_taxonomy/entry./user/tsegaran/random/taxonomy_entry/subject	/m/01dnzs
/m/04n6k	/user/tsegaran/random/subject_taxonomy/entry./user/tsegaran/random/taxonomy_entry/subject	/m/01w58n3
/m/01wmcbg	/user/tsegaran/random/subject_taxonomy/entry./user/tsegaran/random/taxonomy_entry/subject	/m/050fdl
/m/04sj3	/location/location/contains	/m/0h5f5n
/m/04sj3	/location/location/contains	/m/01c65z
/m/0306ds	/location/location/contains	/m/03qmvs7
/m/04x56	/book/author/works_written	/m/01wxdn3
/m/06qgvf	/tv/tv_actor/starring_roles./tv/regular_tv_appearance/series	/m/0c_dx
/m/06sw9	/location/location/contains	/m/01qbg5
/m/06thjt	/education/educational_institution/students_graduates./education/education/student	/m/01gz9n
/m/0bt9lr	/architecture/building_function/buildings	/m/02ww7g5
/m/09cmq	/architecture/building_function/buildings	/m/05v8c
/m/06q02g	/architecture/architectural_style/examples	/m/05d0t9
/m/03c_8t	/architecture/architectural_style/examples	/m/079r3c
/m/017w_	/architecture/architectural_style/examples	/m/0s8vsdd
/m/0r62v	/protected_sites/natural_or_cultural_site_designation/sites./protected_sites/natural_or_cultural_site_listing/listed_site	/m/038y21
/m/0c7g7	/protected_sites/natural_or_cultural_site_designation/sites./protected_sites/natural_or_cultural_site_listing/listed_site	/m/02lv2v
/m/0c7g7	/protected_sites/natural_or_cultural_site_designation/sites./protected_sites/natural_or_cultural_site_listing/listed_site	/m/01rdm0
/m/0c7g7	/protected_sites/natural_or_cultural_site_designation/sites./protected_sites/natural_or_cultural_site_listing/listed_site	/m/0ft0s
/m/0c7g7	/protected_sites/natural_or_cultural_site_designation/sites./protected_sites/natural_or_cultural_site_listing/listed_site	/m/0j11
/m/06xqq	/protected_sites/natural_or_cultural_site_designation/sites./protected_sites/natural_or_cultural_site_listing/listed_site	/m/05hvh6
/m/05ztrmj	/protected_sites/natural_or_cultural_site_designation/sites./protected_sites/natural_or_cultural_site_listing/listed_site	/m/0d_zz
/m/0cc65	/location/location/contains	/m/026lgs
/m/09d5d5	/award/award_category/nominees./award/award_nomination/award_nominee	/m/094jg3
/m/0ggl02	/award/award_nominee/award_nominations./award/award_nomination/nominated_for	/m/018fwv
/m/0ggl02	/award/award_winner/awards_won./award/award_honor/honored_for	/m/019mlh
/m/0n048	/location/location/contains	/m/05kcgsf
/m/01445t	/people/profession/people_with_this_profession	/m/01jc6q
/m/01445t	/people/profession/people_with_this_profession	/m/058frd
/m/0mx2h	/people/profession/people_with_this_profession	/m/0kf7c9j
/m/02tgz4	/people/profession/people_with_this_profession	/m/0k0ksbg
/m/01445t	/people/profession/people_with_this_profession	/m/06dr9
/m/01445t	/people/profession/people_with_this_profession	/m/03r0rq
/m/01z56h	/people/profession/people_with_this_profession	/m/0k8j_rr
/m/03zz8b	/tv/tv_actor/starring_roles./tv/regular_tv_appearance/series	/m/02rs1k0
/m/02nvg1	/cvg/cvg_developer/games_developed	/m/04jbxpv
/m/01qckn	/cvg/cvg_publisher/games_published	/m/02hjn4
/m/01qckn	/cvg/cvg_publisher/games_published	/m/06506j
/m/056252	/cvg/cvg_developer/games_developed	/m/03nltr8
/m/04gd8j	/cvg/cvg_developer/games_developed	/m/022k5g
/m/01f_3w	/cvg/cvg_developer/games_developed	/m/053rq7
/m/01qckn	/cvg/cvg_publisher/games_published	/m/02hjn4
/m/0125ny	/film/film_location/featured_in_films	/m/01dc46
/m/02_286	/location/location/contains	/m/07xhy
/m/02_286	/location/location/contains	/m/015rhv
/m/02_286	/location/location/contains	/m/03x726
/m/0mr_8	/location/place_with_neighborhoods/neighborhoods	/m/05gdyg
/m/02_286	/location/location/contains	/m/038981
/m/03l5m1	/location/place_with_neighborhoods/neighborhoods	/m/04gkfs
/m/0194xc	/location/location/contains	/m/0blr4
/m/0kygv	/military/military_combatant/military_conflicts./military/military_combatant_group/conflict	/m/02w8bgt
/m/01r3y2	/people/profession/people_with_this_profession	/m/0j2432p
/m/02hrh1q	/people/profession/people_with_this_profession	/m/05p1dby
/m/0gnjh	/people/profession/people_with_this_profession	/m/04jj7qs
/m/02hrh1q	/people/profession/people_with_this_profession	/m/0q9nj
/m/0fhpv4	/people/profession/people_with_this_profession	/m/01v0yt5
/m/02hrh1q	/people/profession/people_with_this_profession	/m/02w4v
/m/03ndd	/people/profession/people_with_this_profession	/m/026yhzm
/m/02q3fdr	/people/profession/people_with_this_profession	/m/09tm38
/m/02hrh1q	/people/profession/people_with_this_profession	/m/0fpjd_g
/m/02hrh1q	/people/profession/people_with_this_profession	/m/02kc_w5
/m/02hrh1q	/people/profession/people_with_this_profession	/m/01flgk
/m/02hrh1q	/people/profession/people_with_this_profession	/m/06x76
/m/02hrh1q	/people/profession/people_with_this_profession	/m/08k05y
/m/017575	/people/profession/people_with_this_profession	/m/0b4c0p
/m/09v42sf	/people/profession/people_with_this_profession	/m/04n24td
/m/02hrh1q	/people/profession/people_with_this_profession	/m/03_gz8
/m/02hrh1q	/people/profession/people_with_this_profession	/m/073h1t
/m/02fhtq	/people/profession/people_with_this_profession	/m/012qgc
/m/011yd2	/people/profession/people_with_this_profession	/m/0bwglbl
/m/02hrh1q	/people/profession/people_with_this_profession	/m/048z7l
/m/02hrh1q	/people/profession/people_with_this_profession	/m/04112r
/m/0425_d	/people/profession/people_with_this_profession	/m/0f2x0
/m/02hrh1q	/people/profession/people_with_this_profession	/m/02m4t
/m/05p3738	/people/profession/people_with_this_profession	/m/0gb_x1c
/m/02hrh1q	/people/profession/people_with_this_profession	/m/018wl5
/m/02hrh1q	/people/profession/people_with_this_profession	/m/02v570
/m/02hrh1q	/people/profession/people_with_this_profession	/m/02v703
/m/02hrh1q	/people/profession/people_with_this_profession	/m/03fhj1
/m/02hrh1q	/people/profession/people_with_this_profession	/m/0c55fj
/m/02hrh1q	/people/profession/people_with_this_profession	/m/015wc0
/m/02hrh1q	/people/profession/people_with_this_profession	/m/06929s
/m/02hrh1q	/people/profession/people_with_this_profession	/m/01w9k25
/m/02hrh1q	/people/profession/people_with_this_profession	/m/0d8lm
/m/0b1mf	/people/profession/people_with_this_profession	/m/0f60l7
/m/02hrh1q	/people/profession/people_with_this_profession	/m/056xkh
/m/02hrh1q	/people/profession/people_with_this_profession	/m/0d9kl
/m/02hrh1q	/people/profession/people_with_this_profession	/m/0qm98
/m/01tvz5j	/people/profession/people_with_this_profession	/m/08y7ny
/m/02hrh1q	/people/profession/people_with_this_profession	/m/05pt0l
/m/0xwj	/people/profession/people_with_this_profession	/m/02rkh3z
/m/03qc7q6	/people/profession/people_with_this_profession	/m/04gltgc
/m/01kwh5j	/people/profession/people_with_this_profession	/m/04w8l2
/m/02hrh1q	/people/profession/people_with_this_profession	/m/01b0k1
/m/02hrh1q	/people/profession/people_with_this_profession	/m/086x3
/m/014wxc	/people/profession/people_with_this_profession	/m/0gvvn86
/m/02hrh1q	/people/profession/people_with_this_profession	/m/0nbcg
/m/02hrh1q	/people/profession/people_with_this_profession	/m/035nm
/m/02hrh1q	/people/profession/people_with_this_profession	/m/0n58p
/m/02hrh1q	/people/profession/people_with_this_profession	/m/018nnz
/m/02hrh1q	/people/profession/people_with_this_profession	/m/02x4x18
/m/018qql	/people/profession/people_with_this_profession	/m/0c_494
/m/02hrh1q	/people/profession/people_with_this_profession	/m/0gtsxr4
/m/02hrh1q	/people/profession/people_with_this_profession	/m/0dzs0
/m/0tbr	/people/profession/people_with_this_profession	/m/026fbk6
/m/02hrh1q	/people/profession/people_with_this_profession	/m/02rsw
/m/035wq7	/people/profession/people_with_this_profession	/m/04b3ym
/m/03hkvzc	/people/profession/people_with_this_profession	/m/0dgn7pn
/m/02hrh1q	/people/profession/people_with_this_profession	/m/0fr_v
/m/09g3mp	/people/profession/people_with_this_profession	/m/09_9y3
/m/02hrh1q	/people/profession/people_with_this_profession	/m/0ntpv
/m/02hrh1q	/people/profession/people_with_this_profession	/m/0317zz
/m/09hyvp	/people/profession/people_with_this_profession	/m/03cgwmb
/m/01nsyf	/people/profession/people_with_this_profession	/m/07mmg5
/m/0d6b7	/people/profession/people_with_this_profession	/m/03h46jc
/m/076psv	/people/profession/people_with_this_profession	/m/069cq8
/m/03_2y	/people/profession/people_with_this_profession	/m/0jkyjlp
/m/02hrh1q	/people/profession/people_with_this_profession	/m/01m15br
/m/02hrh1q	/people/profession/people_with_this_profession	/m/0bs1g5r
/m/03j6c	/people/profession/people_with_this_profession	/m/05snc1
/m/02rhfsc	/people/profession/people_with_this_profession	/m/0gdq8z
/m/02hrh1q	/people/profession/people_with_this_profession	/m/0dp90
/m/07s846j	/people/profession/people_with_this_profession	/m/0523gh7
/m/0bfvd4	/people/profession/people_with_this_profession	/m/02pxds5
/m/02hrh1q	/people/profession/people_with_this_profession	/m/03nymk
/m/02hrh1q	/people/profession/people_with_this_profession	/m/0p0cw
/m/02hrh1q	/people/profession/people_with_this_profession	/m/0j5fv
/m/02hrh1q	/people/profession/people_with_this_profession	/m/0mp08
/m/02hrh1q	/people/profession/people_with_this_profession	/m/075znj
/m/03dkh6	/people/profession/people_with_this_profession	/m/0fl4t7
/m/02hrh1q	/people/profession/people_with_this_profession	/m/01gpy4
/m/019fh	/people/profession/people_with_this_profession	/m/05p05_t
/m/0gtt5fb	/people/profession/people_with_this_profession	/m/02j6cs
/m/02hrh1q	/people/profession/people_with_this_profession	/m/0q9sg
/m/0g7yx	/people/profession/people_with_this_profession	/m/0cc58p9
/m/02hrh1q	/people/profession/people_with_this_profession	/m/02856r
/m/09_b4	/people/profession/people_with_this_profession	/m/096wm6
/m/04s2z	/people/profession/people_with_this_profession	/m/03ynlsw
/m/06vv_6	/people/profession/people_with_this_profession	/m/03ql50z
/m/0479b	/people/profession/people_with_this_profession	/m/07k6qpv
/m/0blpnz	/people/profession/people_with_this_profession	/m/0c19hv
/m/01_qp_	/people/profession/people_with_this_profession	/m/01vsrsz
/m/09gwd	/people/profession/people_with_this_profession	/m/02csf7
/m/02hrh1q	/people/profession/people_with_this_profession	/m/03q_w5
/m/0q8p8	/people/profession/people_with_this_profession	/m/03gz61x
/m/049bmk	/people/profession/people_with_this_profession	/m/03nw5t5
/m/0byfz	/people/profession/people_with_this_profession	/m/04yptr
/m/0443xn	/people/profession/people_with_this_profession	/m/0c3nb8
/m/03bwzr4	/people/profession/people_with_this_profession	/m/03x_p13
/m/0641kkh	/people/profession/people_with_this_profession	/m/03qnbzt
/m/09thp87	/people/profession/people_with_this_profession	/m/04bp94
/m/0l3h	/people/profession/people_with_this_profession	/m/027971v
/m/02hrh1q	/people/profession/people_with_this_profession	/m/025hzx
/m/012vf6	/people/profession/people_with_this_profession	/m/026sm_3
/m/02hrh1q	/people/profession/people_with_this_profession	/m/01l3vx
/m/02hrh1q	/people/profession/people_with_this_profession	/m/0kdqw
/m/02hrh1q	/people/profession/people_with_this_profession	/m/0n474
/m/01400v	/people/profession/people_with_this_profession	/m/06zrvkj
/m/02hrh1q	/people/profession/people_with_this_profession	/m/0zpfy
/m/02hrh1q	/people/profession/people_with_this_profession	/m/0l8gh
/m/02hrh1q	/people/profession/people_with_this_profession	/m/02y9ln
/m/01q20	/people/profession/people_with_this_profession	/m/027kw6q
/m/02hrh1q	/people/profession/people_with_this_profession	/m/02b18l
/m/023jq1	/people/profession/people_with_this_profession	/m/0gcf7c3
/m/03pbf	/people/profession/people_with_this_profession	/m/047r16j
/m/04v3q	/people/profession/people_with_this_profession	/m/06sdkq
/m/02hrh1q	/people/profession/people_with_this_profession	/m/025sf0_
/m/02hrh1q	/people/profession/people_with_this_profession	/m/01nzs7
/m/02hrh1q	/people/profession/people_with_this_profession	/m/020d8d
/m/02hrh1q	/people/profession/people_with_this_profession	/m/03yf5g
/m/04y79_n	/people/profession/people_with_this_profession	/m/0gxh_l
/m/02k21g	/people/profession/people_with_this_profession	/m/04z_5tb
/m/030znt	/people/profession/people_with_this_profession	/m/0b64ssn
/m/02hrh1q	/people/profession/people_with_this_profession	/m/034r25
/m/02hrh1q	/people/profession/people_with_this_profession	/m/0cdw6
/m/02hrh1q	/people/profession/people_with_this_profession	/m/011ydl
/m/02hrh1q	/fictional_universe/character_occupation/characters_with_this_occupation	/m/015dxd
/m/02hrh1q	/people/profession/people_with_this_profession	/m/0n4yq
/m/02rgz4	/people/profession/people_with_this_profession	/m/04v18k
/m/02hrh1q	/people/profession/people_with_this_profession	/m/0h99n
/m/02hrh1q	/people/profession/people_with_this_profession	/m/0f4vx0
/m/07lnk	/people/profession/people_with_this_profession	/m/0c6qlf
/m/02hrh1q	/people/profession/people_with_this_profession	/m/025ndl
/m/02hrh1q	/people/profession/people_with_this_profession	/m/01352_
/m/041rhq	/people/profession/people_with_this_profession	/m/028cd1b
/m/02hrh1q	/people/profession/people_with_this_profession	/m/05hqv
/m/025twgt	/people/profession/people_with_this_profession	/m/02z3vn5
/m/02hrh1q	/people/profession/people_with_this_profession	/m/02tcgh
/m/02hrh1q	/people/profession/people_with_this_profession	/m/0fvly
/m/02y_rq5	/people/profession/people_with_this_profession	/m/08qjfv
/m/081l_	/people/profession/people_with_this_profession	/m/0c68lq
/m/02hrh1q	/people/profession/people_with_this_profession	/m/0jzw
/m/02hrh1q	/people/profession/people_with_this_profession	/m/01k3qj
/m/02k_px	/location/location/contains	/m/0bqvs2
/m/0_m3k	/base/aareas/schema/administrative_area/administrative_children	/m/0f2mhr
/m/04zkj5	/music/genre/artists	/m/02j6cs
/m/05pcr	/music/genre/artists	/m/0288s_6
/m/018zsw	/music/genre/artists	/m/03f7lms
/m/07z4p5	/music/genre/artists	/m/01l68n5
/m/0n6c_	/people/ethnicity/people	/m/08vq7j
/m/04swd	/location/location/contains	/m/0jt5zcn
/m/027ydt	/location/location/contains	/m/0yg7p
/m/01txts	/location/location/contains	/m/0bngwg
/m/05fkf	/government/governmental_jurisdiction/governing_officials./government/government_position_held/office_holder	/m/07ss8_
/m/04z4j2	/location/location/contains	/m/06w4881
/m/066l3y	/base/schemastaging/tv_actor_extra/regular_dubbing_performances./base/schemastaging/tv_star_dubbing_performance/program	/m/0586wl
/m/07g7h2	/tv/tv_writer/episodes_written	/m/0lphb
/m/0d2rhq	/film/film_genre/films_in_this_genre	/m/04jpg2p
/m/05qm9f	/location/location/contains	/m/02q_4z2
/m/0l_dv	/tv/tv_actor/guest_roles./tv/tv_guest_role/episodes_appeared_in	/m/0xc9x
/m/0j__m	/protected_sites/governing_body_of_protected_sites/protected_sites_governed	/m/03mcd8
/m/015dvh	/protected_sites/governing_body_of_protected_sites/protected_sites_governed	/m/011hq1
/m/015dvh	/protected_sites/governing_body_of_protected_sites/protected_sites_governed	/m/0mp08
/m/0bqc_	/protected_sites/governing_body_of_protected_sites/protected_sites_governed	/m/038x27
/m/019dwp	/protected_sites/governing_body_of_protected_sites/protected_sites_governed	/m/045h1n
/m/07h34	/protected_sites/governing_body_of_protected_sites/protected_sites_governed	/m/0533f1
/m/07z1m	/protected_sites/governing_body_of_protected_sites/protected_sites_governed	/m/0463d3_
/m/04hzfz	/location/location/contains	/m/09ydgm
/m/015qh	/location/location/contains	/m/0s9z_
/m/015qh	/location/location/contains	/m/04rtpt
/m/0163zw	/music/genre/artists	/m/0288fyj
/m/01k_yf	/music/musical_group/member./music/group_membership/member	/m/01z_g6
/m/01rr_d	/education/educational_degree/people_with_this_degree./education/education/student	/m/0969vz
/m/01rr_d	/education/educational_degree/people_with_this_degree./education/education/institution	/m/03zj9
/m/01rr_d	/education/educational_degree/people_with_this_degree./education/education/student	/m/082db
/m/0yldt	/education/educational_degree/people_with_this_degree./education/education/student	/m/03cx9mc
/m/01xrlm	/education/educational_institution/students_graduates./education/education/student	/m/024tj
/m/0253b6	/film/actor/film./film/performance/film	/m/017z88
/m/0p_47	/tv/tv_writer/episodes_written	/m/06xpb6j
/m/02c9dj	/education/educational_institution/students_graduates./education/education/student	/m/06chf
/m/02c9dj	/education/educational_institution/students_graduates./education/education/student	/m/01h910
/m/052vwh	/time/time_zone/locations_in_this_time_zone	/m/0s143
/m/02lcrv	/time/time_zone/locations_in_this_time_zone	/m/025rs2
/m/038czx	/education/educational_institution/students_graduates./education/education/student	/m/08wr3kg
/m/08b8vd	/tv/tv_actor/starring_roles./tv/regular_tv_appearance/series	/m/0j641kt
/m/020bg	/base/activism/activism_issue/activists	/m/09lzt2
/m/07lnk	/music/genre/artists	/m/0ght2
/m/07s3vqk	/film/actor/film./film/performance/film	/m/0c43g
/m/06s27s	/location/location/contains	/m/04n7g12
/m/01yhvv	/location/location/contains	/m/011q5n
/m/06jry	/award/award_category/nominees./award/award_nomination/nominated_for	/m/01d1_s
/m/020vx9	/education/educational_institution/students_graduates./education/education/student	/m/03d0skq
/m/0h69c	/education/educational_institution/students_graduates./education/education/student	/m/03m856s
/m/036v_	/education/educational_institution/students_graduates./education/education/student	/m/0f13mr
/m/0j_sncb	/education/educational_institution/students_graduates./education/education/student	/m/01s9ftn
/m/0blg2	/olympics/olympic_games/athletes./olympics/olympic_athlete_affiliation/athlete	/m/02r_8rx
/m/0kbvb	/olympics/olympic_games/medals_awarded./olympics/olympic_medal_honor/medalist	/m/06c53w
/m/065mm1	/tv/tv_actor/starring_roles./tv/regular_tv_appearance/series	/m/02rs1k0
/m/02nfhx	/location/location/contains	/m/04yf2g
/m/016j68	/film/actor/film./film/performance/film	/m/0c38gj
/m/01b_d4	/music/genre/artists	/m/01r83z0
/m/01bpc9	/base/activism/activist/area_of_activism	/m/0295r
/m/01pvkk	/film/film_job/films_with_this_crew_job./film/film_crew_gig/film	/m/0bxsk
/m/01pvkk	/film/film_job/films_with_this_crew_job./film/film_crew_gig/film	/m/0n5_g
/m/01pvkk	/film/film_job/films_with_this_crew_job./film/film_crew_gig/film	/m/0n95v
/m/01g6l8	/film/film_job/films_with_this_crew_job./film/film_crew_gig/film	/m/0j8f2hc
/m/01wyz92	/award/award_nominee/award_nominations./award/award_nomination/award_nominee	/m/0gqmvn
/m/044pqn	/tv/tv_actor/guest_roles./tv/tv_guest_role/episodes_appeared_in	/m/0gxsyq0
/m/01vzxld	/music/artist/album	/m/0fnymc
/m/080z7	/education/educational_institution/students_graduates./education/education/student	/m/06x_7h
/m/01r3w7	/education/educational_institution/students_graduates./education/education/student	/m/02_82w9
/m/06gg5c	/award/award_nominee/award_nominations./award/award_nomination/nominated_for	/m/01tp5bj
/m/019pwv	/award/award_nominee/award_nominations./award/award_nomination/nominated_for	/m/0h3lnh6
/m/098n5	/tv/tv_writer/episodes_written	/m/03f22dp
/m/0bvfqq	/location/location/contains	/m/06w4881
/m/01t3h6	/location/location/events	/m/06n7qg
/m/0kvt9	/location/location/contains	/m/049tb
/m/0kvt9	/location/location/contains	/m/01grpc
/m/064p92m	/base/popstra/celebrity/supporter./base/popstra/support/supported_organization	/m/0q055
/m/0lx2l	/award/award_nominee/award_nominations./award/award_nomination/nominated_for	/m/0383f
/m/084kf	/film/actor/film./film/performance/film	/m/0309c5
/m/0lx2l	/award/award_winner/awards_won./award/award_honor/honored_for	/m/0dyztm
/m/01jq0j	/music/record_label/artist	/m/02vbmw
/m/019vv1	/music/record_label/artist	/m/0cz1md
/m/012mzw	/education/educational_institution/students_graduates./education/education/student	/m/0k2mxq
/m/012mzw	/education/educational_institution/students_graduates./education/education/student	/m/01ycfv
/m/01k6nm	/film/actor/film./film/performance/film	/m/0223g8
/m/01stzp	/education/educational_institution/students_graduates./education/education/student	/m/0djvzd
/m/078mm1	/business/employer/employees./business/employment_tenure/person	/m/05w39t
/m/08lb68	/business/employer/employees./business/employment_tenure/person	/m/03bv26
/m/01t_vv	/film/film_genre/films_in_this_genre	/m/03n0q5
/m/01t_vv	/tv/tv_genre/programs	/m/02wwr5n
/m/01t_vv	/film/film_genre/films_in_this_genre	/m/0k5g9
/m/02p0qx9	/user/coco/science/concepts_theories/child_concept	/m/025x7g_
/m/02p0qx9	/user/coco/science/concepts_theories/child_concept	/m/0mp6
/m/02swsm	/music/record_label/artist	/m/03pcgf
/m/032r4n	/education/educational_institution/students_graduates./education/education/student	/m/0fn8jc
/m/0j2pg	/soccer/football_team/manager./soccer/football_team_management_tenure/manager	/m/01n263
/m/05y5fw	/location/location/contains	/m/041431h
/m/0443xn	/people/person/sibling_s./people/sibling_relationship/sibling	/m/015wkb
/m/06nrt	/location/location/contains	/m/0bkj86
/m/06nrt	/location/location/contains	/m/05b_gq
/m/06nrt	/location/location/contains	/m/02x2jl_
/m/0ycht	/location/location/contains	/m/04cyrlc
/m/0xkyn	/location/location/contains	/m/09srcr
/m/0824r	/location/location/contains	/m/016vg8
/m/062z7	/location/location/contains	/m/06zk3nk
/m/0fxrk	/location/location/contains	/m/0174pr
/m/087vz	/location/location/contains	/m/041rx
/m/0l998	/film/film_genre/films_in_this_genre	/m/0b6w50
/m/0bbf1f	/base/popstra/celebrity/shops_at./base/popstra/shopping_choice/company	/m/0mwsh
/m/01zb_g	/location/location/contains	/m/07yv59
/m/02fb1n	/medicine/symptom/symptom_of	/m/01r_nw
/m/03wbzp	/film/actor/film./film/performance/film	/m/05v6jy
/m/01jn5	/people/profession/people_with_this_profession	/m/070mff
/m/01jn5	/people/profession/people_with_this_profession	/m/031hxk
/m/01jn5	/people/profession/people_with_this_profession	/m/07lp1
/m/01v_pj6	/music/artist/origin	/m/0mvsg
/m/0ctt4z	/sports/sports_position/players./sports/sports_team_roster/team	/m/0ghlhx
/m/026t6	/music/performance_role/track_performances./music/track_contribution/contributor	/m/05y0cr
/m/026t6	/music/performance_role/track_performances./music/track_contribution/contributor	/m/0j4q1
/m/0g9lm2	/music/performance_role/track_performances./music/track_contribution/contributor	/m/03f4rj6
/m/026t6	/music/performance_role/track_performances./music/track_contribution/contributor	/m/03l6bs
/m/077rj	/music/performance_role/guest_performances./music/recording_contribution/contributor	/m/02pyg6
/m/01bh3l	/music/performance_role/track_performances./music/track_contribution/contributor	/m/01w5hdv
/m/026t6	/music/performance_role/track_performances./music/track_contribution/contributor	/m/016w7b
/m/0515zg	/music/performance_role/track_performances./music/track_contribution/contributor	/m/0ct1b0
/m/026t6	/music/performance_role/track_performances./music/track_contribution/role	/m/02_06s
/m/026t6	/music/performance_role/track_performances./music/track_contribution/contributor	/m/03qmfzx
/m/0cfdd	/music/instrument/instrumentalists	/m/01wx_k3
/m/01xqw	/music/instrument/instrumentalists	/m/02pyg6
/m/026t6	/music/instrument/instrumentalists	/m/0hr41p6
/m/026t6	/music/performance_role/track_performances./music/track_contribution/contributor	/m/01pxqx
/m/02w4b	/music/instrument/instrumentalists	/m/0ct1b0
/m/026t6	/music/instrument/instrumentalists	/m/09p7fh
/m/0168dy	/people/profession/people_with_this_profession	/m/08j63n
/m/01w03jv	/people/profession/people_with_this_profession	/m/06w7l5
/m/02y_93f	/people/profession/people_with_this_profession	/m/0j7v_
/m/0y1mh	/people/profession/people_with_this_profession	/m/0269njr
/m/02y_93f	/people/profession/people_with_this_profession	/m/0g768
/m/039g82	/people/profession/people_with_this_profession	/m/0cp_8p
/m/02y_93f	/people/profession/people_with_this_profession	/m/0988cp
/m/02y_93f	/people/profession/people_with_this_profession	/m/0fzm0g
/m/05qgc	/award/award_winner/awards_won./award/award_honor/award	/m/063yhq
/m/02j71	/geography/geographical_feature_category/features	/m/043dvf
/m/014v1q	/tv/tv_actor/starring_roles./tv/regular_tv_appearance/series	/m/02rs1k0
/m/05x30m	/film/film/other_crew./film/film_crew_gig/crewmember	/m/09883c2
/m/07024	/award/award_winning_work/awards_won./award/award_honor/award_winner	/m/012c6x
/m/07024	/award/award_nominated_work/award_nominations./award/award_nomination/award_nominee	/m/0jcx1
/m/07yw6t	/award/award_nominee/award_nominations./award/award_nomination/nominated_for	/m/0c4kv
/m/0fkzq	/film/actor/film./film/performance/film	/m/0kv53j
/m/0cdbq	/government/governmental_jurisdiction/governing_officials./government/government_position_held/office_holder	/m/01x4wq
/m/0byh8j	/royalty/kingdom/rulers	/m/015wkb
/m/0mb5x	/military/military_combatant/military_conflicts./military/military_combatant_group/conflict	/m/07k7d6
/m/0ckd1	/tv/tv_producer_type/tv_producers_of_this_type./tv/tv_producer_term/producer	/m/0cct7p
/m/01z9v6	/tv/tv_producer_type/tv_producers_of_this_type./tv/tv_producer_term/program	/m/04__ry
/m/02wlwtm	/tv/tv_producer_type/tv_producers_of_this_type./tv/tv_producer_term/program	/m/0jt02y4
/m/01kr6k	/tv/tv_producer_type/tv_producers_of_this_type./tv/tv_producer_term/program	/m/04q25kd
/m/0ckd1	/tv/tv_producer_type/tv_producers_of_this_type./tv/tv_producer_term/producer	/m/07_3qd
/m/01cpkt	/tv/tv_producer_type/tv_producers_of_this_type./tv/tv_producer_term/producer	/m/03hks9g
/m/0dq_5	/tv/tv_producer_type/tv_producers_of_this_type./tv/tv_producer_term/program	/m/0j641kt
/m/0ckd1	/tv/tv_producer_type/tv_producers_of_this_type./tv/tv_producer_term/producer	/m/011lvx
/m/0jmj7	/award/award_category/winners./award/award_honor/award_winner	/m/03qh906
/m/0fms83	/award/award_category/nominees./award/award_nomination/award_nominee	/m/0156ts
/m/0g5qs2k	/award/award_nominated_work/award_nominations./award/award_nomination/award_nominee	/m/040p3y
/m/0gkxgfq	/award/award_ceremony/awards_presented./award/award_honor/honored_for	/m/078g3l
/m/090gk3	/music/genre/artists	/m/0164fj
/m/0164qt	/music/genre/artists	/m/0bxyxlk
/m/0h08p	/music/genre/artists	/m/04j1n8
/m/0xjl2	/music/genre/artists	/m/0f2x0
/m/01k165	/music/genre/artists	/m/08ztpc
/m/015q1n	/education/educational_institution/students_graduates./education/education/student	/m/03qd_
/m/020h2v	/education/educational_institution/students_graduates./education/education/student	/m/04n03fk
/m/016pjk	/base/fight/crime_type/people_convicted_of_this_crime./base/crime/criminal_conviction/convicted_person	/m/01pgzn_
/m/01_4z	/people/person/spouse_s./people/marriage/spouse	/m/01wgx4
/m/06wcbk7	/education/educational_institution/students_graduates./education/education/student	/m/0h3mj0_
/m/0kd69	/tv/tv_network/programs./tv/tv_network_duration/program	/m/0cgk__
/m/04nfpk	/baseball/baseball_position/players	/m/0cm9v1s
/m/028c_8	/baseball/baseball_position/players	/m/082db
/m/028c_8	/sports/sports_position/players./sports/sports_team_roster/player	/m/0l6px
/m/023wyl	/baseball/baseball_position/players	/m/02z00v7
/m/02s7tr	/baseball/baseball_position/players	/m/0gytmm8
/m/0t_71	/business/industry/companies	/m/06w7__
/m/029g_vk	/business/industry/companies	/m/01x7jb
/m/029g_vk	/business/industry/companies	/m/03gn1x
/m/02p19pg	/government/government_office_or_title/office_holders./government/government_position_held/office_holder	/m/04rfq
/m/02wcx8c	/film/actor/film./film/performance/film	/m/03y05ty
/m/04dz_y7	/award/award_category/nominees./award/award_nomination/nominated_for	/m/079t_g
/m/02_cq0	/award/award_category/winners./award/award_honor/honored_for	/m/079t_g
/m/02b1k5	/sports/sports_team/arena_stadium	/m/05q5gqv
/m/023p18	/music/genre/artists	/m/05zm_9y
/m/05r6t	/music/genre/artists	/m/0p8r1
/m/05r6t	/music/genre/artists	/m/01_4z
/m/05r6t	/music/genre/artists	/m/05cj_j
/m/02xfrd	/music/genre/artists	/m/03yk6qg
/m/02z6l5f	/music/genre/artists	/m/0cz1md
/m/01vcnl	/music/genre/artists	/m/0bhc8n_
/m/05r6t	/music/genre/artists	/m/01dpdh
/m/019vhk	/music/genre/artists	/m/017fl5
/m/05r6t	/music/genre/artists	/m/0nbjq
/m/0fkvn	/music/genre/artists	/m/01jqyd_
/m/04j14qc	/music/genre/artists	/m/01lg_1x
/m/04s9n	/music/genre/artists	/m/05mwcz_
/m/06ywtl	/organization/organization_sector/organizations_in_this_sector	/m/0b6css
/m/055vr	/people/family/members	/m/0141r7
/m/0jgxn	/people/profession/people_with_this_profession	/m/031zm1
/m/01dpts	/people/profession/people_with_this_profession	/m/0h962tx
/m/0btyf5z	/people/profession/people_with_this_profession	/m/0bl9rd
/m/014nq4	/people/profession/people_with_this_profession	/m/07zcd8
/m/0jgxn	/people/profession/people_with_this_profession	/m/02_tw
/m/04k8n	/people/profession/people_with_this_profession	/m/03qlbbk
/m/014m1m	/people/profession/people_with_this_profession	/m/0fbmd8
/m/0m24v	/music/artist/label	/m/03wx6_
/m/03b1l8	/music/genre/artists	/m/0bl7b8
/m/0kbvb	/olympics/olympic_games/athletes./olympics/olympic_athlete_affiliation/athlete	/m/02z67v0
/m/018ctl	/olympics/olympic_games/medals_awarded./olympics/olympic_medal_honor/medalist	/m/019389
/m/019n8z	/olympics/olympic_games/athletes./olympics/olympic_athlete_affiliation/athlete	/m/0cjtqg
/m/018ctl	/olympics/olympic_games/athletes./olympics/olympic_athlete_affiliation/athlete	/m/02p5hf
/m/018w8	/sports/sport/teams	/m/0l2hf
/m/09qgm	/olympics/olympic_sport/athletes./olympics/olympic_athlete_affiliation/athlete	/m/048p1l
/m/018w8	/sports/sport/officials	/m/023sng
/m/01hp22	/olympics/olympic_sport/athletes./olympics/olympic_athlete_affiliation/athlete	/m/087ld5
/m/0n228	/film/actor/film./film/performance/film	/m/0cvt65
/m/0sx7r	/olympics/olympic_games/medals_awarded./olympics/olympic_medal_honor/medalist	/m/02rnwgr
/m/02lw8j	/medicine/symptom/symptom_of	/m/02jrl1
/m/01kyvx	/tv/special_tv_performance_type/starring_performances./tv/regular_tv_appearance/series	/m/0fgg4
/m/01kyvx	/tv/special_tv_performance_type/starring_performances./tv/regular_tv_appearance/series	/m/05jyb2
/m/01kyvx	/film/special_film_performance_type/film_performance_type./film/performance/actor	/m/013v5j
/m/0d7k1z	/tv/special_tv_performance_type/starring_performances./tv/regular_tv_appearance/series	/m/05c4hvp
/m/01kyvx	/tv/special_tv_performance_type/starring_performances./tv/regular_tv_appearance/series	/m/0c02jh8
/m/01kyvx	/tv/special_tv_performance_type/starring_performances./tv/regular_tv_appearance/series	/m/032f6
/m/0219x_	/film/film_genre/films_in_this_genre	/m/03k8th
/m/0219x_	/film/film_genre/films_in_this_genre	/m/05kjc6
/m/02tgz4	/film/film_genre/films_in_this_genre	/m/0kv55t
/m/0219x_	/film/film_genre/films_in_this_genre	/m/07fsv
/m/0sqgt	/film/film_genre/films_in_this_genre	/m/0c42fq1
/m/0sbbq	/film/film_genre/films_in_this_genre	/m/0f_kz3
/m/0yvjx	/film/film_genre/films_in_this_genre	/m/04j0zy4
/m/0219x_	/film/film_genre/films_in_this_genre	/m/02f8zw
/m/0219x_	/film/film_genre/films_in_this_genre	/m/01vvyd8
/m/0219x_	/film/film_genre/films_in_this_genre	/m/03q4nz
/m/043kzcr	/film/film_genre/films_in_this_genre	/m/0pbqz60
/m/0d22f	/film/film_genre/films_in_this_genre	/m/04j07pc
/m/02g5h5	/film/film_genre/films_in_this_genre	/m/0cv6lc
/m/02fgdx	/education/educational_institution/students_graduates./education/education/student	/m/03qhyn8
/m/02x4x18	/location/location/contains	/m/0gbzgt
/m/0g6ff	/location/location/contains	/m/05zstg
/m/03tw2s	/location/location/events	/m/011xt0
/m/03rjj	/media_common/netflix_genre/titles	/m/0yc7f
/m/03rjj	/organization/organization_scope/organizations_with_this_scope	/m/017yfz
/m/01z747	/location/location/contains	/m/0cwk2q
/m/01n3bm	/location/location/contains	/m/03vtgd
/m/03rjj	/location/location/contains	/m/07v64s
/m/03rjj	/location/location/contains	/m/0cfdd
/m/03rjj	/location/location/contains	/m/03jj93
/m/03rjj	/media_common/netflix_genre/titles	/m/05fnl9
/m/09d38d	/location/location/contains	/m/0412hc0
/m/0m4mb	/location/location/contains	/m/0bj8pb
/m/02wf01	/location/location/contains	/m/0gm08y
/m/07l1c	/organization/organization_scope/organizations_with_this_scope	/m/0cwnkw
/m/03rjj	/location/location/contains	/m/06npx
/m/03rjj	/location/location/contains	/m/013m43
/m/01y9st	/location/location/contains	/m/02r7pfg
/m/0mcf4	/location/location/contains	/m/0gw1x
/m/03ht1z	/location/location/contains	/m/0806t9j
/m/05c4fys	/people/deceased_person/place_of_death	/m/0d_61
/m/04s2z	/people/profession/people_with_this_profession	/m/025n07
/m/04s2z	/people/profession/people_with_this_profession	/m/0clpml
/m/0222qb	/people/profession/people_with_this_profession	/m/04zx1hs
/m/04s2z	/people/profession/people_with_this_profession	/m/0778_3
/m/0mvn6	/people/profession/people_with_this_profession	/m/03qj6hd
/m/04s2z	/people/profession/people_with_this_profession	/m/07b1gq
/m/015rmq	/people/profession/people_with_this_profession	/m/082sys
/m/04s2z	/people/profession/people_with_this_profession	/m/01fdc0
/m/04yywz	/people/profession/people_with_this_profession	/m/04g01lp
/m/04s2z	/people/profession/people_with_this_profession	/m/02gd6x
/m/0b6css	/film/film/subjects	/m/045n4
/m/0125q1	/location/location/contains	/m/09nm_
/m/030cx	/location/location/contains	/m/0fp3gx
/m/0125q1	/location/location/contains	/m/019bk0
/m/0nhmw	/location/location/events	/m/064qq8z
/m/06bc59	/influence/influence_node/influenced_by	/m/0830n
/m/01ww_vs	/music/artist/album	/m/059yj
/m/07_lq	/award/award_nominee/award_nominations./award/award_nomination/award_nominee	/m/0gff83x
/m/01y665	/film/actor/film./film/performance/film	/m/03_z5f
/m/01k2wn	/location/statistical_region/religions./location/religion_percentage/religion	/m/01l1yv
/m/019fv4	/organization/organization_scope/organizations_with_this_scope	/m/028738
/m/02j8nx	/film/film_job/films_with_this_crew_job./film/film_crew_gig/film	/m/0crd8z
/m/03mfnf	/film/film_job/films_with_this_crew_job./film/film_crew_gig/film	/m/063_q1y
/m/0gn30	/film/film_job/films_with_this_crew_job./film/film_crew_gig/film	/m/04f285v
/m/02_n3z	/film/film_job/films_with_this_crew_job./film/film_crew_gig/film	/m/01n5sn
/m/01crd5	/travel/travel_destination/tourist_attractions	/m/03cphz3
/m/0bxl5	/music/instrument/instrumentalists	/m/0830n
/m/047n8xt	/film/film/starring./film/performance/actor	/m/02_2v2
/m/047n8xt	/film/film/starring./film/performance/actor	/m/0mrs1
/m/07s8z_l	/tv/tv_program/episodes	/m/028cl7
/m/08b3m	/book/book_subject/works	/m/05n6sq
/m/02bjrlw	/book/book_subject/works	/m/02x87pj
/m/020bv3	/book/book_subject/works	/m/012j5w
/m/011wdm	/book/book_subject/works	/m/0gcq0g
/m/0kr_t	/music/artist/album	/m/0r6cx
/m/0q6g3	/award/award_nominee/award_nominations./award/award_nomination/nominated_for	/m/03cqqf1
/m/0kr_t	/award/award_winner/awards_won./award/award_honor/honored_for	/m/0252fh
/m/0n8bn	/tv/tv_actor/guest_roles./tv/tv_guest_role/episodes_appeared_in	/m/0fr_v
/m/0124jj	/location/location/contains	/m/0hfjk
/m/018ckn	/base/aareas/schema/administrative_area/capital	/m/0drrw
/m/0dwh5	/location/administrative_division/capital./location/administrative_division_capital_relationship/capital	/m/03fxfy
/m/01_30_	/cvg/cvg_publisher/games_published	/m/02hjn4
/m/04ly1	/government/governmental_jurisdiction/government_bodies	/m/027298
/m/01x73	/location/location/contains	/m/065ym0c
/m/0146mv	/education/educational_institution/students_graduates./education/education/student	/m/02rsffj
/m/01zn4y	/education/educational_institution/students_graduates./education/education/student	/m/02wcx8c
/m/02278y	/music/genre/artists	/m/0hpv3
/m/02rc4d	/organization/organization_sector/organizations_in_this_sector	/m/04f2c4y
/m/02gl58	/tv/tv_program/episodes	/m/02rlj20
/m/031ydm	/tv/tv_actor/guest_roles./tv/tv_guest_role/episodes_appeared_in	/m/02py9yf
/m/09jrf	/book/author/works_written	/m/0316p2
/m/01b8d6	/organization/organization_scope/organizations_with_this_scope	/m/05tf5j
/m/0dzs0	/government/governmental_jurisdiction/agencies	/m/0cbrd0
/m/05b4w	/location/location/contains	/m/020g9r
/m/06mzp	/government/governmental_jurisdiction/governing_officials./government/government_position_held/office_holder	/m/076xkdz
/m/03gqdq7	/location/location/contains	/m/0420yg9
/m/06mzp	/location/location/partially_contains	/m/0cf0s
/m/02wmy	/olympics/olympic_participating_country/athletes./olympics/olympic_athlete_affiliation/athlete	/m/0k8qwv9
/m/03n93	/location/location/contains	/m/0284vjp
/m/0qmd5	/film/film_job/films_with_this_crew_job./film/film_crew_gig/film	/m/04f285v
/m/09s1f	/book/book_subject/works	/m/025569
/m/0cc65	/film/film/subjects	/m/045n4
/m/0dv0z	/military/military_combatant/military_conflicts./military/military_combatant_group/conflict	/m/0427y
/m/027g6p7	/music/genre/artists	/m/08_ncy
/m/0myk8	/music/instrument/instrumentalists	/m/02gys2
/m/031x_3	/music/genre/artists	/m/0cz1md
/m/01mzwp	/military/military_combatant/military_conflicts./military/military_combatant_group/conflict	/m/02v8kmz
/m/01n2m6	/education/educational_institution/students_graduates./education/education/student	/m/0gytqn
/m/032j_n	/education/educational_institution/students_graduates./education/education/student	/m/02qknch
/m/0222qb	/people/ethnicity/people	/m/02x0gk1
/m/0222qb	/people/ethnicity/people	/m/09xvf7
/m/03y5g8	/education/educational_institution/students_graduates./education/education/student	/m/04sv7z
/m/01h8rk	/education/educational_institution/students_graduates./education/education/student	/m/02_b77c
/m/06rzwx	/film/film/other_crew./film/film_crew_gig/crewmember	/m/01wbg84
/m/081yw	/government/governmental_jurisdiction/governing_officials./government/government_position_held/office_holder	/m/01vs73g
/m/081yw	/location/location/contains	/m/01pr6q7
/m/0k6nt	/location/location/contains	/m/03gwfd
/m/072x7s	/location/location/contains	/m/09l1mf
/m/081yw	/government/political_district/representatives./government/government_position_held/office_holder	/m/06b4wb
/m/081yw	/location/location/contains	/m/03shp
/m/027pdrh	/location/location/contains	/m/07_9x7
/m/081yw	/location/location/contains	/m/04nz3
/m/05g9h	/location/location/contains	/m/013np_
/m/0b_fw	/film/actor/film./film/performance/film	/m/0c1j_
/m/03_nq	/people/profession/people_with_this_profession	/m/04jjt1
/m/0gbbt	/people/profession/people_with_this_profession	/m/0164v
/m/02gys2	/media_common/netflix_genre/titles	/m/07j1k1
/m/0177z	/award/award_winner/awards_won./award/award_honor/award	/m/0441wk
/m/037ls6	/food/food/nutrients./food/nutrition_fact/nutrient	/m/06x3w
/m/017gxw	/award/award_winner/awards_won./award/award_honor/award_winner	/m/01kyvx
/m/0d06m5	/award/award_nominee/award_nominations./award/award_nomination/award_nominee	/m/02qcpzb
/m/01_1kk	/film/actor/film./film/performance/film	/m/08l8dnc
/m/019803	/tv/tv_actor/starring_roles./tv/regular_tv_appearance/series	/m/013x0b
/m/02lnhv	/music/genre/artists	/m/03y9srp
/m/044l47	/people/cause_of_death/people	/m/03c40
/m/023k2	/business/company_type/companies_of_this_type	/m/03qjqry
/m/053rd	/business/company_type/companies_of_this_type	/m/03wc0lj
/m/019cr	/business/company_type/companies_of_this_type	/m/0f12dt
/m/04gny	/business/company_type/companies_of_this_type	/m/04dzsxk
/m/01mxzw	/business/company_type/companies_of_this_type	/m/0dn44
/m/01mxzw	/business/company_type/companies_of_this_type	/m/04vzv4
/m/01mxzw	/business/company_type/companies_of_this_type	/m/048lv
/m/0d63kt	/business/company_type/companies_of_this_type	/m/01qxzy
/m/01mxzw	/business/company_type/companies_of_this_type	/m/0bqsk5
/m/01mxzw	/business/company_type/companies_of_this_type	/m/012x03
/m/01mxzw	/business/company_type/companies_of_this_type	/m/026n3rs
/m/01x214	/business/company_type/companies_of_this_type	/m/04tgmc
/m/01mxzw	/business/company_type/companies_of_this_type	/m/034hwx
/m/01mw2x	/business/company_type/companies_of_this_type	/m/0cp538r
/m/026vcc	/location/location/contains	/m/03j8fq
/m/09dv49	/people/person/employment_history./business/employment_tenure/company	/m/025xl1p
/m/063g7l	/sports/pro_athlete/teams./sports/sports_team_roster/team	/m/0fpj9pm
/m/01jzyx	/education/educational_institution/students_graduates./education/education/student	/m/0ggb2t_
/m/07x4c	/education/educational_institution/students_graduates./education/education/student	/m/05yjhm
/m/01r3w7	/education/educational_institution/students_graduates./education/education/student	/m/09j76q
/m/09d5d5	/people/profession/people_with_this_profession	/m/09883c2
/m/0t_2	/film/film_job/films_with_this_crew_job./film/film_crew_gig/film	/m/0kvcd9
/m/04k15	/film/film_job/films_with_this_crew_job./film/film_crew_gig/crewmember	/m/09883c2
/m/02n9k	/film/film_job/films_with_this_crew_job./film/film_crew_gig/film	/m/0309c5
/m/09vw2b7	/film/film_job/films_with_this_crew_job./film/film_crew_gig/film	/m/0443y3
/m/04kbn	/film/film_job/films_with_this_crew_job./film/film_crew_gig/film	/m/0n4blqr
/m/0g39h	/film/film_job/films_with_this_crew_job./film/film_crew_gig/film	/m/05f5qpk
/m/0d9z_y	/film/film_job/films_with_this_crew_job./film/film_crew_gig/film	/m/04f285v
/m/02bb8j	/base/culturalevent/event/entity_involved	/m/0cjyjg
/m/02704ff	/film/actor/film./film/performance/film	/m/04f285v
/m/0fy91	/film/actor/film./film/performance/film	/m/044vd3
/m/0jmxb	/location/location/contains	/m/02wxtgw
/m/0mk1z	/location/location/contains	/m/02l48d
/m/0d0xs5	/film/film_genre/films_in_this_genre	/m/0cvt65
/m/04045y	/film/film_genre/films_in_this_genre	/m/09n0nb
/m/0j603	/film/film_genre/films_in_this_genre	/m/08l8dnc
/m/01515d	/fictional_universe/character_powers/characters_with_this_ability	/m/082db
/m/0m0bj	/fictional_universe/character_powers/characters_with_this_ability	/m/06k_xx
/m/01515d	/fictional_universe/character_powers/characters_with_this_ability	/m/07lk3
/m/0cmdwwg	/fictional_universe/character_powers/characters_with_this_ability	/m/06lwtn
/m/01m_zd	/aviation/airline/hubs	/m/01kyln
/m/01w56k	/organization/organization/child./organization/organization_relationship/child	/m/02cf_t
/m/05gnf	/cvg/cvg_publisher/games_published	/m/06wc80m
/m/01q8hj	/education/educational_institution/students_graduates./education/education/student	/m/0444x
/m/065y4w7	/education/educational_institution/students_graduates./education/education/student	/m/04mfbn
/m/02183k	/education/educational_institution/students_graduates./education/education/student	/m/04_jsg
/m/053_7s	/business/employer/employees./business/employment_tenure/person	/m/02708mw
/m/02183k	/education/educational_institution/students_graduates./education/education/student	/m/05gpy
/m/02183k	/education/educational_institution/students_graduates./education/education/student	/m/02xb2bt
/m/025vl4m	/tv/tv_writer/episodes_written	/m/07nf_4
/m/025vl4m	/tv/tv_writer/episodes_written	/m/040rjq
/m/06hgym	/location/location/contains	/m/02y4m9
/m/0mb31	/location/location/contains	/m/02fy2g
/m/06mj4	/location/location/contains	/m/01wfxv
/m/03_3d	/location/location/contains	/m/0gmcwlb
/m/03_3d	/media_common/netflix_genre/titles	/m/06zn1c
/m/01pqx6	/location/location/contains	/m/03k687
/m/03_3d	/location/location/contains	/m/02hczc
/m/03_3d	/location/location/contains	/m/01v9724
/m/0l5mz	/organization/organization_scope/organizations_with_this_scope	/m/0n468t7
/m/07h34	/location/location/contains	/m/0gm2_0
/m/07h34	/location/location/contains	/m/031hcx
/m/0chghy	/government/political_district/representatives./government/government_position_held/office_holder	/m/035vw8
/m/0gy4k	/location/location/contains	/m/03j5jb
/m/01qy7b	/education/educational_institution/students_graduates./education/education/student	/m/0ksm6w
/m/02r1tx7	/award/award_nominated_work/award_nominations./award/award_nomination/award_nominee	/m/0gxh_l
/m/0bm2nq	/film/film/written_by	/m/015z4j
/m/0swlx	/award/award_winning_work/awards_won./award/award_honor/award_winner	/m/0gxh_l
/m/0dg3jz	/award/award_nominee/award_nominations./award/award_nomination/award_nominee	/m/01tntf
/m/0dlw0	/location/location/contains	/m/011zd3
/m/0fb1q	/film/person_or_entity_appearing_in_film/films./film/personal_film_appearance/film	/m/021bmf
/m/01p4wv	/people/profession/people_with_this_profession	/m/03h_kgb
/m/0mb8c	/people/profession/people_with_this_profession	/m/0c0dj_
/m/0fzs6w	/soccer/football_team/league./soccer/football_league_participation/league	/m/03hdz8
/m/0gjqq	/government/political_party/politicians_in_this_party./government/political_party_tenure/politician	/m/07fpm3
/m/013q0p	/time/event/includes_event	/m/02w8bgt
/m/0sw6g	/cvg/game_voice_actor/computer_game_voice_performances./cvg/game_performance/game	/m/01vx5w7
/m/0y09	/medicine/medical_treatment/used_to_treat	/m/07_l61
/m/03cyslc	/music/genre/artists	/m/03f4rj6
/m/016clz	/music/genre/artists	/m/02b29
/m/01g6bk	/music/genre/artists	/m/0gmch6y
/m/0kcnq	/music/genre/artists	/m/0k_nkz
/m/016clz	/music/genre/artists	/m/02184q
/m/06b_j	/music/genre/artists	/m/01wx_k3
/m/03dpqd	/music/genre/artists	/m/017fl5
/m/016clz	/music/genre/artists	/m/0dhz0
/m/016clz	/music/genre/artists	/m/0n8bn
/m/016clz	/music/genre/artists	/m/05b2f_k
/m/016clz	/music/genre/artists	/m/06rfy5
/m/05jphn	/music/genre/artists	/m/01vnb9t
/m/021r6w	/music/genre/artists	/m/091qvq
/m/01qf54	/cvg/cvg_publisher/games_published	/m/09rdns
/m/01w5m	/education/educational_institution/students_graduates./education/education/student	/m/0cymln
/m/01w5m	/education/educational_institution/students_graduates./education/education/student	/m/0l12d
/m/01w5m	/education/educational_institution/students_graduates./education/education/student	/m/04ch23
/m/01w5m	/education/educational_institution/students_graduates./education/education/student	/m/023s8
/m/01w5m	/education/educational_institution/students_graduates./education/education/student	/m/026lyl4
/m/01w5m	/education/educational_institution/students_graduates./education/education/student	/m/073w14
/m/01w5m	/education/educational_institution/students_graduates./education/education/student	/m/01vsyg9
/m/01w5m	/education/educational_institution/students_graduates./education/education/student	/m/06lht1
/m/01w5m	/education/educational_institution/students_graduates./education/education/student	/m/01j5x6
/m/016w7b	/education/educational_institution/students_graduates./education/education/student	/m/05pcltn
/m/02hrb2	/education/educational_institution/students_graduates./education/education/student	/m/097c4g
/m/01w5m	/education/educational_institution/students_graduates./education/education/student	/m/04wf_b
/m/011kn2	/education/educational_institution/students_graduates./education/education/student	/m/0264sd1
/m/01w5m	/education/educational_institution/students_graduates./education/education/student	/m/0c_jc
/m/01w5m	/education/educational_institution/students_graduates./education/education/student	/m/03qhyn8
/m/01w5m	/education/educational_institution/students_graduates./education/education/student	/m/021r6w
/m/032j_n	/education/educational_institution/students_graduates./education/education/student	/m/0kt2b3
/m/06h4y9	/education/educational_institution/students_graduates./education/education/student	/m/05wb3ct
/m/017s11	/education/educational_institution/students_graduates./education/education/student	/m/026zhxp
/m/01w5m	/education/educational_institution/students_graduates./education/education/student	/m/02_l96
/m/025vry	/location/location/contains	/m/05g297
/m/023sm8	/location/location/contains	/m/018d5b
/m/0121h7	/location/location/contains	/m/04zh15
/m/026r8q	/film/actor/film./film/performance/film	/m/0f3zsq
/m/058s44	/government/legislative_session/members./government/government_position_held/office_holder	/m/01rcm2
/m/02h40lc	/education/field_of_study/students_majoring./education/education/student	/m/043s3
/m/02m0sc	/education/educational_institution/students_graduates./education/education/student	/m/01l4g5
/m/047f9jp	/film/actor/film./film/performance/film	/m/01lqm
/m/01z88t	/film/actor/film./film/performance/film	/m/06qh2n
/m/05bt6j	/music/genre/artists	/m/01qz69r
/m/01v42g	/music/genre/artists	/m/01vsrsz
/m/0c_xl	/music/genre/artists	/m/01y81c
/m/05bt6j	/music/genre/artists	/m/047mtnd
/m/05bt6j	/music/genre/artists	/m/0l_tn
/m/027l4q	/music/genre/artists	/m/01s2zxm
/m/05bt6j	/music/genre/artists	/m/0bzmt8
/m/07tjf	/education/educational_institution/students_graduates./education/education/student	/m/03m6_z
/m/01_qgp	/education/educational_institution/students_graduates./education/education/student	/m/05myv8p
/m/07tjf	/education/educational_institution/students_graduates./education/education/student	/m/0d07j8
/m/0152x_	/education/educational_institution/students_graduates./education/education/student	/m/01d6xt
/m/0152x_	/education/educational_institution/students_graduates./education/education/student	/m/094jg3
/m/02hkvw	/film/film_subject/films	/m/04j0pd7
/m/0dbc1s	/tv/tv_writer/episodes_written	/m/01vw_dv
/m/03xhj6	/film/person_or_entity_appearing_in_film/films./film/personal_film_appearance/film	/m/0j8f2hc
/m/0g0dy	/geography/geographical_feature_category/features	/m/02gn8s
/m/0zz6w	/travel/travel_destination/tourist_attractions	/m/06bpt_
/m/0zz6w	/location/location/contains	/m/07tcs
/m/0167km	/music/artist/album	/m/0djd22
/m/034f0d	/organization/organization/child./organization/organization_relationship/child	/m/04jd08
/m/01qygl	/base/bioventurist/science_or_technology_company/develops_treatments_for_disease	/m/025hh9
/m/02_fkk	/education/school_category/schools_of_this_kind	/m/04gmqf0
/m/01_srz	/education/school_category/schools_of_this_kind	/m/017s11
/m/0bqxw	/education/school_category/schools_of_this_kind	/m/027xjv7
/m/0kqj1	/education/school_category/schools_of_this_kind	/m/055bft
/m/07tgn	/education/school_category/schools_of_this_kind	/m/0h415d
/m/031t2d	/award/award_nominee/award_nominations./award/award_nomination/nominated_for	/m/01j66_l
/m/01r9fv	/music/artist/album	/m/01zsfx
/m/01r9fv	/award/award_winner/awards_won./award/award_honor/honored_for	/m/08966
/m/01vtqml	/location/location/contains	/m/0gggbw
/m/03l2n	/olympics/olympic_participating_country/medals_won./olympics/olympic_medal_honor/medalist	/m/0dlq12
/m/0345h	/location/location/partially_contains	/m/07w5rq
/m/0345h	/location/location/contains	/m/04954
/m/0hndn2q	/location/location/contains	/m/04v242
/m/0345h	/media_common/netflix_genre/titles	/m/0fm3nb
/m/07wjk	/location/location/contains	/m/02mpg6
/m/036wy	/olympics/olympic_participating_country/medals_won./olympics/olympic_medal_honor/medalist	/m/09pqr
/m/0345h	/location/location/contains	/m/0f03_
/m/0345h	/location/location/contains	/m/03h2c
/m/0345h	/location/location/contains	/m/01pk8b
/m/0345h	/location/location/contains	/m/0ms6_
/m/0345h	/location/location/contains	/m/0fv4v
/m/0345h	/location/location/contains	/m/03czz87
/m/0fcrg	/location/location/events	/m/011xt0
/m/064_8sq	/location/location/contains	/m/0blwv4
/m/0345h	/location/location/contains	/m/01q7cb_
/m/0345h	/location/location/contains	/m/01z452
/m/0345h	/olympics/olympic_participating_country/medals_won./olympics/olympic_medal_honor/medalist	/m/0fb1q
/m/0345h	/location/location/contains	/m/0hkq4
/m/02yvct	/location/location/contains	/m/08lsjh
/m/01lb14	/location/location/contains	/m/04tk1j
/m/01p6xx	/film/film_genre/films_in_this_genre	/m/0822j
/m/040dv	/location/location/contains	/m/06p0rq
/m/03ryks	/music/artist/album	/m/01ljp93
/m/0b9f7t	/tv/tv_actor/starring_roles./tv/regular_tv_appearance/series	/m/047vnkj
/m/0bdg5	/location/location/contains	/m/02zd460
/m/0dng4	/film/film_character/portrayed_in_films./film/performance/film	/m/01dv4h
/m/0dng4	/film/film_character/portrayed_in_films./film/performance/film	/m/0bbgly
/m/0fhp9	/location/location/contains	/m/08jgk1
/m/0gvvm6l	/tv/tv_genre/programs	/m/09v1zg2
/m/0m1xv	/tv/tv_genre/programs	/m/01w56k
/m/0m1xv	/tv/tv_genre/programs	/m/01_4z
/m/0rh7t	/location/location/contains	/m/04h9h
/m/01b30l	/people/profession/people_with_this_profession	/m/04_tv
/m/01d38t	/award/award_category/nominees./award/award_nomination/award_nominee	/m/070g7
/m/02bm1v	/broadcast/radio_format/stations	/m/03h0fgw
/m/0kq39	/royalty/order_of_chivalry/recipients./royalty/chivalric_order_membership/recipient	/m/015wkb
/m/01q2nx	/film/actor/film./film/performance/film	/m/0gzs2r
/m/02ghq	/film/actor/film./film/performance/film	/m/05ftpb
/m/02mxx4	/organization/organization_type/organizations_of_this_type	/m/099dcc
/m/068qh	/organization/organization_type/organizations_of_this_type	/m/0dzjvr
/m/0xc9x	/film/actor/film./film/performance/film	/m/0309c5
/m/05wp1p	/award/award_nominated_work/award_nominations./award/award_nomination/award_nominee	/m/0cbn7c
/m/05wp1p	/award/award_winning_work/awards_won./award/award_honor/award_winner	/m/07371
/m/05wp1p	/film/film/produced_by	/m/02fqrf
/m/04fznlb	/government/political_party/politicians_in_this_party./government/political_party_tenure/politician	/m/055g03r
/m/019vv1	/government/political_party/politicians_in_this_party./government/political_party_tenure/politician	/m/04n63h5
/m/07wpm	/government/political_party/politicians_in_this_party./government/political_party_tenure/politician	/m/0b7gxq
/m/022xml	/government/political_party/politicians_in_this_party./government/political_party_tenure/politician	/m/09nvfx
/m/03vtfp	/government/political_party/politicians_in_this_party./government/political_party_tenure/politician	/m/02qwf9b
/m/07wpm	/government/political_party/politicians_in_this_party./government/political_party_tenure/politician	/m/01mbwlb
/m/0jpkw	/government/political_party/politicians_in_this_party./government/political_party_tenure/politician	/m/0cvpbr
/m/07wpm	/government/political_party/politicians_in_this_party./government/political_party_tenure/politician	/m/025l5
/m/04k4l	/government/political_party/politicians_in_this_party./government/political_party_tenure/politician	/m/02z4kwd
/m/03clrng	/tv/tv_actor/guest_roles./tv/tv_guest_role/episodes_appeared_in	/m/0bkv8p
/m/0d6lp	/fictional_universe/fictional_setting/works_set_here	/m/0d1yn
/m/0d6lp	/location/location/contains	/m/01ym9b
/m/013_gg	/location/place_with_neighborhoods/neighborhoods	/m/03cgtdl
/m/0161c2	/location/location/contains	/m/0127_4
/m/0gr42	/award/award_category/winners./award/award_honor/award_winner	/m/0h5jg5
/m/0fm6m8	/award/award_category/nominees./award/award_nomination/award_nominee	/m/09883c2
/m/0gr42	/award/award_category/nominees./award/award_nomination/nominated_for	/m/080_y
/m/03q0r1	/tv/tv_network/programs./tv/tv_network_duration/program	/m/040lmh
/m/0146mv	/tv/tv_network/programs./tv/tv_network_duration/program	/m/030vnj
/m/0192l	/music/performance_role/track_performances./music/track_contribution/role	/m/0fz27v
/m/04rkkv	/music/record_label/artist	/m/0dbsl
/m/0hd7j	/music/record_label/artist	/m/01r83z0
/m/040_9	/music/performance_role/track_performances./music/track_contribution/contributor	/m/03yk6qg
/m/036gdw	/film/actor/film./film/performance/character	/m/027dcbn
/m/036gdw	/tv/tv_actor/guest_roles./tv/tv_guest_role/episodes_appeared_in	/m/05bt6j
/m/03by7wc	/base/marchmadness/ncaa_basketball_team/ncaa_tournament_seeds./base/marchmadness/ncaa_tournament_seed/tournament	/m/0b_6s7
/m/0fqww	/location/country/languages_spoken	/m/0xrg
/m/02p65p	/organization/organization_scope/organizations_with_this_scope	/m/07x12p
/m/02h48	/film/director/film	/m/069mcz
/m/05kh_	/film/actor/film./film/performance/film	/m/04dsnp
/m/05kh_	/film/writer/film	/m/09lq2c
/m/0jmfb	/location/location/contains	/m/05p6g9w
/m/01vsl	/government/governmental_jurisdiction/government_bodies	/m/0dyxvl
/m/06wxw	/location/location/events	/m/0g9zljd
/m/0nvt9	/location/place_with_neighborhoods/neighborhoods	/m/092tpt
/m/06wxw	/location/location/contains	/m/03176f
/m/044mjy	/film/film_art_director/films_art_directed	/m/04s2hl
/m/071jv5	/film/film_art_director/films_art_directed	/m/01l9p
/m/07w42	/military/armed_force/personnel./military/military_service/military_person	/m/05m__n
/m/01f1r4	/military/armed_force/personnel./military/military_service/military_person	/m/0h3x4wk
/m/012b30	/military/armed_force/personnel./military/military_service/military_person	/m/05z61w
/m/07wh1	/business/employer/employees./business/employment_tenure/person	/m/09gb9xh
/m/086g2	/location/location/contains	/m/0n5by
/m/07ym47	/people/cause_of_death/people	/m/07z49c
/m/08w4pm	/music/artist/album	/m/017jq
/m/02y7t7	/cvg/cvg_publisher/games_published	/m/0c1s61
/m/0jc_p	/film/actor/film./film/performance/film	/m/02qyync
/m/0cvbb9q	/award/award_winner/awards_won./award/award_honor/honored_for	/m/0crfwmx
/m/0jg77	/award/award_nominee/award_nominations./award/award_nomination/award	/m/0bxjv
/m/0n2bh	/tv/tv_program/episodes	/m/018ygt
/m/0686zv	/tv/tv_program/regular_cast./tv/regular_tv_appearance/seasons	/m/05dqhx3
/m/03nh9	/tv/tv_program/episodes	/m/05dqhp8
/m/0n2bh	/tv/tv_program/seasons	/m/02vqpx8
/m/018jk2	/location/location/contains	/m/016ndm
/m/035gjq	/award/award_category/winners./award/award_honor/award_winner	/m/01zwn0
/m/01f7d	/award/award_category/nominees./award/award_nomination/award_nominee	/m/0261m
/m/02pfymy	/education/educational_institution/students_graduates./education/education/student	/m/03qlbbk
/m/01yk13	/people/person/education./education/education/institution	/m/027xx3
/m/02_gzx	/education/educational_institution/students_graduates./education/education/student	/m/049m19
/m/01yfp7	/cvg/cvg_publisher/games_published	/m/0j63n06
/m/0bx8pn	/book/book_subject/works	/m/08g54d
/m/02z44tp	/education/field_of_study/students_majoring./education/education/student	/m/0c3dr7
/m/0s0tr	/award/award_category/winners./award/award_honor/honored_for	/m/04q25kd
/m/0cvw9	/award/award_category/nominees./award/award_nomination/nominated_for	/m/04q25kd
/m/03npn	/film/film_genre/films_in_this_genre	/m/01fwj8
/m/02k13d	/film/film_genre/films_in_this_genre	/m/0kv55t
/m/03npn	/film/film_genre/films_in_this_genre	/m/01fdc0
/m/03npn	/film/film_genre/films_in_this_genre	/m/01xwv7
/m/03npn	/media_common/netflix_genre/titles	/m/0148nj
/m/03npn	/tv/tv_genre/programs	/m/03mp1_
/m/03npn	/film/film_genre/films_in_this_genre	/m/0f6zs
/m/04knkd	/film/film_genre/films_in_this_genre	/m/0ghhd7x
/m/02klny	/film/film_genre/films_in_this_genre	/m/09k54_b
/m/013qvn	/film/film_genre/films_in_this_genre	/m/0c9jj9
/m/04mwxk3	/media_common/netflix_genre/titles	/m/04ydw1v
/m/01l03w2	/tv/tv_actor/guest_roles./tv/tv_guest_role/episodes_appeared_in	/m/06xvy39
/m/0cdf37	/education/field_of_study/students_majoring./education/education/student	/m/0bq_f1w
/m/05qjt	/education/field_of_study/students_majoring./education/education/student	/m/022411
/m/053rd	/book/periodical_subject/periodicals	/m/0263bgg
/m/074rg9	/film/film/starring./film/performance/actor	/m/0dkv90
/m/07h5d	/tv/tv_actor/starring_roles./tv/regular_tv_appearance/series	/m/08vxk5
/m/0chghy	/location/location/contains	/m/099d4
/m/0chghy	/location/location/contains	/m/01cw7s
/m/0chghy	/location/location/contains	/m/0c5qvw
/m/0chghy	/olympics/olympic_participating_country/athletes./olympics/olympic_athlete_affiliation/athlete	/m/03_lf
/m/05zvj3m	/location/location/contains	/m/02q9k9c
/m/0chghy	/location/location/contains	/m/067gh
/m/0chghy	/government/governmental_jurisdiction/governing_officials./government/government_position_held/office_holder	/m/015gy7
/m/05vjt6	/location/location/contains	/m/0bjrx2
/m/01634x	/organization/organization_scope/organizations_with_this_scope	/m/0hm_34j
/m/0chghy	/location/location/contains	/m/06mp7
/m/0chghy	/location/location/contains	/m/0mwht
/m/02hyt	/olympics/olympic_participating_country/medals_won./olympics/olympic_medal_honor/medalist	/m/09r4g1
/m/0chghy	/location/location/contains	/m/04bbb8
/m/03fcbb	/location/location/contains	/m/06bqml
/m/0dln8jk	/award/award_category/nominees./award/award_nomination/award_nominee	/m/097c4g
/m/0gr07	/award/award_category/winners./award/award_honor/award_winner	/m/01z2sn
/m/0j__m	/protected_sites/governing_body_of_protected_sites/protected_sites_governed	/m/0d1qn
/m/0j__m	/protected_sites/governing_body_of_protected_sites/protected_sites_governed	/m/074r0
/m/015p6	/protected_sites/governing_body_of_protected_sites/protected_sites_governed	/m/09nph_
/m/01541z	/music/artist/album	/m/01hbhhm
/m/017l96	/music/record_label/artist	/m/0716b6
/m/08tyb_	/music/record_label/artist	/m/0f2x0
/m/01c979	/people/profession/people_with_this_profession	/m/0v74
/m/01cf93	/music/record_label/artist	/m/01wp8w7
/m/01wrwf	/music/record_label/artist	/m/03h_kgb
/m/01pd60	/award/ranked_list/ranked_list_items./award/ranking/item	/m/01z452
/m/01t12z	/location/location/contains	/m/01tffp
/m/05ywg	/location/place_with_neighborhoods/neighborhoods	/m/05gdyg
/m/01t12z	/location/place_with_neighborhoods/neighborhoods	/m/0qpsn
/m/01t12z	/location/location/contains	/m/03v36
/m/02hvd	/comic_books/comic_book_publisher/comic_book_series_published	/m/01qvgl
/m/01rwpj	/music/genre/artists	/m/076y98j
/m/03mstc	/film/producer/film	/m/01_f90
/m/03mstc	/film/director/film	/m/03spz
/m/0794g	/tv/tv_producer/programs_produced./tv/tv_producer_term/program	/m/0542ff
/m/0c408_	/film/music_contributor/film	/m/01dc46
/m/075qbd2	/government/political_party/politicians_in_this_party./government/political_party_tenure/politician	/m/0kszw
/m/075qbd2	/government/political_party/politicians_in_this_party./government/political_party_tenure/politician	/m/02s_qz
/m/0gkydb	/tv/tv_producer/programs_produced./tv/tv_producer_term/program	/m/04qyn3
/m/0fltx	/medicine/risk_factor/diseases	/m/033db3
/m/0fqp6zk	/organization/organization_sector/organizations_in_this_sector	/m/026r9l5
/m/0k9wp	/education/educational_institution/students_graduates./education/education/student	/m/027j79k
/m/0byh8j	/location/us_county/hud_county_place	/m/0qq8q
/m/0nk3g	/location/location/contains	/m/0qq8q
/m/0nzm	/computer/software_developer/software	/m/085j0
/m/01795t	/film/film_distributor/films_distributed./film/film_film_distributor_relationship/film	/m/0y3_8
/m/042rlf	/film/production_company/films	/m/018gvp
/m/02kzfw	/film/production_company/films	/m/08ww44
/m/0362q0	/tv/tv_actor/starring_roles./tv/regular_tv_appearance/series	/m/02rs1k0
/m/02f77y	/tv/tv_program/episodes	/m/0cdkmx
/m/02sn34	/travel/travel_destination/tourist_attractions	/m/026_d5b
/m/01l1hr	/tv/tv_network/programs./tv/tv_network_duration/program	/m/05w9pq
/m/01jwt	/music/genre/subgenre	/m/0cjf0
/m/01j5ws	/music/genre/artists	/m/026f85y
/m/01jwt	/music/genre/artists	/m/09qvc0
/m/05hqv	/film/film_genre/films_in_this_genre	/m/0c9jj9
/m/01ppfv	/film/film_genre/films_in_this_genre	/m/09yl69
/m/0329gm	/soccer/football_team/manager./soccer/football_team_management_tenure/manager	/m/01n263
/m/01y998	/time/event/includes_event	/m/0221zw
/m/0184jc	/time/event/includes_event	/m/0fy83f
/m/01y998	/time/event/includes_event	/m/0520y3
/m/0cpvcd	/business/employer/employees./business/employment_tenure/person	/m/0264sd1
/m/0jpkw	/education/educational_institution/students_graduates./education/education/student	/m/02_6z0c
/m/02822	/tv/tv_genre/programs	/m/0353tm
/m/02822	/education/field_of_study/students_majoring./education/education/institution	/m/013y1f
/m/0hfjk	/film/actor/film./film/performance/film	/m/05ftpb
/m/01fkxr	/sports/sports_team/roster./sports/sports_team_roster/player	/m/04my8b1
/m/03l2n	/location/location/contains	/m/0mq17
/m/07_lq	/food/dietary_restriction/compatible_ingredients	/m/05l5n
/m/0fsm8c	/food/dietary_restriction/compatible_ingredients	/m/01x3mx
/m/07245g	/food/dietary_restriction/incompatible_ingredients	/m/0cj45
/m/018zsw	/food/dietary_restriction/compatible_ingredients	/m/025s187
/m/07rfp	/cvg/cvg_developer/games_developed	/m/02q8x4x
/m/0vlf	/cvg/cvg_publisher/games_published	/m/09t9vp
/m/082_p	/book/author/works_written	/m/02pt6k_
/m/04q42	/location/location/contains	/m/0gm72y
/m/0gyvgw	/business/industry/companies	/m/03hjb2
/m/091tgz	/business/industry/companies	/m/0dw_kb
/m/0g4c1t	/business/industry/companies	/m/05b_2_y
/m/09t4t	/business/industry/companies	/m/03x9yr
/m/0b_6qj	/business/industry/companies	/m/02xby_d
/m/0gkkf	/education/educational_institution/students_graduates./education/education/student	/m/096lf_
/m/0glt670	/music/genre/artists	/m/04vjh
/m/0glt670	/music/genre/artists	/m/0hkt6
/m/0glt670	/music/genre/artists	/m/0137g1
/m/017cjb	/music/genre/artists	/m/01wx_k3
/m/0glt670	/music/genre/artists	/m/01_rh4
/m/0glt670	/music/genre/artists	/m/01nbk4
/m/0glt670	/music/genre/artists	/m/0f4_2k
/m/0glt670	/music/genre/artists	/m/0ggx5q
/m/0glt670	/music/genre/artists	/m/0j86l
/m/0tln7	/music/genre/artists	/m/0bl7b8
/m/0glt670	/music/genre/artists	/m/0r7fy
/m/06l3bl	/music/genre/artists	/m/01nvn0b
/m/03bzjpm	/music/genre/artists	/m/0g4mp7t
/m/0glt670	/music/genre/artists	/m/05nrg
/m/09c6w	/visual_art/art_period_movement/associated_artists	/m/026kr8g
/m/0nv99	/location/location/contains	/m/05hc96
/m/01bm_	/education/educational_institution/students_graduates./education/education/student	/m/05f7snc
/m/01bm_	/education/educational_institution/students_graduates./education/education/student	/m/01x9_8
/m/01950l	/education/educational_institution/students_graduates./education/education/student	/m/0q57nlx
/m/0_00	/education/educational_institution/students_graduates./education/education/student	/m/023v2
/m/01bm_	/education/educational_institution/students_graduates./education/education/student	/m/043kzcr
/m/0k__z	/people/profession/people_with_this_profession	/m/04fd1qx
/m/01c72t	/people/profession/people_with_this_profession	/m/0727_
/m/01c72t	/people/profession/people_with_this_profession	/m/0j2jr
/m/01mvjl0	/people/profession/people_with_this_profession	/m/02mh0b
/m/09gdh6k	/people/profession/people_with_this_profession	/m/01vy2q9
/m/01c72t	/people/profession/people_with_this_profession	/m/01qscs
/m/0217m9	/people/profession/people_with_this_profession	/m/02vlsz0
/m/0bj8m2	/people/profession/people_with_this_profession	/m/01vgtv
/m/01c72t	/people/profession/people_with_this_profession	/m/01l2fn
/m/07ss8_	/people/profession/people_with_this_profession	/m/0d1xrw
/m/01c72t	/people/profession/people_with_this_profession	/m/01fwf1
/m/01c72t	/people/profession/people_with_this_profession	/m/06hhp
/m/01c72t	/people/profession/people_with_this_profession	/m/046qq
/m/0m_q0	/people/profession/people_with_this_profession	/m/03m_7y
/m/019mlh	/people/profession/people_with_this_profession	/m/02r0bmh
/m/01c72t	/people/profession/people_with_this_profession	/m/0_9wr
/m/02pz3j5	/award/award_nominee/award_nominations./award/award_nomination/nominated_for	/m/09n0nb
/m/083shs	/film/actor/film./film/performance/film	/m/09n0nb
/m/01w3v	/education/educational_institution/students_graduates./education/education/student	/m/03f3yfj
/m/01w3v	/education/educational_institution/students_graduates./education/education/student	/m/02qnk5c
/m/01w3v	/education/educational_institution/students_graduates./education/education/student	/m/072twv
/m/01w3v	/education/educational_institution/students_graduates./education/education/student	/m/01wy5m
/m/01w3v	/education/educational_institution/students_graduates./education/education/student	/m/05b2f_k
/m/04qp06	/people/profession/people_with_this_profession	/m/07jz57
/m/09h_q	/award/award_winner/awards_won./award/award_honor/award_winner	/m/02qcpzb
/m/027ht3n	/award/award_nominee/award_nominations./award/award_nomination/award_nominee	/m/01vsl3_
/m/0f4k5	/award/award_category/nominees./award/award_nomination/nominated_for	/m/0kv53j
/m/043sct5	/award/award_category/nominees./award/award_nomination/nominated_for	/m/02qyync
/m/0125xq	/award/award_category/winners./award/award_honor/honored_for	/m/06qh2n
/m/01ynvx	/music/record_label/artist	/m/01j__l
/m/0jwvf	/award/award_nominee/award_nominations./award/award_nomination/award	/m/06w6tv2
/m/047sxrj	/award/award_winner/awards_won./award/award_honor/award	/m/03czqs
/m/047sxrj	/award/award_nominee/award_nominations./award/award_nomination/award_nominee	/m/06nd8c
/m/05h83	/award/award_discipline/awards_in_this_discipline	/m/01pwbn
/m/01pcq3	/government/legislative_session/members./government/government_position_held/office_holder	/m/01rcm2
/m/077g7n	/government/legislative_session/members./government/government_position_held/district_represented	/m/0d3ff
/m/0dthsy	/film/film_subject/films	/m/0b6w50
/m/0c53vt	/award/award_ceremony/awards_presented./award/award_honor/honored_for	/m/03d63lb
/m/0j871	/music/performance_role/guest_performances./music/recording_contribution/contributor	/m/05cv8
/m/03m5x4	/music/performance_role/regular_performances./music/group_membership/group	/m/08w_s8
/m/015ppk	/tv/tv_program/episodes	/m/06jry
/m/0165b	/base/aareas/schema/administrative_area/administrative_children	/m/0k_6t
/m/0fphf3v	/location/location/contains	/m/08xmms
/m/0165b	/location/country/administrative_divisions	/m/05rh2
/m/099ks0	/education/educational_institution/students_graduates./education/education/student	/m/03c3gz6
/m/015ln1	/education/educational_institution/students_graduates./education/education/student	/m/0djfhx
/m/012tqm	/education/educational_institution/students_graduates./education/education/student	/m/05td73
/m/0x67	/film/film/starring./film/performance/actor	/m/02rkh3z
/m/0288fyj	/award/award_nominee/award_nominations./award/award_nomination/award_nominee	/m/0n5df
/m/01w613	/film/actor/film./film/performance/film	/m/0b8gnd
/m/033tf_	/people/ethnicity/people	/m/0tyq
/m/0266shh	/film/film_distributor/films_distributed./film/film_film_distributor_relationship/film	/m/0fp_cq
/m/054g1r	/film/film_distributor/films_distributed./film/film_film_distributor_relationship/film	/m/0c2rr7
/m/07gyp7	/film/film_distributor/films_distributed./film/film_film_distributor_relationship/film	/m/018gvp
/m/03l7f	/music/genre/artists	/m/02mm3n
/m/05w3f	/music/genre/artists	/m/0dbns
/m/05fh2	/music/genre/artists	/m/01p_dkv
/m/061_f	/biology/organism_classification/lower_classifications	/m/039b5
/m/019m5j	/tv/tv_program/recurring_writers./tv/tv_program_writer_relationship/writer	/m/09g0jb
/m/04xbq3	/tv/tv_program/program_creator	/m/09g0jb
/m/0chrx	/location/location/contains	/m/0c8br
/m/0chrx	/location/location/adjoin_s./location/adjoining_relationship/adjoins	/m/09lk2
/m/03mh94	/location/location/contains	/m/03bxvpm
/m/015dnt	/location/location/contains	/m/07bm3n
/m/0htp	/people/profession/people_with_this_profession	/m/0p7pw
/m/015m08	/location/us_county/hud_county_place	/m/0tk_4
/m/0p4gy	/location/location/contains	/m/0clpml
/m/0133jj	/location/location/contains	/m/083shs
/m/016fly	/people/profession/people_with_this_profession	/m/02778tk
/m/016fly	/people/profession/people_with_this_profession	/m/05f_3
/m/016fly	/people/profession/people_with_this_profession	/m/01vpt5
/m/0p_th	/people/profession/people_with_this_profession	/m/02qkny
/m/016fly	/people/profession/people_with_this_profession	/m/0mwzv
/m/01309x	/people/profession/people_with_this_profession	/m/02q39fc
/m/016fly	/people/profession/people_with_this_profession	/m/030wkp
/m/063_j5	/people/profession/people_with_this_profession	/m/0c1qgrg
/m/016fly	/people/profession/people_with_this_profession	/m/012pd4
/m/033dbw	/people/profession/people_with_this_profession	/m/020q9s
/m/016fly	/people/profession/people_with_this_profession	/m/0g1x2_
/m/01pvkk	/people/profession/people_with_this_profession	/m/04z9tp
/m/016fly	/people/profession/people_with_this_profession	/m/0dw6b
/m/02n9jv	/people/profession/people_with_this_profession	/m/068lmq
/m/02j3d4	/people/profession/people_with_this_profession	/m/02wcn6t
/m/016fly	/people/profession/people_with_this_profession	/m/01rs41
/m/01_qgp	/education/educational_institution/students_graduates./education/education/student	/m/0dt1cm
/m/080z7	/education/educational_institution/subsidiary_or_constituent_schools	/m/08jwmp
/m/02p3cr5	/education/educational_institution/students_graduates./education/education/student	/m/04y9rtv
/m/01_qgp	/education/educational_institution/students_graduates./education/education/student	/m/016cff
/m/01dtcb	/music/record_label/artist	/m/01vs4ff
/m/01nrnm	/music/record_label/artist	/m/03hzqc2
/m/01dtcb	/music/record_label/artist	/m/02vm9nd
/m/09mfvx	/music/record_label/artist	/m/01sk8nh
/m/048xh	/people/cause_of_death/people	/m/02qz259
/m/02784z	/film/actor/film./film/performance/film	/m/02__7n
/m/023wyl	/basketball/basketball_position/players	/m/07dr1c
/m/02md_2	/basketball/basketball_position/players	/m/026vk2z
/m/0z07	/award/award_nominee/award_nominations./award/award_nomination/nominated_for	/m/0300m_
/m/04zwc	/education/educational_institution/students_graduates./education/education/student	/m/0c_drn
/m/05mph	/location/location/contains	/m/0m32_
/m/02pbrn	/location/location/contains	/m/02zb5nq
/m/0dj0m5	/sports/sports_team/roster./sports/sports_team_roster/player	/m/02z195p
/m/0d_84	/tv/tv_actor/guest_roles./tv/tv_guest_role/episodes_appeared_in	/m/0b24sf
/m/0f6lx	/music/genre/artists	/m/085wcg
/m/0gywn	/music/genre/artists	/m/01d6g
/m/0gywn	/music/genre/artists	/m/03ll3
/m/07h9gp	/music/genre/artists	/m/064kn_g
/m/03g9xj	/music/genre/artists	/m/03h_kgb
/m/0gywn	/music/genre/artists	/m/06w2yp9
/m/0gywn	/music/genre/artists	/m/05683p
/m/0gywn	/music/genre/artists	/m/01vlj1g
/m/0gywn	/music/genre/artists	/m/0_565
/m/0pr6f	/tv/tv_genre/programs	/m/0j0pf
/m/0pr6f	/tv/tv_genre/programs	/m/0jn5l
/m/0pr6f	/tv/tv_genre/programs	/m/041bnw
/m/09jwl	/tv/tv_genre/programs	/m/02r1qy3
/m/09qvms	/tv/tv_genre/programs	/m/0cwp24
/m/0pr6f	/tv/tv_genre/programs	/m/049k07
/m/0pr6f	/tv/tv_genre/programs	/m/09ksp
/m/0kvb6p	/tv/tv_genre/programs	/m/04__ry
/m/0161c	/location/location/contains	/m/01zrq0
/m/016dmx	/tv/tv_actor/guest_roles./tv/tv_guest_role/episodes_appeared_in	/m/05ddc9p
/m/0190xp	/music/genre/artists	/m/09xbpt
/m/0mlm_	/music/genre/artists	/m/03f18hk
/m/0190xp	/music/genre/artists	/m/01yqp
/m/0190xp	/music/genre/artists	/m/05dkbr
/m/01vv7sc	/film/film/starring./film/performance/actor	/m/03x_p13
/m/01ly8d	/location/location/contains	/m/02v4vl
/m/04205z	/location/location/contains	/m/0275k38
/m/01vsy7t	/music/group_member/membership./music/group_membership/group	/m/01wdl3
/m/01x214	/music/record_label/artist	/m/0739z6
/m/0jmk7	/music/record_label/artist	/m/0gx_pbm
/m/02kdv5l	/tv/tv_genre/programs	/m/016fyc
/m/02kdv5l	/film/film_genre/films_in_this_genre	/m/029n80
/m/01b_5g	/film/film_genre/films_in_this_genre	/m/0d277t
/m/0p_47	/film/film_genre/films_in_this_genre	/m/0c3p5b
/m/011xg5	/film/film_genre/films_in_this_genre	/m/04lhwcn
/m/02kdv5l	/film/film_genre/films_in_this_genre	/m/05sq20
/m/02kdv5l	/tv/tv_genre/programs	/m/0fpmrm3
/m/0c_zj	/film/film_genre/films_in_this_genre	/m/04f285v
/m/02_vs	/film/film_genre/films_in_this_genre	/m/0dygx8
/m/04399	/film/film_genre/films_in_this_genre	/m/054_8k
/m/02kdv5l	/film/film_genre/films_in_this_genre	/m/02pt27
/m/0gkz15s	/film/film_genre/films_in_this_genre	/m/05b7dt
/m/03kwtb	/tv/tv_genre/programs	/m/02pp3b2
/m/02kdv5l	/film/film_genre/films_in_this_genre	/m/033db3
/m/02kdv5l	/film/film_genre/films_in_this_genre	/m/02pp_q_
/m/01tmtg	/film/film_genre/films_in_this_genre	/m/0j8f2hc
/m/02p0szs	/film/film_genre/films_in_this_genre	/m/09lhln
/m/012gx2	/film/film_genre/films_in_this_genre	/m/03c6q4
/m/02rh_0	/music/record_label/artist	/m/091qvq
/m/024y8p	/music/record_label/artist	/m/01nvn0b
/m/05tbn	/award/award_nominee/award_nominations./award/award_nomination/award_nominee	/m/05mwcz_
/m/033hn8	/music/record_label/artist	/m/03_xj
/m/033hn8	/music/record_label/artist	/m/05r6t
/m/044gyq	/award/award_nominee/award_nominations./award/award_nomination/award	/m/0631_
/m/04wtx1	/tv/tv_writer/episodes_written	/m/0l_tn
/m/07tg4	/education/educational_institution/students_graduates./education/education/student	/m/03f0fnk
/m/01k7xz	/education/educational_institution/students_graduates./education/education/student	/m/082sys
/m/07tg4	/education/educational_institution/students_graduates./education/education/student	/m/03n52j
/m/0dplh	/education/educational_institution/students_graduates./education/education/student	/m/0cvnjx
/m/0345gh	/education/educational_institution/students_graduates./education/education/student	/m/0144_b
/m/01xysf	/education/educational_institution/students_graduates./education/education/student	/m/03cyxxf
/m/07tg4	/education/educational_institution/students_graduates./education/education/student	/m/03jm6c
/m/01lhdt	/education/educational_institution/students_graduates./education/education/student	/m/0h73rn
/m/03cz83	/education/educational_institution/students_graduates./education/education/student	/m/0gg95lc
/m/01bzw5	/education/educational_institution/students_graduates./education/education/student	/m/02sld7
/m/07y07	/government/government_office_or_title/office_holders./government/government_position_held/office_holder	/m/04bdxl
/m/0c9d9	/location/location/contains	/m/07y7jh
/m/01xn7x1	/award/award_nominee/award_nominations./award/award_nomination/award	/m/03r67k
/m/01yf92	/education/educational_institution/students_graduates./education/education/student	/m/02qcpzb
/m/0phrl	/tv/tv_program/episodes	/m/0gdk0
/m/0phrl	/tv/tv_program/episodes	/m/01w724
/m/0phrl	/tv/tv_program/episodes	/m/0170qf
/m/0phrl	/tv/tv_program/episodes	/m/04ly1
/m/02x20c9	/tv/tv_program/episodes	/m/06xp15r
/m/0phrl	/tv/tv_program/episodes	/m/0ck27z
/m/0phrl	/tv/tv_program/episodes	/m/01z2sn
/m/0134s5	/tv/tv_program/episodes	/m/0qzy5l3
/m/0133sq	/award/award_winner/awards_won./award/award_honor/award_winner	/m/02qdymm
/m/0133sq	/award/award_nominee/award_nominations./award/award_nomination/award_nominee	/m/0f7hw
/m/0170yd	/film/film/music	/m/04353
/m/0181dw	/music/record_label/artist	/m/0ymff
/m/0181dw	/music/record_label/artist	/m/0nhmw
/m/01nhgd	/music/record_label/artist	/m/0f2x0
/m/0181dw	/music/record_label/artist	/m/02qwzkm
/m/01gh6z	/location/location/contains	/m/0yvjx
/m/027b43	/education/educational_institution/students_graduates./education/education/student	/m/02qhm3
/m/0dn7v	/award/award_category/nominees./award/award_nomination/nominated_for	/m/01w8wp
/m/01yf92	/award/award_category/nominees./award/award_nomination/nominated_for	/m/02bws2
/m/0f6rc	/military/military_combatant/military_conflicts./military/military_combatant_group/conflict	/m/064qq8z
/m/043870	/military/military_combatant/military_conflicts./military/military_combatant_group/conflict	/m/025scjj
/m/0chghy	/music/genre/artists	/m/03hzqc2
/m/064t9	/music/genre/artists	/m/05bxwh
/m/064t9	/music/genre/artists	/m/086h6p
/m/0889x	/music/genre/artists	/m/0dbsl
/m/0k_p5	/music/genre/artists	/m/0t52ctz
/m/064t9	/music/genre/artists	/m/01z3bz
/m/064t9	/music/genre/artists	/m/04w391
/m/064t9	/music/genre/artists	/m/0k_6t
/m/0fb1q	/music/genre/artists	/m/01sk8nh
/m/05z43v	/music/genre/artists	/m/01l7nlz
/m/064t9	/music/genre/artists	/m/0g5879y
/m/064t9	/music/genre/artists	/m/01z747
/m/05nrg	/music/genre/artists	/m/0fq0t14
/m/064t9	/music/genre/artists	/m/02k7y0
/m/064t9	/music/genre/artists	/m/03zrp
/m/064r9cb	/music/genre/artists	/m/01q77wk
/m/064t9	/music/genre/artists	/m/051wf
/m/0gqyl	/music/genre/artists	/m/01vsrsz
/m/01k53x	/music/genre/artists	/m/019v3d
/m/064t9	/music/genre/artists	/m/021yc7p
/m/064t9	/music/genre/artists	/m/014dm6
/m/064t9	/music/genre/artists	/m/0h_cssd
/m/0h1mt	/music/genre/artists	/m/09v85rn
/m/0_92w	/music/genre/artists	/m/01q4ynm
/m/064t9	/music/genre/artists	/m/01q03
/m/033g4d	/media_common/netflix_genre/titles	/m/09pk__
/m/02k856	/music/genre/artists	/m/0gmch6y
/m/017vkx	/music/genre/artists	/m/0bl7b8
/m/0285c	/music/genre/artists	/m/01n_b34
/m/0561xh	/music/genre/artists	/m/0b6drk
/m/064t9	/music/genre/artists	/m/025m98
/m/022769	/tv/tv_actor/guest_roles./tv/tv_guest_role/episodes_appeared_in	/m/05dk9m1
/m/0c8tk	/location/location/contains	/m/0bm2x
/m/01_lh1	/location/location/contains	/m/047n1z5
/m/018p5f	/education/educational_institution/students_graduates./education/education/student	/m/053sdy
/m/0gl5_	/education/educational_institution/students_graduates./education/education/student	/m/04mn81
/m/02vl_pz	/business/employer/employees./business/employment_tenure/person	/m/0264sd1
/m/031rq5	/education/educational_institution/subsidiary_or_constituent_schools	/m/08r7v5
/m/07ym47	/location/location/contains	/m/01s57l
/m/07tg4	/education/educational_institution/students_graduates./education/education/student	/m/07khb39
/m/01t0dy	/education/educational_institution/students_graduates./education/education/student	/m/05p937q
/m/0146hc	/education/educational_institution/students_graduates./education/education/student	/m/0h3ps3m
/m/01jygk	/education/educational_institution/students_graduates./education/education/student	/m/026h2ws
/m/014dd0	/education/educational_institution/students_graduates./education/education/student	/m/05pc65m
/m/014zws	/education/educational_institution/students_graduates./education/education/student	/m/02f8lw
/m/014zws	/education/educational_institution/students_graduates./education/education/student	/m/05ty4m
/m/01_d4	/location/location/events	/m/05typm
/m/026l37	/location/location/contains	/m/02w2q3y
/m/0190xp	/location/location/contains	/m/026g0db
/m/01_d4	/location/location/contains	/m/01mvpv
/m/0157g9	/medicine/disease/notable_people_with_this_condition	/m/07mnx
/m/01dk00	/award/award_category/nominees./award/award_nomination/award_nominee	/m/07yvsn
/m/01dk00	/award/award_category/nominees./award/award_nomination/nominated_for	/m/0cl0bk
/m/01dk00	/award/award_category/nominees./award/award_nomination/nominated_for	/m/05gqf
/m/03bw6	/award/award_category/nominees./award/award_nomination/award_nominee	/m/05mwcz_
/m/09krm_	/education/educational_institution/students_graduates./education/education/student	/m/0dgr9_z
/m/01pj3h	/tv/tv_actor/starring_roles./tv/regular_tv_appearance/series	/m/02rs1k0
/m/02237m	/education/educational_institution/students_graduates./education/education/student	/m/01wt4wc
/m/04vgq5	/education/educational_institution/students_graduates./education/education/student	/m/02829qr
/m/052nd	/government/political_party/politicians_in_this_party./government/political_party_tenure/politician	/m/04qbrlv
/m/07t65	/government/political_party/politicians_in_this_party./government/political_party_tenure/politician	/m/02wvyrg
/m/029m83	/film/actor/film./film/performance/film	/m/0d3fdn
/m/02_hz	/time/event/included_in_event	/m/018phr
/m/03x83_	/location/place_with_neighborhoods/neighborhoods	/m/08czr7
/m/01wwnh2	/location/location/contains	/m/08czr7
/m/01kwld	/location/location/contains	/m/03cpksn
/m/02kxbwx	/award/award_category/nominees./award/award_nomination/nominated_for	/m/01dc46
/m/01pl14	/award/award_category/nominees./award/award_nomination/award_nominee	/m/09883c2
/m/0fqjhm	/award/award_category/winners./award/award_honor/award_winner	/m/09883c2
/m/02knxx	/people/cause_of_death/people	/m/0vh3
/m/02sg4b	/baseball/baseball_position/players	/m/05jrj4
/m/017drs	/baseball/baseball_position/players	/m/0fbkyp
/m/02sg4b	/baseball/baseball_position/players	/m/0blq0z
/m/06mxs	/film/actor/film./film/performance/film	/m/06qh2n
/m/0dbns	/education/educational_institution/students_graduates./education/education/student	/m/026b7bz
/m/0dbns	/education/educational_institution/students_graduates./education/education/student	/m/01jfr3y
/m/0fkv5	/biology/organism_classification/lower_classifications	/m/0hkxq
/m/0gg68	/government/political_party/politicians_in_this_party./government/political_party_tenure/politician	/m/01gvr1
/m/0k2h6	/education/educational_institution/students_graduates./education/education/student	/m/03xb2w
/m/0lwyk	/education/educational_institution/students_graduates./education/education/student	/m/0c1qgrg
/m/01t9_0	/education/educational_institution/students_graduates./education/education/student	/m/09cprp
/m/017_qw	/music/genre/artists	/m/0ymff
/m/012f86	/music/genre/artists	/m/08wm8n
/m/019pcs	/royalty/kingdom/rulers	/m/0cmpn
/m/019pcs	/location/location/contains	/m/0r_ch
/m/0cy__l	/location/location/contains	/m/06ryz_
/m/019pcs	/location/location/contains	/m/0cvkv5
/m/019pcs	/location/location/contains	/m/0d085
/m/019pcs	/location/location/contains	/m/05nqz
/m/0mm1q	/location/location/contains	/m/0263fvs
/m/019pcs	/location/location/contains	/m/01ypc
/m/019pcs	/location/location/contains	/m/04g51
/m/0gmf0nj	/location/location/contains	/m/02z9g96
/m/020d8d	/location/location/events	/m/05p1x35
/m/01fqm	/location/location/events	/m/03wxvk
/m/01ty7ll	/organization/organization_founder/organizations_founded	/m/05f85pb
/m/02q253	/base/aareas/schema/administrative_area/administrative_children	/m/095y2n
/m/01hpnh	/location/location/contains	/m/04y9mm8
/m/01qvtwm	/tv/tv_actor/starring_roles./tv/regular_tv_appearance/series	/m/04z542
/m/04hw4b	/film/actor/film./film/performance/film	/m/0309c5
/m/0m7yh	/award/award_category/nominees./award/award_nomination/award_nominee	/m/08_ncy
/m/02681vq	/award/award_category/nominees./award/award_nomination/award_nominee	/m/01z22v
/m/05sy0cv	/award/award_category/nominees./award/award_nomination/award_nominee	/m/01w5hdv
/m/0mgcc	/people/profession/people_with_this_profession	/m/03hzjn_
/m/02dsz	/people/profession/people_with_this_profession	/m/0337vz
/m/0h14ln	/people/profession/people_with_this_profession	/m/0gff83x
/m/02dsz	/people/profession/people_with_this_profession	/m/04t0p1
/m/02dsz	/people/profession/people_with_this_profession	/m/0214m4
/m/04zd4m	/people/profession/people_with_this_profession	/m/0gvt1zv
/m/02dsz	/people/profession/people_with_this_profession	/m/05bcl
/m/0l2tk	/education/educational_institution/students_graduates./education/education/student	/m/063_r97
/m/027zz	/tv/tv_writer/episodes_written	/m/05dmnrg
/m/02rghbp	/tv/tv_writer/episodes_written	/m/04nlb94
/m/04fcx7	/tv/tv_writer/episodes_written	/m/05dmppy
/m/02rghbp	/tv/tv_writer/episodes_written	/m/07gqbk
/m/02rghbp	/tv/tv_writer/episodes_written	/m/05gz5
/m/0355dz	/sports/sports_position/players./sports/sports_team_roster/player	/m/03jjzf
/m/0355dz	/basketball/basketball_position/players	/m/03lh3v
/m/03dft3	/user/alexander/philosophy/era/philosophers	/m/0gry51
/m/04n0p	/language/language_writing_system/languages	/m/0688f
/m/06mz5	/location/location/contains	/m/01chg
/m/0c8qq	/location/location/contains	/m/05w0mr
/m/05b5c	/book/book_subject/works	/m/02x87pj
/m/06mz5	/government/governmental_jurisdiction/government_positions	/m/0bqr7_
/m/0bm7fy	/award/award_category/nominees./award/award_nomination/award_nominee	/m/0d87hc
/m/04f_d	/film/film_genre/films_in_this_genre	/m/04j0zy4
/m/0d63kt	/media_common/netflix_genre/titles	/m/049gc
/m/01z88t	/sports/sports_team/roster./sports/sports_team_roster/player	/m/047qg02
/m/0kcc7	/architecture/building_function/buildings	/m/01f62
/m/0nqv1	/location/location/contains	/m/080r3
/m/0tr3p	/travel/travel_destination/tourist_attractions	/m/06fx4p
/m/01dq0z	/education/educational_institution/students_graduates./education/education/student	/m/02qkny
/m/01hydr	/music/genre/artists	/m/0_3cs
/m/028tnd	/architecture/architectural_style/examples	/m/0d9z_y
/m/0bscw	/architecture/architectural_style/examples	/m/0gfg8dp
/m/0bp_7	/location/location/nearby_airports	/m/02794yr
/m/0dwxr	/award/award_category/nominees./award/award_nomination/award_nominee	/m/02j6cs
/m/02flqd	/award/award_category/winners./award/award_honor/award_winner	/m/038_3y
/m/02gvwz	/tv/tv_actor/starring_roles./tv/regular_tv_appearance/series	/m/02k4b2
/m/02y_j8g	/award/award_category/winners./award/award_honor/honored_for	/m/03vw9m
/m/04kllm9	/medicine/symptom/symptom_of	/m/0c7ct
/m/063yv	/medicine/disease/treatments	/m/0tj4y
/m/07bch9	/people/ethnicity/people	/m/028c_8
/m/07bch9	/people/ethnicity/people	/m/0fh2v5
/m/018pj3	/music/artist/album	/m/01hs096
/m/09q17	/media_common/netflix_genre/titles	/m/0dxtg
/m/042gr4	/media_common/netflix_genre/titles	/m/05v6jy
/m/03fw4y	/film/film_genre/films_in_this_genre	/m/08ww44
/m/03x1x	/award/award_category/nominees./award/award_nomination/nominated_for	/m/0300m_
/m/0ydpd	/film/film_job/films_with_this_crew_job./film/film_crew_gig/film	/m/0pbqz60
/m/09zzb8	/film/film_job/films_with_this_crew_job./film/film_crew_gig/film	/m/0b2qtl
/m/09zzb8	/film/film_job/films_with_this_crew_job./film/film_crew_gig/film	/m/01gsrl
/m/09zzb8	/film/film_job/films_with_this_crew_job./film/film_crew_gig/film	/m/02rk23
/m/01dpts	/film/film_job/films_with_this_crew_job./film/film_crew_gig/film	/m/0n4blqr
/m/03m6t5	/film/film_job/films_with_this_crew_job./film/film_crew_gig/film	/m/06w3wxf
/m/09zzb8	/film/film_job/films_with_this_crew_job./film/film_crew_gig/film	/m/022rry
/m/0b1zz	/award/award_winner/awards_won./award/award_honor/award	/m/03cvv4
/m/0b1zz	/award/award_nominee/award_nominations./award/award_nomination/award	/m/0gcrg
/m/0btpx	/film/actor/film./film/performance/film	/m/016w7b
/m/011s0	/people/ethnicity/people	/m/04yptr
/m/0g96wd	/people/ethnicity/people	/m/03n0pv
/m/016z43	/people/ethnicity/people	/m/01xp1v
/m/0n5d1	/location/location/contains	/m/0bt3j9
/m/06b3g4	/award/award_nominee/award_nominations./award/award_nomination/award_nominee	/m/0dbsl
/m/01_0f7	/film/film/other_crew./film/film_crew_gig/crewmember	/m/023322
/m/01j5x6	/tv/tv_actor/starring_roles./tv/regular_tv_appearance/series	/m/0g2lq
/m/01j5x6	/award/award_nominee/award_nominations./award/award_nomination/nominated_for	/m/03rrdb
/m/011xy1	/education/educational_institution/students_graduates./education/education/student	/m/01tpjh
/m/02vnmc9	/film/actor/film./film/performance/film	/m/09k54_b
/m/02sddg	/baseball/baseball_position/players	/m/04lgymt
/m/057wlm	/education/educational_institution/students_graduates./education/education/student	/m/01p45_v
/m/0m2wm	/location/location/contains	/m/02wwwnp
/m/016szr	/location/location/contains	/m/05v94f
/m/03tck1	/visual_art/visual_art_form/artists	/m/0gg8hlz
/m/0t_07	/visual_art/visual_art_form/artists	/m/02x446w
/m/05qdh	/visual_art/visual_art_form/artists	/m/023t0q
/m/02y_2y	/visual_art/visual_art_form/artists	/m/07y4mr
/m/05qdh	/visual_art/visual_art_form/artists	/m/081nh
/m/01zzk4	/visual_art/visual_art_form/artists	/m/0h3kl9
/m/05qdh	/visual_art/visual_art_form/artists	/m/02xyl
/m/05qdh	/visual_art/visual_art_form/artists	/m/01vh096
/m/0g4gr	/visual_art/visual_art_form/artworks	/m/02vnvpb
/m/05qdh	/visual_art/visual_art_form/artworks	/m/0nppc
/m/03hhd3	/visual_art/visual_art_form/artists	/m/05h2634
/m/05qdh	/visual_art/visual_art_form/artists	/m/013km
/m/05qdh	/visual_art/visual_art_form/artists	/m/02wlk
/m/0fzyg	/visual_art/visual_art_form/artworks	/m/05fb8zp
/m/05qdh	/visual_art/visual_art_form/artists	/m/027y_
/m/05qdh	/visual_art/visual_art_form/artists	/m/01nz1q6
/m/05qdh	/visual_art/visual_art_form/artworks	/m/0283xx2
/m/05qdh	/visual_art/visual_art_form/artists	/m/015rhv
/m/05qdh	/visual_art/visual_art_form/artworks	/m/0nzw2
/m/05qdh	/visual_art/visual_art_form/artists	/m/04135
/m/05qdh	/visual_art/visual_art_form/artists	/m/027y_
/m/05qdh	/visual_art/visual_art_form/artists	/m/0lrh
/m/02q3wl	/visual_art/visual_art_form/artworks	/m/04zyjlm
/m/052fbt	/visual_art/visual_art_form/artists	/m/01xwn8
/m/05qdh	/visual_art/visual_art_form/artists	/m/018dyl
/m/05qdh	/visual_art/visual_art_form/artists	/m/02wlk
/m/05qdh	/visual_art/visual_art_form/artworks	/m/09vc4s
/m/060ppp	/visual_art/visual_art_form/artists	/m/04jknhk
/m/01b4x4	/visual_art/visual_art_form/artworks	/m/0bmvm6
/m/0642v9q	/visual_art/visual_art_form/artists	/m/039q91
/m/07k2x	/visual_art/visual_art_form/artists	/m/03cngx1
/m/05qdh	/visual_art/visual_art_form/artworks	/m/016zp5
/m/05qdh	/visual_art/visual_art_form/artists	/m/027y_
/m/05qdh	/visual_art/visual_art_form/artists	/m/018dyl
/m/06jtx	/people/family/members	/m/01vqc7
/m/0377k9	/organization/role/leaders./organization/leadership/organization	/m/025t8l
/m/0377k9	/organization/role/leaders./organization/leadership/organization	/m/050cqz
/m/09c7w0	/location/location/contains	/m/02rsl1
/m/09c7w0	/location/location/contains	/m/023gxx
/m/09c7w0	/book/book_subject/works	/m/0xc9x
/m/09c7w0	/olympics/olympic_participating_country/athletes./olympics/olympic_athlete_affiliation/athlete	/m/02gnj2
/m/01n2m6	/location/location/contains	/m/05c6ff
/m/0lhql	/sports/sport_country/athletic_performances./sports/competitor_competition_relationship/competitors	/m/03_sgx
/m/09c7w0	/location/location/contains	/m/014x77
/m/09c7w0	/base/thoroughbredracing/thoroughbred_racehorse_origin/horses_from_this_location	/m/03jxw
/m/05pyrb	/location/location/contains	/m/02pm4x6
/m/059z0	/government/governmental_jurisdiction/governing_officials./government/government_position_held/office_holder	/m/09v4nk
/m/0d05q4	/location/location/contains	/m/025rs2
/m/09c7w0	/location/location/contains	/m/01kh2m1
/m/013rds	/location/location/contains	/m/07vlx1
/m/0yfvf	/location/location/contains	/m/04_133
/m/09c7w0	/government/governmental_jurisdiction/governing_officials./government/government_position_held/office_holder	/m/070vn
/m/01kymm	/organization/organization_scope/organizations_with_this_scope	/m/01yx65
/m/0k2m6	/location/location/contains	/m/0w0z7
/m/09c7w0	/location/location/contains	/m/0249fn
/m/018qpq	/location/country/second_level_divisions	/m/0mq3l
/m/09c7w0	/location/location/contains	/m/086sj
/m/09c7w0	/government/governmental_jurisdiction/governing_officials./government/government_position_held/office_holder	/m/016wvy
/m/05zlld0	/location/location/contains	/m/07238d
/m/09c7w0	/location/location/contains	/m/06m6p7
/m/0285m87	/olympics/olympic_participating_country/medals_won./olympics/olympic_medal_honor/medalist	/m/04dqx
/m/018jk2	/government/governmental_jurisdiction/governing_officials./government/government_position_held/office_holder	/m/01z5v_
/m/09c7w0	/location/location/contains	/m/09yhzs
/m/03xds	/location/location/contains	/m/0r_pn
/m/04lhc4	/location/location/contains	/m/03rl8l
/m/02kgb7	/location/location/contains	/m/0tt8c
/m/0cyn3	/olympics/olympic_participating_country/athletes./olympics/olympic_athlete_affiliation/athlete	/m/048p1l
/m/04gqr	/government/governmental_jurisdiction/governing_officials./government/government_position_held/office_holder	/m/023v2
/m/05bcl	/government/governmental_jurisdiction/governing_officials./government/government_position_held/office_holder	/m/0bbcdf
/m/09c7w0	/olympics/olympic_participating_country/medals_won./olympics/olympic_medal_honor/medalist	/m/014g91
/m/09c7w0	/location/location/contains	/m/08fbnx
/m/09c7w0	/location/location/contains	/m/01k2xy
/m/0776h1v	/location/location/contains	/m/049_gyf
/m/0dv9v	/government/governmental_jurisdiction/governing_officials./government/government_position_held/district_represented	/m/0g58g5n
/m/09c7w0	/location/location/contains	/m/038w8
/m/09c7w0	/location/location/contains	/m/02gjt4
/m/026pz9s	/location/location/contains	/m/06lchx
/m/09c7w0	/location/location/contains	/m/0xxc
/m/02kzfw	/organization/organization_scope/organizations_with_this_scope	/m/025vbcb
/m/09c7w0	/olympics/olympic_participating_country/athletes./olympics/olympic_athlete_affiliation/athlete	/m/0cj2t3
/m/0177z	/location/location/contains	/m/0w0rq
/m/09c7w0	/location/location/contains	/m/02qjv1p
/m/09c7w0	/location/location/contains	/m/0mjn2
/m/0nqph	/location/location/events	/m/0465_b_
/m/09c7w0	/government/governmental_jurisdiction/governing_officials./government/government_position_held/office_holder	/m/02xx5
/m/09c7w0	/location/location/contains	/m/0bv8h2
/m/014nvr	/location/location/contains	/m/0208yts
/m/09c7w0	/book/book_subject/works	/m/0d8cr0
/m/09lcsj	/location/location/contains	/m/0tdn1
/m/0195pd	/location/location/contains	/m/0s143
/m/0690dn	/location/location/contains	/m/03j8fq
/m/09c7w0	/location/location/contains	/m/0f13b
/m/09c7w0	/location/location/contains	/m/0vjr
/m/01f62	/base/thoroughbredracing/thoroughbred_racehorse_origin/horses_from_this_location	/m/0bs1ly0
/m/09c7w0	/book/book_subject/works	/m/01dfb6
/m/01x42h	/olympics/olympic_participating_country/athletes./olympics/olympic_athlete_affiliation/athlete	/m/04jlz6p
/m/09c7w0	/olympics/olympic_participating_country/medals_won./olympics/olympic_medal_honor/medalist	/m/01v0fn1
/m/09c7w0	/government/governmental_jurisdiction/governing_officials./government/government_position_held/office_holder	/m/0642v9q
/m/0h1k6	/olympics/olympic_participating_country/medals_won./olympics/olympic_medal_honor/medalist	/m/0fr3dh
/m/02lx0	/government/governmental_jurisdiction/governing_officials./government/government_position_held/office_holder	/m/08tnpj
/m/09c7w0	/government/governmental_jurisdiction/governing_officials./government/government_position_held/office_holder	/m/0261w5
/m/09c7w0	/location/location/contains	/m/0jsqk
/m/09c7w0	/government/governmental_jurisdiction/governing_officials./government/government_position_held/office_holder	/m/06ch55
/m/09c7w0	/location/country/second_level_divisions	/m/0xhmb
/m/09c7w0	/government/governmental_jurisdiction/governing_officials./government/government_position_held/office_holder	/m/01zk9d
/m/06hf0n	/military/military_combatant/military_conflicts./military/military_combatant_group/conflict	/m/05t053v
/m/09c7w0	/government/governmental_jurisdiction/governing_officials./government/government_position_held/office_holder	/m/04k4l
/m/09c7w0	/location/country/second_level_divisions	/m/07p7g
/m/019y64	/location/location/contains	/m/027tvvp
/m/09c7w0	/location/location/contains	/m/02gkzs
/m/09c7w0	/location/location/contains	/m/03f_jk
/m/09c7w0	/government/governmental_jurisdiction/governing_officials./government/government_position_held/office_holder	/m/03np63f
/m/09c7w0	/location/location/contains	/m/0hn6d
/m/0h_9252	/location/location/contains	/m/0s9m_
/m/09c7w0	/location/location/contains	/m/05qsxy
/m/0mmp3	/location/location/contains	/m/02848ym
/m/09c7w0	/book/book_subject/works	/m/01wgjj5
/m/036921	/location/location/events	/m/07j412
/m/09nyf	/military/military_combatant/military_conflicts./military/military_combatant_group/conflict	/m/045lzk
/m/08809	/book/book_subject/works	/m/02phdmp
/m/09c7w0	/government/governmental_jurisdiction/governing_officials./government/government_position_held/office_holder	/m/09ps01
/m/09c7w0	/olympics/olympic_participating_country/athletes./olympics/olympic_athlete_affiliation/athlete	/m/02pb53
/m/07cfx	/olympics/olympic_participating_country/medals_won./olympics/olympic_medal_honor/medalist	/m/03_sgx
/m/09c7w0	/location/location/contains	/m/05kms
/m/09c7w0	/location/location/events	/m/0fd_1
/m/09c7w0	/location/location/contains	/m/06ylv0
/m/09c7w0	/location/location/contains	/m/0hfml
/m/09c7w0	/location/location/contains	/m/0j__m
/m/033wx9	/organization/organization_scope/organizations_with_this_scope	/m/0dzjvr
/m/0_rwf	/location/location/events	/m/0h6dhq
/m/01hkg9	/location/location/contains	/m/07yjk5
/m/09c7w0	/olympics/olympic_participating_country/athletes./olympics/olympic_athlete_affiliation/athlete	/m/0kryqm
/m/09c7w0	/location/location/contains	/m/01rhl
/m/0163m1	/book/book_subject/works	/m/0n_gw
/m/05hyn5	/location/location/contains	/m/0bq8mw
/m/02607j	/location/location/contains	/m/07b6y1
/m/01x214	/organization/organization_scope/organizations_with_this_scope	/m/0c00cnm
/m/09c7w0	/location/country/second_level_divisions	/m/026036
/m/09c7w0	/location/location/contains	/m/0f3m1
/m/03qlv7	/location/location/contains	/m/0267h75
/m/023322	/location/location/contains	/m/02807xj
/m/01nn3m	/location/location/contains	/m/0yg7p
/m/09f6b	/olympics/olympic_sport/athletes./olympics/olympic_athlete_affiliation/athlete	/m/0hwd8
/m/03hr1p	/olympics/olympic_sport/athletes./olympics/olympic_athlete_affiliation/athlete	/m/0cjtqg
/m/026mj	/tv/tv_program/episodes	/m/079g7lm
/m/0flpy	/tv/tv_actor/guest_roles./tv/tv_guest_role/episodes_appeared_in	/m/0g_5ks
/m/032ft5	/education/field_of_study/students_majoring./education/education/student	/m/02_fdj1
/m/0gyh	/location/location/contains	/m/080h2
/m/0gyh	/location/location/contains	/m/01hg2h
/m/04qhdf	/location/location/contains	/m/03cl2gr
/m/0gyh	/government/governmental_jurisdiction/official_symbols./location/location_symbol_relationship/symbol	/m/03pvt
/m/0fvyg	/location/location/contains	/m/03cncnz
/m/03h_9lg	/location/location/contains	/m/03bn0j
/m/0gyh	/government/governmental_jurisdiction/governing_officials./government/government_position_held/office_holder	/m/05f_3
/m/0xff	/people/ethnicity/people	/m/01hydr
/m/08zx0s	/tv/tv_program/episodes	/m/05dv54j
/m/01b65l	/tv/tv_program/episodes	/m/03hp2y1
/m/01b65l	/tv/tv_program/episodes	/m/0gn30
/m/03qjg	/tv/tv_program/episodes	/m/05dv5y5
/m/0d3mlc	/tv/tv_program/episodes	/m/05dv5wd
/m/02r_d4	/tv/tv_program/episodes	/m/05dv7gv
/m/01b65l	/tv/tv_program/episodes	/m/0j90s
/m/01b65l	/tv/tv_program/episodes	/m/0h6rm
/m/05qc_	/tv/tv_program/episodes	/m/05dv838
/m/01b65l	/tv/tv_program/episodes	/m/02wyc0
/m/01svw8n	/tv/tv_program/episodes	/m/05dv57b
/m/01b65l	/tv/tv_program/episodes	/m/01dbns
/m/01b65l	/tv/tv_program/episodes	/m/01l3wr
/m/01k2wn	/business/employer/employees./business/employment_tenure/person	/m/011_3s
/m/01k2wn	/education/educational_institution/students_graduates./education/education/student	/m/06bss
/m/02qwgk	/education/educational_institution/students_graduates./education/education/student	/m/0fbmd8
/m/09krm_	/education/educational_institution/students_graduates./education/education/student	/m/076wdcd
/m/09k9d0	/tv/tv_program/episodes	/m/05dhgr3
/m/02krf9	/people/profession/people_with_this_profession	/m/031sg0
/m/047g8h	/people/profession/people_with_this_profession	/m/04w8l2
/m/02krf9	/people/profession/people_with_this_profession	/m/04hcw
/m/02krf9	/people/profession/people_with_this_profession	/m/03w7kx
/m/02krf9	/people/profession/people_with_this_profession	/m/04hddx
/m/07hgm	/people/profession/people_with_this_profession	/m/0d_0q5
/m/0214m4	/people/profession/people_with_this_profession	/m/03ynlsw
/m/02krf9	/people/profession/people_with_this_profession	/m/01yk13
/m/02krf9	/people/profession/people_with_this_profession	/m/08z39v
/m/026v1z	/people/profession/people_with_this_profession	/m/0f60l7
/m/02krf9	/people/profession/people_with_this_profession	/m/067sqt
/m/031x_3	/award/award_nominee/award_nominations./award/award_nomination/award_nominee	/m/01n8_g
/m/031x_3	/award/award_winner/awards_won./award/award_honor/award_winner	/m/089tm
/m/03f5vvx	/government/political_appointer/appointees./government/government_position_held/office_position_or_title	/m/067z4
/m/04cb4x	/film/film_genre/films_in_this_genre	/m/0b6mgp_
/m/04k15	/symbols/name_source/namesakes	/m/03h_yy
/m/01ws9n6	/media_common/dedicator/dedications./media_common/dedication/work_dedicated	/m/047sxvz
/m/04ztj	/people/marriage_union_type/unions_of_this_type./people/marriage/spouse	/m/032nl2
/m/04ztj	/people/marriage_union_type/unions_of_this_type./people/marriage/spouse	/m/02_jkc
/m/09t9m2	/people/marriage_union_type/unions_of_this_type./people/marriage/spouse	/m/04ybmp4
/m/0443xn	/people/marriage_union_type/unions_of_this_type./people/marriage/spouse	/m/02qkny
/m/04ztj	/people/marriage_union_type/unions_of_this_type./people/marriage/spouse	/m/01v3vp
/m/04ztj	/people/marriage_union_type/unions_of_this_type./people/marriage/spouse	/m/067nsm
/m/02l1fn	/people/marriage_union_type/unions_of_this_type./people/marriage/spouse	/m/0c6mw7
/m/0t6hk	/people/marriage_union_type/unions_of_this_type./people/marriage/spouse	/m/0c19hv
/m/07wm6	/people/marriage_union_type/unions_of_this_type./people/marriage/spouse	/m/0h52_z4
/m/04ztj	/people/marriage_union_type/unions_of_this_type./people/marriage/spouse	/m/02qfk4j
/m/04ztj	/people/marriage_union_type/unions_of_this_type./people/marriage/spouse	/m/03_80b
/m/03d_w3h	/people/marriage_union_type/unions_of_this_type./people/marriage/spouse	/m/017fl5
/m/04ztj	/people/marriage_union_type/unions_of_this_type./people/marriage/spouse	/m/0d6484
/m/0g4g7	/people/marriage_union_type/unions_of_this_type./people/marriage/spouse	/m/03qf9tp
/m/04ztj	/people/marriage_union_type/unions_of_this_type./people/marriage/spouse	/m/04s5_s
/m/0mnsf	/people/marriage_union_type/unions_of_this_type./people/marriage/spouse	/m/09_9y3
/m/04ztj	/people/marriage_union_type/unions_of_this_type./people/marriage/spouse	/m/0n8bn
/m/04ztj	/people/marriage_union_type/unions_of_this_type./people/marriage/spouse	/m/02778pf
/m/04ztj	/people/marriage_union_type/unions_of_this_type./people/marriage/location_of_ceremony	/m/01wv24
/m/04ztj	/people/marriage_union_type/unions_of_this_type./people/marriage/spouse	/m/06s1qy
/m/09nz_c	/people/marriage_union_type/unions_of_this_type./people/marriage/spouse	/m/015wkb
/m/04ztj	/people/marriage_union_type/unions_of_this_type./people/marriage/spouse	/m/01w7nww
/m/0lzkm	/people/marriage_union_type/unions_of_this_type./people/marriage/spouse	/m/081pbx
/m/0fj52s	/people/marriage_union_type/unions_of_this_type./people/marriage/spouse	/m/0c6qlf
/m/0rj0z	/people/marriage_union_type/unions_of_this_type./people/marriage/spouse	/m/02qhzrh
/m/018z_c	/people/marriage_union_type/unions_of_this_type./people/marriage/spouse	/m/07z49c
/m/09j9h	/people/marriage_union_type/unions_of_this_type./people/marriage/spouse	/m/0b75dv7
/m/04ztj	/people/marriage_union_type/unions_of_this_type./people/marriage/spouse	/m/0g_rs_
/m/04ztj	/people/marriage_union_type/unions_of_this_type./people/marriage/spouse	/m/01vzz1c
/m/04ztj	/people/marriage_union_type/unions_of_this_type./people/marriage/spouse	/m/05n19y
/m/03xnwz	/people/marriage_union_type/unions_of_this_type./people/marriage/spouse	/m/04178_l
/m/02zd460	/people/marriage_union_type/unions_of_this_type./people/marriage/spouse	/m/0gwh_h
/m/02lx0	/people/marriage_union_type/unions_of_this_type./people/marriage/spouse	/m/074_3b
/m/015fr	/people/marriage_union_type/unions_of_this_type./people/marriage/spouse	/m/06sf14
/m/04ztj	/people/marriage_union_type/unions_of_this_type./people/marriage/spouse	/m/03c_8t
/m/04ztj	/people/marriage_union_type/unions_of_this_type./people/marriage/location_of_ceremony	/m/0mx2h
/m/04ztj	/people/marriage_union_type/unions_of_this_type./people/marriage/spouse	/m/0kc6
/m/04ztj	/people/marriage_union_type/unions_of_this_type./people/marriage/spouse	/m/06lgq8
/m/01qklj	/people/marriage_union_type/unions_of_this_type./people/marriage/spouse	/m/08mrgq
/m/04ztj	/people/marriage_union_type/unions_of_this_type./people/marriage/spouse	/m/0d500h
/m/04ztj	/people/marriage_union_type/unions_of_this_type./people/marriage/spouse	/m/01w524f
/m/04ztj	/people/marriage_union_type/unions_of_this_type./people/marriage/spouse	/m/0fthdk
/m/0164v	/people/marriage_union_type/unions_of_this_type./people/marriage/spouse	/m/0clgh6
/m/04ztj	/people/marriage_union_type/unions_of_this_type./people/marriage/spouse	/m/015mrk
/m/04ztj	/people/marriage_union_type/unions_of_this_type./people/marriage/spouse	/m/02fgp0
/m/03zv2t	/people/marriage_union_type/unions_of_this_type./people/marriage/spouse	/m/08kkd1
/m/01hnp	/people/marriage_union_type/unions_of_this_type./people/marriage/spouse	/m/025lnp
/m/0llcx	/people/marriage_union_type/unions_of_this_type./people/marriage/spouse	/m/015z8c
/m/04ztj	/people/marriage_union_type/unions_of_this_type./people/marriage/spouse	/m/02ktrs
/m/04ztj	/people/marriage_union_type/unions_of_this_type./people/marriage/spouse	/m/07r_dg
/m/01w03jv	/people/marriage_union_type/unions_of_this_type./people/marriage/spouse	/m/0dh3f9
/m/03_3z4	/people/marriage_union_type/unions_of_this_type./people/marriage/spouse	/m/02x1_gf
/m/016ybr	/people/marriage_union_type/unions_of_this_type./people/marriage/spouse	/m/02y_3d
/m/04ztj	/people/marriage_union_type/unions_of_this_type./people/marriage/spouse	/m/0djc3s
/m/04ztj	/people/marriage_union_type/unions_of_this_type./people/marriage/spouse	/m/01vzz1c
/m/04ztj	/people/marriage_union_type/unions_of_this_type./people/marriage/spouse	/m/070m12
/m/012j8z	/people/marriage_union_type/unions_of_this_type./people/marriage/spouse	/m/0cny4pc
/m/06wjf	/people/marriage_union_type/unions_of_this_type./people/marriage/spouse	/m/026fnxt
/m/02w6bq	/people/marriage_union_type/unions_of_this_type./people/marriage/spouse	/m/072sx_
/m/04ztj	/people/marriage_union_type/unions_of_this_type./people/marriage/spouse	/m/0q9t7
/m/01hnp	/people/marriage_union_type/unions_of_this_type./people/marriage/spouse	/m/0h0k5n
/m/04ztj	/people/marriage_union_type/unions_of_this_type./people/marriage/spouse	/m/0h10vt
/m/0bp_7	/people/marriage_union_type/unions_of_this_type./people/marriage/spouse	/m/022wmh
/m/03jgz	/people/marriage_union_type/unions_of_this_type./people/marriage/spouse	/m/04n24td
/m/060s9	/people/marriage_union_type/unions_of_this_type./people/marriage/spouse	/m/03qpc5_
/m/016tt2	/people/marriage_union_type/unions_of_this_type./people/marriage/spouse	/m/03h46jc
/m/04ztj	/people/marriage_union_type/unions_of_this_type./people/marriage/spouse	/m/024qwq
/m/0rw2x	/people/marriage_union_type/unions_of_this_type./people/marriage/spouse	/m/03ql50z
/m/02bj22	/people/marriage_union_type/unions_of_this_type./people/marriage/spouse	/m/02qx2pv
/m/04ztj	/people/marriage_union_type/unions_of_this_type./people/marriage/spouse	/m/01vvpjj
/m/0fjzsy	/people/marriage_union_type/unions_of_this_type./people/marriage/spouse	/m/0521bz4
/m/01pq5j7	/people/marriage_union_type/unions_of_this_type./people/marriage/spouse	/m/04jkdts
/m/04ztj	/people/marriage_union_type/unions_of_this_type./people/marriage/spouse	/m/06wm0z
/m/058z2d	/people/marriage_union_type/unions_of_this_type./people/marriage/spouse	/m/02z3vn5
/m/0jgk3	/people/marriage_union_type/unions_of_this_type./people/marriage/spouse	/m/02wsyb
/m/04ztj	/people/marriage_union_type/unions_of_this_type./people/marriage/spouse	/m/04pp9s
/m/04ztj	/people/marriage_union_type/unions_of_this_type./people/marriage/spouse	/m/02dlfh
/m/06n6p	/people/marriage_union_type/unions_of_this_type./people/marriage/spouse	/m/09bv78
/m/04ztj	/people/marriage_union_type/unions_of_this_type./people/marriage/spouse	/m/06rgq
/m/08_yl1	/people/marriage_union_type/unions_of_this_type./people/marriage/spouse	/m/01tgny
/m/03ybrwc	/people/marriage_union_type/unions_of_this_type./people/marriage/spouse	/m/0240s6
/m/04ztj	/people/marriage_union_type/unions_of_this_type./people/marriage/spouse	/m/071ynp
/m/04ztj	/people/marriage_union_type/unions_of_this_type./people/marriage/spouse	/m/036dyy
/m/02t8yb	/people/marriage_union_type/unions_of_this_type./people/marriage/spouse	/m/027kw6q
/m/04ztj	/people/marriage_union_type/unions_of_this_type./people/marriage/spouse	/m/03ym1
/m/04ztj	/people/marriage_union_type/unions_of_this_type./people/marriage/spouse	/m/01963w
/m/04ztj	/people/marriage_union_type/unions_of_this_type./people/marriage/location_of_ceremony	/m/02zp1t
/m/04ztj	/people/marriage_union_type/unions_of_this_type./people/marriage/spouse	/m/06jvj7
/m/04ztj	/people/marriage_union_type/unions_of_this_type./people/marriage/spouse	/m/01p0w_
/m/04ztj	/people/marriage_union_type/unions_of_this_type./people/marriage/spouse	/m/07ym6ss
/m/01gvr1	/people/marriage_union_type/unions_of_this_type./people/marriage/spouse	/m/03cdlcg
/m/09l3p	/people/marriage_union_type/unions_of_this_type./people/marriage/spouse	/m/06xvwt
/m/06x43v	/people/marriage_union_type/unions_of_this_type./people/marriage/spouse	/m/064pr12
/m/04ztj	/people/marriage_union_type/unions_of_this_type./people/marriage/spouse	/m/02t1dv
/m/05ggt_	/people/marriage_union_type/unions_of_this_type./people/marriage/spouse	/m/096wm6
/m/04ztj	/people/marriage_union_type/unions_of_this_type./people/marriage/spouse	/m/06vqdf
/m/04ztj	/people/marriage_union_type/unions_of_this_type./people/marriage/spouse	/m/08f3yq
/m/04ztj	/people/marriage_union_type/unions_of_this_type./people/marriage/spouse	/m/01l2fn
/m/01_x6d	/people/marriage_union_type/unions_of_this_type./people/marriage/spouse	/m/026r3y
/m/04ztj	/people/marriage_union_type/unions_of_this_type./people/marriage/spouse	/m/04wp2p
/m/07y9w5	/people/marriage_union_type/unions_of_this_type./people/marriage/spouse	/m/0f0t_1
/m/04ztj	/people/marriage_union_type/unions_of_this_type./people/marriage/spouse	/m/02bvt
/m/0r172	/people/marriage_union_type/unions_of_this_type./people/marriage/spouse	/m/04f41km
/m/04ztj	/people/marriage_union_type/unions_of_this_type./people/marriage/spouse	/m/040981l
/m/08bqy9	/people/marriage_union_type/unions_of_this_type./people/marriage/spouse	/m/06n47z
/m/03x400	/people/marriage_union_type/unions_of_this_type./people/marriage/location_of_ceremony	/m/02xw_y
/m/021yyx	/people/marriage_union_type/unions_of_this_type./people/marriage/spouse	/m/0fl7l
/m/095z4q	/people/marriage_union_type/unions_of_this_type./people/marriage/spouse	/m/04v18k
/m/0tr3p	/people/marriage_union_type/unions_of_this_type./people/marriage/location_of_ceremony	/m/04v242
/m/057dxsg	/people/marriage_union_type/unions_of_this_type./people/marriage/spouse	/m/04y790v
/m/047951	/people/marriage_union_type/unions_of_this_type./people/marriage/spouse	/m/0j3c53c
/m/04ztj	/people/marriage_union_type/unions_of_this_type./people/marriage/spouse	/m/0135xb
/m/071tyz	/people/marriage_union_type/unions_of_this_type./people/marriage/spouse	/m/0gnk10
/m/0xms9	/people/marriage_union_type/unions_of_this_type./people/marriage/spouse	/m/03xs14
/m/04ztj	/people/marriage_union_type/unions_of_this_type./people/marriage/spouse	/m/03bx_5q
/m/04ztj	/people/marriage_union_type/unions_of_this_type./people/marriage/spouse	/m/0cm19f
/m/04ztj	/people/marriage_union_type/unions_of_this_type./people/marriage/location_of_ceremony	/m/03hdz8
/m/01dq9q	/people/marriage_union_type/unions_of_this_type./people/marriage/spouse	/m/03zcp2
/m/04ztj	/people/marriage_union_type/unions_of_this_type./people/marriage/spouse	/m/0bw7ly
/m/04ztj	/people/marriage_union_type/unions_of_this_type./people/marriage/spouse	/m/0265vcb
/m/04ztj	/people/marriage_union_type/unions_of_this_type./people/marriage/spouse	/m/032wdd
/m/0mmp3	/people/marriage_union_type/unions_of_this_type./people/marriage/spouse	/m/0b64ssn
/m/01k_mc	/people/marriage_union_type/unions_of_this_type./people/marriage/spouse	/m/07ztzz
/m/0c5tl	/people/marriage_union_type/unions_of_this_type./people/marriage/location_of_ceremony	/m/0s5md
/m/0dlqv	/people/marriage_union_type/unions_of_this_type./people/marriage/spouse	/m/0gxh_l
/m/04ztj	/people/marriage_union_type/unions_of_this_type./people/marriage/spouse	/m/01vhrz
/m/04ztj	/people/marriage_union_type/unions_of_this_type./people/marriage/spouse	/m/03ckvj9
/m/04ztj	/people/marriage_union_type/unions_of_this_type./people/marriage/spouse	/m/0565cz
/m/04ztj	/people/marriage_union_type/unions_of_this_type./people/marriage/spouse	/m/01pgk0
/m/02psqkz	/people/marriage_union_type/unions_of_this_type./people/marriage/spouse	/m/080900r
/m/015wd7	/people/marriage_union_type/unions_of_this_type./people/marriage/spouse	/m/097vtn
/m/04ztj	/people/marriage_union_type/unions_of_this_type./people/marriage/spouse	/m/01p7b6b
/m/04ztj	/people/marriage_union_type/unions_of_this_type./people/marriage/spouse	/m/038rzr
/m/04ztj	/people/marriage_union_type/unions_of_this_type./people/marriage/spouse	/m/04crrxr
/m/018q42	/people/marriage_union_type/unions_of_this_type./people/marriage/spouse	/m/0cxz_v
/m/04ztj	/people/marriage_union_type/unions_of_this_type./people/marriage/spouse	/m/05n19y
/m/0sx7r	/people/marriage_union_type/unions_of_this_type./people/marriage/spouse	/m/0dsbknp
/m/04ztj	/people/marriage_union_type/unions_of_this_type./people/marriage/spouse	/m/02pq9yv
/m/01bcp7	/people/marriage_union_type/unions_of_this_type./people/marriage/spouse	/m/027677_
/m/037cr1	/people/marriage_union_type/unions_of_this_type./people/marriage/spouse	/m/04jj7qs
/m/09b8m	/people/marriage_union_type/unions_of_this_type./people/marriage/spouse	/m/0pyq_
/m/04ztj	/people/marriage_union_type/unions_of_this_type./people/marriage/spouse	/m/057176
/m/04ztj	/people/marriage_union_type/unions_of_this_type./people/marriage/spouse	/m/03hh89
/m/011yth	/people/marriage_union_type/unions_of_this_type./people/marriage/spouse	/m/047dk_5
/m/04n65n	/people/marriage_union_type/unions_of_this_type./people/marriage/location_of_ceremony	/m/02724x
/m/04ztj	/people/marriage_union_type/unions_of_this_type./people/marriage/spouse	/m/03m6pk
/m/04ztj	/people/marriage_union_type/unions_of_this_type./people/marriage/spouse	/m/05c4fys
/m/01npcx	/people/marriage_union_type/unions_of_this_type./people/marriage/spouse	/m/01rmyj
/m/04ztj	/people/marriage_union_type/unions_of_this_type./people/marriage/spouse	/m/070m12
/m/04ztj	/people/marriage_union_type/unions_of_this_type./people/marriage/spouse	/m/05wm88
/m/0yl_w	/people/marriage_union_type/unions_of_this_type./people/marriage/spouse	/m/0cb5gq
/m/05q9g1	/people/marriage_union_type/unions_of_this_type./people/marriage/spouse	/m/02csf7
/m/04ztj	/people/marriage_union_type/unions_of_this_type./people/marriage/spouse	/m/02zj61
/m/07hnp	/people/marriage_union_type/unions_of_this_type./people/marriage/spouse	/m/07gqq_
/m/026n6cs	/people/marriage_union_type/unions_of_this_type./people/marriage/spouse	/m/064k5w7
/m/04ztj	/people/marriage_union_type/unions_of_this_type./people/marriage/spouse	/m/074qgb
/m/04ztj	/people/marriage_union_type/unions_of_this_type./people/marriage/spouse	/m/0fx0mw
/m/0xn7b	/people/marriage_union_type/unions_of_this_type./people/marriage/spouse	/m/0dglzz
/m/04ztj	/people/marriage_union_type/unions_of_this_type./people/marriage/spouse	/m/0fd6qb
/m/04ztj	/people/marriage_union_type/unions_of_this_type./people/marriage/spouse	/m/0266r6h
/m/04ztj	/people/marriage_union_type/unions_of_this_type./people/marriage/spouse	/m/07mb57
/m/0rnmy	/people/marriage_union_type/unions_of_this_type./people/marriage/spouse	/m/0ky88
/m/05zy2cy	/people/marriage_union_type/unions_of_this_type./people/marriage/spouse	/m/0byw7m
/m/04ztj	/people/marriage_union_type/unions_of_this_type./people/marriage/spouse	/m/0b6mgp_
/m/02psqkz	/people/marriage_union_type/unions_of_this_type./people/marriage/location_of_ceremony	/m/0403lh9
/m/04ztj	/people/marriage_union_type/unions_of_this_type./people/marriage/spouse	/m/019n7x
/m/04ztj	/people/marriage_union_type/unions_of_this_type./people/marriage/spouse	/m/02dlfh
/m/0ckcvk	/people/marriage_union_type/unions_of_this_type./people/marriage/spouse	/m/03_sgx
/m/06mx8	/people/marriage_union_type/unions_of_this_type./people/marriage/spouse	/m/03gz5zt
/m/03mp37	/people/marriage_union_type/unions_of_this_type./people/marriage/location_of_ceremony	/m/0xsnh
/m/02qwdhq	/people/marriage_union_type/unions_of_this_type./people/marriage/spouse	/m/0r4qtmf
/m/04ztj	/people/marriage_union_type/unions_of_this_type./people/marriage/spouse	/m/06tp4h
/m/0jpdn	/people/marriage_union_type/unions_of_this_type./people/marriage/spouse	/m/026fbk6
/m/04ztj	/people/marriage_union_type/unions_of_this_type./people/marriage/spouse	/m/059xnf
/m/04ztj	/people/marriage_union_type/unions_of_this_type./people/marriage/spouse	/m/02bkdn
/m/04ztj	/people/marriage_union_type/unions_of_this_type./people/marriage/spouse	/m/054kmq
/m/0cw67g	/people/marriage_union_type/unions_of_this_type./people/marriage/spouse	/m/0dlm1h_
/m/015f47	/people/marriage_union_type/unions_of_this_type./people/marriage/spouse	/m/0bwf8j
/m/05ws7	/people/marriage_union_type/unions_of_this_type./people/marriage/spouse	/m/04dqx
/m/04ztj	/people/marriage_union_type/unions_of_this_type./people/marriage/spouse	/m/020bg
/m/04ztj	/people/marriage_union_type/unions_of_this_type./people/marriage/spouse	/m/01n4f8
/m/04ztj	/people/marriage_union_type/unions_of_this_type./people/marriage/spouse	/m/01m65sp
/m/03_2td	/people/marriage_union_type/unions_of_this_type./people/marriage/spouse	/m/0drzrd8
/m/04ztj	/people/marriage_union_type/unions_of_this_type./people/marriage/spouse	/m/01vh08
/m/0gqm3	/people/marriage_union_type/unions_of_this_type./people/marriage/spouse	/m/01nvn0b
/m/04ztj	/people/marriage_union_type/unions_of_this_type./people/marriage/spouse	/m/0347db
/m/04ztj	/people/marriage_union_type/unions_of_this_type./people/marriage/spouse	/m/062yh9
/m/04ztj	/people/marriage_union_type/unions_of_this_type./people/marriage/spouse	/m/03sbs
/m/04ztj	/people/marriage_union_type/unions_of_this_type./people/marriage/spouse	/m/02_hj4
/m/04ztj	/people/marriage_union_type/unions_of_this_type./people/marriage/spouse	/m/07r_dg
/m/04ztj	/people/marriage_union_type/unions_of_this_type./people/marriage/spouse	/m/02zft0
/m/04ztj	/people/marriage_union_type/unions_of_this_type./people/marriage/spouse	/m/0bz60q
/m/04ztj	/people/marriage_union_type/unions_of_this_type./people/marriage/spouse	/m/04w391
/m/04ztj	/people/marriage_union_type/unions_of_this_type./people/marriage/spouse	/m/05l0j5
/m/04ztj	/people/marriage_union_type/unions_of_this_type./people/marriage/spouse	/m/05vzw3
/m/058dm9	/people/marriage_union_type/unions_of_this_type./people/marriage/spouse	/m/03cmb5t
/m/01j59b0	/people/marriage_union_type/unions_of_this_type./people/marriage/spouse	/m/0b7lkg
/m/04ztj	/people/marriage_union_type/unions_of_this_type./people/marriage/spouse	/m/07ym0
/m/073w14	/people/marriage_union_type/unions_of_this_type./people/marriage/spouse	/m/02pqxtp
/m/02002f	/people/marriage_union_type/unions_of_this_type./people/marriage/spouse	/m/0bgnv6
/m/04ztj	/people/marriage_union_type/unions_of_this_type./people/marriage/spouse	/m/08w6v_
/m/04ztj	/people/marriage_union_type/unions_of_this_type./people/marriage/spouse	/m/0f1pyf
/m/04ztj	/people/marriage_union_type/unions_of_this_type./people/marriage/spouse	/m/02wh0
/m/0fy2s1	/people/marriage_union_type/unions_of_this_type./people/marriage/spouse	/m/02076d
/m/04ztj	/people/marriage_union_type/unions_of_this_type./people/marriage/spouse	/m/01w272y
/m/04ztj	/people/marriage_union_type/unions_of_this_type./people/marriage/spouse	/m/01y9xg
/m/0d29z	/people/marriage_union_type/unions_of_this_type./people/marriage/spouse	/m/08_ncy
/m/01h7xx	/people/marriage_union_type/unions_of_this_type./people/marriage/spouse	/m/07sgghb
/m/0418wg	/people/marriage_union_type/unions_of_this_type./people/marriage/spouse	/m/0405p52
/m/04ztj	/people/marriage_union_type/unions_of_this_type./people/marriage/spouse	/m/032wdd
/m/057hz	/people/marriage_union_type/unions_of_this_type./people/marriage/spouse	/m/03h3gcz
/m/09v6gc9	/people/marriage_union_type/unions_of_this_type./people/marriage/spouse	/m/04yptr
/m/04ztj	/people/marriage_union_type/unions_of_this_type./people/marriage/spouse	/m/03mszl
/m/04ztj	/people/marriage_union_type/unions_of_this_type./people/marriage/spouse	/m/02qnbs
/m/04ztj	/people/marriage_union_type/unions_of_this_type./people/marriage/spouse	/m/0d500h
/m/017_cl	/people/marriage_union_type/unions_of_this_type./people/marriage/spouse	/m/099kyz
/m/04ztj	/people/marriage_union_type/unions_of_this_type./people/marriage/spouse	/m/0dhrqx
/m/06fz_	/people/marriage_union_type/unions_of_this_type./people/marriage/spouse	/m/04mzcl0
/m/04ztj	/people/marriage_union_type/unions_of_this_type./people/marriage/spouse	/m/0g8st4
/m/088lls	/people/marriage_union_type/unions_of_this_type./people/marriage/spouse	/m/0805zxx
/m/04ztj	/people/marriage_union_type/unions_of_this_type./people/marriage/spouse	/m/06_6j3
/m/04ztj	/people/marriage_union_type/unions_of_this_type./people/marriage/spouse	/m/08304
/m/04ztj	/people/marriage_union_type/unions_of_this_type./people/marriage/spouse	/m/034zc0
/m/057m6	/people/marriage_union_type/unions_of_this_type./people/marriage/spouse	/m/02vkx8v
/m/04ztj	/people/marriage_union_type/unions_of_this_type./people/marriage/spouse	/m/02mxbd
/m/0109vk	/people/marriage_union_type/unions_of_this_type./people/marriage/spouse	/m/06cbzt
/m/05b6rdt	/people/marriage_union_type/unions_of_this_type./people/marriage/spouse	/m/04bqrk
/m/04ztj	/people/marriage_union_type/unions_of_this_type./people/marriage/spouse	/m/08qxx9
/m/04ztj	/people/marriage_union_type/unions_of_this_type./people/marriage/spouse	/m/01qnfc
/m/04ztj	/people/marriage_union_type/unions_of_this_type./people/marriage/spouse	/m/07d370
/m/01mzwp	/people/marriage_union_type/unions_of_this_type./people/marriage/spouse	/m/026ln2v
/m/04ztj	/people/marriage_union_type/unions_of_this_type./people/marriage/spouse	/m/01s7ns
/m/04ztj	/people/marriage_union_type/unions_of_this_type./people/marriage/spouse	/m/0gpprt
/m/05b6rdt	/people/marriage_union_type/unions_of_this_type./people/marriage/spouse	/m/027cq9v
/m/05hqv	/government/political_party/politicians_in_this_party./government/political_party_tenure/politician	/m/032r1
/m/05hqv	/government/political_party/politicians_in_this_party./government/political_party_tenure/politician	/m/0frpd5
/m/07vfj	/government/political_party/politicians_in_this_party./government/political_party_tenure/politician	/m/0466ls4
/m/05fny	/biology/organism_classification/lower_classifications	/m/0b3s8y
/m/0bt9lr	/biology/domesticated_animal/breeds	/m/04wxr
/m/04wxr	/biology/organism_classification/lower_classifications	/m/0gn256
/m/033cnk	/biology/domesticated_animal/breeds	/m/0gn256
/m/01cdjp	/location/location/contains	/m/0dn79b
/m/069b85	/cvg/cvg_publisher/games_published	/m/06k9py
/m/04sylm	/cvg/cvg_developer/games_developed	/m/06k9py
/m/0jvs0	/business/employer/employees./business/employment_tenure/person	/m/02lfns
/m/0l2tk	/education/educational_institution/students_graduates./education/education/student	/m/05j0wc
/m/0l2tk	/education/educational_institution/students_graduates./education/education/student	/m/02rnns
/m/0l2tk	/education/educational_institution/students_graduates./education/education/student	/m/07h1q
/m/0l2tk	/education/educational_institution/students_graduates./education/education/student	/m/02qlkc3
/m/0l2tk	/education/educational_institution/students_graduates./education/education/student	/m/03j3pg9
/m/0l2tk	/education/educational_institution/students_graduates./education/education/student	/m/018z_c
/m/03rqww	/business/employer/employees./business/employment_tenure/person	/m/02pnbs3
/m/05563d	/location/location/contains	/m/07t_49
/m/01ckbq	/award/award_category/winners./award/award_honor/honored_for	/m/0bxc4
/m/01ckbq	/award/award_category/nominees./award/award_nomination/nominated_for	/m/01gzm2
/m/01ckbq	/award/award_category/nominees./award/award_nomination/award_nominee	/m/0dckvs
/m/027dcbn	/cvg/game_character/games./cvg/game_performance/game	/m/03y8m_n
/m/026_51	/award/award_winner/awards_won./award/award_honor/honored_for	/m/079t_g
/m/01wwvt2	/award/award_nominee/award_nominations./award/award_nomination/nominated_for	/m/0gh8zks
/m/020wyp	/sports/sports_team/roster./sports/sports_team_roster/player	/m/024zq
/m/0263tn1	/award/award_nominee/award_nominations./award/award_nomination/award_nominee	/m/03vrnh
/m/0263tn1	/award/award_winner/awards_won./award/award_honor/award_winner	/m/01fwpt
/m/026k4d	/music/record_label/artist	/m/0r8bh
/m/0mmrd	/award/award_nominee/award_nominations./award/award_nomination/award	/m/06w6tv2
/m/03h_0_z	/music/artist/album	/m/02rf1y
/m/04lp8k	/film/actor/film./film/performance/film	/m/02lgj6
/m/054187	/tv/tv_writer/episodes_written	/m/0symg
/m/07kjk7c	/award/award_category/nominees./award/award_nomination/nominated_for	/m/0jm6n
/m/0g_bh	/government/governmental_body/members./government/government_position_held/office_holder	/m/02mh2j
/m/03np63f	/government/governmental_body/members./government/government_position_held/office_holder	/m/08gngx
/m/07t58	/government/governmental_body/members./government/government_position_held/office_holder	/m/0l6wj
/m/01f6zc	/government/governmental_body/members./government/government_position_held/office_holder	/m/08tnpj
/m/01k56k	/government/governmental_body/members./government/government_position_held/office_holder	/m/01rcm2
/m/046m59	/government/governmental_body/members./government/government_position_held/office_holder	/m/035vw8
/m/0kc6x	/government/governmental_body/members./government/government_position_held/office_holder	/m/0cxf70
/m/06t61y	/government/governmental_body/members./government/government_position_held/office_holder	/m/0bbcdf
/m/024mxd	/government/governmental_body/members./government/government_position_held/office_holder	/m/0cwlyd
/m/07t58	/government/governmental_body/members./government/government_position_held/office_holder	/m/01vw26l
/m/07tk7	/education/educational_institution/students_graduates./education/education/student	/m/06rnl9
/m/07tk7	/education/educational_institution/students_graduates./education/education/student	/m/05drr9
/m/07tk7	/education/educational_institution/students_graduates./education/education/student	/m/05cljf
/m/07tk7	/education/educational_institution/students_graduates./education/education/student	/m/01ldw4
/m/03q_w5	/media_common/adaptation/adapted_from	/m/01t42l
/m/0cfdd	/music/instrument/instrumentalists	/m/03cm759
/m/01mvpv	/film/film/music	/m/01l74dl
/m/0gjv_	/education/educational_institution/students_graduates./education/education/student	/m/0152cw
/m/0gjv_	/education/educational_institution/students_graduates./education/education/student	/m/02jxkw
/m/0gjv_	/education/educational_institution/students_graduates./education/education/student	/m/0fg_hg
/m/07l5z	/education/field_of_study/students_majoring./education/education/student	/m/07mnx
/m/0h5k	/education/field_of_study/students_majoring./education/education/student	/m/04bdlg
/m/0yldt	/education/educational_institution/students_graduates./education/education/student	/m/0kvnn
/m/01y20v	/education/educational_institution/students_graduates./education/education/student	/m/0c37gbj
/m/03vyw8	/award/award_nominee/award_nominations./award/award_nomination/nominated_for	/m/0g_qq_
/m/06n7h7	/people/person/spouse_s./people/marriage/location_of_ceremony	/m/01g45x
/m/01cwhp	/music/artist/album	/m/03bzyn4
/m/02dlh2	/music/performance_role/regular_performances./music/group_membership/group	/m/01yc02
/m/01f5q5	/music/performance_role/track_performances./music/track_contribution/role	/m/07s7gc2
/m/066wd	/music/performance_role/track_performances./music/track_contribution/contributor	/m/01qqxfm
/m/02k856	/film/producer/film	/m/0glrjbp
/m/02_fj	/book/author/works_written	/m/07vms7
/m/05k7sb	/location/location/contains	/m/03qh03g
/m/01gbcf	/location/location/contains	/m/04f2tn9
/m/04xm_	/location/location/contains	/m/0gtrg
/m/05k7sb	/location/location/contains	/m/030vmc
/m/05vzw3	/award/award_winner/awards_won./award/award_honor/award	/m/0chghy
/m/026ssfj	/award/award_winner/awards_won./award/award_honor/honored_for	/m/0n4blqr
/m/018qql	/film/producer/films_executive_produced	/m/0n4blqr
/m/01hrqc	/film/actor/film./film/performance/film	/m/0n4blqr
/m/06lvlf	/award/award_nominee/award_nominations./award/award_nomination/nominated_for	/m/05wm88
/m/054k_8	/award/award_nominee/award_nominations./award/award_nomination/award	/m/06w6tv2
/m/07ss8_	/award/award_nominee/award_nominations./award/award_nomination/award	/m/01w2lw
/m/07ss8_	/award/award_winner/awards_won./award/award_honor/award	/m/057xkj_
/m/07ss8_	/award/award_nominee/award_nominations./award/award_nomination/nominated_for	/m/05tk7y
/m/0dp7wt	/film/actor/film./film/performance/film	/m/04f285v
/m/01h5f8	/film/producer/films_executive_produced	/m/04f285v
/m/081k8	/film/film_story_contributor/film_story_credits	/m/0kcw2
/m/09n4nb	/award/award_ceremony/awards_presented./award/award_honor/award	/m/027c95y
/m/0__wm	/location/location/contains	/m/04g2jz2
/m/0d5fb	/education/educational_institution/students_graduates./education/education/student	/m/0150t6
/m/0d5fb	/education/educational_institution/students_graduates./education/education/student	/m/011zf2
/m/0d_rw	/media_common/adapted_work/adaptations	/m/0bkq7
/m/0b13g7	/people/person/ethnicity	/m/0bzkm2
/m/0kq1l	/location/location/contains	/m/09rntd
/m/01y9st	/education/educational_institution/students_graduates./education/education/student	/m/0h5m7c
/m/01z_jj	/education/educational_institution/students_graduates./education/education/student	/m/03cw433
/m/0yls9	/education/educational_institution/students_graduates./education/education/student	/m/01l03w2
/m/0yls9	/education/educational_institution/students_graduates./education/education/student	/m/02cqbx
/m/0125xq	/award/award_winning_work/awards_won./award/award_honor/award_winner	/m/057d89
/m/0125xq	/award/award_nominated_work/award_nominations./award/award_nomination/award_nominee	/m/0k_q_
/m/01f99l	/medicine/disease/treatments	/m/01kcsd
/m/016srn	/award/award_nominee/award_nominations./award/award_nomination/award_nominee	/m/01bdhf
/m/01gglm	/film/film/starring./film/performance/actor	/m/09v4bym
/m/07xhy	/aviation/aircraft_owner/aircraft_fleet_composition./aviation/aircraft_ownership_count/aircraft_model	/m/03gwxb
/m/01zh3_	/education/educational_institution/students_graduates./education/education/student	/m/0gkg6
/m/052vwh	/time/time_zone/locations_in_this_time_zone	/m/0xsnh
/m/02llzg	/time/time_zone/locations_in_this_time_zone	/m/0v2qg
/m/02hcv8	/time/time_zone/locations_in_this_time_zone	/m/0kpys
/m/02hcv8	/time/time_zone/locations_in_this_time_zone	/m/01213c
/m/02lcqs	/time/time_zone/locations_in_this_time_zone	/m/02848ym
/m/02hcv8	/time/time_zone/locations_in_this_time_zone	/m/0jcx1
/m/02hcv8	/time/time_zone/locations_in_this_time_zone	/m/0ymdn
/m/02hcv8	/time/time_zone/locations_in_this_time_zone	/m/014xf6
/m/02hcv8	/time/time_zone/locations_in_this_time_zone	/m/071g6
/m/02hcv8	/time/time_zone/locations_in_this_time_zone	/m/02f46y
/m/02hcv8	/time/time_zone/locations_in_this_time_zone	/m/03xpx0
/m/02hcv8	/time/time_zone/locations_in_this_time_zone	/m/0p1l2
/m/02hcv8	/time/time_zone/locations_in_this_time_zone	/m/015g7
/m/02hcv8	/time/time_zone/locations_in_this_time_zone	/m/01trxd
/m/02fp82	/media_common/netflix_genre/titles	/m/07l4y80
/m/02pdhz	/organization/organization/child./organization/organization_relationship/child	/m/06qc32
/m/04v7kt	/film/actor/film./film/performance/film	/m/0168ql
/m/04v7kt	/award/award_nominee/award_nominations./award/award_nomination/nominated_for	/m/03czqs
/m/0hh2s	/award/award_winner/awards_won./award/award_honor/honored_for	/m/04f285v
/m/058j2	/comic_books/comic_book_publisher/comic_book_series_published	/m/048rn
/m/03d9wk	/base/eating/diets/people_who_follow_this_diet	/m/017fl5
/m/083pr	/people/appointer/appointment_made./people/appointment/appointee	/m/06cc_1
/m/09zcbg	/music/record_label/artist	/m/01pnn3
/m/0bm4j	/location/location/events	/m/02zsn
/m/03x6rj	/people/ethnicity/people	/m/0dss88
/m/0d7wh	/people/ethnicity/people	/m/0bxjpy
/m/05pyrb	/people/ethnicity/people	/m/03x_p13
/m/0d7wh	/people/ethnicity/people	/m/015fsv
/m/0g0vx	/people/profession/people_with_this_profession	/m/04l19_
/m/012mzw	/people/profession/people_with_this_profession	/m/06zll8p
/m/0pkyh	/people/profession/people_with_this_profession	/m/0cglgw
/m/0gls4q_	/tv/tv_writer/episodes_written	/m/0f14q
/m/01505k	/location/location/contains	/m/09l1mf
/m/01wk7ql	/people/profession/people_with_this_profession	/m/02xsz7
/m/014jyk	/music/record_label/artist	/m/01p_76k
/m/01q7q2	/education/educational_institution/students_graduates./education/education/student	/m/03hbzj
/m/01q7q2	/education/educational_institution/students_graduates./education/education/student	/m/0djtky
/m/01rrwf6	/tv/tv_actor/starring_roles./tv/regular_tv_appearance/series	/m/09xzd
/m/01v3vp	/film/actor/film./film/performance/film	/m/024cg8
/m/068gn	/award/award_nominee/award_nominations./award/award_nomination/award	/m/06w6tv2
/m/0536sd	/award/award_nominee/award_nominations./award/award_nomination/award_nominee	/m/043qb46
/m/016hjr	/award/award_nominee/award_nominations./award/award_nomination/nominated_for	/m/03cqqf1
/m/024sbq	/music/genre/artists	/m/07n39
/m/05h95s	/location/location/contains	/m/02hp2t
/m/01ygr_	/aviation/aircraft_owner/aircraft_fleet_composition./aviation/aircraft_ownership_count/aircraft_model	/m/02ng46
/m/06dqt	/military/armed_force/personnel./military/military_service/military_person	/m/08959
/m/06dqt	/military/armed_force/personnel./military/military_service/military_person	/m/015xp4
/m/012gyf	/military/armed_force/personnel./military/military_service/military_person	/m/04dx40
/m/0ljl8	/education/educational_institution/students_graduates./education/education/student	/m/066wfx
/m/09d5h	/tv/tv_network/programs./tv/tv_network_duration/program	/m/019mcm
/m/04_m9gk	/tv/tv_network/programs./tv/tv_network_duration/program	/m/0542ff
/m/09d5h	/tv/tv_network/programs./tv/tv_network_duration/program	/m/035qgm
/m/09d5h	/tv/tv_network/programs./tv/tv_network_duration/program	/m/0479b
/m/09d5h	/tv/tv_network/programs./tv/tv_network_duration/program	/m/0hh2s
/m/09d5h	/tv/tv_network/programs./tv/tv_network_duration/program	/m/0bkv0
/m/078sj4	/tv/tv_network/programs./tv/tv_network_duration/program	/m/05sfkc
/m/0g54xkt	/tv/tv_network/programs./tv/tv_network_duration/program	/m/0834fg
/m/037bm2	/film/film_distributor/films_distributed./film/film_film_distributor_relationship/film	/m/07shxhw
/m/0cqt41	/sports/sports_team/roster./sports/sports_team_roster/player	/m/0cwtm
/m/0k8y7	/location/location/contains	/m/04130p
/m/0dx97	/architecture/architect/structures_designed	/m/02cft
/m/0g8_vp	/people/ethnicity/people	/m/05r3qc
/m/03y0pn	/film/film/other_crew./film/film_crew_gig/crewmember	/m/09883c2
/m/0x0w	/people/family_member/family	/m/096jr0
/m/01pn0r	/people/profession/people_with_this_profession	/m/02p4l6s
/m/01yvvn	/baseball/baseball_position/players	/m/073w14
/m/01zpmq	/organization/organization/board_members./organization/organization_board_membership/member	/m/01vng3b
/m/01l_yg	/music/musical_group/member./music/group_membership/member	/m/01w5hdv
/m/03zv9	/education/educational_institution/students_graduates./education/education/student	/m/0bx8nz
/m/02b1ng	/film/producer/film	/m/04j07pc
/m/04zx08r	/award/award_category/nominees./award/award_nomination/award_nominee	/m/01q_y0
/m/03kmyy	/award/award_category/winners./award/award_honor/award_winner	/m/02sbwl
/m/036hnm	/education/educational_institution/students_graduates./education/education/specialization	/m/02cm1
/m/01swdw	/education/educational_institution/students_graduates./education/education/student	/m/04g01lp
/m/09ctj	/location/location/contains	/m/0880p
/m/01f1ps	/location/location/events	/m/05pxwh9
/m/02gl58	/tv/tv_program/regular_cast./tv/regular_tv_appearance/character	/m/09g6v3n
/m/0lzp	/location/location/contains	/m/02zy1z
/m/07twz	/travel/travel_destination/tourist_attractions	/m/0y4n43t
/m/0ymgk	/education/educational_institution/students_graduates./education/education/student	/m/02vy5j
/m/0190vc	/education/educational_institution/students_graduates./education/education/student	/m/0fg2r1
/m/018sg9	/education/educational_institution/students_graduates./education/education/student	/m/0c4y8
/m/01c0h6	/location/location/contains	/m/04sry
/m/027kp3	/education/educational_institution/students_graduates./education/education/student	/m/0ch46pn
/m/01v9724	/people/person/employment_history./business/employment_tenure/company	/m/0ndwt2w
/m/01v9724	/influence/influence_node/influenced	/m/0f_j1
/m/01v9724	/book/author/works_written	/m/07s3vqk
/m/093dqjy	/award/award_winner/awards_won./award/award_honor/award	/m/03r67k
/m/04hqbbz	/award/award_nominee/award_nominations./award/award_nomination/award	/m/03r67k
/m/01wqmm8	/music/artist/label	/m/08z129
/m/01wqmm8	/award/award_nominee/award_nominations./award/award_nomination/award	/m/0r89d
/m/024l2y	/award/award_nominated_work/award_nominations./award/award_nomination/award_nominee	/m/04_xr8
/m/024l2y	/award/award_winning_work/awards_won./award/award_honor/award_winner	/m/045gzq
/m/03lrls	/film/film/other_crew./film/film_crew_gig/crewmember	/m/09883c2
/m/02w9s	/location/location/contains	/m/030x48
/m/03fpg	/tv/tv_genre/programs	/m/03xk1_
/m/07jqh	/tv/tv_genre/programs	/m/04q25kd
/m/0r_ch	/tv/tv_genre/programs	/m/04yf308
/m/03fpg	/tv/tv_genre/programs	/m/04qsdh
/m/014_lq	/tv/tv_genre/programs	/m/06l42v
/m/02r4qs	/tv/tv_genre/programs	/m/0tkf74t
/m/0l14gg	/tv/tv_genre/programs	/m/04ydyrt
/m/01fjz9	/film/actor/film./film/performance/film	/m/02qyync
/m/03ryn	/location/location/contains	/m/0y2dl
/m/07tds	/education/educational_institution/students_graduates./education/education/student	/m/01r9c_
/m/07tds	/education/educational_institution/students_graduates./education/education/student	/m/05qzv
/m/04ld32	/education/educational_institution/students_graduates./education/education/student	/m/02qx81g
/m/01fpdh	/education/educational_institution/students_graduates./education/education/student	/m/01vgtv
/m/07tds	/education/educational_institution/students_graduates./education/education/student	/m/09v6gc9
/m/03902	/location/location/nearby_airports	/m/05ny42
/m/0jkhr	/education/educational_institution/students_graduates./education/education/student	/m/02cm2m
/m/0cpz4k	/location/location/contains	/m/06f6m7
/m/03115z	/location/location/contains	/m/02x4ln2
/m/0lzcs	/people/person/children	/m/0126y2
/m/02p5hf	/people/ethnicity/people	/m/0563b3
/m/01336l	/people/ethnicity/people	/m/01c6rd
/m/02rv1w	/education/educational_institution/students_graduates./education/education/student	/m/06p768
/m/01jb26	/tv/tv_personality/tv_regular_appearances./tv/tv_regular_personal_appearance/program	/m/01pj48
/m/01lhy	/book/book_subject/works	/m/01738f
/m/01lhy	/book/book_subject/works	/m/01cf93
/m/03qhnx	/book/book_subject/works	/m/0n_gw
/m/01lhy	/book/book_subject/works	/m/0dcsx
/m/096lf_	/book/book_subject/works	/m/04t1gfy
/m/0215hd	/film/film_job/films_with_this_crew_job./film/film_crew_gig/film	/m/0f1k__
/m/0215hd	/film/film_job/films_with_this_crew_job./film/film_crew_gig/film	/m/02qvdc
/m/0ms1n	/film/film_job/films_with_this_crew_job./film/film_crew_gig/film	/m/0cl19v
/m/023cjg	/film/film/starring./film/performance/actor	/m/0lgw7
/m/03bpn6	/film/actor/film./film/performance/film	/m/0fr_v
/m/042z45	/business/industry/companies	/m/0jyd9pf
/m/04h4zx	/people/profession/people_with_this_profession	/m/026fnxt
/m/0h1sg	/award/award_category/nominees./award/award_nomination/nominated_for	/m/0309c5
/m/01vqc7	/award/award_category/winners./award/award_honor/honored_for	/m/0309c5
/m/02r5qtm	/people/ethnicity/people	/m/0dtf6
/m/078bz	/education/educational_institution/students_graduates./education/education/student	/m/09pl3s
/m/06dqt	/education/educational_institution/students_graduates./education/education/student	/m/02sr6mm
/m/07vjm	/education/educational_institution/students_graduates./education/education/student	/m/09rwq9r
/m/078bz	/education/educational_institution/students_graduates./education/education/student	/m/04shbh
/m/092bf5	/religion/religion/places_of_worship	/m/029kpy
/m/09hd6f	/religion/religion/practices	/m/012wr8
/m/0gsgr	/religion/religion/places_of_worship	/m/0c9888
/m/02nbqh	/tv/tv_genre/programs	/m/06_f3c
/m/09lmb	/tv/tv_genre/programs	/m/02yw1c
/m/09lmb	/tv/tv_genre/programs	/m/0320fn
/m/03l7qs	/tv/tv_genre/programs	/m/0bmcxcn
/m/02bm1v	/tv/tv_genre/programs	/m/0kc0h_0
/m/06m61	/tv/tv_genre/programs	/m/02vvtq
/m/029jpy	/tv/tv_genre/programs	/m/0cgk__
/m/06nns1	/tv/tv_genre/programs	/m/0tkf74t
/m/09lmb	/tv/tv_genre/programs	/m/0_kq3
/m/09lmb	/tv/tv_genre/programs	/m/01_3rn
/m/09lmb	/tv/tv_genre/programs	/m/0_jws
/m/02nczh	/tv/tv_genre/programs	/m/02pp3b2
/m/059_gf	/people/cause_of_death/people	/m/05ql6h
/m/02x4wb	/people/cause_of_death/people	/m/03ndvj
/m/0cb1ky	/film/actor/film./film/performance/film	/m/05sy0cv
/m/0m25p	/location/location/contains	/m/03ykzv
/m/037lyl	/location/location/contains	/m/0bbz7w
/m/0djtky	/tv/tv_actor/guest_roles./tv/tv_guest_role/episodes_appeared_in	/m/02lfcm
/m/0g28b1	/tv/tv_writer/episodes_written	/m/06lc85
/m/0kyk	/people/profession/people_with_this_profession	/m/01njxvw
/m/02q87z6	/people/profession/people_with_this_profession	/m/02mlbw
/m/01hnp	/people/profession/people_with_this_profession	/m/026q808
/m/05g49	/people/profession/people_with_this_profession	/m/04b3ym
/m/061y4q	/people/profession/people_with_this_profession	/m/07jz57
/m/04z1v0	/people/profession/people_with_this_profession	/m/02q39fc
/m/0kyk	/people/profession/people_with_this_profession	/m/0n23n
/m/0kyk	/people/profession/people_with_this_profession	/m/08cx5g
/m/011v3	/people/profession/people_with_this_profession	/m/09rxpkt
/m/01nqj	/people/profession/people_with_this_profession	/m/0llf9
/m/0kyk	/people/profession/people_with_this_profession	/m/07s5fz
/m/06v8s0	/people/profession/people_with_this_profession	/m/02sbwl
/m/0kyk	/people/profession/people_with_this_profession	/m/0dtw1x
/m/0kyk	/people/profession/people_with_this_profession	/m/06l3bl
/m/0kyk	/people/profession/people_with_this_profession	/m/04zwjd
/m/0kyk	/people/profession/people_with_this_profession	/m/0wqwj
/m/0c0ygc	/people/profession/people_with_this_profession	/m/03pp8_
/m/0sxdg	/people/profession/people_with_this_profession	/m/065_11_
/m/0mzvm	/people/profession/people_with_this_profession	/m/0gfc_1j
/m/0kyk	/people/profession/people_with_this_profession	/m/01mxzw
/m/0wqwj	/people/profession/people_with_this_profession	/m/026zhxp
/m/0gx1l	/people/profession/people_with_this_profession	/m/05x63pp
/m/074qgb	/people/profession/people_with_this_profession	/m/0748lz
/m/0kyk	/people/profession/people_with_this_profession	/m/090gk3
/m/0sngf	/people/profession/people_with_this_profession	/m/02rrxbn
/m/01wl38s	/people/profession/people_with_this_profession	/m/01l68n5
/m/01_sz1	/people/profession/people_with_this_profession	/m/03hks9g
/m/03lgg	/people/profession/people_with_this_profession	/m/05wb3ct
/m/06ybb1	/people/profession/people_with_this_profession	/m/0ffcvk
/m/0283xx2	/people/profession/people_with_this_profession	/m/02j6cs
/m/0kyk	/people/profession/people_with_this_profession	/m/0134s5
/m/03cbtlj	/people/profession/people_with_this_profession	/m/04dqx
/m/0kyk	/people/profession/people_with_this_profession	/m/0178_w
/m/0kyk	/people/profession/people_with_this_profession	/m/091yn0
/m/0kyk	/people/profession/people_with_this_profession	/m/0kryqm
/m/01r6jt2	/award/award_nominee/award_nominations./award/award_nomination/nominated_for	/m/0fp_xp
/m/0806vbn	/award/award_winner/awards_won./award/award_honor/honored_for	/m/060hqq
/m/0fkzq	/government/government_office_category/officeholders./government/government_position_held/office_holder	/m/04lkvc
/m/01vlj1g	/tv/tv_actor/starring_roles./tv/regular_tv_appearance/series	/m/0300m_
/m/01z56h	/award/award_nominee/award_nominations./award/award_nomination/award	/m/06w6tv2
/m/0l6qt	/film/director/film	/m/0d277t
/m/02g5bf	/film/writer/film	/m/0dng4
/m/02g5bf	/film/editor/film	/m/0m8vm
/m/02g5bf	/award/award_winner/awards_won./award/award_honor/honored_for	/m/048lv
/m/039cq4	/tv/tv_program/seasons	/m/0crqcc
/m/039cq4	/tv/tv_program/seasons	/m/04v7kt
/m/039cq4	/media_common/netflix_genre/titles	/m/02zsn
/m/03g52k	/sports/sports_team/roster./sports/sports_team_roster/player	/m/01mvth
/m/04257b	/sports/sports_team/location	/m/09bjv
/m/05qg6g	/film/actor/film./film/performance/film	/m/03h0byn
/m/02m30v	/tv/tv_actor/starring_roles./tv/regular_tv_appearance/series	/m/0834fg
/m/01sdzg	/location/location/contains	/m/02y4m9
/m/09d4_	/travel/travel_destination/tourist_attractions	/m/01t8sr
/m/0bynt	/olympics/olympic_sport/athletes./olympics/olympic_athlete_affiliation/athlete	/m/01cspq
/m/0bynt	/olympics/olympic_sport/athletes./olympics/olympic_athlete_affiliation/athlete	/m/0c11mj
/m/0bynt	/olympics/olympic_sport/athletes./olympics/olympic_athlete_affiliation/athlete	/m/01lct6
/m/0bynt	/olympics/olympic_sport/athletes./olympics/olympic_athlete_affiliation/athlete	/m/026lyl4
/m/035d1m	/olympics/olympic_sport/athletes./olympics/olympic_athlete_affiliation/athlete	/m/0b77xnb
/m/026m3y	/music/genre/artists	/m/0dgpzr2
/m/017r13	/music/genre/artists	/m/0j2ql1p
/m/0tz1j	/music/genre/artists	/m/03cfmng
/m/016cjb	/music/genre/artists	/m/09n5b9
/m/016cjb	/music/genre/artists	/m/01wb7
/m/019z7b	/business/industry/companies	/m/03q6zc
/m/0hz28	/organization/organization_type/organizations_of_this_type	/m/0b6f4ct
/m/02ny6g	/tv/tv_program/episodes	/m/06yw5x2
/m/01jt2w	/education/educational_institution/students_graduates./education/education/student	/m/01w3lzq
/m/01jt2w	/education/educational_institution/students_graduates./education/education/student	/m/03pmzt
/m/0621cs	/business/employer/employees./business/employment_tenure/person	/m/06cbzt
/m/07fpm3	/music/artist/album	/m/03jg2_6
/m/01w58n3	/award/award_nominee/award_nominations./award/award_nomination/nominated_for	/m/0b_6jz
/m/024_dt	/award/award_winner/awards_won./award/award_honor/honored_for	/m/03jg2_6
/m/03z20c	/location/location/contains	/m/05qxlc
/m/01z215	/organization/organization_scope/organizations_with_this_scope	/m/0gy3w
/m/017z49	/film/actor/film./film/performance/film	/m/09glbk
/m/021s9n	/education/educational_institution/students_graduates./education/education/student	/m/05vzql
/m/02qw1zx	/film/actor/film./film/performance/film	/m/0fttwt
/m/04gb7	/business/industry/companies	/m/039d4
/m/04rlf	/film/film_genre/films_in_this_genre	/m/03zv3n
/m/04rlf	/film/film_genre/films_in_this_genre	/m/038723
/m/04rlf	/education/field_of_study/students_majoring./education/education/student	/m/08cn_n
/m/0h5j77	/business/industry/companies	/m/0b77kl8
/m/04rlf	/business/industry/companies	/m/021l5s
/m/04rlf	/film/film_genre/films_in_this_genre	/m/05b0f7
/m/07wdw	/broadcast/genre/content	/m/03d49mb
/m/04ggbrk	/film/film_genre/films_in_this_genre	/m/063_q1y
/m/05c74	/location/location/contains	/m/0180mw
/m/04v7k2	/location/location/contains	/m/0d6h00
/m/01znc_	/film/film_subject/films	/m/02r8dcj
/m/09swkk	/award/award_nominee/award_nominations./award/award_nomination/award_nominee	/m/01wbz9
/m/09wv__	/education/educational_institution/students_graduates./education/education/student	/m/01pgk0
/m/01rwbd	/location/location/contains	/m/03m1n4
/m/03khn	/book/book_subject/works	/m/03d12lx
/m/04kllm9	/book/book_subject/works	/m/03hjdx9
/m/0fttg	/location/location/contains	/m/02xhpl
/m/09xp_	/sports/sport/teams	/m/026l_1z
/m/0bynt	/sports/sport/officials	/m/0d34bj
/m/0l8z1	/award/award_category/nominees./award/award_nomination/nominated_for	/m/0qjfl
/m/0l8z1	/award/award_category/nominees./award/award_nomination/nominated_for	/m/0dgw9r
/m/0rvty	/award/award_category/nominees./award/award_nomination/nominated_for	/m/03c6q4
/m/014tss	/military/military_combatant/military_conflicts./military/military_combatant_group/conflict	/m/0nrnz
/m/01rs41	/education/school_category/schools_of_this_kind	/m/01c0cc
/m/01rs41	/education/school_category/schools_of_this_kind	/m/031rq5
/m/01rs41	/education/school_category/schools_of_this_kind	/m/02tz9z
/m/01rs41	/education/school_category/schools_of_this_kind	/m/015fsv
/m/0kcc7	/education/school_category/schools_of_this_kind	/m/027jpgx
/m/01rs41	/education/school_category/schools_of_this_kind	/m/01ddbl
/m/014xf6	/education/school_category/schools_of_this_kind	/m/042jv9
/m/01vtmw6	/organization/organization_sector/organizations_in_this_sector	/m/061hsy
/m/027r0_f	/film/actor/film./film/performance/film	/m/01wt4wc
/m/06wvj	/music/performance_role/track_performances./music/track_contribution/contributor	/m/0164fj
/m/01hww_	/music/instrument/instrumentalists	/m/0164fj
/m/025spv	/cvg/cvg_genre/games	/m/064k5vk
/m/02x9hs	/cvg/cvg_genre/games	/m/025vn5m
/m/02x9hs	/cvg/cvg_genre/games	/m/025vn5m
/m/0bynt	/cvg/cvg_genre/games	/m/04z_8t7
/m/02x9hs	/cvg/cvg_genre/games	/m/06ztwyd
/m/02hygl	/cvg/cvg_genre/games	/m/027j8mv
/m/02x9hs	/cvg/cvg_genre/games	/m/025vn5m
/m/02x9hs	/cvg/cvg_genre/games	/m/06506j
/m/08132w	/business/employer/employees./business/employment_tenure/person	/m/0272r9x
/m/03z19	/education/educational_institution/students_graduates./education/education/student	/m/0dtf6
/m/01cssf	/location/location/contains	/m/02hp2t
/m/016cjb	/award/award/category	/m/03r67k
/m/0cfdd	/music/instrument/instrumentalists	/m/028mc6
/m/05m883	/music/performance_role/track_performances./music/track_contribution/contributor	/m/0c0dj_
/m/059yj	/education/educational_institution/students_graduates./education/education/student	/m/0dc91f
/m/02hfk5	/location/location/contains	/m/02ddx2
/m/0jgx	/location/location/contains	/m/03xn3s2
/m/0jgx	/location/location/contains	/m/041c4
/m/03hrz	/location/country/administrative_divisions	/m/02ddx2
/m/0jgx	/base/aareas/schema/administrative_area/administrative_children	/m/09lxtg
/m/01m24m	/location/country/official_language	/m/0xrg
/m/0jgx	/location/location/contains	/m/0sx7r
/m/0l2q3	/location/location/contains	/m/014nvr
/m/0sx5w	/location/location/contains	/m/054v_r
/m/0163kf	/tv/tv_actor/guest_roles./tv/tv_guest_role/episodes_appeared_in	/m/02j71
/m/027752	/education/educational_institution/students_graduates./education/education/student	/m/02z6gl8
/m/019fz	/symbols/name_source/namesakes	/m/04z0g
/m/01yz0x	/award/award_category/nominees./award/award_nomination/nominated_for	/m/0f5mdz
/m/01yz0x	/award/award_category/winners./award/award_honor/honored_for	/m/06xj93
/m/02r6mf	/music/genre/artists	/m/0b_j2
/m/055z7	/cvg/cvg_publisher/games_published	/m/042n6b
/m/02wbnv	/cvg/cvg_developer/games_developed	/m/09rdns
/m/02y0js	/people/cause_of_death/people	/m/01f07x
/m/0124jj	/fictional_universe/character_gender/characters_of_this_gender	/m/0gswz3
/m/0kwv2	/fictional_universe/character_gender/characters_of_this_gender	/m/0416mzy
/m/01sl1q	/medicine/risk_factor/diseases	/m/081dp
/m/04ych	/medicine/risk_factor/diseases	/m/02jrl1
/m/02zsn	/fictional_universe/character_gender/characters_of_this_gender	/m/0d0vj4
/m/02zsn	/fictional_universe/character_gender/characters_of_this_gender	/m/06cmd2
/m/01trxd	/fictional_universe/character_gender/characters_of_this_gender	/m/06lwtn
/m/02y_9cf	/fictional_universe/character_gender/characters_of_this_gender	/m/034qgf
/m/0ws0h	/fictional_universe/character_gender/characters_of_this_gender	/m/06m0b
/m/02zsn	/fictional_universe/character_gender/characters_of_this_gender	/m/07s8r0
/m/02zsn	/fictional_universe/character_gender/characters_of_this_gender	/m/0n048
/m/02zsn	/fictional_universe/character_gender/characters_of_this_gender	/m/03l26m
/m/01kjr0	/fictional_universe/character_gender/characters_of_this_gender	/m/07mpf09
/m/0fx80y	/film/film/starring./film/performance/actor	/m/03ql50z
/m/01mvpv	/people/profession/people_with_this_profession	/m/02vlsz0
/m/07nqn	/people/profession/people_with_this_profession	/m/01tsg4r
/m/02h8hr	/people/profession/people_with_this_profession	/m/01vsrsz
/m/03czrpj	/people/profession/people_with_this_profession	/m/089bh2
/m/02jr26	/people/profession/people_with_this_profession	/m/01p3c3_
/m/039v1	/people/profession/people_with_this_profession	/m/06hzq3
/m/01t94_1	/people/profession/people_with_this_profession	/m/01l74dl
/m/018gm9	/people/profession/people_with_this_profession	/m/017fl5
/m/063vn	/government/political_appointer/appointees./government/government_position_held/office_position_or_title	/m/01zyyv
/m/0k8z	/computer/software_developer/software	/m/07b_df
/m/03sc8	/business/employer/employees./business/employment_tenure/person	/m/013pk3
/m/0150n	/people/cause_of_death/people	/m/05q43nj
/m/05m883	/people/cause_of_death/people	/m/04xvqy
/m/04p3w	/people/cause_of_death/people	/m/05zrn
/m/04p3w	/people/cause_of_death/people	/m/04bcb1
/m/05xls	/people/profession/people_with_this_profession	/m/018yv3
/m/03rx9	/people/profession/people_with_this_profession	/m/02z8k95
/m/04bdlg	/music/genre/artists	/m/01jqyd_
/m/08z0wx	/music/genre/artists	/m/0l15f_
/m/0hjy	/location/location/contains	/m/0125ny
/m/01wqpnm	/location/location/contains	/m/035g2r
/m/010tkc	/film/film_location/featured_in_films	/m/0822j
/m/0bgv8y	/baseball/baseball_position/players	/m/03z0jf
/m/05fyy5	/baseball/baseball_position/players	/m/0fqmncp
/m/01sdzg	/baseball/baseball_position/players	/m/01xyt7
/m/01sdzg	/baseball/baseball_position/players	/m/015c1b
/m/02dtg	/location/location/contains	/m/012v9y
/m/01mylz	/location/location/contains	/m/07wbft
/m/02dtg	/location/place_with_neighborhoods/neighborhoods	/m/01nyl
/m/02gf_l	/tv/tv_actor/starring_roles./tv/regular_tv_appearance/series	/m/03xsby
/m/02qbjm	/tv/tv_network/programs./tv/tv_network_duration/program	/m/015npr
/m/02t8gf	/music/genre/artists	/m/05hmp6
/m/01h4t2	/music/genre/artists	/m/0ds5qdp
/m/0fq9zdv	/sports/sports_team/league./sports/sports_league_participation/league	/m/01lj46
/m/03d8m4	/soccer/football_team/league./soccer/football_league_participation/league	/m/0h_dz1k
/m/02__34	/sports/sports_team/roster./sports/sports_team_roster/player	/m/0f1kf6
/m/0r4qq	/award/award_category/nominees./award/award_nomination/nominated_for	/m/03c6q4
/m/02gdjb	/award/award_category/nominees./award/award_nomination/nominated_for	/m/0p_ss
/m/054krc	/award/award_category/nominees./award/award_nomination/award_nominee	/m/0pv2t
/m/070zc	/location/location/contains	/m/016fyc
/m/0b1y_2	/film/film/starring./film/performance/actor	/m/078mgh
/m/0c8tk	/location/location/contains	/m/04_133
/m/0g_wn2	/travel/travel_destination/tourist_attractions	/m/01c65z
/m/0mdxd	/film/film_genre/films_in_this_genre	/m/04z257
/m/011kn2	/business/employer/employees./business/employment_tenure/person	/m/0c5vh
/m/015cjr	/people/profession/people_with_this_profession	/m/0190yn
/m/0cfhfz	/people/profession/people_with_this_profession	/m/0d8qrb
/m/015cjr	/people/profession/people_with_this_profession	/m/04mx__
/m/015cjr	/people/profession/people_with_this_profession	/m/0swlx
/m/015cjr	/people/profession/people_with_this_profession	/m/02w6bq
/m/06s6l	/people/profession/people_with_this_profession	/m/0b7lkg
/m/015cjr	/people/profession/people_with_this_profession	/m/02sdx
/m/015cjr	/people/profession/people_with_this_profession	/m/0mtl5
/m/01wyzyl	/location/location/contains	/m/0b0s_n
/m/02r3zy	/award/award_nominee/award_nominations./award/award_nomination/award	/m/0125xq
/m/0kbvb	/business/employer/employees./business/employment_tenure/person	/m/02_6z0c
/m/04jpl	/people/place_of_interment/interred_here	/m/0432b
/m/04jpl	/travel/travel_destination/tourist_attractions	/m/02975m
/m/04jpl	/film/film_location/featured_in_films	/m/07y07
/m/04jpl	/location/location/events	/m/04gf49c
/m/05gz5	/location/location/contains	/m/02zv7n
/m/04tr1	/location/location/partially_contains	/m/0mvsg
/m/0dclg	/location/location/events	/m/01hkck
/m/01sjmd	/location/location/contains	/m/079r3c
/m/06dr9	/location/location/contains	/m/03qcv0h
/m/0j0k	/book/book_subject/works	/m/07ymr5
/m/0j0k	/location/location/contains	/m/0mbw0
/m/01mwsnc	/location/location/contains	/m/0b20wp
/m/0j0k	/location/location/contains	/m/07gknc
/m/02qcr	/award/award_category/nominees./award/award_nomination/award_nominee	/m/04b3ym
/m/0j6j8	/award/award_category/winners./award/award_honor/honored_for	/m/08036w
/m/0kc8y	/tv/tv_network/programs./tv/tv_network_duration/program	/m/0qm98
/m/02r2qt7	/tv/tv_program/episodes	/m/0f_zx1z
/m/02wszf	/baseball/baseball_position/players	/m/026vt9r
/m/01p7x7	/education/educational_institution/students_graduates./education/education/student	/m/01rlxt
/m/01p7x7	/education/educational_institution/students_graduates./education/education/student	/m/01g42
/m/01p7x7	/education/educational_institution/students_graduates./education/education/student	/m/053y0s
/m/027jbr	/award/hall_of_fame/inductees./award/hall_of_fame_induction/inductee	/m/08g5q7
/m/05lb87	/music/artist/album	/m/08ppn5
/m/02csf	/visual_art/visual_art_form/artists	/m/03f0fnk
/m/0k__z	/government/governmental_body/members./government/government_position_held/office_holder	/m/02tn9z
/m/02wypbh	/award/award_category/winners./award/award_honor/honored_for	/m/0fpn8
/m/0m_mm	/government/legislative_session/members./government/government_position_held/district_represented	/m/03gmw0
/m/04lgybj	/government/legislative_session/members./government/government_position_held/office_holder	/m/02mc79
/m/04mn81	/award/award_nominee/award_nominations./award/award_nomination/award	/m/01bkb
/m/0146pg	/book/book_subject/works	/m/012j5w
/m/01m42d0	/film/person_or_entity_appearing_in_film/films./film/personal_film_appearance/film	/m/0j8f2hc
/m/017lvd	/government/political_party/politicians_in_this_party./government/political_party_tenure/politician	/m/063y8j0
/m/07wbk	/government/political_party/politicians_in_this_party./government/political_party_tenure/politician	/m/013tjc
/m/07wbk	/government/political_party/politicians_in_this_party./government/political_party_tenure/politician	/m/05y5fw
/m/013xh7	/government/political_party/politicians_in_this_party./government/political_party_tenure/politician	/m/023v2
/m/07wbk	/government/political_party/politicians_in_this_party./government/political_party_tenure/politician	/m/01vswwx
/m/07wbk	/government/political_party/politicians_in_this_party./government/political_party_tenure/politician	/m/03n52j
/m/04k4l	/government/political_party/politicians_in_this_party./government/political_party_tenure/politician	/m/0gg84x3
/m/0217m9	/government/political_party/politicians_in_this_party./government/political_party_tenure/politician	/m/064pr12
/m/05bjp6	/government/political_party/politicians_in_this_party./government/political_party_tenure/politician	/m/03mf494
/m/01l50r	/government/political_party/politicians_in_this_party./government/political_party_tenure/politician	/m/03y40p4
/m/043fz4	/government/political_party/politicians_in_this_party./government/political_party_tenure/politician	/m/0cz7xz7
/m/02kbtf	/government/political_party/politicians_in_this_party./government/political_party_tenure/politician	/m/04kt31
/m/02bzh0	/government/political_party/politicians_in_this_party./government/political_party_tenure/politician	/m/02x595f
/m/07wbk	/government/political_party/politicians_in_this_party./government/political_party_tenure/politician	/m/03bxh
/m/08z956	/people/profession/people_with_this_profession	/m/04s04
/m/08z956	/people/profession/people_with_this_profession	/m/017yxq
/m/0frq6	/food/food/nutrients./food/nutrition_fact/nutrient	/m/06x3w
/m/0cm2xh	/military/military_conflict/military_personnel_involved	/m/01pcrw
/m/071fb	/military/military_conflict/military_personnel_involved	/m/0dsfc5q
/m/0hmm7	/military/military_conflict/military_personnel_involved	/m/0c9d9y
/m/0bqdvt	/military/military_conflict/military_personnel_involved	/m/07mr99
/m/017_1x	/military/military_conflict/military_personnel_involved	/m/02qxjlr
/m/0cm2xh	/military/military_conflict/military_personnel_involved	/m/051m56
/m/06hwzy	/military/military_conflict/military_personnel_involved	/m/0llf9
/m/0cm2xh	/book/book_subject/works	/m/04czgbh
/m/0cm2xh	/military/military_conflict/military_personnel_involved	/m/015t7v
/m/045hz5	/military/military_conflict/military_personnel_involved	/m/02x3vny
/m/0ddfph	/film/actor/film./film/performance/film	/m/01r0t_j
/m/06t2t	/location/location/events	/m/06n7qg
/m/0gt1k	/time/event/includes_event	/m/0ggbpt_
/m/0gfhg1y	/base/culturalevent/event/entity_involved	/m/02yvhx
/m/09m465	/base/culturalevent/event/entity_involved	/m/02891s6
/m/04t969	/location/location/contains	/m/04gpm3p
/m/0ym20	/education/educational_institution/students_graduates./education/education/student	/m/0bsb4j
/m/0187wh	/tv/tv_network/programs./tv/tv_network_duration/program	/m/05842k
/m/018j2	/music/performance_role/track_performances./music/track_contribution/role	/m/01399x
/m/09v3hq_	/education/educational_institution/students_graduates./education/education/student	/m/0dgqjgc
/m/01hhvg	/education/educational_institution/students_graduates./education/education/student	/m/01sp81
/m/01n6r0	/education/educational_institution/students_graduates./education/education/student	/m/01z7_f
/m/01n6r0	/education/educational_institution/students_graduates./education/education/student	/m/01wf86y
/m/01b3bp	/tv/tv_program/episodes	/m/0by785
/m/027x4ws	/award/award_category/nominees./award/award_nomination/award_nominee	/m/03j149k
/m/04ggh49	/geography/geographical_feature_category/features	/m/0183z2
/m/04qvq0	/music/genre/artists	/m/042s9
/m/06ms6	/education/field_of_study/students_majoring./education/education/student	/m/059_gf
/m/0c33pl	/tv/tv_actor/guest_roles./tv/tv_guest_role/episodes_appeared_in	/m/02rtlp5
/m/02nxhr	/film/film_format/film_format	/m/07l515w
/m/0cj16	/film/film_format/film_format	/m/092c5f
/m/0cj16	/film/film_format/film_format	/m/01fv4z
/m/07fb8_	/film/film_format/film_format	/m/0cl19v
/m/01dc60	/film/film_format/film_format	/m/0c9jj9
/m/0gl88b	/award/award_nominee/award_nominations./award/award_nomination/award_nominee	/m/0707q
/m/0b06q	/award/award_winner/awards_won./award/award_honor/award_winner	/m/0fyjjm
/m/0jfvs	/location/location/contains	/m/0b2km_
/m/0l14md	/music/performance_role/regular_performances./music/group_membership/member	/m/03pnvq
/m/0l14md	/music/performance_role/regular_performances./music/group_membership/group	/m/02pjvc
/m/07c6l	/music/instrument/instrumentalists	/m/03f6jpj
/m/01p9hgt	/music/performance_role/regular_performances./music/group_membership/member	/m/03f6jpj
/m/0l14md	/music/performance_role/regular_performances./music/group_membership/group	/m/04192r
/m/0p7tb	/business/employer/employees./business/employment_tenure/person	/m/02r3cn
/m/01y998	/tv/special_tv_performance_type/starring_performances./tv/regular_tv_appearance/actor	/m/07d3ph
/m/014kbl	/people/profession/people_with_this_profession	/m/09btk
/m/01_x6v	/tv/tv_producer/programs_produced./tv/tv_producer_term/program	/m/01drsx
/m/01_x6v	/fictional_universe/fictional_character_creator/fictional_characters_created	/m/0dng4
/m/01pv51	/basketball/basketball_position/players	/m/01jqr_5
/m/01pv51	/basketball/basketball_position/players	/m/01sg7_
/m/02cttt	/education/educational_institution/students_graduates./education/education/student	/m/01fxfk
/m/02cttt	/education/educational_institution/students_graduates./education/education/student	/m/0678gl
/m/02s58t	/film/actor/film./film/performance/film	/m/02wt_x
/m/0dqmt0	/tv/tv_actor/guest_roles./tv/tv_guest_role/episodes_appeared_in	/m/0gwhsxn
/m/0bxsk	/location/location/contains	/m/06lchx
/m/04ykg	/book/book_subject/works	/m/07yw6t
/m/0py5b	/location/location/contains	/m/02rr66v
/m/04ykg	/location/location/contains	/m/0627zr
/m/04ykg	/location/location/contains	/m/026390q
/m/04ykg	/location/location/contains	/m/0frf6
/m/09jm8	/award/award_nominee/award_nominations./award/award_nomination/award	/m/016clz
/m/09d28z	/location/location/contains	/m/0gv648
/m/0h7pj	/fictional_universe/fictional_character_creator/fictional_characters_created	/m/06m0b
/m/011_vz	/music/artist/album	/m/052hl
/m/0149xx	/music/group_member/membership./music/group_membership/group	/m/02wr2r
/m/015jr	/location/location/contains	/m/03lh3v
/m/015jr	/location/location/contains	/m/022g44
/m/015jr	/location/location/contains	/m/02ryvsw
/m/015jr	/location/location/contains	/m/0d1mp3
/m/015jr	/location/location/contains	/m/0bzjvm
/m/015jr	/location/location/contains	/m/02qdyj
/m/015jr	/location/location/contains	/m/0bl06
/m/015jr	/location/location/contains	/m/0sjqm
/m/015jr	/location/location/contains	/m/03061d
/m/06pwq	/music/genre/artists	/m/01pdghl
/m/0h1q6	/music/genre/artists	/m/03yk6qg
/m/0fn5bx	/film/actor/film./film/performance/film	/m/05v6jy
/m/018grr	/tv/tv_actor/starring_roles./tv/regular_tv_appearance/series	/m/05typm
/m/0275_pj	/location/location/contains	/m/03v6st
/m/055c8	/base/aareas/schema/administrative_area/administrative_children	/m/03v6st
/m/0gyv0b4	/tv/tv_genre/programs	/m/0542ff
/m/07wlf	/location/location/partially_contains	/m/0bldv2
/m/09qv3c	/film/actor/film./film/performance/film	/m/0fvpc6
/m/01t7jy	/cvg/cvg_publisher/games_published	/m/02v_w1g
/m/03g3w	/film/film_genre/films_in_this_genre	/m/08849
/m/03g3w	/book/book_subject/works	/m/0ckf6
/m/01bczm	/film/film_genre/films_in_this_genre	/m/09rqzlg
/m/03g3w	/book/book_subject/works	/m/01cblr
/m/03g3w	/broadcast/genre/content	/m/0m123
/m/03g3w	/book/book_subject/works	/m/046f25
/m/03g3w	/book/book_subject/works	/m/0prjs
/m/03g3w	/film/film_genre/films_in_this_genre	/m/01vx2h
/m/05wkc	/book/book_subject/works	/m/0d124_
/m/03g3w	/book/book_subject/works	/m/0l14_3
/m/0byb_x	/book/book_subject/works	/m/0n_gw
/m/01jfnvd	/military/military_combatant/military_conflicts./military/military_combatant_group/conflict	/m/0d92rr
/m/01p47r	/fictional_universe/fictional_character_creator/fictional_characters_created	/m/06m0b
/m/03tmr	/olympics/olympic_sport/athletes./olympics/olympic_athlete_affiliation/athlete	/m/02tkzn
/m/03tmr	/sports/sport/teams	/m/01ggbx
/m/09b_0m	/government/political_party/politicians_in_this_party./government/political_party_tenure/politician	/m/0ch46pn
/m/0cjdk	/education/educational_institution/students_graduates./education/education/student	/m/028cfvj
/m/06_wqk4	/film/film/starring./film/performance/actor	/m/0237jb
/m/06mtq	/location/location/contains	/m/02hwhyv
/m/06mtq	/location/location/contains	/m/01f492
/m/0jmbv	/location/location/contains	/m/01qnlr
/m/08pc1x	/award/award_ceremony/awards_presented./award/award_honor/award	/m/07y_7
/m/01cvxf	/education/educational_institution/students_graduates./education/education/student	/m/0llf9
/m/035qv8	/education/educational_institution/students_graduates./education/education/student	/m/01rc1f
/m/01h8sf	/education/educational_institution/students_graduates./education/education/student	/m/02y_3d
/m/011v3	/education/educational_institution/students_graduates./education/education/student	/m/0gxzxc9
/m/01vmv_	/education/educational_institution/students_graduates./education/education/student	/m/02zldq
/m/0cv13	/location/us_county/hud_county_place	/m/01rwf_
/m/0cv13	/location/location/contains	/m/02j9z
/m/0c1pj	/film/film_job/films_with_this_crew_job./film/film_crew_gig/film	/m/0309c5
/m/0dxtw	/film/film_job/films_with_this_crew_job./film/film_crew_gig/crewmember	/m/03x22w
/m/07l50_1	/film/film_job/films_with_this_crew_job./film/film_crew_gig/film	/m/0gzs2r
/m/07kb7vh	/book/book_subject/works	/m/0272dch
/m/027xx3	/education/educational_institution/students_graduates./education/education/student	/m/027hvxc
/m/019dmc	/people/cause_of_death/people	/m/0bdt8
/m/010hn	/people/cause_of_death/people	/m/02rr_2_
/m/019dmc	/people/cause_of_death/includes_causes_of_death	/m/015xp4
/m/019n8z	/olympics/olympic_games/medals_awarded./olympics/olympic_medal_honor/medalist	/m/02778yp
/m/02sdwt	/education/educational_institution/students_graduates./education/education/student	/m/02mh2j
/m/01n4w_	/education/educational_institution/students_graduates./education/education/student	/m/0glyyw
/m/079ws	/music/performance_role/track_performances./music/track_contribution/contributor	/m/01qqxfm
/m/02s8qk	/education/educational_institution/students_graduates./education/education/student	/m/02znwv
/m/0d1yn	/people/ethnicity/people	/m/099kyz
/m/01zlh5	/people/ethnicity/people	/m/0j9j6
/m/02w7gg	/people/ethnicity/people	/m/02x2t07
/m/0gl6f	/people/place_of_interment/interred_here	/m/03xtxl
/m/01s5nb	/film/actor/film./film/performance/film	/m/06qh2n
/m/01pr6n	/award/award_winner/awards_won./award/award_honor/honored_for	/m/06qh2n
/m/019z7q	/tv/tv_writer/episodes_written	/m/02nw7gt
/m/04h68j	/tv/tv_writer/episodes_written	/m/0283sdr
/m/05cgv	/location/location/contains	/m/06yxd
/m/09l0x9	/organization/organization_scope/organizations_with_this_scope	/m/0805fcp
/m/06p5g	/architecture/building_function/buildings	/m/0bptqr
/m/0175rc	/education/educational_institution/students_graduates./education/education/student	/m/07mnx
/m/075k5	/military/military_conflict/military_personnel_involved	/m/0bmh4
/m/02cg7g	/military/military_conflict/military_personnel_involved	/m/03d1q5x
/m/075k5	/base/culturalevent/event/entity_involved	/m/02jyr8
/m/05fyss	/religion/religion/includes	/m/01l1yv
/m/081g_l	/music/record_label/artist	/m/025czw
/m/01d_h	/location/location/contains	/m/0g4cr1
/m/0l6mp	/olympics/olympic_games/athletes./olympics/olympic_athlete_affiliation/athlete	/m/0drc1
/m/0l6mp	/olympics/olympic_games/medals_awarded./olympics/olympic_medal_honor/medalist	/m/04_1nk
/m/0y62n	/location/location/contains	/m/01sv6k
/m/01bs9f	/people/profession/people_with_this_profession	/m/052bw
/m/04hs7d	/people/profession/people_with_this_profession	/m/0fq1lpk
/m/01bs9f	/people/profession/people_with_this_profession	/m/018jn4
/m/01fy2s	/business/employer/employees./business/employment_tenure/person	/m/0gn30
/m/01fy2s	/education/educational_institution/students_graduates./education/education/student	/m/0dr5y
/m/01q9b9	/book/author/works_written	/m/0bbz66j
/m/01q9b9	/film/person_or_entity_appearing_in_film/films./film/personal_film_appearance/film	/m/03ll3
/m/015dxd	/cvg/game_character/games./cvg/game_performance/game	/m/03y8m_n
/m/020fcn	/media_common/adaptation/adapted_from	/m/01gjd0
/m/01nm3s	/film/actor/film./film/performance/film	/m/01dc46
/m/09bjv	/film/actor/film./film/performance/film	/m/040lmh
/m/01qdcv	/film/producer/film	/m/0n4blqr
/m/032v0v	/film/director/film	/m/0lxg6
/m/035tlh	/education/educational_institution/students_graduates./education/education/student	/m/026vk2z
/m/03896	/medicine/disease/includes_diseases	/m/07y9w5
/m/0qf43	/business/industry/companies	/m/0dxznm
/m/03z5xd	/government/legislative_session/members./government/government_position_held/office_holder	/m/02rhfsc
/m/0395lw	/music/instrument/instrumentalists	/m/02vlsz0
/m/05l0j5	/tv/tv_actor/guest_roles./tv/tv_guest_role/episodes_appeared_in	/m/01m1_t
/m/02rrsz	/award/award_category/nominees./award/award_nomination/nominated_for	/m/0p_ss
/m/0b24sf	/people/cause_of_death/people	/m/03czm97
/m/026p4q7	/location/location/contains	/m/0xp8h
/m/0n5dt	/location/location/contains	/m/031t2d
/m/01spm	/education/educational_institution/students_graduates./education/education/student	/m/027g_nt
/m/0217m9	/music/record_label/artist	/m/03hzqc2
/m/04chyn	/music/record_label/artist	/m/01r25qv
/m/02bzh0	/music/record_label/artist	/m/01y81c
/m/0683n	/film/film_genre/films_in_this_genre	/m/064lg7h
/m/01f9r0	/tv/tv_genre/programs	/m/07s4l
/m/01f9r0	/film/film_genre/films_in_this_genre	/m/0bzkvd
/m/02hnl	/award/award_nominee/award_nominations./award/award_nomination/award	/m/03r67k
/m/01wmxfs	/film/actor/film./film/performance/film	/m/0674cw
/m/06c6l	/award/award_nominee/award_nominations./award/award_nomination/nominated_for	/m/0n4blqr
/m/029k55	/medicine/notable_person_with_medical_condition/condition	/m/026lj
/m/02hczc	/time/time_zone/locations_in_this_time_zone	/m/0d_zz
/m/02fqwt	/time/time_zone/locations_in_this_time_zone	/m/0fv_t
/m/02fqwt	/time/time_zone/locations_in_this_time_zone	/m/01_qgp
/m/02fqwt	/time/time_zone/locations_in_this_time_zone	/m/0qf5p
/m/05jphn	/time/time_zone/locations_in_this_time_zone	/m/0232h0
/m/02fqwt	/time/time_zone/locations_in_this_time_zone	/m/07vht
/m/03plfd	/time/time_zone/locations_in_this_time_zone	/m/0s5md
/m/052vwh	/time/time_zone/locations_in_this_time_zone	/m/0tdn1
/m/02jm9c	/tv/tv_actor/guest_roles./tv/tv_guest_role/episodes_appeared_in	/m/0pybl
/m/02l840	/award/award_nominee/award_nominations./award/award_nomination/nominated_for	/m/025jbj
/m/02l840	/award/award_nominee/award_nominations./award/award_nomination/award	/m/0jj6k
/m/02l840	/award/award_winner/awards_won./award/award_honor/award	/m/056xx8
/m/04jjy	/people/profession/people_with_this_profession	/m/01d6c_
/m/0qymv	/people/profession/people_with_this_profession	/m/01gh30
/m/059rby	/government/governmental_jurisdiction/governing_officials./government/government_position_held/office_holder	/m/01dbxr
/m/02c7tb	/location/location/contains	/m/011q5n
/m/059rby	/location/location/contains	/m/01f8hf
/m/059rby	/location/location/contains	/m/043z0
/m/0np52	/location/location/contains	/m/0407fk8
/m/059rby	/location/location/contains	/m/06pjs
/m/01tfck	/location/location/contains	/m/06zn60w
/m/059rby	/government/governmental_jurisdiction/governing_officials./government/government_position_held/office_holder	/m/03msf
/m/059rby	/government/governmental_jurisdiction/governing_officials./government/government_position_held/office_holder	/m/07ftc0
/m/059rby	/location/location/contains	/m/0bkbz
/m/04y9mm8	/award/award_nominee/award_nominations./award/award_nomination/award_nominee	/m/0gff83x
/m/02dr9j	/music/performance_role/track_performances./music/track_contribution/contributor	/m/05mv5p
/m/0680x0	/music/performance_role/track_performances./music/track_contribution/contributor	/m/0bqvs2
/m/0mtdx	/location/place_with_neighborhoods/neighborhoods	/m/0412lr
/m/0214m4	/location/location/contains	/m/0412lr
/m/02kth6	/organization/organization/board_members./organization/organization_board_membership/member	/m/026ln2v
/m/03vtrv	/education/educational_institution/students_graduates./education/education/student	/m/03m79z
/m/07vfj	/business/employer/employees./business/employment_tenure/person	/m/02_pft
/m/07vfj	/education/educational_institution/students_graduates./education/education/student	/m/03hy3g
/m/04t0p1	/education/educational_institution/students_graduates./education/education/student	/m/026ln2v
/m/0bdwft	/award/award_category/nominees./award/award_nomination/nominated_for	/m/01jwxx
/m/0mhhw	/award/award_category/nominees./award/award_nomination/nominated_for	/m/0jt02y4
/m/0blst_	/award/award_category/winners./award/award_honor/award_winner	/m/02rxbmt
/m/0gy7bj4	/award/award_category/winners./award/award_honor/award_winner	/m/0dgvpc
/m/0fn7r	/location/location/contains	/m/01n6r0
/m/0ghvb	/education/educational_institution/students_graduates./education/education/student	/m/0cj8x
/m/0nhmw	/location/location/contains	/m/01rrd4
/m/0nhmw	/location/us_county/hud_county_place	/m/0cc65
/m/05fky	/location/us_county/hud_county_place	/m/0w0rq
/m/0nhmw	/location/location/contains	/m/07tjf
/m/01gc7h	/location/location/contains	/m/0w0rq
/m/026spg	/film/film/starring./film/performance/actor	/m/04y86y9
/m/014488	/film/person_or_entity_appearing_in_film/films./film/personal_film_appearance/film	/m/0gghm
/m/025s1wg	/film/actor/film./film/performance/film	/m/03c6q4
/m/0180mw	/tv/tv_program/episodes	/m/01fs__
/m/0brddh	/tv/tv_actor/guest_roles./tv/tv_guest_role/episodes_appeared_in	/m/06xx8hx
/m/07l1c	/book/book_subject/works	/m/080hv4k
/m/01qm7	/influence/influence_node/influenced_by	/m/0830n
/m/0l2sr	/film/film/starring./film/performance/actor	/m/0gcf7c3
/m/02bjrlw	/media_common/netflix_genre/titles	/m/03b8c4
/m/02bjrlw	/media_common/netflix_genre/titles	/m/018qd6
/m/03ckxdg	/people/person/education./education/education/institution	/m/027txk
/m/03_87	/tv/tv_program/original_network./tv/tv_network_duration/network	/m/06ztw2d
/m/0nj0m	/tv/tv_program/episodes	/m/0kcqlv6
/m/02cvcd	/film/film_distributor/films_distributed./film/film_film_distributor_relationship/film	/m/09n0nb
/m/058z2d	/film/production_company/films	/m/09n0nb
/m/09b5t	/food/ingredient/dishes	/m/0dc61cw
/m/02_t2t	/film/music_contributor/film	/m/01dc46
/m/07j8r	/award/award_nominated_work/award_nominations./award/award_nomination/award_nominee	/m/0d739
/m/043t1s	/film/film/executive_produced_by	/m/099kyz
/m/07j8r	/award/award_winning_work/awards_won./award/award_honor/award_winner	/m/0grw_
/m/0c82s	/location/location/contains	/m/0222rz
/m/06rkl	/film/film/starring./film/performance/actor	/m/01rmyj
/m/0bdlj	/music/artist/label	/m/022fj_
/m/0d04z6	/location/location/contains	/m/0mk_3
/m/04v7kt	/film/film_subject/films	/m/0b6w50
/m/0fj52s	/tv/tv_program/episodes	/m/064h0m
/m/0qjd	/location/location/contains	/m/0167q3
/m/031hxk	/military/armed_force/personnel./military/military_service/military_person	/m/02pkcqq
/m/016ppr	/award/award_nominee/award_nominations./award/award_nomination/award	/m/02p65p
/m/01nhgd	/tv/tv_program/episodes	/m/06ylgs1
/m/01b64v	/tv/tv_program/episodes	/m/05z_p6
/m/08k1lz	/tv/tv_program/episodes	/m/06ylgww
/m/01b64v	/tv/tv_program/episodes	/m/01mszz
/m/01b64v	/tv/tv_program/episodes	/m/045xh
/m/01b64v	/tv/tv_program/episodes	/m/025rvx0
/m/053y0s	/protected_sites/natural_or_cultural_site_designation/sites./protected_sites/natural_or_cultural_site_listing/listed_site	/m/084rn7
/m/01cq1t	/protected_sites/natural_or_cultural_site_designation/sites./protected_sites/natural_or_cultural_site_listing/listed_site	/m/04xn_
/m/01jfsb	/film/film_genre/films_in_this_genre	/m/05c3mp2
/m/01jfsb	/film/film_genre/films_in_this_genre	/m/03v_5
/m/0mwzv	/film/film_genre/films_in_this_genre	/m/0b6w50
/m/016vn3	/film/film_genre/films_in_this_genre	/m/08nxwx
/m/02dth1	/film/film_genre/films_in_this_genre	/m/0c42fq1
/m/01jfsb	/film/film_genre/films_in_this_genre	/m/01fl3
/m/01jfsb	/film/film_genre/films_in_this_genre	/m/019g40
/m/038w8	/film/film_genre/films_in_this_genre	/m/0glrjbp
/m/01jfsb	/tv/tv_genre/programs	/m/026fmqm
/m/03gyp30	/film/film_genre/films_in_this_genre	/m/0d277t
/m/01jfsb	/media_common/netflix_genre/titles	/m/02yh8l
/m/01jfsb	/film/film_genre/films_in_this_genre	/m/0152n0
/m/01vttb9	/film/film_genre/films_in_this_genre	/m/0n4blqr
/m/05jjl	/film/film_genre/films_in_this_genre	/m/0c3p5b
/m/01jfsb	/film/film_genre/films_in_this_genre	/m/07qzv
/m/01mjq	/location/location/contains	/m/05c0jwl
/m/01w5gg6	/influence/influence_node/influenced_by	/m/05qg6g
/m/023jq1	/tv/tv_writer/episodes_written	/m/03fnmd
/m/023jq1	/award/award_nominee/award_nominations./award/award_nomination/nominated_for	/m/02my3z
/m/023jq1	/tv/tv_producer/tv_episodes_produced./tv/tv_producer_episode_credit/episode	/m/01qgry
/m/0br1x_	/base/marchmadness/ncaa_basketball_team/ncaa_tournament_seeds./base/marchmadness/ncaa_tournament_seed/tournament	/m/06n7qg
/m/0265vcb	/tv/tv_writer/episodes_written	/m/03cn92
/m/0265vcb	/tv/tv_writer/episodes_written	/m/0mgrh
/m/02l9wl	/government/government_office_or_title/office_holders./government/government_position_held/office_holder	/m/023v2
/m/02h4rq6	/education/educational_degree/people_with_this_degree./education/education/student	/m/0d8cr0
/m/02h4rq6	/education/educational_degree/people_with_this_degree./education/education/student	/m/04j_gs
/m/02h4rq6	/education/educational_degree/people_with_this_degree./education/education/student	/m/01k_0fp
/m/02h4rq6	/education/educational_degree/people_with_this_degree./education/education/student	/m/0d0vj4
/m/02h4rq6	/education/educational_degree/people_with_this_degree./education/education/student	/m/0239zv
/m/02h4rq6	/education/educational_degree/people_with_this_degree./education/education/student	/m/03hy3g
/m/02h4rq6	/education/educational_degree/people_with_this_degree./education/education/student	/m/01k3qj
/m/02h4rq6	/education/educational_degree/people_with_this_degree./education/education/student	/m/02ts3h
/m/02vpvk	/education/educational_degree/people_with_this_degree./education/education/student	/m/02_b77c
/m/0320jz	/tv/tv_actor/guest_roles./tv/tv_guest_role/episodes_appeared_in	/m/0dqyc
/m/06w2sn5	/tv/tv_personality/tv_regular_appearances./tv/tv_regular_personal_appearance/program	/m/02rs1k0
/m/0jtg0	/music/instrument/instrumentalists	/m/0830n
/m/03qjg	/music/performance_role/track_performances./music/track_contribution/contributor	/m/011yph
/m/03qjg	/music/performance_role/track_performances./music/track_contribution/contributor	/m/01nhgd
/m/07nnp_	/music/performance_role/regular_performances./music/group_membership/group	/m/01hx3gc
/m/03qjg	/music/performance_role/regular_performances./music/group_membership/member	/m/03mr85
/m/03qjg	/music/performance_role/regular_performances./music/group_membership/member	/m/0bvg70
/m/03qjg	/music/performance_role/track_performances./music/track_contribution/contributor	/m/021yc7p
/m/03qjg	/music/instrument/instrumentalists	/m/053k78
/m/0cb1ky	/film/film/starring./film/performance/actor	/m/0dss88
/m/06m_p	/astronomy/orbital_relationship/orbited_by	/m/04wv_
/m/0cqbc	/astronomy/orbital_relationship/orbited_by	/m/0266jb3
/m/06m_p	/astronomy/orbital_relationship/orbited_by	/m/06m_p
/m/01hqk	/award/award_winner/awards_won./award/award_honor/award_winner	/m/02qcpzb
/m/07fpm3	/award/award_nominee/award_nominations./award/award_nomination/award_nominee	/m/04d2yp
/m/0b05xm	/tv/tv_writer/episodes_written	/m/01cssf
/m/0b05xm	/tv/tv_writer/episodes_written	/m/0h1tg
/m/0dz96	/people/profession/people_with_this_profession	/m/0bpk2
/m/0652ty	/music/genre/artists	/m/05_hh8
/m/0xhtw	/music/genre/artists	/m/01vtj38
/m/0xhtw	/music/genre/artists	/m/0ggx5q
/m/0wp9b	/music/genre/artists	/m/01w3wj4
/m/0xhtw	/music/genre/artists	/m/03b_fm5
/m/0xhtw	/music/genre/artists	/m/0x0w
/m/0xhtw	/music/genre/artists	/m/06fcqw
/m/01s5nb	/music/genre/artists	/m/0ds5qdp
/m/01h3dj	/music/genre/artists	/m/03d53c6
/m/0xhtw	/music/genre/artists	/m/02qdyj
/m/014nvr	/book/author/works_written	/m/09kzxt
/m/035ktt	/education/educational_institution/students_graduates./education/education/student	/m/0ddc_qt
/m/0196pc	/people/profession/people_with_this_profession	/m/031x2
/m/0196pc	/people/profession/people_with_this_profession	/m/01kcmr
/m/0fltx	/people/profession/people_with_this_profession	/m/05xfgk1
/m/0196pc	/people/profession/people_with_this_profession	/m/0p_2r
/m/07c404	/people/profession/people_with_this_profession	/m/05gxby
/m/03c_8t	/fictional_universe/character_occupation/characters_with_this_occupation	/m/05gxby
/m/01ty4	/people/profession/people_with_this_profession	/m/026f_zy
/m/019mlh	/business/industry/companies	/m/037njl
/m/03qmg1	/music/instrument/instrumentalists	/m/0dvscv
/m/0myk8	/music/instrument/instrumentalists	/m/0d1xrw
/m/042_h5	/tv/tv_program/episodes	/m/06ys3wf
/m/0r3tq	/award/award_nominee/award_nominations./award/award_nomination/award	/m/06w6tv2
/m/03kdl	/people/appointer/appointment_made./people/appointment/appointee	/m/0184jw
/m/047yc	/organization/organization_scope/organizations_with_this_scope	/m/0154fs
/m/098r1q	/location/location/contains	/m/0d2_88
/m/013h9	/award/award_nominee/award_nominations./award/award_nomination/award	/m/0fq1lnw
/m/04zwjd	/music/artist/genre	/m/03j367r
/m/0537b	/organization/organization/headquarters./location/mailing_address/citytown	/m/0tn9j
/m/040db	/book/author/works_written	/m/0cl4x7
/m/01jpyb	/film/film_distributor/films_distributed./film/film_film_distributor_relationship/film	/m/04f285v
/m/081bls	/film/production_company/films	/m/04yywz
/m/035qv8	/film/film_distributor/films_distributed./film/film_film_distributor_relationship/film	/m/0c9jj9
/m/01lnyf	/book/book_subject/works	/m/04t1gfy
/m/089_x	/book/book_subject/works	/m/01vvdm
/m/02z_b	/book/book_subject/works	/m/0n_gw
/m/089_x	/book/book_subject/works	/m/03ytp3
/m/0gdhhy	/award/award_nominee/award_nominations./award/award_nomination/nominated_for	/m/03jg2_6
/m/0dzc16	/award/award_winner/awards_won./award/award_honor/honored_for	/m/01dpdh
/m/0m7yy	/award/award_category/winners./award/award_honor/award_winner	/m/09wc5
/m/012g92	/tv/tv_actor/guest_roles./tv/tv_guest_role/episodes_appeared_in	/m/06n9g5
/m/013nky	/education/educational_institution/students_graduates./education/education/student	/m/01kws3
/m/013nky	/education/educational_institution/students_graduates./education/education/student	/m/079kdz
/m/04lgymt	/music/artist/album	/m/04cvk33
/m/06l22	/government/political_party/politicians_in_this_party./government/political_party_tenure/politician	/m/05z_d3w
/m/01bfjy	/government/political_party/politicians_in_this_party./government/political_party_tenure/politician	/m/05zq5fl
/m/0y54	/film/film_genre/films_in_this_genre	/m/08l8dnc
/m/0nhmw	/film/film_genre/films_in_this_genre	/m/0cl19v
/m/0nt6b	/military/military_combatant/military_conflicts./military/military_combatant_group/conflict	/m/011xt0
/m/039b7_	/location/location/events	/m/0gfh_jw
/m/01xr66	/people/profession/people_with_this_profession	/m/0gfh84d
/m/01nzz8	/tv/tv_genre/programs	/m/0k3tn7d
/m/036wy	/tv/tv_genre/programs	/m/0c01bng
/m/02jjt	/internet/website_category/sites	/m/01f492
/m/0jgm8	/internet/website_category/sites	/m/05h4bk1
/m/02llzg	/time/time_zone/locations_in_this_time_zone	/m/0msyb
/m/02llzg	/time/time_zone/locations_in_this_time_zone	/m/0m75g
/m/02llzg	/time/time_zone/locations_in_this_time_zone	/m/07c98
/m/02llzg	/time/time_zone/locations_in_this_time_zone	/m/017_4z
/m/052vwh	/time/time_zone/locations_in_this_time_zone	/m/0wb0v
/m/042g7t	/time/time_zone/locations_in_this_time_zone	/m/0gm72y
/m/02llzg	/time/time_zone/locations_in_this_time_zone	/m/0ch280
/m/02llzg	/time/time_zone/locations_in_this_time_zone	/m/0mkv3
/m/02llzg	/time/time_zone/locations_in_this_time_zone	/m/0n5y4
/m/05jphn	/time/time_zone/locations_in_this_time_zone	/m/05zstg
/m/02llzg	/time/time_zone/locations_in_this_time_zone	/m/04sylm
/m/02hcv8	/time/time_zone/locations_in_this_time_zone	/m/0d_61
/m/02llzg	/time/time_zone/locations_in_this_time_zone	/m/059t8
/m/02lcrv	/time/time_zone/locations_in_this_time_zone	/m/0hvz8
/m/02hcv8	/time/time_zone/locations_in_this_time_zone	/m/099w5l
/m/06ylv0	/book/book_subject/works	/m/0bk73d
/m/09v38qj	/tv/tv_program/episodes	/m/047xyn
/m/0djbw	/people/profession/people_with_this_profession	/m/01dtcb
/m/07tlg	/people/profession/people_with_this_profession	/m/02pgwnx
/m/0jfqp	/people/profession/people_with_this_profession	/m/0412mrb
/m/02xwzh	/film/film_distributor/films_distributed./film/film_film_distributor_relationship/film	/m/0822j
/m/0g1rw	/film/film_distributor/films_distributed./film/film_film_distributor_relationship/film	/m/0693l
/m/0lwkh	/film/production_company/films	/m/026_6ms
/m/0g1rw	/film/film_distributor/films_distributed./film/film_film_distributor_relationship/film	/m/0l2l3
/m/03hbbc	/film/production_company/films	/m/09prlz
/m/0g1rw	/film/film_distributor/films_distributed./film/film_film_distributor_relationship/film	/m/09k34g
/m/0g1rw	/film/production_company/films	/m/05x8n
/m/04bbb8	/award/award_category/nominees./award/award_nomination/nominated_for	/m/054_8k
/m/024vjd	/award/award_category/nominees./award/award_nomination/nominated_for	/m/0p_ss
/m/03mnn0	/award/award_nominee/award_nominations./award/award_nomination/award	/m/06w6tv2
/m/04p0c	/location/location/events	/m/011xt0
/m/0kz4w	/location/location/contains	/m/03c58bs
/m/01gkcc	/medicine/disease/causes	/m/03qch2w
/m/019l3m	/film/person_or_entity_appearing_in_film/films./film/personal_film_appearance/film	/m/0cv6lc
/m/01vw26l	/tv/tv_writer/episodes_written	/m/06xlvjx
/m/02fp48	/government/governmental_jurisdiction/governing_officials./government/government_position_held/office_position_or_title	/m/01j05y
/m/052bw	/government/political_district/representatives./government/government_position_held/office_holder	/m/0bbcdf
/m/01n4w	/location/location/contains	/m/04n2vgk
/m/01n4w	/location/location/contains	/m/03j6_5
/m/06gb2q	/tv/tv_actor/starring_roles./tv/regular_tv_appearance/series	/m/02rs1k0
/m/03t4nx	/education/educational_institution/students_graduates./education/education/student	/m/05pbx8f
/m/09xp_	/cvg/cvg_genre/games	/m/0m5bb
/m/03tmr	/cvg/cvg_genre/games	/m/0bmhk0g
/m/037hz	/cvg/cvg_genre/games	/m/02qvwqt
/m/0vgkd	/cvg/cvg_genre/games	/m/09vnfc
/m/01mw1	/cvg/cvg_genre/games	/m/0657zp
/m/025zzc	/cvg/cvg_genre/games	/m/0464gkc
/m/025zzc	/cvg/cvg_genre/games	/m/025vn5m
/m/02n4kr	/cvg/cvg_genre/games	/m/0140b7
/m/025zzc	/cvg/cvg_genre/games	/m/02q8x4x
/m/025zzc	/cvg/cvg_genre/games	/m/02hjn4
/m/03hf_rm	/cvg/cvg_genre/games	/m/04z_8t7
/m/025zzc	/cvg/cvg_genre/games	/m/02q8x4x
/m/025zzc	/cvg/cvg_genre/games	/m/025vn5m
/m/025zzc	/cvg/cvg_genre/games	/m/02q8x4x
/m/025zzc	/cvg/cvg_genre/games	/m/02hjn4
/m/04rjg	/cvg/cvg_genre/games	/m/064k5vk
/m/02jfc	/cvg/cvg_genre/games	/m/06k9py
/m/025zzc	/cvg/cvg_genre/games	/m/02hjn4
/m/025zzc	/cvg/cvg_genre/games	/m/02q8x4x
/m/025zzc	/cvg/cvg_genre/games	/m/02hjn4
/m/02vx4	/cvg/cvg_genre/games	/m/02v_w1g
/m/022dc6	/cvg/cvg_genre/games	/m/0d2j6d
/m/025zzc	/cvg/cvg_genre/games	/m/0464gkc
/m/025zzc	/cvg/cvg_genre/games	/m/0642v9q
/m/06c9r	/cvg/cvg_genre/games	/m/0c2b1n
/m/018w8	/cvg/cvg_genre/games	/m/027j8mv
/m/01hmnh	/cvg/cvg_genre/games	/m/04640wp
/m/0_b3d	/award/award_nominee/award_nominations./award/award_nomination/award	/m/06w6tv2
/m/0jm3b	/award/award_winner/awards_won./award/award_honor/award	/m/06w6tv2
/m/02lpp7	/olympics/olympic_medal/medal_winners./olympics/olympic_medal_honor/medalist	/m/0k1bs
/m/02lpp7	/olympics/olympic_medal/medal_winners./olympics/olympic_medal_honor/medalist	/m/026n3rs
/m/02lpp7	/olympics/olympic_medal/medal_winners./olympics/olympic_medal_honor/medalist	/m/037d35
/m/02lpp7	/olympics/olympic_medal/medal_winners./olympics/olympic_medal_honor/medalist	/m/0jgwf
/m/03m49ly	/olympics/olympic_medal/medal_winners./olympics/olympic_medal_honor/medalist	/m/09pqr
/m/02lpp7	/olympics/olympic_medal/medal_winners./olympics/olympic_medal_honor/medalist	/m/021yc7p
/m/0bpx1k	/olympics/olympic_medal/medal_winners./olympics/olympic_medal_honor/medalist	/m/04dqx
/m/02m77	/olympics/olympic_medal/medal_winners./olympics/olympic_medal_honor/medalist	/m/03d0skq
/m/0mxhc	/olympics/olympic_medal/medal_winners./olympics/olympic_medal_honor/medalist	/m/03_sgx
/m/02qyxs5	/award/award_category/winners./award/award_honor/honored_for	/m/0v0s
/m/02qyxs5	/award/award_category/nominees./award/award_nomination/nominated_for	/m/02k6hp
/m/03ckfl9	/music/genre/artists	/m/019g65
/m/0yldt	/music/genre/artists	/m/01v75dg
/m/03ckfl9	/music/genre/artists	/m/02gnlz
/m/02slt7	/music/genre/artists	/m/01w_zc6
/m/02rc451	/music/genre/artists	/m/01jvq8q
/m/03cprft	/film/actor/film./film/performance/film	/m/0fdv3
/m/09pxc	/location/location/contains	/m/0f5qlj
/m/07bch9	/location/location/contains	/m/0dbs_r
/m/032_jg	/people/profession/people_with_this_profession	/m/08t2v1
/m/05k8m5	/music/record_label/artist	/m/0fkzq
/m/01yzl2	/music/performance_role/regular_performances./music/group_membership/group	/m/01pwkd3
/m/0g2dz	/music/instrument/instrumentalists	/m/0c0dj_
/m/05r5c	/music/performance_role/track_performances./music/track_contribution/contributor	/m/038nv6
/m/05r5c	/music/performance_role/track_performances./music/track_contribution/contributor	/m/05b4rcb
/m/03qsdpk	/music/performance_role/track_performances./music/track_contribution/contributor	/m/03m_7y
/m/05r5c	/music/performance_role/regular_performances./music/group_membership/group	/m/01w3vc
/m/05r5c	/music/performance_role/track_performances./music/track_contribution/contributor	/m/05br2
/m/05r5c	/music/instrument/instrumentalists	/m/0fxgg9
/m/05r5c	/music/instrument/instrumentalists	/m/016z7s
/m/01c3q	/music/instrument/instrumentalists	/m/0f29k4
/m/01___w	/music/performance_role/regular_performances./music/group_membership/member	/m/03h_kgb
/m/05r5c	/music/instrument/instrumentalists	/m/0f4l5
/m/09zf_q	/music/performance_role/track_performances./music/track_contribution/contributor	/m/0c0dj_
/m/05r5c	/music/instrument/instrumentalists	/m/03cwwl
/m/057cc	/music/instrument/instrumentalists	/m/0km3p6x
/m/05r5c	/music/instrument/instrumentalists	/m/0mlw1
/m/05r5c	/music/performance_role/regular_performances./music/group_membership/member	/m/01rz1
/m/01v1d8	/music/instrument/instrumentalists	/m/017fl5
/m/05r5c	/music/performance_role/track_performances./music/track_contribution/contributor	/m/0ddt_
/m/07wm6	/film/film/starring./film/performance/actor	/m/0gjd61t
/m/04d817	/film/film_genre/films_in_this_genre	/m/05ftpb
/m/0bj8m2	/book/book_subject/works	/m/05lnk0
/m/0bj8m2	/film/film_genre/films_in_this_genre	/m/02vnz
/m/0c0cs	/government/governmental_body/members./government/government_position_held/office_holder	/m/02pt6k_
/m/0c8wxp	/book/periodical_subject/periodicals	/m/0892sx
/m/0cw51	/location/location/contains	/m/01jpqb
/m/0d6d2	/tv/tv_actor/starring_roles./tv/regular_tv_appearance/series	/m/05w88j
/m/0lzb8	/film/person_or_entity_appearing_in_film/films./film/personal_film_appearance/film	/m/0j8f2hc
/m/02qrwjt	/fictional_universe/character_powers/characters_with_this_ability	/m/013z1n
/m/04gp58p	/military/military_conflict/military_personnel_involved	/m/09rxycl
/m/01gtcc	/government/legislative_session/members./government/government_position_held/office_holder	/m/04xbr4
/m/01prdc	/business/company_type/companies_of_this_type	/m/027c95y
/m/01fy2s	/education/educational_institution/students_graduates./education/education/student	/m/04n0fx9
/m/01wdl3	/education/educational_institution/students_graduates./education/education/student	/m/025t9b
/m/0bz6l9	/award/award_ceremony/awards_presented./award/award_honor/honored_for	/m/0b6w50
/m/02825nf	/film/film/starring./film/performance/actor	/m/01s7j5
/m/02pjzvh	/base/marchmadness/ncaa_basketball_team/ncaa_tournament_seeds./base/marchmadness/ncaa_tournament_seed/tournament	/m/0b_6x2
/m/02sch9	/people/ethnicity/people	/m/03s9b
/m/013t9y	/film/director/film	/m/08w1zz
/m/035wcs	/music/genre/artists	/m/0gg9_5q
/m/0142rn	/organization/role/leaders./organization/leadership/organization	/m/08jwmp
/m/06b9n	/people/family/members	/m/0pqz3
/m/07xzm	/music/performance_role/track_performances./music/track_contribution/contributor	/m/02bbyw
/m/01lk31	/location/location/contains	/m/0f06p2
/m/0j8js	/location/location/contains	/m/0bygnf
