32388
1517	19956	32
2200	19956	57
992	17255	86
992	15626	23
1436	1437	236
472	17469	273
472	2689	18
472	2689	19
596	13409	138
596	3981	160
987	1680	32
609	10114	72
9731	6630	166
1023	8134	212
736	1331	86
2061	9467	339
1148	19777	174
1148	6271	334
21125	3444	319
21125	4637	121
2067	1605	344
1680	8134	72
1680	7691	174
1680	6305	174
1875	7473	134
3356	6630	222
3356	6630	166
2633	14586	48
3352	8682	72
2524	18484	65
2222	2218	231
2222	6630	166
2222	2220	306
2220	2218	231
2220	6630	166
2261	10294	79
2261	10294	93
2261	10294	111
2261	2016	121
2504	10963	65
2359	8073	319
4980	17020	164
4980	7452	99
3952	17020	164
3952	7452	99
4644	1605	344
3664	3665	112
4113	2050	115
4109	1612	32
5488	14319	68
6138	6138	207
6138	6138	206
5628	17875	154
6191	22881	7
5775	16701	165
5324	22940	1
5324	364	1
6194	14686	204
6194	11003	153
6194	22034	153
5523	20552	134
5523	22168	134
5113	8134	72
6713	17020	164
6713	7452	99
6411	19515	32
6634	3414	18
6634	1077	18
6634	8195	18
6634	5143	18
6634	3414	19
6634	1077	19
6634	8195	19
6634	5143	19
6634	9073	19
6642	13215	100
6642	22656	101
6642	15626	23
7113	17020	164
7113	7452	99
7473	4754	90
7350	6271	334
1013	11103	255
1013	11103	232
7624	20651	134
7624	2821	19
17834	7624	208
17834	7624	209
17834	20651	134
7230	6630	166
7230	16761	172
7575	19152	72
7530	496	66
7662	1436	32
7332	17064	221
7416	2630	122
8075	12994	86
8134	1595	172
8397	8398	297
7993	3587	99
8682	18757	48
8682	6630	222
8682	6630	166
7902	9366	323
7902	7902	207
8097	11118	7
8015	6626	329
7946	15153	329
7946	6626	329
8244	17064	221
7965	59	342
9554	9366	134
9311	9865	269
9311	7371	134
9066	9116	134
9116	6140	157
9116	8671	90
9116	17293	206
9018	8692	86
9018	1606	282
9250	1961	115
9250	6308	115
9250	5226	153
8910	8134	72
8870	6476	59
9008	22929	7
10114	1887	166
10114	1200	172
9865	22247	163
10606	7473	323
10606	6140	157
10606	4487	157
10606	9366	90
10606	13509	206
10606	15326	206
10291	12994	86
10291	22904	7
10291	22122	153
10291	23621	153
10291	23936	153
10837	22667	86
10837	15274	23
10703	1605	344
10703	16318	32
11109	12994	32
11109	6626	329
10423	20110	86
11095	22931	7
11095	11231	317
11095	16481	54
10951	8091	257
10951	23620	139
10951	12040	139
11361	13514	273
10912	9228	232
10830	1301	86
12111	12115	166
12101	8134	86
11741	14943	339
11741	186	342
11713	8134	252
11713	6630	166
13272	9206	172
6403	1188	154
6403	5399	153
13202	8134	212
12343	1606	72
12238	6138	134
12238	15326	134
12422	19956	86
12422	19956	212
12422	15546	255
7909	17766	274
7909	9116	134
7452	17020	164
13473	12746	48
13473	6630	222
13473	6630	166
14039	6630	166
14896	19586	18
14896	19586	19
14064	14064	115
14064	8031	154
14064	23746	154
14064	8031	153
14064	8760	153
13446	8134	72
14295	8075	154
14547	17020	164
14547	7452	99
15244	6630	166
15444	6630	277
15444	6630	166
15297	6140	157
15297	16666	157
15297	10606	134
15297	9116	134
15541	19956	86
16065	17020	164
16065	7452	99
16085	6630	222
16085	6630	166
17345	5084	24
17345	9366	134
17358	12994	58
16740	20653	7
17364	12352	339
16482	12994	32
16482	22904	7
17125	4764	35
16501	7708	86
16764	12994	32
16764	12994	283
16233	7350	32
16233	7350	86
16841	7473	134
17896	17891	138
17875	17683	241
17875	24026	154
17773	4872	319
17773	8562	66
18191	9116	134
18191	21790	18
18191	21264	18
18191	22565	18
18191	21790	19
18191	21264	19
18191	22565	19
17566	14945	32
17566	17199	32
17566	14945	32
17566	10021	212
17566	9978	7
18492	4491	18
18492	4491	19
19984	17020	164
19984	7452	99
19722	9637	108
19722	18188	172
18767	20654	247
19937	17891	138
19937	12115	222
19937	4259	108
20137	18049	79
20137	1130	319
20137	18049	111
20137	19509	111
19555	6630	222
19555	6630	166
18839	14686	204
18853	22904	105
20228	2633	86
20008	8127	122
18806	6634	205
18753	1605	344
18751	1606	344
18751	16626	187
18751	16626	32
18751	16626	86
19637	2821	18
19637	6859	18
19637	2821	19
19637	6859	19
21170	22892	97
21000	7401	339
21000	12352	339
21000	4743	1
21838	17336	180
22704	6894	319
22704	19996	66
22130	12994	32
22130	12994	86
22130	12994	284
39	5440	319
39	22892	97
20995	18753	239
22661	19920	315
21264	11143	122
21264	3425	122
21264	12994	147
21264	15583	273
20342	19299	26
22221	9149	237
21425	6634	205
22921	7401	339
23064	7350	185
23064	16335	151
23956	12994	32
23956	12994	86
23703	23703	19
23728	10064	167
23728	3362	167
24445	19621	225
12567	4118	80
13403	12364	32
950	92	119
23802	17020	164
23802	7452	99
5305	5305	122
5305	9116	134
5305	15349	18
5305	20349	18
5305	23052	18
5305	15349	19
5305	20349	19
5305	23052	19
21741	6320	68
21741	348	121
11452	17262	23
22883	8706	26
17055	11062	153
19963	11821	170
19963	12969	190
2849	20653	336
16161	4471	86
8422	19082	109
16784	4604	273
16784	17469	273
18333	12994	32
18333	15447	255
24014	2050	115
8982	23751	32
8982	23580	284
3873	7210	32
3873	9945	275
10411	13194	317
8591	12220	236
10037	12994	86
10037	10169	54
2917	10606	134
24582	10632	100
24582	14450	101
9595	13092	7
9595	22867	282
9595	22870	282
9595	6832	255
12257	3115	72
20522	3748	273
20522	21523	19
6256	12994	184
16397	6630	166
24298	20284	24
24298	4438	19
21477	11227	349
1419	6271	334
11994	8111	86
11994	10606	134
2334	17199	32
2334	14945	86
18294	2832	205
1170	6069	86
13162	14569	153
17334	20651	134
2177	1147	183
20070	16243	7
16492	12639	54
24012	3434	86
8923	12994	86
3506	10054	59
3506	12592	227
14658	17747	263
14658	14658	326
20913	20651	134
20913	14780	157
14220	7859	227
4072	16137	227
899	805	151
19817	19817	47
19817	19817	98
16525	19341	32
16525	14171	54
16449	23635	105
16449	19946	282
1177	1301	86
24346	7667	11
3394	23189	115
1214	23635	147
1214	8671	134
1214	9116	134
1214	3748	273
1214	1214	18
1214	1214	19
9558	10798	262
9558	9116	134
12802	8111	147
18131	19515	58
18131	3342	58
18131	18133	176
4103	22893	7
4103	15626	23
12320	8113	236
19821	6630	166
17070	23196	88
14586	2633	72
8671	9116	323
8671	6140	157
16882	14957	138
7976	836	59
7976	16817	59
22893	12994	58
1876	2855	319
6183	1436	48
21585	10854	319
5399	20028	32
5399	3870	86
5399	6403	154
22880	10339	172
4712	4712	160
4712	4775	334
3443	10606	134
12746	13473	72
13926	13927	160
4236	17020	164
4540	7621	75
4540	7621	168
17129	22596	72
24245	23635	320
12315	12315	24
15952	23635	160
8012	17020	164
8012	7452	99
2495	16919	246
2495	16863	65
20848	19722	72
10955	17064	221
10955	22904	7
9661	8585	278
21979	14721	319
4942	17020	164
4942	7452	99
4844	9116	134
4844	3748	273
12609	15444	23
15361	2238	177
15361	6630	166
9189	7350	72
22264	19777	173
22264	6271	334
12379	6257	32
12379	1320	165
12379	22921	7
20503	11586	339
9978	12994	58
19080	19079	250
19080	19078	250
23930	15626	23
21586	23538	349
14050	23182	101
14050	24177	32
14050	22910	7
14050	15626	23
12322	13473	72
3524	6271	334
4765	17020	164
18559	22904	105
13094	13090	320
8069	22870	282
17434	10640	221
17434	20139	297
17434	20143	169
12131	3940	13
14498	14566	221
14498	16058	221
21326	6580	14
21326	9366	134
9848	9849	48
9848	9849	168
17093	2397	58
3587	7993	230
3587	7993	231
8263	12362	236
8263	12693	236
6213	23631	86
6213	14686	134
6213	22904	7
17293	9116	323
17293	16666	157
16871	16417	32
16871	16932	89
16871	998	257
16871	998	255
10618	17219	221
6766	3351	86
21411	10977	94
21411	14373	319
22835	6894	319
13279	17020	164
1262	3056	94
1262	5229	262
1262	3056	349
1262	962	103
9598	19974	174
9598	17312	160
9598	9587	160
1627	17020	164
1627	7452	99
7286	13348	283
7286	22900	7
7272	1301	86
10163	12001	32
10163	3434	86
19368	6630	166
19368	16612	134
15425	15694	160
22747	15952	287
18165	9116	134
17119	7708	86
3056	17445	284
1595	11458	327
1595	9524	257
24449	24448	160
3405	13199	154
12742	17020	164
12742	7452	99
21415	8491	56
9309	3899	339
5288	2016	121
18921	15256	168
13116	8065	349
13116	23538	349
13116	15071	319
21559	22271	319
21559	18233	56
13552	24140	94
13552	24140	319
13552	8491	56
14685	4205	319
22746	2352	288
16423	12558	94
16423	12558	349
16423	14056	319
21101	1789	273
14049	14986	32
21736	6630	166
20656	17020	164
20656	7452	99
20656	15911	112
3666	17020	164
3666	7452	99
3666	6713	227
8873	20047	75
8873	20047	168
17781	11095	319
17781	14771	319
17781	5795	205
17781	4343	103
19321	11202	56
19321	22892	97
2465	2455	150
11048	12994	32
11048	11161	154
19483	12994	284
13073	6308	186
10990	16863	232
10990	12994	86
16863	10990	327
23533	3290	319
23770	17646	233
19694	8134	276
19694	13935	151
19694	19690	326
21647	20884	56
15095	3951	329
15095	19970	329
19930	12352	339
5372	22904	7
15911	17020	164
15911	7452	99
21607	21607	24
21607	20651	134
22919	24573	58
6209	7705	32
6525	4487	157
6525	6140	157
6525	10023	134
12429	14865	75
12429	14865	168
20339	8671	134
7641	4263	32
2747	12994	86
3348	12994	183
2851	6140	157
7735	17020	164
7735	7452	99
9930	12994	275
20970	15957	32
22275	24559	283
22316	10043	23
1187	12368	65
955	12516	32
12365	16919	275
15527	22677	24
15527	7434	24
15527	7350	147
19570	7350	183
13547	24122	280
17255	3178	138
9601	9600	24
9601	9601	24
9601	9601	122
9601	4386	273
16210	9116	134
12194	1064	236
12194	3366	236
12194	8426	236
10084	2431	288
10084	12386	288
3659	16701	72
14135	16774	129
18449	12600	142
16432	348	121
23936	10291	154
23936	11161	154
18671	18670	190
10085	12319	288
10085	12067	288
6425	24071	297
6425	18396	346
6425	3438	346
18016	23602	26
21432	4797	319
21432	4305	349
19402	4697	121
19402	5029	349
19402	5029	208
19402	5029	209
19402	17766	274
19402	1265	325
16177	22892	97
4797	23074	317
22628	5029	262
23157	5029	319
23157	16740	319
23157	6630	166
21046	15074	273
8144	19781	174
8223	22921	7
8223	7824	317
12984	3996	160
23862	23635	320
4864	23635	320
4864	11797	75
12055	23635	320
6048	23635	320
9218	13887	75
23607	14735	75
15257	4820	75
15257	4820	168
15819	22857	75
15819	22857	168
9075	3387	75
9075	3387	168
24509	6176	75
24509	6176	168
5308	19926	320
5308	5307	75
7125	19926	320
12665	19926	320
8611	19926	320
15842	19926	320
616	19926	320
21001	8751	75
21001	8751	168
24138	1341	75
20047	8873	160
7732	18215	319
7732	5795	205
22292	14259	268
5070	8134	185
18429	17131	75
18429	17131	168
11698	1949	101
11698	9281	101
6519	6518	75
6519	6518	168
4261	12994	275
11840	12994	275
11931	12994	275
11931	8609	37
17116	17020	164
17116	7452	99
15748	12994	275
16632	12994	275
22340	12994	275
14103	3226	75
14103	3226	168
14933	3979	168
12656	23070	75
12656	23070	168
12484	2579	75
12484	2579	168
12637	23858	75
4199	2551	168
8609	12994	275
7529	4861	75
9196	16061	168
9867	8560	75
23636	8111	320
23618	8111	320
17080	8111	320
15434	8111	320
14650	8111	320
4104	22904	7
2342	8111	320
17782	13090	320
18679	13090	320
20074	13090	320
12262	13090	320
12302	13090	320
12761	13090	320
8564	13090	320
1986	13090	320
1986	8448	168
1294	13090	320
10159	12994	32
10159	12994	86
10159	22904	7
10159	16058	165
16947	2541	26
19557	19777	174
19557	6271	334
3796	5324	7
23122	348	245
23385	16701	32
23385	16701	86
22534	17293	134
20605	10708	24
8867	9149	319
8867	22892	97
12699	8875	7
7702	8134	72
10056	18152	262
10798	7473	134
10798	21480	18
10798	21362	18
10798	21480	19
10798	21362	19
8936	377	273
5400	23602	26
21339	17469	273
21339	17718	273
15677	10914	56
1188	12994	32
13523	17449	205
13523	22892	97
1916	16417	88
22810	4133	232
4133	22553	32
4133	22553	86
7720	6630	166
12589	8727	100
2761	22950	160
11065	12994	86
8818	5645	173
11704	13089	173
11704	12076	160
8733	5645	173
19185	6012	173
4870	22950	160
19670	5645	173
2771	6012	173
6026	23631	86
8039	3748	273
10551	22904	7
10551	6306	115
10551	15238	23
7536	11618	65
21716	2853	122
8031	14064	154
8031	8760	153
8031	14064	153
2698	2696	160
8964	19376	160
2443	6235	160
1305	8111	160
20164	8111	160
4579	8111	160
14263	8111	160
20084	8111	160
9468	8111	160
713	8111	160
14823	8111	160
3031	8111	160
6274	8111	160
4529	8111	160
14773	8111	160
15811	8111	160
23613	8111	160
12434	8111	160
9361	8111	160
12762	8111	160
8560	9867	160
5148	9196	275
16061	9196	275
1191	11648	160
24271	12065	275
12066	12065	275
7621	4540	160
4512	8994	160
4861	7529	160
8608	9576	160
14523	5755	160
2853	3879	273
2853	8039	18
2853	8039	19
21781	2832	205
21781	22370	25
21	23766	26
21	8706	26
2737	10606	134
2737	2737	18
2737	2737	18
2737	2737	19
2737	2737	19
7388	6308	115
20637	10606	134
20637	17469	273
19815	11119	160
2551	4199	160
3489	16107	160
2579	12484	160
23070	12656	160
23858	12637	160
3226	14103	160
8448	13090	320
8448	1986	275
10107	13090	320
24077	13090	320
16487	13090	320
12240	13090	320
8607	13090	320
12520	13090	320
8569	7927	160
6524	4852	138
17714	3343	160
13575	3343	160
6259	8873	160
9453	8873	160
19954	8873	160
4769	20080	160
6518	6519	160
3102	3178	138
3102	3178	339
12868	3178	339
6558	3178	138
6558	3178	339
9038	3178	138
9038	3178	339
18702	3178	138
18702	3178	339
14214	3178	138
14214	3178	339
19833	3178	138
19833	3178	339
20374	3178	339
6791	3178	138
6791	3178	339
20581	3178	138
20581	3178	339
16568	3178	138
16568	3178	339
3594	17958	145
9344	3178	138
9344	3178	339
8297	3178	339
2651	3178	339
19940	3178	138
19940	3178	339
14528	3178	138
14528	3178	339
14264	3178	138
14264	3178	339
3874	3178	138
3874	3178	339
18285	3178	138
18285	3178	339
17067	3178	138
17067	3178	339
3015	3178	138
3015	3178	339
22666	3178	138
22666	3178	339
22499	3178	138
22499	3178	339
3192	3178	138
3192	3178	339
17131	18429	160
20419	4646	160
3695	4646	160
12936	4646	160
4530	4646	160
3829	17382	160
3281	17382	160
17772	23668	160
4887	7959	160
14872	7959	160
14587	22859	160
8631	8134	72
12179	23382	160
22531	23382	160
13831	20256	160
8751	21001	160
24333	6047	160
8637	14944	160
4984	22504	339
14193	22504	339
16141	9181	100
16141	19956	86
16141	8134	212
16141	22910	7
7347	1291	160
19378	1291	160
24049	1291	275
2605	22504	339
8610	22504	339
2718	22504	339
2607	22504	339
13153	22504	339
6262	4206	275
6262	22504	339
6268	4206	275
6268	22504	339
6539	4206	275
23059	4206	160
23059	22504	339
23759	4206	275
23759	22504	339
23762	4206	275
23762	22504	339
1344	12165	160
12948	12165	160
22963	12165	160
20456	22504	339
2048	22504	339
13154	22504	339
12777	13154	160
23761	22504	339
10358	22504	339
18780	22504	339
12326	22504	339
4768	22504	339
5149	22504	339
19715	3351	274
18774	22504	339
20457	22504	339
6261	22504	339
22962	22504	339
13155	22504	339
17597	22504	339
12282	22504	339
5153	16638	160
12327	16638	160
15697	22504	339
22676	22504	339
7129	22504	339
16395	19926	160
16624	19926	160
6349	19926	160
5307	19926	160
5307	5308	160
12400	19926	160
16584	19926	160
14978	19926	160
14941	19926	160
6867	19926	160
7514	19926	160
5594	14581	160
6176	24509	160
12250	7211	160
3387	9075	160
22857	15819	160
4952	3637	160
19700	12950	160
4820	15257	160
9405	3178	138
9405	3178	339
8987	3178	138
8987	3178	339
8874	17230	160
11817	13254	160
18121	23635	160
4183	23635	160
11797	23635	160
11797	4864	160
14644	348	121
3483	23635	160
5681	23635	160
6668	23635	160
3657	23635	160
9502	23635	160
17892	23635	160
11820	23635	160
19580	23635	160
15891	23635	160
16104	23635	160
19924	23635	160
1468	23635	160
16293	23635	160
20028	23635	160
3398	6049	160
19714	23637	160
14375	1436	284
24181	6630	166
9188	7343	226
894	2108	149
9837	4652	221
9837	12994	283
23911	7312	273
675	9116	134
675	3879	273
2248	22892	97
6511	6701	262
6511	8545	97
18561	22904	105
16735	9116	134
16735	10606	134
16735	3879	273
17967	8134	72
6935	18495	262
6935	11287	14
16098	20654	72
3449	9116	134
10319	9366	134
10319	14897	273
10319	5092	18
10319	14185	18
10319	5092	19
10319	14185	19
16647	17020	164
16647	7452	99
8283	6436	334
12987	12994	86
18175	1606	282
16645	6337	319
16645	1638	319
888	22481	149
4550	20955	319
7701	2218	230
7701	19694	230
7701	2218	231
7701	19694	231
7178	17127	284
19024	8924	205
19024	22892	97
10789	10789	24
10789	17469	273
1841	6738	281
18808	17469	273
6182	15698	32
23090	8550	32
23090	8550	86
14378	14378	93
14378	7519	266
14378	14378	266
3456	17502	221
4100	12004	32
10863	10606	134
6102	12697	58
13025	17020	164
13025	7452	99
6838	6839	243
6838	6838	112
14771	15957	32
8208	8134	72
4348	7678	327
10145	19926	160
10145	12665	160
23609	19926	160
23609	8611	160
23609	616	160
8868	11164	160
14735	23607	160
17135	15770	160
24135	23635	160
24135	4864	160
4142	12994	32
23016	17020	164
23016	7452	99
23016	6713	227
6647	17020	164
6647	7452	99
7482	16846	262
9217	8216	255
9603	15393	7
10147	3847	319
2550	22961	167
11022	3434	86
16505	998	327
4710	14770	32
4710	22607	153
18897	8839	86
18897	10096	221
24263	1846	160
3579	10606	134
20134	704	134
8806	10606	134
8806	4960	273
22715	4083	144
22715	21082	325
21082	22715	259
20512	20512	24
11989	17293	134
18930	7788	86
18930	7788	284
18930	12994	283
22250	19420	319
22250	17592	319
22250	14328	205
9034	8134	72
7991	8075	154
17409	12041	262
17409	8326	262
8498	8134	72
22034	22921	7
22034	6194	154
22034	1653	153
12001	12994	48
8395	6427	24
8395	6787	18
8395	6787	19
6890	348	121
21687	9116	134
6892	6494	273
6892	3748	273
12325	3115	72
12325	16701	72
13434	10114	32
13434	10114	212
13434	10114	165
4572	9080	172
24051	12994	86
11157	2532	26
11157	5855	23
1772	3602	160
10874	3378	86
10874	7473	134
10874	21564	18
10874	21564	19
11287	2299	18
11287	2299	19
22059	4386	273
13118	10191	349
13118	10423	319
23623	7902	134
18498	12994	183
3906	10514	319
21140	10798	18
21140	10798	19
15812	8134	72
961	8091	257
1003	7708	86
6938	3384	32
6938	12994	86
2299	18057	122
2299	11287	18
2299	11287	19
22199	7028	329
10525	14516	257
11071	17756	317
22915	7401	339
140	1789	273
140	3748	273
21806	17699	103
21806	21250	97
12385	19974	174
21153	10771	122
6242	10606	134
6815	10606	134
6815	4960	273
6815	17469	273
11990	9116	134
22132	23631	32
22132	12994	86
22132	17064	221
1987	8134	72
17026	17020	164
17026	7452	99
20371	11011	319
20371	11011	205
20371	22347	56
20371	6630	166
5226	13540	32
5226	6308	115
17431	15491	111
21573	19444	262
21646	17469	273
6143	4756	134
6143	4694	134
23857	19920	252
17021	23735	122
17021	9116	134
17021	3748	273
3758	496	66
3758	2016	121
20311	6267	86
21795	18422	122
11033	7776	32
11033	12994	32
11033	11033	317
15558	21480	18
15558	14379	18
15558	15481	18
15558	21480	19
15558	14379	19
15558	15481	19
6061	20594	274
6061	9116	134
21632	24511	24
20257	9116	134
20257	475	273
20257	20257	18
20257	20257	19
5092	18534	273
5092	18534	18
5092	15195	18
5092	10319	18
5092	6580	18
5092	18534	19
5092	15195	19
5092	10319	19
5092	6580	19
7406	3439	103
4229	18535	18
4229	21298	19
4229	18535	19
16438	24176	221
21669	13090	147
18180	13805	32
18180	2713	86
18180	12994	86
18180	12001	212
18180	12001	72
18180	6256	197
22892	16447	129
22892	15114	233
16271	6630	166
20051	17020	164
9058	364	1
10696	23631	32
10696	12994	86
10696	1644	317
19481	15652	323
16236	3748	273
3744	22892	97
3744	23749	349
11025	12994	32
11025	3434	86
9073	6634	18
9073	6634	19
4573	5723	24
1384	22881	7
19968	10571	122
716	12994	32
716	24176	221
13086	24136	86
567	13086	319
13829	13828	58
3753	11669	319
24157	6630	166
7767	7767	122
20402	4847	32
9233	16887	86
21133	18845	94
21133	18845	349
12780	18195	18
21298	3748	273
7152	7939	79
7152	14311	319
13291	24003	255
16244	17020	164
16244	7452	99
2752	12994	86
8843	10606	134
8843	17469	273
23608	4487	157
23608	10606	134
23780	11776	210
23780	23780	319
9406	2917	18
13362	758	263
21690	12442	18
21690	12442	19
10297	16397	109
16642	6630	166
16642	1331	278
5002	17866	32
12421	10930	68
23603	14497	65
23603	4100	65
23603	10824	65
18967	12848	339
4853	18934	319
3097	8134	72
8869	8134	72
14312	15415	238
14312	17683	282
9002	9024	153
19441	24611	48
11289	5978	319
1105	6140	157
1105	13198	157
14280	9116	134
22910	8131	1
13853	7473	134
13097	9052	88
20205	8134	72
21439	4083	319
18713	20731	48
8706	15681	65
6552	7229	129
20608	4644	130
20608	6153	160
20608	6154	160
19998	10606	134
1971	10606	134
6331	4943	23
6331	6269	221
10638	2431	32
11222	15410	275
18501	23631	72
21947	20727	121
21947	1336	339
14080	6811	115
11968	12994	32
13860	21501	18
13860	21501	19
15307	10096	221
7670	12001	32
5379	12994	86
5379	992	154
5379	11075	153
23778	8134	72
19697	17469	273
7678	4348	232
10547	16701	252
10547	8134	252
10547	10545	166
10547	6630	166
24100	18436	319
3025	7473	134
4966	3676	175
4966	3676	254
15408	7473	134
24247	10141	233
4129	22553	86
1789	3748	96
1789	3748	95
23765	11838	160
14058	10096	221
24213	2063	69
8243	20651	134
8243	3879	273
8243	17469	273
18450	8134	72
9524	1595	52
5136	23381	160
18076	17253	23
12639	16492	281
10947	12994	86
10947	19082	212
24581	7708	86
24581	5610	238
12324	13090	183
12324	14245	213
12324	13542	213
6597	2016	121
6295	17020	164
6295	7452	99
14940	12397	252
14940	19920	252
14940	6630	166
16164	22020	284
13683	17234	232
16803	16803	160
17868	2032	1
18599	20028	32
18599	8091	257
17784	13090	320
21215	7902	134
5027	17020	164
5027	7452	99
1681	8134	72
14383	3964	329
14383	20492	189
2251	10114	72
15618	21997	259
942	17469	273
6574	12994	86
6574	4107	232
19224	19937	72
22515	17766	274
16943	2448	86
16943	2050	115
16943	17875	154
16943	8102	153
16943	5628	153
16182	2580	262
16182	9116	134
17265	11052	262
17265	22275	14
17265	3748	273
2852	3055	262
2852	1209	14
2852	17766	274
5825	1214	14
5825	8671	134
7644	8134	183
15991	15952	274
8925	8134	32
8925	8134	212
13484	9522	32
23895	16129	149
8593	7537	227
7390	19952	160
12792	8134	72
10919	5571	23
10919	6956	23
9908	9154	165
9908	15238	23
7787	11661	160
6589	17219	264
6589	24176	264
15903	6630	166
2217	12994	184
2217	805	151
2306	8134	72
4131	5855	23
4131	1393	23
4131	6856	23
4131	24163	23
24322	7350	185
21335	22563	24
21335	12994	147
5233	3065	327
14330	3922	282
20899	10114	72
18448	4232	86
7031	19555	142
15424	15425	58
17601	16896	32
17601	8552	86
2526	23602	161
7671	1706	238
12504	6966	221
465	22072	26
17659	9228	198
24095	17020	164
24095	7452	99
4453	4454	112
20855	8134	72
4601	8706	26
4601	16044	26
7437	475	273
20703	20330	263
23568	15274	23
2198	3434	72
20308	15626	23
9409	8134	72
24460	9116	134
24460	16210	18
24460	16210	19
24460	17215	19
20025	23990	349
19664	8671	134
22895	11884	52
1930	22913	7
998	7708	32
998	5610	238
998	16871	327
998	16505	255
13180	12994	86
11106	11386	18
11106	11386	19
6000	20658	115
15306	10854	262
15306	10854	319
15306	18011	319
15306	5278	56
18906	4649	97
6248	13945	134
15733	8016	94
15733	980	325
9501	18306	227
17160	20651	134
7748	13797	94
7748	13797	262
7748	6746	349
7748	16525	319
7748	15071	319
18171	22921	7
1471	17020	164
1471	7452	99
13000	15362	224
1939	3351	301
1939	23635	301
1939	3351	32
1939	3351	86
23315	19956	32
23315	20169	115
10143	9730	262
10143	9730	349
21091	20949	319
21091	23984	111
16754	12006	32
5353	18432	134
5353	17469	273
5353	13123	18
5353	13123	19
13453	12686	173
4684	9366	134
4684	20781	18
4684	20781	19
21141	7278	24
21141	20730	24
21141	9366	134
14253	12802	18
9984	9984	24
16389	8605	250
16389	7350	183
6514	13288	327
10303	348	121
21723	21723	24
21723	5589	273
19765	18216	262
2297	9366	134
4525	13180	280
4525	1606	282
16996	2860	262
16996	6630	166
16216	12994	86
16216	2154	212
621	7131	198
15326	9366	323
15326	6140	157
2954	9366	134
2954	8740	19
14900	9366	134
8983	12994	32
11329	7708	86
11329	23832	238
11329	13090	275
18677	10068	221
11458	22910	7
11458	1595	52
11458	9524	257
11458	18370	257
21420	348	121
14097	1928	262
14097	9366	134
12793	4840	1
17907	17020	164
17907	7452	99
17907	16065	112
17907	6671	112
18010	24140	154
7981	3186	7
11080	19926	275
11080	22136	255
1467	17020	164
1467	7452	99
1467	16065	112
3586	3291	349
2609	22892	97
15889	6630	166
15889	14410	282
15889	3922	282
4276	20047	32
3355	12994	48
9153	3681	227
10198	12994	32
4214	4764	35
19348	8671	134
11272	12257	32
11272	3115	32
19089	23635	274
19089	8671	134
19089	6630	166
17432	20163	339
15263	20163	339
13555	20458	317
17947	8134	72
467	20451	282
3138	20466	227
4355	8134	32
4355	8134	283
4355	8134	212
4355	8006	115
8950	20332	7
8950	20169	115
23600	16965	270
23600	11843	270
1703	5855	23
9320	20163	339
24040	4847	49
5965	10606	134
15310	3351	160
20959	12149	319
7860	1475	135
18223	17469	273
18223	14016	18
18223	12953	18
18223	14016	19
18223	12953	19
16249	23635	320
10509	6183	32
10509	6183	86
10509	6183	212
14894	14893	93
14894	15430	134
8124	8134	212
24459	17469	273
22100	3433	301
19563	6630	166
10903	13199	153
6752	16227	23
6752	19920	212
6853	1475	135
6853	7537	227
17111	17020	164
17111	7452	99
7021	23087	188
23087	7021	329
23087	7021	189
23087	3561	189
6390	12994	32
14036	12994	86
1335	5338	269
1335	4683	69
18814	22904	7
5061	275	293
9614	16053	165
15234	7508	145
15234	7508	183
5795	12994	86
21262	3063	68
21262	348	121
21262	7777	278
3511	2218	93
3511	15425	183
3511	21210	215
3511	2016	121
18356	7641	154
16903	22776	334
13395	22776	334
19826	11003	262
19826	11003	14
19826	1789	273
2806	19063	32
2806	7473	134
23445	15114	231
23772	8096	129
1812	17803	273
8556	22070	134
19447	12688	339
11668	16073	23
23351	20167	35
23259	12352	339
23259	22273	257
4386	3748	96
4386	3748	95
16160	7702	32
16160	8134	212
23707	4317	103
23707	22892	97
1399	1352	319
1399	19129	319
1399	6325	319
1399	22892	97
9569	10798	67
9569	9116	134
11398	8134	183
23750	364	1
20857	17020	164
17756	11071	317
17619	2397	86
23181	22430	262
19081	19079	314
12345	22776	334
10968	8839	32
15169	22776	334
4994	18898	112
14642	17458	18
14642	17458	19
8299	22931	7
2854	4943	23
22017	14336	94
10668	20911	59
23515	23984	262
11079	4602	23
17258	15363	215
5575	8134	72
23723	17817	160
17660	17020	164
2156	7452	99
13503	17020	164
13503	7452	99
16689	17020	164
16689	7452	99
22639	2830	173
2131	10974	232
8420	7452	99
12050	8134	212
12050	8134	321
15441	17817	160
1238	16012	18
1238	16012	19
13359	7516	58
13359	24175	58
13359	10094	203
2485	18767	65
2485	921	65
13270	3532	327
13270	3532	179
19044	8134	72
19561	8134	72
16625	16626	261
3532	13270	139
5009	9195	32
5009	22921	7
14497	16069	23
1933	12001	72
24006	7665	327
11201	24069	139
11006	13034	327
24069	11201	327
24069	11201	179
24344	12848	339
18840	22921	7
18840	15626	23
23959	12994	32
22656	6642	100
22656	15626	23
10774	16666	157
5214	23763	284
5214	19299	26
5214	2504	26
23316	10606	134
12664	12994	275
17815	3971	339
21271	18289	18
21271	18289	19
18072	19686	273
16753	13696	317
16753	18506	284
17804	12994	183
5704	17020	164
5704	7452	99
10036	8134	72
3098	15372	319
5570	19090	259
11107	6701	262
11107	23968	349
11107	15209	319
11107	22892	97
14988	9995	325
9995	4700	274
9995	14988	259
8278	7332	154
8278	22607	154
18915	11126	160
17806	2352	147
650	8839	283
147	19146	26
147	2532	26
147	23766	26
147	8706	26
147	8706	26
19835	3343	160
19939	22504	339
6439	8134	72
19417	20739	112
9258	10606	134
9258	4451	18
9258	4451	19
8171	4646	160
2707	23769	275
2179	12938	160
12974	4647	160
24444	23190	134
2920	20474	273
2920	5092	18
2920	5092	19
2920	14899	19
19196	22921	7
4255	3351	252
4255	6630	166
8302	9116	134
7500	1612	71
22279	3186	7
14833	13162	266
4154	4386	273
22445	20047	32
22445	17293	134
22445	9116	134
12544	17469	273
12544	3579	18
12544	15629	18
12544	3579	19
4891	17020	164
4891	19004	227
9560	10606	134
892	8706	26
892	12462	5
4691	8134	72
2108	2108	226
21624	2218	66
1716	12686	173
16739	6140	157
16739	10606	134
16739	20107	18
16739	20107	19
17614	22281	86
22928	18967	58
22928	22940	1
22911	2034	1
2911	2910	160
2911	6271	334
4751	5911	160
4751	6271	334
4751	5911	160
17674	17638	327
10226	11199	94
10226	8065	349
10226	6630	166
18568	14408	283
17638	17674	255
2716	8134	58
13728	76	119
12224	11800	24
8053	1606	282
3737	19882	232
16237	19974	238
8991	6509	317
4515	7686	262
4515	17899	325
17899	4515	259
17899	19916	325
16116	11831	18
16116	11831	19
21235	8671	134
21235	3748	273
11803	14775	127
20417	15693	98
14006	23709	234
15801	20330	263
5614	17020	164
5614	7452	99
5614	16065	112
3466	17811	319
3466	7506	319
4013	5609	173
4013	14769	72
13092	12352	339
13092	13090	320
2556	2016	121
11008	12687	229
11208	12686	229
11208	22411	32
11208	12983	317
19978	13993	24
19978	6624	18
19978	6624	19
13477	13476	252
13477	10029	166
15270	9044	32
4220	4220	255
16829	22776	334
11872	10606	134
11872	3231	18
11872	3231	19
3798	24163	23
6272	12686	173
4933	2401	285
16655	10114	72
18295	8549	183
15427	18313	142
15427	23622	188
7818	8134	72
1397	8288	256
1397	8288	300
1397	12344	300
17248	3433	32
17248	24062	86
17248	12994	284
12149	8171	32
18905	7473	134
6696	3748	273
20472	18432	134
13497	23204	232
6573	14686	204
11257	2397	32
18822	12994	32
18822	12994	147
18822	5184	134
22104	11012	139
18471	15671	88
18471	6857	158
24268	10547	109
24268	10547	57
7134	16009	155
21618	13483	319
21618	2029	97
22030	5503	204
14256	7370	134
14256	19444	262
20277	2165	18
20277	17444	18
20277	6094	18
20277	2165	19
20277	17444	19
7284	17064	221
8000	2397	183
9459	4305	94
9459	22222	319
9459	17561	103
13517	18255	325
1816	1817	317
14230	16887	145
12734	2806	18
12734	2806	19
13208	3727	214
20301	12994	32
16930	1392	233
4705	12686	173
23192	6271	334
22898	7401	339
22898	12352	339
12668	24504	32
6649	22790	160
9667	5943	138
900	1300	66
18370	8134	212
24266	22776	334
2429	2420	142
20511	23984	111
20511	20742	97
15385	4386	273
13711	6271	334
19457	15238	23
4354	12994	32
11349	24176	221
24456	6213	154
21014	14577	233
6391	23832	238
4099	14641	7
4099	22098	327
19972	8134	72
8093	13090	32
8093	4767	283
8093	22898	7
1398	6630	166
2913	9998	259
10877	16666	157
10877	10606	134
2341	4567	160
17491	22258	334
14149	7473	134
7871	4305	20
7871	6630	166
8570	8055	260
23841	3351	160
17839	4700	274
4475	16949	122
4475	1436	147
4475	20651	134
4475	24070	273
3340	8134	32
1574	10034	23
4124	12994	86
11097	23659	32
4152	12994	86
12941	20995	195
4306	12994	147
4306	20651	134
13430	17423	232
18202	12568	327
18202	12568	260
23191	8516	230
3715	14679	221
8264	24076	32
8264	3748	273
8264	17469	273
8264	6024	18
8264	6024	19
15094	14958	339
21790	7473	134
23145	10054	59
23145	9676	227
6041	22703	32
8735	719	24
13321	14261	224
15654	11280	20
23982	10446	255
18958	1328	214
18958	18690	214
18690	14958	339
18690	18958	214
6633	14958	339
6633	1328	214
1328	6633	214
1328	18958	214
15808	13484	262
15808	996	262
15808	13484	319
15808	9147	319
6621	14958	339
6621	23643	214
13583	11310	198
23542	14958	339
17821	14958	339
1651	15405	86
1651	6396	54
1651	11059	54
1651	8091	280
20094	2871	188
7269	23897	32
16834	22776	334
10338	19781	238
7278	9366	134
993	15659	339
24043	7537	227
9198	22870	1
9198	4767	58
16868	8134	32
15304	20651	134
15304	5184	134
2312	2855	319
18211	7436	32
5306	2441	307
5306	2441	176
9497	9914	112
17126	3351	160
22922	7401	339
15692	19937	72
18686	20911	59
2535	19166	246
8415	9366	134
772	481	329
772	18385	329
10355	10798	18
10355	10798	19
10154	11661	275
14625	11661	275
20845	11661	160
20845	8712	160
22992	11661	160
9860	11661	160
11711	11661	160
1053	19956	86
17884	12349	160
17884	22724	339
23185	22724	339
13924	12349	160
13924	22724	339
11710	11661	160
16166	13090	320
16166	16166	286
12079	11661	275
5992	24136	86
20792	11661	275
6510	6523	255
8164	23635	184
8164	13935	151
8164	8164	326
20328	12006	32
24019	19299	26
8592	2633	337
8592	7350	337
13688	23635	275
13688	5203	255
19423	8592	32
3680	17020	164
3680	7452	99
19003	13094	7
19003	8111	275
19003	14054	255
14054	8111	32
14054	23197	23
14054	3755	196
14054	19003	327
14054	8111	275
2643	8111	183
7554	19607	153
7275	8910	32
7275	8134	212
19291	11661	275
10824	12004	284
677	6630	166
20058	15003	263
6096	19956	228
6096	3661	342
6096	8706	342
20459	8134	72
644	19050	112
3262	22984	97
13916	10606	134
13916	13916	18
13916	13916	19
21874	23980	94
19599	6630	166
11340	9366	134
11340	24107	18
11340	24107	19
7316	14419	288
12415	8592	58
14242	5070	327
14242	9154	263
13779	8488	327
10535	19545	26
10506	11467	329
17232	8910	32
9983	11892	32
9983	19722	32
10942	9366	221
10942	9366	134
10942	24107	18
10942	24107	19
23252	2108	149
23252	734	328
794	10054	59
11831	10606	134
11831	617	18
11831	617	19
7924	7473	134
9206	13272	32
5596	6549	93
13632	4697	121
13632	24090	259
9358	6260	160
1696	4487	157
1696	10606	134
1696	1559	18
1696	8063	19
1696	1559	19
14963	15161	32
14963	15161	283
4726	19974	251
4726	19974	250
4726	17897	250
4726	4695	183
1714	17954	259
21761	11071	319
10943	15626	23
15702	15694	160
11143	21264	19
10331	15425	32
10331	22168	134
10331	20054	134
17775	19956	72
3295	8542	100
3295	20420	7
14846	1605	344
18051	7473	134
18051	3748	273
18051	18419	18
18051	18419	19
4030	10029	166
4030	10029	212
15593	20339	14
21020	20339	262
21020	20339	14
21020	8671	134
21020	20339	325
831	9575	262
831	18705	274
63	4764	35
14712	17361	32
14712	14945	86
14712	2787	134
20645	6303	150
12968	1400	330
12968	7512	330
12968	7512	330
4692	10040	110
4692	19722	72
3076	2218	97
3076	2218	215
3076	4060	215
19592	13661	327
13068	18882	7
16324	20373	93
16324	20373	269
21462	10952	319
4204	23635	32
4204	18138	7
12040	23620	139
12344	475	273
12344	9438	18
12344	9438	19
2709	3957	319
12479	12588	153
22820	3748	273
4636	24028	183
13093	13090	320
17817	3971	339
20129	3056	94
20129	3056	349
20129	962	103
17233	8910	32
9119	23988	54
18459	15425	32
7304	17020	164
7304	7452	99
20582	4723	26
20582	18671	3
19098	6238	273
24294	19942	275
4087	17316	32
22723	15702	194
18863	22776	334
8882	12994	183
19528	12845	339
19528	6271	334
17163	13935	263
17897	2397	145
10963	19299	26
10963	2504	26
12476	8134	72
20111	17020	164
20111	16065	112
20111	6671	112
23706	8134	72
9519	9116	323
9519	6140	157
14653	15015	160
17387	10952	256
17387	4649	97
8852	17816	160
4312	3748	273
6301	8134	72
4730	15274	23
5871	10114	309
15890	6199	58
593	2016	245
17241	3434	72
5874	18152	262
5821	4545	79
18882	23767	1
20148	2016	245
20148	6630	166
18289	21271	18
18289	21271	19
24547	19956	32
5879	5671	18
5879	5671	19
5879	18374	19
18024	1771	26
18024	19299	26
19477	2218	106
11837	16713	255
18170	23763	284
15698	12996	236
14045	16083	262
14045	24396	325
23978	8111	86
23978	11205	327
23978	10463	257
23978	8111	275
18129	12664	58
18129	18132	286
10924	22934	7
10924	1606	282
7003	2448	142
9849	9848	160
20022	12994	275
8100	7702	86
20439	6271	334
4877	24190	275
18496	15687	26
21381	10981	262
21381	7473	134
6808	14030	232
16602	18898	112
12323	6547	152
17033	10732	319
17033	6009	319
17033	22892	97
15419	9366	323
15419	5184	323
19814	19385	101
19814	17255	86
19814	15238	23
20254	23602	26
22913	12352	339
14669	11586	339
9252	10906	0
23170	8671	134
23170	1690	273
623	1187	26
1200	10114	32
1200	10182	238
1200	1200	54
24293	19937	72
24336	19937	72
24336	19223	160
7565	1814	317
7565	12004	32
7772	22509	32
20772	11586	339
10051	12194	160
8543	8544	160
11914	19920	315
10585	19974	238
12311	8134	309
7553	10466	327
7553	10466	345
13549	4751	160
13549	6271	334
14116	4751	160
14116	6271	334
850	850	122
850	4660	273
850	3839	18
850	12521	18
850	12521	19
4406	19937	72
11263	13164	32
15959	2397	86
18826	19937	72
23183	7666	173
13617	13370	32
16866	15626	23
11785	22217	327
11785	22217	260
11785	22217	255
18441	16666	157
18441	10606	134
18441	1926	18
18441	1926	19
9604	9230	327
8586	3434	72
24436	10618	257
19621	19622	93
18184	12994	86
18184	5816	221
4098	15626	23
4098	15238	23
9076	17020	164
9076	7113	227
15384	12516	32
15384	3434	86
15384	22904	7
4308	8609	32
4308	12994	32
5085	9366	134
5085	4386	273
1944	15238	23
4493	2352	128
4493	2352	183
23226	13717	160
13679	3748	273
19386	10809	32
8946	5644	94
8946	22892	97
7842	9116	134
21181	1114	205
23973	6308	115
16932	5610	238
4915	3113	134
4915	9116	134
12581	19956	32
18711	19937	72
6885	13945	134
11205	10463	257
11205	23978	255
24614	6271	334
8139	3434	72
10179	10029	166
5192	8704	263
9230	9604	255
9230	9604	232
351	15698	147
351	6138	134
19177	14856	273
20557	19937	183
308	15269	262
308	22892	97
21922	2833	79
20525	20525	319
20525	21186	97
10564	23635	147
10564	8671	134
10564	9116	134
15170	693	157
15350	2633	309
15350	2633	228
20657	7371	134
23644	23746	100
23644	19956	57
23644	19956	212
23644	6308	115
23619	16666	157
23619	20651	134
9352	8315	327
17816	3971	339
11802	19734	221
7544	7541	231
14207	2163	171
18004	19807	32
18004	23631	32
18004	2218	106
18004	19807	147
5684	22168	134
12547	17449	18
12547	17449	19
2735	1606	282
11007	8110	275
21474	6988	319
21474	18225	56
21474	21474	97
856	20163	339
10592	23635	275
20952	10606	134
20952	17469	273
13620	7555	329
18487	4575	329
18487	15749	329
18487	3964	329
18487	17895	329
18487	20492	189
24496	14958	339
24496	17641	214
6314	5979	255
19419	5802	327
21597	16869	349
10994	22904	7
11794	7518	32
11794	17469	273
5031	9146	327
2910	19777	174
2910	2911	160
2910	6271	334
13194	10411	317
13194	10411	257
16153	10645	61
8707	7367	263
4673	3748	273
4673	16078	259
2675	12994	284
12374	21219	282
14845	8134	32
14845	10445	327
20299	10606	134
14199	693	157
16924	13830	160
12229	12383	145
8663	24216	112
1929	11586	339
1278	14945	86
1278	9360	134
6137	9116	134
6137	6494	273
6137	494	18
6137	494	19
18680	12994	274
18680	9116	134
8949	17361	32
8949	17199	32
8949	7867	23
22484	20727	121
6575	22931	7
9600	3748	273
9600	9601	18
9600	9601	19
19783	14769	72
4350	4351	150
5609	14769	72
6305	6305	350
15231	8134	72
9146	8518	255
9146	5031	255
12475	7708	228
8463	393	121
20227	15714	86
11859	1534	327
19556	19555	145
19556	19555	72
17096	4764	35
10711	17683	186
22482	3572	319
4808	15224	238
4808	10148	238
6401	12994	32
6401	12994	283
17569	9366	134
17569	5085	18
17569	5085	19
16649	10054	59
5877	2946	108
1002	17199	283
1002	22904	7
14516	12006	32
14516	10525	327
14516	10525	260
9024	23956	154
9024	10932	153
12658	15425	32
7341	15636	68
21648	8990	319
21648	9147	319
20029	2916	59
16362	15512	262
16362	20383	259
13347	8134	252
22878	8706	26
4130	8091	10
15701	18653	224
23617	22931	7
23617	5816	264
18350	13723	151
21583	9622	349
21583	17469	273
3728	11843	270
3081	8001	329
7571	16325	32
7571	17309	32
2947	2016	121
20731	10114	72
9958	19956	32
16748	9297	319
5509	22363	111
5509	3351	183
14462	5324	7
14462	20233	327
20233	14462	255
13349	22259	334
7949	3488	32
7949	10606	134
7949	16739	18
7949	16739	19
11204	10023	134
459	3221	86
11211	2718	32
11211	17729	86
14774	3735	47
14774	19188	214
15681	23763	284
15681	8706	26
15681	5856	23
15681	5571	23
23946	23985	327
18663	19956	228
2521	6531	246
15191	11854	255
19111	22892	97
6953	2088	94
6953	2088	262
6953	2088	349
6953	6500	319
6953	1922	319
1922	2088	317
20095	23635	32
16543	5324	7
1809	10114	309
11070	21837	18
11070	21837	19
16121	17818	339
15958	17818	339
1534	1606	282
1534	4601	197
1534	8706	26
7697	4351	150
7697	19920	145
11146	12516	32
22736	11661	183
18027	19920	32
22664	22357	262
19101	7480	175
19101	7480	254
16738	12994	32
22593	22596	72
1864	22667	48
1864	16887	48
11116	20107	19
8729	19481	134
8729	22695	18
17985	23900	32
17985	6140	157
17985	19481	134
3127	12994	147
3127	20651	134
3127	23249	157
10399	23956	153
9080	4572	238
13798	891	197
1985	17020	164
1985	7452	99
934	20653	7
4622	12688	339
4622	364	1
8740	5159	24
8740	15419	134
8740	2954	18
8740	2954	19
8537	2538	26
8537	23535	26
8537	11023	280
980	2218	66
980	15733	259
13165	3993	160
21755	7473	134
14560	9366	134
14560	14560	18
14560	14560	19
4329	3351	32
8051	4840	1
16983	17020	164
16983	12827	135
4591	4591	122
4591	17293	134
4014	20911	59
8021	21185	325
17493	17747	263
10887	9116	134
9103	20651	134
3101	23635	183
6372	10547	212
7163	17469	273
18816	10557	32
18558	18558	24
18558	4386	273
2434	10944	255
19090	9116	134
19090	5570	325
500	2643	233
500	9392	233
24000	1706	238
1602	1606	282
1602	17986	327
17986	1602	255
8902	9116	134
9977	17020	164
9977	7452	99
9977	6713	227
5916	2218	111
22956	21238	259
18460	9116	134
11738	3748	273
19015	17020	164
19015	7452	99
18920	12686	173
13827	8111	32
2310	9116	134
11021	19926	32
11021	10068	264
6515	22870	282
9131	20332	7
18848	22913	7
3627	3622	251
5447	24250	157
14212	7473	134
11730	16394	139
4093	13090	86
4093	6191	257
1603	9366	134
749	17020	164
16615	17276	270
16615	17278	270
23732	16074	23
22522	693	157
20575	18114	259
11058	12685	238
16035	6630	166
10142	4467	194
5345	18432	134
4889	12994	274
4889	10606	134
20602	920	339
20602	10246	184
7128	1802	134
13883	12994	32
13883	3342	147
13883	12994	147
52	2501	26
52	2522	26
10140	12994	252
10140	12516	252
10140	15425	252
10140	6630	166
24244	6630	166
13467	12686	173
19916	17899	259
23396	2076	40
23396	5184	265
17176	9366	134
1667	1089	227
20325	17020	164
20325	20326	112
11939	22320	97
13305	3588	288
17165	16537	319
17165	10049	68
17165	22320	66
19566	10021	212
19566	10021	72
15687	6191	65
15687	10241	65
11637	22776	334
11645	22776	334
13758	7112	134
15546	19956	86
15546	12422	327
21026	348	121
17240	16064	58
17240	14871	58
13066	14588	273
8555	22070	134
21701	11887	103
16297	20751	72
6738	1841	18
23005	16042	26
18710	15226	251
23893	4851	160
10944	9343	32
10944	2434	327
10944	8934	255
2051	12994	147
15943	22140	139
22140	23532	7
22140	3668	327
5461	2685	327
19758	3287	346
19758	23984	111
6340	10606	134
8112	8111	320
12043	3748	273
23705	8134	72
6987	2900	32
6987	12994	86
10384	2163	171
1006	21339	18
1006	21339	19
2821	10603	122
2821	1385	122
12222	12222	131
19687	9257	122
19687	7570	122
19687	12994	147
16178	10680	319
16178	22892	97
16178	19065	349
949	7708	32
23209	19956	32
10382	14945	86
10382	17356	157
10382	7473	134
858	9154	151
858	9154	263
6313	13090	32
6313	10606	134
19635	12994	274
12757	17020	164
12757	1717	112
10487	2202	32
10270	4468	339
10270	6271	334
3729	1605	344
16526	2900	32
5688	15117	339
6421	6422	273
14748	7558	319
16196	22904	7
16196	22893	7
16196	15626	23
24515	17020	164
12666	2633	252
1296	13090	32
1296	19951	134
1296	10606	134
1296	17469	273
1296	19027	273
1296	6815	18
1296	21632	18
1296	6815	19
1296	21632	19
22598	2033	1
11402	19722	32
11402	19722	86
3668	22140	255
18722	9366	134
18722	10857	18
7660	6325	319
7660	8974	319
2305	8134	72
2305	9409	98
19440	17020	164
19440	7452	99
8722	8721	327
7888	16641	327
377	12843	96
377	3351	183
8721	8722	255
9007	5215	255
23746	23644	101
23746	8134	212
23746	6308	115
23746	14064	153
20355	6630	166
12956	7473	134
11013	2714	283
927	20654	72
927	6271	334
18411	8675	329
9556	12994	133
22154	9116	134
12367	9406	319
12367	8924	68
12367	6630	166
12367	4637	121
20718	4764	35
20718	20717	279
16268	16268	24
16268	17293	134
16268	22534	18
16268	22534	19
24265	2824	32
24265	10021	212
24133	12847	339
6316	22221	94
6316	22221	262
6316	4317	103
20284	12994	32
20284	24298	18
20284	24298	19
7608	2352	32
7608	22921	7
4904	6630	166
14659	20167	35
12773	920	339
3598	5238	327
3598	10463	257
3598	16185	255
10523	5184	134
2868	18880	32
4241	10950	205
4241	22892	97
1656	8134	86
1656	20451	221
1656	12363	105
16091	16090	183
5454	10606	134
5454	7838	273
5529	24076	32
5529	7258	317
1830	17020	164
1830	7452	99
20560	1034	32
20923	18070	236
20923	6271	334
9605	13082	327
14293	22168	134
21602	13384	79
21602	3075	79
22965	9066	208
17348	8111	276
17348	19926	276
23335	20651	134
10927	9605	327
21766	6630	166
18026	7473	134
7942	24076	32
6050	24076	86
22897	1436	58
22897	12449	1
1314	22892	97
11103	1013	327
12351	15223	129
11825	17092	32
11825	15238	23
18676	10114	182
3177	17020	164
12966	12965	58
11291	14958	339
11291	23096	47
22918	8134	72
17011	7473	134
3063	13499	147
3923	6140	157
5540	2261	297
12716	20651	134
6798	12848	339
9640	2261	297
9640	10294	349
2308	2308	122
2308	12994	147
24009	4537	327
4721	2261	297
4721	10294	349
1920	19956	86
2777	10294	349
18108	2261	297
18108	10294	349
15600	2261	297
15600	10294	349
5811	3964	329
5811	6626	329
10227	10023	134
10227	7645	325
17429	15700	72
3799	18455	32
3799	4349	198
5845	5845	24
5845	5845	24
7140	19075	175
7140	19075	254
3917	17020	164
3917	7452	99
22012	9116	134
5832	3069	94
13705	5184	134
8293	2238	177
22014	16548	262
3545	6630	166
9427	1690	273
9427	568	325
568	1690	273
568	9427	259
19980	2828	173
19980	3351	160
13185	17683	241
5129	5085	262
5129	4386	273
5129	8961	325
16195	17418	102
16195	17418	127
23342	8910	15
23342	20818	15
4452	17020	164
4452	7452	99
8291	23096	47
14057	18591	101
14057	22910	7
12176	10606	134
3589	3587	190
10986	18042	86
15249	20651	134
9971	11952	238
4135	15626	23
24094	15527	262
24094	15527	14
21763	3351	147
10469	3351	32
10469	3351	283
4843	475	273
13715	7350	128
13715	7350	185
9671	17020	164
9671	7452	99
22094	1114	205
22094	7609	144
3572	348	245
22260	4649	66
22260	348	121
7876	24136	86
11049	12994	86
22136	11080	327
16426	5510	285
16710	17020	164
16710	7452	99
23961	13090	86
1644	12994	86
1644	10696	317
4537	14736	32
4537	24009	255
7598	3922	282
18748	14958	339
18748	23096	47
2644	18417	24
2644	15419	134
2644	9366	134
10909	2050	115
17921	10635	319
18683	6630	166
17988	20420	7
17988	14932	7
17988	14932	23
17706	7708	32
22149	18939	319
5595	12994	128
23558	8134	57
23558	8134	212
23558	22910	7
23558	2050	115
15117	19937	183
7167	10108	273
22938	24076	58
22938	22940	1
1374	10054	59
12342	2163	171
12423	348	121
17227	17231	232
3089	13714	157
6463	10606	134
4972	10606	134
22815	7473	134
22815	12167	273
1009	23933	327
712	17293	134
16791	2050	115
17189	17199	32
17189	17199	86
18623	12846	339
2283	5231	103
2283	22892	97
20329	12006	86
15833	3748	273
20543	20028	32
4686	10054	59
10466	7553	257
10466	7553	255
16263	7473	323
16263	6140	157
7672	1606	282
7707	8113	286
21973	16467	18
21973	16467	19
18546	17020	164
18546	7452	99
18349	12994	32
525	19048	180
525	9227	269
10429	6140	157
10429	16666	157
5746	17020	164
17800	17800	122
17800	7340	18
7115	8091	319
24573	14958	339
24573	23096	47
13248	14958	339
13248	23096	47
19772	4697	121
19772	10429	349
16506	4602	23
16700	16699	160
21525	7686	262
3673	12004	32
4459	16231	190
4459	20777	279
17330	22944	225
17330	6630	166
7665	12994	86
7665	24006	255
301	301	24
301	301	24
301	301	122
21300	18225	56
21300	5382	103
21300	10862	103
13596	10054	59
13596	12592	227
14857	4697	121
14857	20460	325
6493	2297	273
8926	20355	32
5332	393	245
5332	8134	185
5332	8134	72
5332	8134	145
15443	20492	329
15443	17895	329
15443	20492	189
4346	19956	212
4346	19956	72
13027	1615	65
6370	12006	32
670	22994	24
670	8134	147
670	9116	134
6897	10553	122
6897	17293	134
17170	4700	274
17170	9116	134
17170	3748	273
17170	19847	325
1126	19956	57
9680	17020	164
9680	7452	99
6459	17199	32
21068	18588	122
9472	14945	32
9472	6406	154
1591	1591	24
1591	17362	122
1591	18057	122
13333	348	245
13331	23155	231
20536	13416	97
12870	16387	286
1408	5184	134
8651	14958	339
8651	3338	214
16934	20139	154
21510	9059	262
21510	9366	134
21510	17472	273
6095	5166	349
6095	5166	262
22909	8631	58
22909	8134	72
6495	7940	122
6495	6495	122
6495	14394	122
6495	9116	134
3029	9116	134
3029	22721	18
16473	1436	32
22975	10114	72
9821	3748	273
9821	3685	325
5232	481	329
11198	11466	189
18043	6800	160
18043	22724	339
16165	7474	18
16165	7474	19
16294	8910	32
3792	8134	212
3792	2050	115
16737	8134	32
16737	8134	321
1524	16075	23
7376	12849	339
7376	4680	151
6171	3057	346
17599	8519	327
4534	6244	61
14755	17449	262
14755	17449	14
14755	8671	134
18457	23125	32
18740	22724	339
6059	8671	134
3623	3748	273
4095	9862	115
17993	15393	7
5432	2352	32
4213	20167	35
13423	13429	130
18766	17020	164
18766	7452	99
18766	3609	112
8048	2050	115
8487	21809	18
8487	21809	19
21713	18462	11
21713	5699	330
9239	2504	26
10669	4139	346
10669	4493	97
6394	22915	7
14000	9116	134
14000	24234	18
14000	24234	19
4144	13090	86
4144	10531	18
17910	5178	262
5144	2618	273
18222	12994	32
4978	22448	262
16699	16700	236
16699	3971	339
22868	19933	236
22868	3971	339
9555	6506	319
13077	7638	153
8466	15558	262
14538	7518	86
11463	10606	323
11463	7473	323
11463	5184	323
11463	20651	323
11463	6140	157
12280	14958	339
23220	4775	334
3780	4775	334
19303	8581	307
19847	4700	274
19847	9116	134
19847	3748	273
19847	17170	259
6397	6306	221
6397	22893	7
5830	20305	349
13676	19530	232
22455	17958	261
10167	23602	26
21473	18233	56
21473	22892	97
17788	18306	227
24196	22769	132
11399	6140	157
15579	11586	339
20232	19945	1
6013	12994	32
17740	20651	134
3005	10483	319
3005	6630	166
23030	643	160
23030	22724	339
9016	24136	86
9253	7357	327
8963	22772	323
8963	19991	157
2327	22724	339
5023	10054	59
14878	8134	147
14878	10108	273
2110	8134	15
2110	4764	35
2110	23341	22
17456	22904	7
17456	20169	115
1113	10998	327
21541	8177	319
20162	16852	319
20162	15448	68
14307	4407	7
18741	22967	160
18741	22724	339
23528	12318	310
23528	12318	311
2810	9366	134
20092	15425	183
23954	8006	115
9197	265	293
14962	9581	346
14962	14313	111
14962	18480	262
14962	21526	66
14962	4493	97
24231	17020	164
24231	7452	99
23769	6531	58
15114	20268	163
15114	13935	151
15114	23445	326
15114	22892	326
5682	4774	339
3805	17020	164
3805	7452	99
12952	9366	134
12952	6580	18
12952	6580	19
4450	17020	164
22440	12994	32
5014	23631	86
5014	10096	221
580	2016	121
18571	20651	134
18571	17469	273
1632	1856	273
22354	6140	157
4536	8218	154
12252	12277	236
12779	4775	334
20052	20052	122
20052	20052	273
4365	2902	32
4365	22921	7
2221	12994	183
1487	7350	32
1487	7350	86
8833	2900	147
8833	10023	134
8833	17284	273
9301	22178	214
14254	8606	238
18746	16919	275
614	22790	252
16352	10774	349
20107	10606	134
20107	3748	273
15445	15444	246
21932	20139	217
19651	20458	319
7610	19082	212
16556	8091	257
1949	11698	0
1949	8666	115
19354	3748	273
14902	5980	9
20965	20965	122
20965	9366	134
15431	15431	278
21217	15457	319
21217	22892	97
3250	8229	319
3250	14158	319
18829	7350	32
10034	1574	319
22365	17469	273
24392	5674	319
14190	20309	103
18672	17199	32
5938	10114	252
5938	20654	252
10413	6958	221
23896	9744	175
6156	14680	48
21986	8326	262
17858	17857	190
12980	23004	255
14095	21690	18
14095	21690	19
2161	20400	68
2161	5988	262
23592	14958	339
2593	3926	275
13286	16887	32
21295	10602	319
21295	18326	319
21295	5446	319
15680	17875	154
3271	19778	18
3271	19778	19
2833	12994	32
2833	7224	281
21051	17571	56
16929	7473	134
23074	4797	317
1313	8134	72
17745	16965	270
17745	11843	270
17745	17440	304
21371	4376	205
13481	12169	252
1742	16445	317
8042	12994	86
8042	18498	23
5123	8518	255
8741	14775	127
21587	21587	24
21587	21587	122
4127	10606	134
17984	8134	32
17984	22910	7
20460	7473	134
20460	14857	259
20460	12865	325
22035	5855	23
1810	11586	339
1810	8698	263
4079	23832	238
6045	10606	134
17564	2824	32
17564	2824	86
17564	22902	7
4886	10054	59
4886	12592	227
4886	17386	112
15652	19481	90
12932	19694	231
4322	6275	32
1964	17020	164
1964	7452	99
11073	4847	32
12020	16090	32
12098	3104	32
5366	22870	282
18391	18391	273
21412	9116	134
23339	7995	15
23339	20167	35
471	8588	288
2816	6047	98
2816	6047	310
2816	6047	311
3954	17589	317
15500	7473	134
2418	16499	188
22551	16414	173
11357	12994	32
14621	12994	147
4319	20651	134
4319	5184	134
4319	7127	157
22708	9821	259
22708	3685	325
22708	17739	325
7491	20139	217
11724	2714	32
11724	17196	221
315	8079	205
4247	3351	147
7564	14680	86
18245	2397	86
12253	19974	174
12449	12646	145
23154	19956	32
1782	22873	238
13859	15425	32
7753	20638	69
5463	8091	257
7730	17314	32
9449	9449	130
9449	8134	72
9670	17020	164
9670	7452	99
9181	8134	212
9181	22910	7
5995	805	7
17238	1988	183
17421	1988	183
17421	2714	183
4816	1988	183
13044	22259	334
24465	22259	334
13769	11364	317
9353	1291	160
3223	17718	273
466	17199	32
6559	19926	147
6559	19804	273
17632	7573	327
18377	19956	32
9470	22921	7
9470	6191	257
20275	21619	18
20275	11003	18
20275	21619	19
20275	11003	19
8797	9689	58
8797	7350	58
19933	22868	160
13633	8671	134
5936	22724	339
3478	9366	134
3478	16546	18
3478	16546	19
8839	8840	173
12211	24268	153
12211	24412	153
16448	23631	32
16448	9092	221
12089	7708	86
5178	17293	134
643	22733	236
2457	2457	79
2457	2457	79
2457	2457	319
2457	2457	319
16119	7092	32
117	19956	246
12260	22724	339
9447	12067	201
9447	12067	202
9376	3755	196
23470	14674	183
23470	14674	184
23470	23443	306
21195	20651	134
16053	9614	256
16053	2028	66
16053	2016	121
11134	5639	329
11134	18302	189
20982	20982	122
20982	9116	134
2870	22892	97
20897	10023	134
20897	20651	134
19302	7473	134
19302	5184	134
14675	22892	97
7309	20167	35
11742	1858	327
20544	12390	275
2674	8104	154
11599	9116	134
13994	3748	273
18502	15426	183
8142	14775	127
7468	20651	134
19905	11394	68
14284	23631	32
2518	13535	246
2518	24612	65
9653	14305	242
9653	12768	144
9653	6014	325
5215	19926	32
5215	9007	327
9212	2352	86
9212	17868	7
23238	14775	127
11012	23620	327
11012	22104	327
23620	22881	7
23620	12040	327
23620	22104	179
23620	11012	139
2107	22904	7
1354	6271	334
3181	9934	310
17108	20651	134
17108	3748	273
22933	2034	1
8759	8671	134
6043	12405	317
13801	17064	221
13801	22913	7
13801	10932	153
3946	4840	1
11941	1436	86
17939	6360	330
11248	22892	97
15545	12994	32
15545	24176	264
10361	7230	32
6420	19932	176
10508	19805	238
8471	4232	183
12378	20047	32
19669	3351	275
19669	23635	275
19669	3351	312
19669	23635	203
15703	6047	98
18041	17729	32
18041	9116	134
5356	892	195
1143	13073	153
10464	20492	329
5804	22524	282
18172	6191	257
10025	10637	319
23767	7230	276
3035	1443	319
20550	13451	54
15369	17293	134
15369	576	18
15369	576	19
896	5070	255
896	895	327
14421	12527	142
10786	11365	54
10786	11365	317
10786	21691	169
7287	17141	329
16307	9879	325
11212	3331	86
11212	19426	179
11212	13761	255
18540	23219	32
18540	17141	329
18540	17141	189
1292	13090	32
1292	11010	327
11431	20583	175
12880	22592	319
12880	22131	205
3992	7350	72
3992	6271	334
16139	7350	72
16139	6271	334
23999	8839	32
23999	8839	86
23999	8839	283
23999	10968	54
3578	13639	81
22830	10606	134
22830	2919	273
5979	2121	7
5979	6314	327
12413	5816	264
12413	16701	72
23981	20482	86
21948	3496	20
10652	10606	134
10652	17469	273
10652	10652	19
10792	10606	134
10792	12752	273
10792	11831	18
10792	11831	19
18504	22940	1
765	8134	32
765	8134	86
2894	23984	94
2894	11778	346
19219	7350	147
19219	17069	18
19219	17069	19
6678	9835	122
18757	8682	72
1827	10054	59
743	10054	59
14109	12994	86
14109	17064	221
14109	6194	154
10686	9116	134
10686	17293	134
8641	693	157
8641	8641	273
9235	8111	284
18241	59	26
15965	17412	93
17812	3943	327
469	2658	24
469	16517	122
469	12994	147
20269	811	270
20269	17278	270
20269	10139	270
20269	18985	271
2788	12096	52
6055	6055	233
11323	19304	330
17771	18462	11
22546	348	245
7090	348	245
7310	20167	35
6054	10738	24
6054	8671	134
6054	4386	273
9607	23635	275
9607	23635	275
9607	14752	255
11160	22904	7
11687	12067	32
9567	9366	134
9567	15419	134
9567	17469	273
11104	20152	273
11104	17469	273
7973	23631	72
12442	15419	134
12442	21690	18
12442	21690	19
12002	8910	48
1114	19913	134
16209	6630	166
9209	8742	153
9855	8134	252
18302	5289	188
14437	13588	257
11223	19555	32
10929	23779	32
23704	23703	14
5315	7473	134
5315	13148	134
18856	1606	282
18856	12698	196
12931	19804	273
12931	6788	18
12931	6788	19
18481	8111	32
18481	8111	275
24397	1937	56
24397	21250	97
24397	6630	166
17280	2824	32
17280	10747	32
10006	18191	262
14329	20010	86
5496	13092	7
2030	23635	128
2030	23635	183
2030	4472	183
10971	14674	86
20541	22281	86
11365	10786	317
11365	21691	281
11365	21691	169
23182	14050	100
23182	8134	283
23182	22910	7
20044	5569	254
20044	22483	127
20044	14775	127
8703	15151	147
21739	3902	66
17587	8111	32
13794	19082	212
19883	12994	32
19883	5184	134
6106	6106	24
3953	920	339
3953	8134	183
13203	17804	86
16551	16551	18
16551	16551	19
21526	12994	183
21526	12800	163
21526	4747	233
16143	22113	94
16143	8640	319
16143	6630	166
5627	6587	327
16629	1338	275
22779	10606	134
22779	7473	134
4483	364	1
24146	7473	134
15413	10054	59
13846	15238	23
19691	2016	245
19691	19694	231
19350	8423	319
14973	7961	59
21152	12994	274
5608	4351	150
20059	20059	319
20059	6630	166
19424	5200	144
10416	4847	32
3957	8692	32
11918	20751	72
3611	13090	320
18608	17469	273
16156	7708	86
10617	16068	23
6343	2016	121
16617	7350	147
21678	23935	18
21678	23935	19
17106	19485	134
17106	20706	69
6127	9089	273
6127	15821	18
6127	15821	19
16445	1742	317
18695	16887	147
18432	7473	323
18432	693	157
11040	8839	32
23970	2352	32
23970	3925	86
23970	3925	283
23970	16394	327
4212	2163	171
2701	6271	334
15522	10863	262
15522	10863	14
18703	12994	147
18703	17469	273
15126	22551	142
15126	17190	175
23628	21478	161
17721	18501	32
17721	23631	32
19468	7473	134
19045	8134	72
8900	10606	134
8900	3748	273
11699	8129	23
10553	7350	147
10553	17293	134
10553	20639	18
10553	6897	18
10553	20639	19
10553	6897	19
5592	8134	72
7550	8111	147
7550	9116	134
7550	17293	134
22991	17020	164
22991	7452	99
22591	5737	18
22591	5737	19
3290	24136	86
10459	5233	327
9847	11661	160
6131	14347	56
7835	7993	190
7835	4764	35
7835	20167	35
7835	501	171
7835	16030	343
7835	18668	343
6167	16458	317
6704	8692	86
2827	4468	339
11076	23832	238
11076	22921	7
11183	22339	32
10936	19299	26
10936	2504	26
10936	2484	26
3543	805	151
2165	4717	147
14838	23699	281
22071	2522	26
7379	6398	319
7379	6630	166
6513	12994	86
706	6630	166
706	10545	166
706	12115	166
4219	20167	35
13901	4568	329
13901	24173	329
13901	12018	329
18232	3342	32
18232	12994	86
2234	22339	15
2234	11612	15
14919	21219	282
21521	6630	166
2039	10114	72
4368	2746	153
3346	24178	70
3346	20180	70
14392	3879	273
14392	14391	18
14392	14391	19
21488	10023	134
21488	22711	273
20859	4840	1
12787	3351	183
12787	5545	326
341	6701	262
341	22892	97
341	1300	97
18470	16132	273
18470	22151	19
19218	14468	122
19218	19218	122
20130	12473	215
20130	393	121
18594	4264	18
18594	4264	19
22756	16191	288
22755	22755	288
22753	6866	288
22753	14674	289
22759	12067	288
22759	19195	288
19060	8839	183
19885	17020	164
19885	7452	99
12588	12479	154
12588	11358	153
13588	14437	260
6521	6630	166
15768	19991	263
15768	17130	263
5643	22667	32
11812	4639	7
11812	14288	327
11812	2668	255
9091	956	349
9091	18182	144
23363	6271	334
13657	17196	221
13657	4060	106
8416	7371	134
9547	3879	273
16275	9366	134
11412	2867	319
1157	23518	24
1157	4988	18
1157	4988	19
11078	2698	284
1613	6140	157
1613	16666	157
1613	17064	221
23966	24003	327
23966	24003	255
4073	20122	262
4073	23574	319
4073	22892	97
4706	7902	134
8857	8134	58
21164	6630	166
21164	22168	180
21164	17646	269
21164	21165	325
21921	7804	20
18145	2062	93
18145	2062	269
9334	6630	166
1129	23314	327
22754	18148	288
22752	3485	288
21535	11001	94
9339	8574	98
24008	19431	221
24560	11001	94
10069	13272	276
10069	19722	276
20150	6271	334
6532	19920	32
9542	7225	325
4511	4511	24
4511	4511	24
4511	4511	122
4511	9116	134
8832	22667	274
22	23766	26
22227	7473	134
975	18469	32
975	6626	329
23616	11847	122
23616	9116	134
23616	16210	18
23616	16210	19
6706	21084	18
6706	18213	18
6706	21084	19
6706	18213	19
5800	7452	99
21048	8039	262
21048	6630	166
21048	3748	273
19094	12516	147
22558	10108	273
22558	13916	18
22558	7167	18
22558	7167	19
22682	6271	334
18130	12881	98
19650	14729	285
22478	8134	72
16763	14775	127
6534	8910	147
1538	23635	86
1538	8671	134
14848	13993	24
14848	5160	18
14848	5160	19
3227	20651	134
4148	20152	273
1941	10606	134
12748	19850	97
20735	4775	334
11594	10113	330
13048	9064	262
7434	8406	147
7434	15527	18
7434	17725	18
7434	15527	19
7434	17725	19
15233	393	245
15233	348	245
15233	6630	166
15233	15203	306
23665	8296	32
4451	17469	273
4451	9258	18
4451	9258	19
16126	8129	23
20738	19805	238
534	3748	273
14117	13935	151
1856	8134	72
19711	15715	286
19950	3945	58
13966	7946	256
13966	6630	166
13966	2218	66
19487	6421	14
19778	5411	24
19778	7587	122
19778	3271	122
19778	7780	147
3595	8756	227
2785	1578	262
2785	22564	103
7728	20561	219
7728	8134	212
7728	22910	7
20518	348	245
22966	15269	262
22966	17755	319
22966	4376	205
10988	1771	26
10988	19431	221
21809	14458	24
21809	16187	273
21809	21933	18
21809	21933	19
4108	15425	32
19208	12962	339
13694	7473	134
979	15243	174
979	6271	334
22317	23610	273
8054	3351	86
8054	1451	255
3972	17020	164
3972	7452	99
7256	13090	32
7256	13090	86
20280	20280	18
20280	20280	19
23278	14586	32
15781	7452	99
15429	18186	319
16711	17469	273
11532	21036	123
3429	10719	56
19656	10473	349
691	12994	147
691	7838	273
10426	12685	238
3045	8111	32
3045	8111	86
3045	22881	7
7884	7885	160
3110	11843	270
10089	7473	134
10089	4754	134
7417	7418	173
38	20865	262
22940	7350	72
9079	7473	134
16646	2154	212
16646	22895	7
20787	16480	319
20787	18326	319
6746	9164	165
17565	2824	160
6021	8134	228
6021	8134	348
10983	24076	86
21598	20139	217
2542	18229	319
20018	14340	20
20018	5988	111
20018	2079	66
10773	24076	32
363	8744	94
363	5795	205
16808	19722	72
22218	4622	7
22218	12515	327
24023	12994	86
13468	19722	72
3036	19341	183
5234	5234	220
21162	22892	97
21162	6630	166
17720	17469	273
10763	15714	86
24345	12200	236
7646	16508	79
7646	2311	223
1758	13777	24
21171	8082	319
6009	22913	7
12990	17020	164
12990	7452	99
15918	19956	32
15918	7020	329
1679	19937	72
9858	19937	72
9858	19223	160
13879	9116	134
21253	20998	122
11055	11056	165
11055	11057	165
18478	20167	35
6912	6335	273
10953	23832	238
10953	10161	327
10953	6391	327
10953	10161	255
6335	8134	185
19058	6238	273
19182	9519	134
1363	10547	108
1453	22892	97
20501	14945	283
2802	2618	273
17760	4680	134
873	17356	157
873	693	157
5968	10606	134
5968	20107	19
17713	15748	32
17713	13829	7
18308	19956	86
5754	24136	86
1575	19937	147
1575	11463	134
1575	5184	134
1575	9366	134
3616	23832	238
22565	17293	134
2985	19804	273
753	22281	86
23768	15687	161
5765	5332	215
19804	17472	96
19804	17472	95
7940	6495	18
7940	6495	19
10231	6630	166
4105	18773	32
19643	23952	327
19643	23952	16
20849	11586	339
20849	15571	230
20849	15571	231
20294	9116	134
17486	6630	166
2520	11029	65
20464	19956	228
20464	20463	92
19945	8111	276
19945	13090	276
19945	19926	276
2379	11926	160
23777	7185	325
8880	1026	273
24480	14945	183
24480	13935	151
6512	3843	101
6512	22904	7
17038	3545	215
17038	2016	121
16394	11730	179
629	13540	32
629	13540	212
629	5611	212
629	13540	321
629	5611	321
22323	9298	327
22775	9116	134
6251	18191	262
18255	20983	319
18255	5420	319
18255	13517	259
14397	14397	227
6150	18877	48
22128	8570	327
11675	7350	32
789	6630	166
3929	15371	319
24525	2016	245
24525	14945	145
13889	12994	86
15933	23096	47
16546	9366	134
16546	17472	273
16546	12733	18
16546	3478	19
16546	12733	19
6648	7350	147
15997	10860	111
15997	24050	183
15997	348	121
18231	17838	7
21433	23934	319
21433	3278	205
13223	17500	329
13223	2085	329
4839	20311	262
4839	20311	14
22677	4487	157
22677	6140	157
22677	16666	157
22677	15527	18
22677	15527	19
8218	17875	154
8218	5218	153
8218	4536	153
859	858	190
7915	12994	32
20141	20142	259
20141	20143	325
16255	1186	32
16255	10606	134
3084	17868	7
6469	17317	160
8259	348	121
11282	14770	86
5671	17293	134
5671	2930	18
5671	2930	19
23459	23641	40
23459	23776	41
12872	20303	94
11827	5061	329
7812	7630	329
14394	6495	18
14394	6495	19
7198	18243	319
7198	6630	166
16520	6626	329
10097	17747	263
22799	3351	252
22799	22803	278
22799	22798	278
13447	17199	32
13447	17064	221
1246	4633	145
7718	14385	94
4316	6626	329
13103	8752	14
13103	9366	134
7241	2604	32
3245	2016	245
3245	12932	231
3245	19694	231
19673	23382	160
13295	23382	160
1979	23381	160
7507	23381	160
4296	13004	329
18924	5061	329
18924	2353	189
3170	5136	160
18106	1261	95
18106	9116	134
18106	12994	183
16442	11396	18
16442	11396	19
15940	6121	319
15940	10915	262
19622	12994	183
22144	3351	320
13865	730	23
13997	21219	282
18526	22904	7
20436	22274	259
1657	20651	134
1657	381	273
1657	13328	18
1657	13328	19
11111	24136	86
5112	17199	32
5112	9667	86
7165	5398	349
7165	20227	319
13579	10054	59
17582	20048	86
16816	17020	164
16816	7452	99
21988	1370	319
9414	4462	288
9414	17240	288
4722	2061	69
17992	7760	18
17992	16210	18
17992	7760	19
17992	16210	19
7953	24176	221
18404	5061	329
8618	5061	329
4327	6335	273
12287	11084	319
1025	17293	134
21172	4386	273
20120	9366	134
823	9366	134
17	22113	94
17	19996	66
3948	6140	157
3948	9116	134
3948	24475	19
7836	7993	190
7836	17097	343
12764	23635	32
12764	2888	115
10778	3351	86
5698	7993	255
3960	4310	319
9641	10098	298
3122	17020	164
3122	7452	99
3122	13503	112
5060	6140	157
16774	12994	147
19989	2905	339
23255	23255	24
23255	9116	134
13360	9449	233
2486	23602	161
2486	2352	246
4822	3386	329
8956	17199	32
2052	6630	166
10368	815	276
10368	3975	276
10368	19923	276
4879	12411	317
18433	8363	236
21757	2714	183
21757	7889	151
21518	19956	72
13768	15749	329
19035	14958	339
1938	705	186
2871	20094	329
2871	20094	189
4038	13923	214
839	15074	273
839	9986	259
2505	19937	246
3123	13555	94
3123	13555	262
3123	13555	349
3123	467	205
20777	16231	190
20777	4764	35
20777	4459	279
4809	19291	147
4809	17004	18
4809	17004	19
24058	20042	325
3361	14958	339
10498	22713	18
10498	22713	19
12213	14630	32
12213	12003	32
14754	6630	166
23004	348	245
23004	13333	255
23004	12980	327
8485	4840	1
10796	16002	18
10796	16002	19
2498	5807	246
10752	10001	23
15107	5229	111
23372	12940	32
1891	15671	88
16744	16743	259
19567	17293	134
5604	9366	134
18535	475	273
5576	19956	228
5576	12366	342
5576	3660	342
5576	3661	342
24536	17020	164
24536	7452	99
22205	22204	58
22205	2034	1
6249	15952	147
6249	23635	147
496	3758	263
12427	4567	160
14585	467	205
6002	12886	257
6002	12886	255
20808	7416	14
10623	13383	317
1664	19056	227
17876	1610	86
3048	19974	174
3390	24136	86
14231	6630	166
15276	7473	134
15276	14627	325
14627	15276	259
7105	7105	24
7105	7105	122
7105	14098	18
7105	23293	18
7105	14098	19
7105	23293	19
5011	9366	134
23611	7350	147
23611	9116	134
23611	17293	134
14752	15952	86
14752	23635	86
14752	9607	327
14752	23171	179
14752	23635	275
21883	8839	147
17069	7350	147
17069	9116	134
17069	19219	18
11136	18904	32
20834	9116	134
20834	15527	18
17598	1789	273
20947	20947	131
16332	481	329
16332	916	329
3802	14679	221
585	6630	166
15278	15278	24
15278	8134	147
5349	15698	32
3486	8138	61
18877	6150	160
5137	12017	178
24325	24325	223
24325	24325	111
24325	24325	240
9049	8134	72
1784	17345	14
8621	23612	273
12720	15425	147
17289	13862	262
18352	18353	255
23555	22931	7
23555	3186	7
13298	19549	26
15683	16882	32
18691	12994	147
7099	693	157
7099	7473	134
19982	16787	262
19982	3879	273
15211	2218	106
23098	20167	35
1919	18941	142
9830	12994	32
9429	2163	171
20932	7473	134
16850	8134	32
21564	10874	18
21564	10874	19
9054	3748	273
23834	4700	274
23204	17199	32
23204	22904	7
14202	8574	98
5314	15749	329
2904	3748	273
15474	13332	306
22245	4173	32
22245	12994	32
22245	24176	221
14932	1298	58
19931	14868	58
19931	16010	288
18427	12994	274
23306	19956	86
23306	19956	283
23306	19956	212
7838	10606	134
13807	9084	325
478	12994	184
478	19411	263
20935	12169	128
20935	12169	184
17883	20179	325
17181	11467	329
19639	10606	134
18088	20512	262
18088	20512	14
9544	4229	262
9544	4229	14
9544	17766	274
5492	1394	23
10859	18752	329
21467	4229	262
6057	20865	262
24348	18645	329
17649	10606	134
12615	15257	32
16373	5231	103
16373	22892	97
16470	12994	32
16470	12994	86
1268	3748	273
1268	9165	325
14479	5061	329
65	4440	183
66	4440	183
16772	3186	7
67	2397	183
10762	16081	32
78	4295	294
71	4295	332
76	13728	248
74	2168	183
80	8134	72
80	8134	183
83	19320	333
83	2397	183
81	22729	114
81	22729	118
81	22729	296
89	13728	248
89	13728	116
91	10855	294
91	19920	295
91	22729	333
91	19920	72
88	13728	332
99	950	248
99	950	116
100	950	248
100	950	116
100	9411	183
100	9410	183
96	9411	183
96	9410	183
103	950	294
101	950	294
112	950	113
112	950	294
114	950	294
114	9411	183
113	950	116
108	950	116
104	950	294
104	4441	183
120	950	248
120	950	113
119	950	248
119	950	113
134	8134	72
134	8134	183
133	10366	332
133	8134	72
133	9411	183
133	9410	183
133	8134	183
127	10366	113
127	10366	294
163	8134	117
163	10366	332
163	8134	72
163	9410	183
163	8134	183
2026	17142	250
174	8134	72
174	9411	183
174	9410	183
174	8134	183
181	3434	183
182	8134	249
182	8134	117
182	8134	72
182	9411	183
182	8134	183
16798	12169	184
21951	17075	274
8125	8134	32
8125	8134	86
8125	8134	212
8125	22918	7
13433	14770	15
4413	8111	147
13876	2352	32
13876	7867	23
1682	9366	134
1682	21266	18
1682	21266	19
16486	5383	144
24606	22919	7
1805	10114	72
3090	13090	32
3090	15393	7
3090	8091	257
3090	13090	275
3090	13675	255
7760	13514	273
7760	19699	273
9159	6630	166
5772	7512	329
5772	14271	189
6238	9116	134
16917	16916	142
16917	247	293
16858	22915	7
7827	14503	122
7827	9488	147
23151	5778	188
20478	19937	72
20478	12115	166
12502	19937	32
686	17020	164
686	16065	112
686	6671	112
10783	22275	18
10783	22275	19
3612	269	293
11004	11003	14
11004	3748	273
14426	4774	339
14426	24559	183
14426	8511	163
15968	15968	263
15968	15968	263
15968	15968	263
22856	14660	233
754	14945	32
754	14945	283
13708	12646	32
11360	11361	262
11360	11361	14
2151	19601	122
2151	5451	122
22157	9575	262
19853	19937	32
19853	19937	212
19853	19937	321
17496	5324	7
8993	12882	32
19120	9366	134
4903	7902	134
21815	18396	346
21815	23984	111
10471	15418	26
1236	6630	166
1236	935	20
18418	5639	329
3333	22892	97
14654	13422	54
14654	13422	54
12431	1690	273
21304	15382	259
6980	9116	134
15382	21304	325
22811	4683	69
2778	23065	7
23314	1129	255
19365	10519	139
3947	17020	164
3947	7452	99
18189	20420	7
10642	2163	171
10642	10641	279
11056	11055	20
11056	13287	94
11056	11055	256
11056	18014	111
11056	18014	262
11056	11057	325
20344	9438	349
20344	12344	262
20344	4670	259
20179	17883	259
20317	2860	205
3058	2555	32
18934	12994	32
8596	18495	262
8596	11886	262
8596	11287	14
1022	17298	264
1022	11310	198
15711	7350	315
18422	1789	273
18422	21795	18
18422	6328	18
18422	21795	19
18422	6328	19
2258	9438	349
2258	12344	262
2258	4670	325
4670	9438	349
4670	12344	262
4670	2258	259
4670	20344	325
11712	11711	142
11712	14539	188
19733	9601	262
19733	9601	14
19733	4386	273
11057	11055	20
11057	11055	256
11057	18014	111
11057	18014	262
17097	3544	190
17097	7836	22
7387	14958	339
7387	15506	214
7117	14958	339
7117	807	214
17235	24485	232
17235	1419	32
15414	15418	26
15414	8706	26
2426	21291	18
20237	8091	257
16247	12849	339
16247	4680	151
1428	8134	72
14289	12805	54
14289	12805	281
14289	12805	281
14289	12805	281
14289	12805	281
14289	12805	281
14289	12805	281
14289	12805	281
14289	12805	281
7446	14159	288
18444	14679	221
18444	17747	221
18444	19944	283
7295	7299	279
1181	1331	32
1181	24559	86
23026	10114	32
23026	10117	329
22611	4764	35
13299	11612	32
13299	19956	32
16483	17469	273
9838	22904	105
9838	9978	105
9838	12994	105
9838	8134	302
9838	12994	302
7299	14680	15
7299	4764	35
4995	489	327
13255	19777	174
13255	6271	334
16272	2351	26
18240	5816	221
13665	8134	32
2962	2150	195
2962	2522	26
23781	23782	6
4297	12994	32
16913	17020	164
16913	7452	99
16913	19794	112
6225	6225	79
6225	6225	20
6225	6225	94
6225	6630	166
6225	6225	111
6225	3351	183
6225	17930	278
9238	19544	26
9238	2528	26
22196	22196	129
22196	7316	183
15167	11786	76
4793	16701	72
1179	15414	195
11871	6486	134
10995	2522	26
20954	4775	334
12227	3351	32
21443	4493	97
23550	2218	53
23550	23549	325
10799	19345	18
10799	5482	18
10799	19345	19
10799	5482	19
17148	5184	134
16549	23750	7
22670	14679	221
10889	16090	147
10889	6140	157
10889	16666	157
3783	6536	14
6743	22904	7
10448	14686	204
10448	18839	154
16092	14674	32
4374	2693	54
2543	19722	246
9165	3748	273
9165	1268	259
1943	4188	7
2415	3748	273
7393	5184	134
7393	17469	273
7393	20008	18
7393	20008	19
10922	15427	329
3685	3748	273
3685	9821	259
8089	18500	197
1480	19956	32
17422	2763	319
6780	17020	164
6780	7452	99
20556	20164	32
21275	21274	259
21274	21275	325
16680	6138	134
15747	6630	166
23965	12001	86
23107	12743	189
17648	12386	283
17648	23635	32
897	19076	175
897	19076	254
19554	22776	334
8059	2150	195
8059	2522	26
11417	5184	134
22386	6536	319
22386	22275	319
4535	4943	23
11122	14679	221
19576	11061	94
19576	11061	103
19576	11061	349
23002	8706	26
7576	23034	32
7576	6958	221
23988	9119	232
23577	7003	329
1422	14945	32
16595	20878	111
16595	2016	121
8173	6271	334
1759	9366	134
1759	22713	19
16479	11862	24
16479	7473	134
8769	23381	32
17859	17857	190
22368	14679	221
6717	17314	32
6717	22910	7
552	9016	205
11961	19937	32
11945	4849	142
5118	6140	157
5118	13351	273
5118	3747	273
23666	20492	329
23666	6626	329
8298	10023	134
23928	17662	86
4408	23635	274
11066	3870	86
7904	20651	134
9085	16653	195
19869	8134	183
19869	6140	263
19869	6139	263
2087	23984	94
2087	23984	262
14530	1238	19
6414	12994	32
6414	12994	86
15549	4650	102
15549	4650	127
15549	19956	32
5753	4697	121
5348	9116	134
10298	6448	105
10360	4629	26
10360	23766	26
15279	348	121
1869	9116	134
1869	17293	134
19631	23375	32
19631	3612	189
19631	481	189
4941	17020	164
4941	7452	99
23971	19299	26
23971	2504	26
3350	12994	252
3350	15425	252
3350	3342	252
19971	18306	227
18116	16132	273
24288	19956	32
16186	9366	134
16186	7902	134
16186	3478	18
16186	3478	19
16450	15344	334
21651	393	121
24390	17469	273
16135	8275	205
4723	14723	65
20533	23264	167
17209	9436	325
14106	5420	319
13861	7181	32
22164	21140	262
1638	3832	86
4715	12994	274
4715	7312	273
9354	8409	32
12756	17020	164
12756	7452	99
5726	15344	334
18187	13090	32
18187	13090	86
18187	6254	284
18187	13092	7
16467	20651	134
16467	16529	18
16467	7605	18
16467	16529	19
16467	7605	19
15079	15079	166
21384	24140	319
21384	9297	319
7311	19920	15
8318	12994	274
10393	3187	329
10393	4966	329
23360	13484	319
20963	20651	134
19549	19956	246
19583	19583	54
5623	18306	227
20426	5569	254
20426	14775	127
13352	21264	14
10847	17418	102
10847	17418	127
10847	14775	127
13288	22913	7
13288	6514	255
2191	13453	183
15705	2824	183
8172	6271	334
14017	15749	329
14017	6626	329
5367	6626	329
18976	17199	32
18976	805	115
19936	10114	72
14061	17469	273
1122	5816	221
1122	17064	221
4123	12994	32
4123	12994	86
19730	2633	72
18772	8134	72
15296	13532	329
15296	3964	329
15296	15749	329
15296	24182	329
15296	15707	329
15296	3964	189
7854	9366	134
8221	8675	329
5048	22904	7
5048	24117	23
22319	14775	127
14697	10606	134
3034	20404	94
5072	5985	130
976	9481	134
976	22011	17
23350	23351	255
6084	7080	329
21100	3748	273
2009	2633	72
2009	6271	334
21398	8526	319
21398	4649	97
20903	14118	231
1978	18306	227
848	9229	232
293	2501	26
293	2522	26
8013	13148	134
8013	4749	18
8013	4749	19
7431	22369	262
7431	16090	274
7431	17766	274
4388	20167	35
4388	2163	171
11429	20492	329
14551	19937	72
10420	10694	255
8589	14409	160
8589	4661	339
289	2501	26
289	2522	26
5597	19481	134
3185	14120	151
14476	17449	18
14476	17449	19
20648	19485	134
21137	11957	122
9210	17064	221
7653	24076	32
1977	12994	184
20547	8134	32
20547	2305	283
20547	8134	57
11214	15238	23
13377	16740	319
14729	19650	286
15846	3625	189
21169	14904	259
15188	19485	134
16585	10714	262
3379	12994	147
504	348	245
504	6630	166
10108	17472	96
10108	17472	95
6273	17030	112
6120	12994	183
6120	8134	183
8041	14686	204
14083	8134	72
5426	12994	32
21422	12994	274
21422	20651	134
11830	20492	329
20042	24058	259
2488	23602	161
17371	4343	103
13961	18466	329
12349	5056	236
12532	9116	134
12532	12532	18
22343	22343	19
20569	467	205
3080	3964	329
890	12994	145
890	12994	183
13909	2352	145
13909	2352	183
6805	14674	32
2665	2665	94
2665	2665	94
2665	12428	262
5954	23084	205
20827	4620	151
19864	8134	72
1609	12994	184
1609	19920	184
20085	12962	339
5525	12516	86
9141	6630	166
14554	11154	317
14554	1450	253
940	17469	273
9257	19687	19
13318	10606	134
4313	2714	283
17749	6238	273
2235	6837	19
2858	16303	32
2858	10606	134
2858	7838	273
10296	22272	94
8085	15834	18
8085	15834	19
8323	8671	134
8323	10108	273
18282	17277	270
18681	8990	319
18560	23642	201
18560	23642	202
15245	3748	273
7820	18206	319
15017	6271	334
20635	12994	32
23000	8706	26
23000	8706	26
22981	16701	72
4745	13687	232
3516	14770	32
18728	16860	349
9410	8134	72
512	11084	319
512	18186	319
12804	10114	315
8086	348	121
8086	393	121
2031	10182	314
2031	10114	72
23722	19920	72
2925	22615	112
19179	11661	183
21894	2821	18
21894	2821	19
15925	19956	32
5838	17109	6
17791	3458	132
17791	7371	134
12652	2855	319
12652	14819	319
11953	12994	32
17221	17222	160
13163	4697	121
13163	10023	134
23014	14342	262
23014	17293	134
21180	22168	180
11064	3652	255
17263	10920	205
14762	8134	185
5355	22881	7
6100	2356	32
6100	7038	329
18669	501	171
4936	19545	26
16475	20492	329
10362	8134	212
10362	8134	321
23845	18845	94
23845	6634	205
23845	18845	349
6797	24136	86
7875	20028	32
10337	24076	32
13739	18883	329
13739	14266	329
10199	14266	329
4496	8091	257
21357	1869	262
21357	17293	134
20483	16887	147
9298	22323	327
9298	15454	327
9298	22323	255
6596	8134	72
15713	17670	349
15713	17670	262
15713	17670	209
430	9366	134
2024	10319	319
8634	10206	320
2796	18536	175
14478	18594	18
9244	10054	59
9244	12592	227
5670	12994	32
5670	2714	86
5670	2714	283
13531	23249	24
1695	12664	32
6133	10054	59
6133	6669	112
15616	4386	273
15616	20392	325
23648	1157	262
23648	1157	14
8417	18432	134
15478	3748	273
22447	7140	329
22447	2418	329
1516	1517	94
1516	1482	319
1516	19956	72
9337	7168	199
9337	4985	182
3807	10243	329
2765	9366	134
2765	7902	134
20395	8134	72
20395	8134	166
4171	17020	164
4171	7452	99
4171	4980	112
18293	20651	134
930	4775	334
8156	8	325
5409	22904	7
5409	9209	154
8245	2050	115
1684	3039	18
1684	806	18
1684	3039	19
1684	806	19
12383	10013	174
7106	20137	297
7106	19334	259
16938	18746	32
3894	19781	192
11206	5855	23
16415	14945	86
2772	10606	134
2772	475	273
22694	8134	72
22694	7702	275
20672	348	245
15012	22572	97
13839	12994	128
7766	7762	112
3974	16745	319
3974	5548	319
10059	11003	349
10059	11003	208
10059	11003	209
17698	22921	7
6117	10054	59
6117	12592	227
16168	2080	160
16573	6271	334
15150	15151	183
17057	9343	15
17057	17058	255
19890	19514	112
20243	22937	7
22610	3353	190
22610	19807	15
15543	19956	86
18937	12994	32
17935	11003	349
17935	11003	262
17935	12994	274
23625	23138	139
14471	8852	32
6109	7686	24
6109	6109	24
6109	6109	24
6109	6109	24
6109	9116	134
3282	11172	56
22644	10065	26
20246	3748	273
19436	13346	26
19436	15687	26
16693	14945	32
16693	14945	86
4422	3187	329
15708	18432	134
15708	3748	273
11494	10606	265
11494	17174	41
11494	17174	230
19375	17064	221
6299	13148	134
6299	19481	134
6299	14121	18
6299	14121	19
23998	16074	23
6351	14679	221
5139	4985	182
10997	12994	147
10997	5745	157
10997	7473	134
19380	6630	166
3828	6630	166
21146	24460	262
21146	9116	134
13809	15124	329
22404	7024	329
13782	20651	134
13782	7473	134
13782	10606	134
13782	1633	18
13782	1633	19
22406	481	329
5792	12994	32
5792	12994	86
6786	12994	86
10707	17469	273
3544	7993	233
24222	12678	160
18876	2062	93
5706	13453	183
13992	10108	273
11483	23410	306
12417	12417	220
12417	16927	134
21424	763	319
18311	12994	32
20629	7027	329
20629	7555	329
1702	20492	329
11682	8134	32
11682	22478	86
11682	8134	86
21353	9147	319
5224	17743	329
20895	14345	346
19732	19514	112
11228	19433	86
1771	16862	65
1771	18726	65
3358	19920	252
3358	1606	282
19401	21870	6
19401	11070	349
1326	1327	216
7386	10114	72
381	12994	183
3839	850	18
3839	850	19
8529	6626	329
8978	11988	197
8978	15592	197
7091	16224	272
7091	24559	272
20171	5796	255
4845	14503	122
13559	17199	32
13559	17199	321
13559	2678	109
14888	348	245
14914	348	245
6125	17064	221
3706	17020	164
3706	7452	99
19648	2531	26
574	15868	19
13198	6140	263
22338	12979	151
16179	6630	166
16192	16192	326
14980	19956	32
18028	12386	86
5520	693	263
21237	21186	97
2837	6626	329
14663	10606	134
14663	12843	273
14663	13922	18
14663	13922	19
13922	10606	134
13922	12843	273
13922	14663	19
23380	9588	86
2774	22790	32
2774	17346	221
2774	22790	57
17102	24071	25
23451	16090	183
23451	12230	123
11626	19501	79
11626	22492	68
11626	22320	66
9259	5609	173
9259	14769	72
14886	2240	262
14886	2240	14
1923	6238	273
1923	1812	18
1923	6203	18
1923	1812	19
13521	16597	208
13521	16597	209
13521	23635	274
18376	6323	319
19595	6271	334
14668	19777	174
14668	6271	334
19953	17469	273
11408	2919	273
21805	5441	349
14839	14839	122
10590	16666	157
21997	11117	262
21997	15618	325
16870	15671	32
21378	12994	147
963	20492	329
963	15749	329
5193	22449	122
5193	23616	18
5193	23616	19
21963	6580	319
22795	22795	24
15471	9116	134
15471	20257	18
15471	20257	19
2403	19481	134
9083	6427	262
22309	13844	32
13928	19956	147
9745	1384	218
12542	7891	69
17147	10621	14
6204	10621	262
6204	10621	14
11002	3434	86
12263	643	160
12263	22724	339
806	806	122
806	1684	18
806	1684	19
16967	16968	137
3457	4764	35
3457	20167	35
15805	19804	273
2187	20651	134
9694	12816	195
9694	12816	197
9694	1187	26
819	19923	252
819	815	278
13717	23226	236
506	19910	339
506	21500	259
17236	16072	23
12713	16741	319
14911	20120	6
14911	4697	121
9124	7350	212
1733	19923	165
19001	13538	32
16864	19948	86
1511	19956	32
1511	7020	329
1511	481	329
14348	15749	329
18067	7473	134
7650	7473	134
22269	22269	163
10609	10606	134
13369	10098	134
13369	6630	166
13369	348	121
21652	23984	111
22117	9978	105
15098	15098	24
15098	8134	147
19100	9116	134
11424	17020	164
11424	7452	99
4876	10606	134
7797	14958	339
7797	22590	214
12485	19937	32
12485	19937	86
12485	19937	212
12485	19937	321
285	2512	26
3293	6140	157
8136	3612	189
11082	9116	134
15691	22870	1
21500	506	325
16815	19920	72
16342	9116	134
16342	16342	18
16342	13528	18
16342	16342	19
16342	13528	19
18584	2016	245
18584	6630	166
2119	12422	65
24585	22862	238
21277	19027	273
23606	3061	79
20722	13090	32
24393	22870	1
24123	8134	147
24123	20651	134
5171	23030	32
12944	9116	134
12944	16210	18
12944	16210	19
23114	12323	201
23114	12323	202
10196	5184	134
13557	9882	325
9249	10606	134
24225	14568	32
7750	19485	134
7750	15636	68
7750	24269	68
22713	10498	24
22713	9366	134
22713	1759	18
22713	17451	18
22713	17451	19
6231	6232	288
19690	19694	230
19690	19694	231
22390	10606	134
14185	9366	134
14185	10319	18
14185	10319	19
23889	3748	273
21834	11199	94
21834	11199	349
4005	17020	164
4005	7452	99
16167	19920	72
12467	9116	134
12467	17293	134
10441	12994	86
10441	12001	86
4902	16236	6
4902	1000	349
4902	8671	134
17822	14770	86
13548	467	205
10635	12994	32
7651	13090	86
9534	9366	134
12041	11003	18
5687	16892	273
865	9366	134
865	8503	273
12372	10606	134
12372	7838	273
22554	9366	134
4660	9116	134
15208	7473	134
14118	13935	151
14121	19481	134
817	8820	166
20118	12994	86
19349	14945	32
19349	14679	221
20844	20904	263
21621	19926	147
21621	18432	134
3013	7627	274
20872	12994	274
2658	469	18
2658	469	19
1934	5184	134
1934	8843	18
1934	8843	19
14001	13326	221
8559	14958	339
8559	23096	47
5265	3964	329
5265	3964	189
17923	12994	32
5456	12994	32
5429	6354	221
3043	693	157
3043	17469	273
15462	12994	32
15462	3377	327
13418	3964	329
7464	4697	263
3370	18036	319
3370	6630	166
24353	11669	319
9655	18168	94
9655	18168	262
13394	3748	273
18287	4697	121
21428	4697	121
21428	23703	262
21428	23703	209
3445	23704	6
3445	23703	208
448	17295	175
9990	16549	94
9990	16549	349
9990	22892	97
2169	4697	121
2169	20651	134
18733	348	121
12973	8581	307
2932	7686	262
2932	1812	14
2932	17803	273
2932	17803	273
14576	2552	145
14576	2552	183
15230	12691	250
12356	15659	282
12356	22073	140
9330	13358	160
19396	16480	349
19396	16480	208
19396	16480	209
3537	17364	7
14595	10545	166
23443	14674	183
23443	23470	306
19684	19148	288
19684	11121	288
11589	467	205
20304	23635	32
18348	18812	319
3759	13484	346
3759	20903	215
3759	473	215
3759	11485	215
8250	1452	329
19018	22142	122
1242	4697	121
1242	8671	134
19318	22844	259
11854	10021	212
11854	4222	255
32	17199	72
32	13190	133
17508	17020	164
17508	7452	99
4687	17293	134
22521	12994	32
20007	12994	147
20007	21416	18
20007	21416	19
4237	15326	134
14327	9116	134
14327	20257	18
14327	20257	19
7225	22667	274
7225	9542	259
8530	16198	163
8530	3718	263
9573	6630	166
9754	9438	349
9754	12344	262
2257	9438	349
2257	12344	262
2257	21913	325
3891	12994	58
22806	17020	164
22806	7452	99
17769	18306	227
17769	1978	112
8922	596	32
21727	22860	273
13392	6140	157
13392	16666	157
13392	10606	134
13392	4043	18
13392	20781	18
13392	4043	19
13392	20781	19
4555	15652	134
15837	4468	339
2153	18037	218
24463	17020	164
13265	14958	339
13265	23096	47
15469	13345	32
15469	17196	221
15469	2218	106
871	12363	115
871	20731	32
871	10114	32
871	10114	86
871	10114	212
2530	19956	246
2530	24246	65
17930	6225	79
17930	6225	94
17930	6225	111
17930	6225	262
17930	3351	183
17930	6225	278
17930	21546	278
13873	4694	221
15452	18690	187
15452	18690	86
9277	4349	198
4771	9366	134
18493	18492	14
12731	9366	134
12731	14899	18
12731	19938	18
12731	5374	19
12731	14899	19
12731	19938	19
13322	3353	190
10753	17199	32
10753	22902	7
12626	20955	319
12626	8243	205
7454	6630	166
23169	10545	166
23169	7771	215
22072	5807	246
22072	465	65
24188	7889	263
18367	4175	331
18367	1317	331
18367	15876	331
10177	19956	32
14243	8134	72
14243	19561	98
4925	11425	238
21010	13566	262
21010	7902	134
3716	10942	335
3716	3569	335
6554	9366	134
6554	3966	134
6554	3966	134
3600	10833	24
15026	9837	79
15026	9837	20
15026	18176	319
15026	2218	215
4491	18492	14
23549	19920	183
23549	2218	53
23549	23550	259
7819	6271	334
6835	7075	329
617	10606	134
16905	17020	164
16905	7452	99
15743	6873	319
15743	10914	56
1723	19956	86
1723	19956	57
1464	19873	273
6092	19048	134
12803	9366	134
10418	17064	221
16172	8633	329
16172	23288	329
1620	7027	329
7811	7044	329
7811	16931	329
7811	486	329
7811	5734	329
2973	10054	59
20873	8134	72
20259	836	59
7142	8839	160
5402	13090	86
14863	14958	339
14863	23096	47
14863	4169	214
3023	18492	349
3023	18492	208
5780	3529	329
5421	21	197
5421	1393	23
10916	15415	238
539	1281	349
3649	17020	164
3649	7452	99
3649	17660	112
22243	22931	7
12940	4937	173
10776	23635	32
13837	17469	273
23783	22628	6
23783	5029	262
23783	5029	209
23783	4056	259
1597	17502	221
17700	17469	273
15378	16210	349
15378	1356	259
16790	705	186
9186	22892	97
9186	8134	72
2621	11794	208
2621	11794	209
2621	17469	273
591	14958	339
591	7643	214
20743	924	154
20743	17875	154
8295	6238	273
15935	5040	109
5826	9116	134
15105	16210	349
15105	9116	134
19526	10547	212
19526	10547	321
3856	23635	32
3856	23635	147
21006	13566	262
21006	7902	134
22844	19318	325
17464	8134	72
17464	17466	64
17464	8134	133
2775	19425	86
2775	22921	105
1120	2448	32
1120	7003	329
3591	8977	92
3591	8977	91
8595	14380	262
13106	12994	274
13106	2618	273
8561	22928	7
6492	17020	164
6492	7452	99
10505	3748	273
18238	4293	32
23835	8116	349
10388	12994	32
22236	20998	18
22236	21090	18
22236	20998	19
22236	21090	19
10353	4261	32
15490	20651	134
15490	17196	221
13524	17449	208
13524	17449	209
3265	3832	32
15015	2824	160
8821	2824	160
4223	2824	160
8562	12994	184
8562	17773	263
12865	4697	121
7742	7569	24
7742	2889	19
7957	14679	221
9998	2913	325
563	12041	262
1208	10606	134
1208	16826	18
1208	16826	19
17894	20818	133
15411	7515	288
12246	14958	339
12246	23096	47
12246	14722	214
14722	14958	339
14722	23096	47
14722	12246	214
19116	19116	327
19116	19116	327
19116	19116	327
1225	16597	262
1225	16597	208
1225	16597	209
1225	23635	274
1225	8671	134
21832	5168	122
7221	12768	144
21719	9366	134
22805	11000	255
19808	18207	24
10347	4242	32
3575	3194	183
7190	9366	134
10203	19722	32
18430	14958	339
18430	13178	47
18430	13178	98
18430	9473	214
18430	10101	214
18193	2352	86
18193	23602	26
18193	19926	275
11447	19722	86
11447	10203	327
11396	3748	273
11396	16442	18
11396	16442	19
10812	8790	127
2589	12732	319
2589	5878	319
2589	4376	205
18858	22870	282
18858	16185	327
17585	5569	254
17585	23072	127
16184	3598	327
16184	18858	255
22111	23832	238
20585	3012	262
5731	5178	24
6566	15444	86
17973	11270	255
1304	500	233
2036	6801	142
6177	6177	138
19287	10606	134
19287	10075	259
3714	19577	283
4523	17718	273
19342	15643	349
12878	22237	122
16672	7828	329
21539	22892	97
20837	13791	205
3300	9116	134
1727	13370	72
15699	6260	275
845	14958	339
845	23096	47
11244	6138	134
2148	348	245
4693	10040	110
17484	19527	122
10806	1440	69
11502	11508	306
14818	13566	262
14818	9366	134
16007	4513	160
11192	17064	221
11970	21714	18
9769	12994	274
11029	23763	284
11029	2504	26
11029	2520	26
5163	10747	228
9071	6260	275
1983	11586	339
24483	348	245
24483	24480	41
24483	6630	166
24483	14945	145
18472	14958	339
18472	23096	47
8116	20651	134
15458	3697	329
15458	3697	189
18843	13294	154
1699	24136	86
20211	20651	134
10541	6140	157
10541	16666	157
21323	9116	134
16433	9116	134
16433	6238	273
10404	9116	134
10404	21323	259
16326	12962	339
10596	12994	32
10596	20651	134
13056	7473	134
8	4810	349
8	8156	259
16795	4350	238
18511	13786	20
18511	13786	262
18511	2016	121
6122	4614	319
10764	14775	127
14281	22904	7
14281	8006	115
2265	4297	262
3942	4648	97
22352	5569	254
22352	14775	127
5300	20542	144
5300	5970	144
15433	14775	127
19742	1997	319
18543	22790	160
18543	5859	339
8320	11341	325
11341	8320	259
20714	2016	245
6362	23095	46
6362	17112	45
5869	14679	221
5869	14945	283
4482	10606	134
13796	18466	189
13796	19101	189
7607	10117	189
13685	8134	212
13685	8134	321
13685	8134	147
53	17718	273
19892	11463	134
19892	19937	128
19892	19937	185
6584	19481	134
19381	19920	32
19381	19921	329
2072	18072	254
2072	3697	329
23031	3434	86
23031	17469	273
13428	18919	86
13428	7473	134
13428	7473	134
22778	20295	349
20944	4697	121
9785	9366	134
6365	14674	284
6365	23602	26
14746	21141	14
8170	14769	315
11642	8134	185
11880	7021	329
11880	3697	329
22497	22497	256
22497	15363	215
9484	6536	208
9484	6536	209
22387	442	329
17417	12260	58
17417	18740	58
5854	6217	327
5854	3351	184
5347	24182	329
5347	15749	189
19095	17020	164
19095	7452	99
22153	11609	147
22153	17293	134
13558	23236	319
10370	5184	134
23504	20047	183
23504	9453	183
23504	21036	123
2645	19610	129
2645	7473	134
2645	9366	134
2645	19481	134
2645	12994	183
22088	21589	183
21395	996	319
21395	2218	97
762	2504	26
5880	274	293
6508	12994	183
24442	16887	147
24442	9366	134
24442	20781	18
24442	17345	18
24442	13328	18
24442	20781	19
24442	17345	19
24442	13328	19
3778	20651	134
3778	3748	273
3778	17015	259
19641	3748	273
14332	1291	32
2387	8996	319
17516	17449	262
17516	17449	208
17516	17449	209
17516	15272	259
21397	23782	259
20779	10993	319
20779	6630	166
23421	22943	41
6227	348	245
6227	393	245
6227	3115	40
6227	15444	40
6227	16303	40
6227	16701	40
20905	20906	231
22093	13138	259
14342	17293	134
61	9116	134
13797	12994	86
13244	23832	238
18417	9366	134
18417	15419	134
18417	2297	273
18417	2644	18
18417	2644	19
4198	3533	20
4198	11786	76
4198	6630	166
14702	20731	32
14702	10114	32
21039	8081	68
10533	1660	346
10533	1660	253
7612	12994	32
7612	24182	329
7612	24173	329
7612	9197	329
18364	4646	331
18364	7782	331
23578	22904	7
13367	13367	24
24435	5569	254
24435	8592	32
7586	12006	32
22225	23631	32
22225	6626	329
3872	19360	329
15839	17020	164
23575	10606	134
23575	17481	273
23575	17469	273
19629	20651	134
8519	14945	283
12649	23635	274
12649	17293	134
11498	7518	183
19088	4660	273
23850	18259	319
23850	22131	205
17320	6140	157
20021	4660	273
10571	19968	18
10571	19968	19
11531	20333	183
11531	11558	306
23827	22892	97
19843	9876	319
19843	6630	166
23950	20047	86
14489	4650	127
14489	12312	127
10975	6626	329
4019	20028	147
4019	7473	134
6849	16429	227
6849	16429	112
15971	10889	319
10697	12994	32
15741	7681	319
12444	15558	349
12444	15558	262
10282	10114	72
9574	8134	185
9045	5029	262
9045	5029	14
23466	14674	58
14169	15887	335
14169	809	335
1801	1802	323
22620	3391	24
18194	15424	7
18194	1606	282
22853	15074	273
6483	9116	134
24499	6271	334
6947	378	273
17462	23722	58
8652	23537	24
24604	12962	339
9937	8656	86
9937	14449	198
4344	4351	150
4344	16701	145
4344	16701	72
5208	693	157
5208	7127	157
9340	19942	275
22566	19926	147
22566	15326	134
10269	14679	221
10269	5040	109
20815	6630	166
7600	10606	134
7784	17020	164
21308	6630	166
21362	480	18
21362	480	19
20406	3964	329
20406	23773	329
1908	23832	238
5212	16887	283
23993	14841	283
21127	19470	319
22813	18458	319
1137	7681	319
1137	8996	319
8189	481	329
23951	3755	196
23951	19299	26
23951	2504	26
8474	17199	32
3956	12994	283
3956	22904	7
5351	10606	134
5351	5351	18
5351	14724	18
5351	5351	19
5351	14724	19
11432	17196	221
11479	14986	58
5094	19528	58
21926	15419	134
13123	5353	122
1813	20040	134
2844	19926	32
19588	17020	164
19588	7452	99
16587	11887	103
16587	20971	349
9787	13282	262
9787	13282	14
9787	7473	134
22882	8706	26
12296	12994	147
7497	16263	134
7497	7474	18
7497	7474	19
10708	20605	19
10708	7127	157
5917	12994	147
17354	12786	319
3648	17020	164
3648	16065	112
3648	6671	112
20946	6634	205
3440	19917	339
19597	754	281
1139	22931	105
1913	23100	214
12381	17293	134
2089	22168	134
2089	10967	319
9986	24143	273
9986	839	325
7824	8843	18
7824	14379	18
7824	22275	18
7824	8843	19
7824	14379	19
7824	22275	19
5385	10606	134
57	16284	26
16460	12994	32
17922	9116	134
17922	13144	325
17948	8134	183
18001	2513	26
5837	21914	325
9739	9366	134
1486	20071	94
1486	20071	349
1486	18081	319
16755	3342	32
16755	23631	86
2708	23343	316
2708	2445	316
2708	19679	316
14056	8134	32
14056	24136	86
8642	15363	106
7235	4697	121
3875	7452	99
6709	13957	221
5110	7902	134
3584	22724	339
21475	21475	24
21475	17718	273
11354	12994	32
20011	13898	66
18948	5335	227
24156	20040	134
24156	7891	69
12058	12994	147
12058	6138	134
21114	18432	134
13144	17922	259
18133	18131	201
18133	18131	202
10797	20492	329
10797	20492	329
6135	13360	269
22495	24176	221
22495	10545	166
14285	9343	32
14285	2270	105
5814	13279	99
8183	22168	134
8183	10977	79
8183	10977	111
8183	3546	66
16457	12853	221
6925	12699	94
6925	4880	103
6925	12699	349
1821	22035	281
1821	24022	281
8683	1436	184
19256	19956	32
19256	23042	327
13967	17157	147
10566	2900	32
10566	20492	329
16743	16744	325
3039	1684	18
3039	1684	19
6676	17020	164
6676	7452	99
8670	23574	319
8746	8816	32
8746	8942	329
18372	1642	153
23581	2799	263
21374	18190	144
11352	10606	134
11332	4840	1
6472	4695	274
21914	5837	259
7073	17190	254
7081	17190	175
7081	17190	254
14766	22724	339
6787	7473	134
6787	8395	18
6787	8395	19
21950	20137	297
5718	7518	32
5718	4487	157
5718	10606	134
5718	5965	18
5718	6313	18
5718	5965	19
5718	6313	19
10482	22913	7
9531	20977	329
14989	13336	259
7339	18602	319
8301	24114	189
3273	22904	105
3639	17020	164
3639	7452	99
3845	6495	14
16495	22761	189
21220	22670	319
21220	16853	56
21220	6630	166
22247	9865	221
10956	20152	273
3519	22724	339
15533	7020	329
15533	4934	329
4445	4445	166
4445	10029	166
16805	20167	35
21681	18816	262
21681	16870	319
7461	3342	147
7461	19481	134
22159	17766	274
22159	12888	325
21009	5924	273
9413	5423	262
9413	22146	319
17808	12994	32
21904	22222	319
17519	8517	231
4777	4351	150
22314	6630	166
22314	348	121
16579	2382	32
20345	23968	349
20345	22892	97
1401	9519	134
1401	9116	134
1846	24263	160
23654	15362	230
5374	9366	134
5374	12731	18
5374	24416	18
5374	11662	18
5374	12731	19
5374	24416	19
5374	11662	19
7270	17071	329
18002	7708	86
9222	9221	255
8908	13851	262
8908	7957	319
748	17196	221
11855	3767	298
19529	19921	329
11533	11546	306
15877	1789	273
15877	17481	273
15877	9187	325
14657	17020	164
14657	7452	99
19122	23635	32
19122	23635	147
5624	10545	166
2915	14379	349
2915	17985	349
2915	13861	262
2915	12994	274
3381	4697	121
924	17683	186
2704	19920	72
2249	22483	127
22089	9438	349
22089	5184	134
10217	20682	273
12883	7961	59
12883	12884	112
14469	5569	254
14469	5569	254
14791	5569	254
14791	3351	86
22069	20483	18
22069	20483	19
8479	19484	329
8479	4934	329
10880	15198	281
16970	12041	262
16970	6536	208
16970	6536	209
23647	23108	155
6427	8395	19
2122	11200	327
21055	21055	319
9575	9116	134
11847	9116	134
11847	23616	19
3943	17812	255
14843	8134	315
14562	3748	273
18057	2299	18
18057	2299	19
14583	14584	288
14583	14582	288
15028	4697	121
1077	6634	18
1077	6634	19
18591	14057	100
18591	8134	212
20383	16362	325
8210	16826	18
8210	2213	18
8210	16826	19
8210	2213	19
17873	3748	273
17873	18535	18
17873	18535	19
17873	12344	19
20452	17092	147
21654	12610	122
21654	21482	18
21654	21482	19
17251	23927	232
17251	8910	86
17251	8910	284
9911	5569	254
9911	19956	32
18107	7473	134
7573	17632	255
6237	12994	32
9559	8423	319
9559	10914	56
9559	22892	97
17999	22893	7
21604	3748	273
8176	7708	32
8117	3434	86
3834	12686	173
1281	2352	32
9059	9366	134
9059	17469	273
21258	24140	94
21258	24140	349
21258	24140	319
21258	3299	319
6189	12006	32
14640	2861	319
13336	14989	325
11886	19920	32
11448	6271	334
15178	15178	319
15178	6630	166
12807	10950	205
12807	22892	97
10661	3748	273
23505	13090	40
23505	23775	41
18233	21559	165
20554	7473	134
8095	22487	86
8095	8053	139
22739	22739	319
22739	6630	166
24198	17756	319
24198	5278	56
11876	6630	166
15662	5184	134
11251	18883	329
11251	14266	329
4057	16210	349
4057	16477	262
15950	3964	329
15950	7555	329
23997	22916	105
22657	20651	134
9001	4847	32
15461	12516	32
18110	15558	262
5301	10009	93
5301	17336	134
5181	7473	134
5181	17469	273
6895	6895	326
23676	4697	121
23676	23703	208
23676	23703	209
19367	6138	134
19367	19367	273
18019	8091	257
3630	8243	349
3630	4386	273
3630	15053	259
3630	9116	134
15613	9558	6
15613	10798	349
15613	10798	262
1917	11886	262
1917	11287	14
18884	19782	174
854	17020	164
854	7452	99
8686	17020	164
8686	7452	99
20642	17945	14
19573	19485	134
19573	22070	134
19573	20706	69
11725	12994	32
11725	17196	221
17751	9116	134
17751	17293	134
19057	22222	319
9175	8134	32
3163	23766	26
4489	3993	58
14826	15643	349
14826	15643	262
5991	12565	327
3523	8134	72
4869	20651	134
790	3423	319
21767	18436	319
13340	13090	147
11779	20492	329
11779	15427	329
11779	19101	329
17413	6630	166
19495	17020	164
19495	7452	99
13921	16074	23
13219	24116	23
1434	22724	339
2211	3232	122
10593	15957	32
7504	17311	268
2438	19926	32
342	9366	134
342	7902	134
342	17469	273
5127	9116	134
24127	16229	325
9873	22892	97
9873	6630	166
15043	24131	319
6170	9116	134
23481	22885	41
14210	8134	15
14210	22339	15
14210	2163	22
7029	9689	142
23015	278	293
2225	13808	151
15373	17561	94
15373	6121	319
15373	5443	205
15373	1097	56
10178	17199	32
10178	17199	86
10178	17199	57
9004	8706	26
9004	8706	26
9177	18612	98
21337	3351	147
21337	14588	273
16011	969	262
16011	20651	134
6110	6320	68
13125	6536	14
21633	22567	349
21633	22567	94
9462	18633	175
9462	277	293
9589	1809	286
21434	16736	319
21260	1700	262
21260	1700	349
21260	6630	166
22182	13090	32
6612	17020	164
6612	7452	99
1014	12957	191
1014	9362	191
1014	16388	290
1014	12957	58
1014	12957	288
1014	9362	288
1014	12957	289
1014	3351	287
2791	19740	319
16821	20970	20
8484	20492	329
824	10054	59
824	12592	227
824	9244	112
5359	8134	32
5359	9116	134
5359	18695	18
5359	18695	19
21527	718	319
2047	2046	255
2047	4764	35
2047	2046	279
2046	2047	279
18736	9437	6
5561	8387	325
7911	19124	24
7911	16197	273
3173	10416	319
12710	9324	259
9324	12710	325
954	4232	86
17122	5353	205
14593	13190	86
4625	17392	88
3376	17815	160
4623	1994	32
15049	6634	205
15049	22892	97
9794	4697	121
2460	8135	329
22050	9366	134
694	15643	349
694	15643	262
20433	3993	160
13429	9667	247
14689	12686	173
15782	10054	59
14757	4697	121
14757	9519	134
6528	12994	86
20338	18495	262
22777	22777	24
22777	9366	134
22777	17469	273
3243	8134	72
20551	17699	103
17635	14266	329
18936	12994	32
18936	17196	221
18797	11208	327
21694	6630	166
16980	17683	241
10978	2504	26
14485	10606	134
15147	12686	173
8384	9116	134
2345	3993	160
20831	3993	160
7968	10049	68
22721	9116	134
22721	3029	19
18044	12994	58
15112	6217	93
15112	20040	134
19413	19414	160
8962	4697	121
8962	17469	273
8601	1125	65
1265	5029	208
1265	5029	209
1265	20651	134
1265	19402	259
3109	10747	160
13356	24096	329
13356	3964	329
10451	22931	7
2181	17509	56
11558	11531	306
3285	5329	23
11574	20028	58
11574	23775	41
11574	11515	306
11515	20028	40
11515	11574	306
11554	20028	183
11554	21036	123
1848	17020	164
1848	7452	99
12506	10606	134
12506	7838	273
3132	8111	147
3132	5374	18
3132	5374	19
17386	10054	59
17386	12592	227
15637	10054	59
15637	12592	227
18173	13090	86
18173	19926	275
22614	2287	273
21522	14095	262
10010	10722	349
7489	9116	134
13962	13963	160
2571	6630	166
6217	5854	255
6217	3351	184
10438	12470	284
4763	19926	320
4763	23343	316
5474	15678	94
5474	3444	319
11528	14841	183
12600	18449	230
12600	18449	330
21349	8924	205
21349	23979	56
21349	22892	97
8064	10463	280
19117	7350	32
17043	12994	274
17043	20651	134
17043	19912	325
10781	16831	147
10781	10606	134
18900	12994	32
18900	19577	283
2160	2160	122
2160	9116	134
2160	17469	273
20869	9366	134
19766	20897	14
1744	17064	221
18500	12994	133
8528	10054	59
8528	12592	227
24554	10054	59
24554	12592	227
12988	5184	134
12988	18789	18
12988	18789	19
4217	19920	15
23158	6138	134
16529	5184	134
16529	16467	18
16529	16467	19
7869	5184	134
6484	4697	121
6484	18021	349
12844	15957	184
12844	10098	263
15649	19956	147
18353	18352	327
15827	4697	121
15827	18021	349
15827	22438	262
21826	16525	319
21826	22892	97
2272	2273	59
11442	4411	32
11442	7555	329
15939	8581	310
15939	8581	311
21052	5075	273
7126	16210	349
7126	9116	134
9060	14795	160
1549	10508	260
24204	20651	134
1207	10606	134
13405	9116	134
13405	11950	325
4179	22567	79
9086	4376	205
23829	21531	6
9400	1769	273
9400	12843	273
20271	5569	254
13224	4632	212
4606	15749	329
4606	20492	329
4606	6626	329
6482	20032	273
11950	9116	134
11950	13405	259
10515	17196	221
1302	14679	221
12270	9366	134
12270	14253	18
12270	14253	19
21820	475	273
2228	12850	340
11530	11501	306
21576	9366	134
11557	20028	58
11503	20028	40
13271	6335	273
12535	8001	329
12535	19134	329
15256	18921	160
22200	7473	134
6247	20651	134
12350	15710	175
12350	15710	254
1503	8134	32
11892	19722	72
9077	23631	32
24571	2941	286
11735	5184	134
11735	11735	18
11735	11735	19
16845	6140	157
16845	9116	134
17677	9116	134
6410	6140	157
6410	16666	157
2347	10023	134
7353	9116	134
12228	22870	282
12228	20690	327
6291	10114	32
6291	10117	329
17168	5011	262
6595	3351	32
6628	15670	252
6628	6629	278
6628	1800	278
6628	4255	278
7164	23984	111
18125	23631	275
18274	20257	14
2114	16090	32
14912	16242	132
5723	4573	18
5723	4573	19
23442	23406	306
23442	23452	306
24619	17476	329
24619	17476	189
24619	20492	189
21709	23984	111
562	16298	269
3467	9116	134
3467	17469	273
11647	467	205
15323	17450	329
9319	16326	142
14112	22379	155
4629	1331	246
4629	10360	65
14009	10606	134
15370	17866	183
6547	20835	275
7525	2572	327
2906	12994	74
14559	8134	274
14559	21865	259
15219	13439	329
15219	15749	329
15219	6626	329
15081	12787	66
22696	20651	134
16752	10453	327
16752	4961	86
20272	18779	329
20272	18779	189
12077	15326	134
10810	9116	134
10047	4697	121
10047	803	259
21715	18186	319
21715	5231	103
21715	22892	97
21715	6630	166
10345	22163	32
21844	20137	297
13121	7473	134
16221	4801	142
14306	8134	32
14306	8134	212
720	18459	154
19993	9841	262
19993	12994	274
8137	3922	282
16721	14996	221
16721	519	18
16721	519	19
11383	3922	282
14573	14573	24
13079	3748	273
13079	8828	273
3849	693	157
3717	8671	134
304	2483	26
304	2536	26
20285	12533	329
23972	4704	85
855	8427	329
13541	17020	164
13541	7452	99
21865	14559	325
16994	3748	273
2279	12994	274
16862	19299	26
16862	1771	26
7457	11003	349
10599	21022	101
10599	22904	7
10599	2050	115
10599	730	23
12939	17020	164
12939	7452	99
10039	23963	319
10039	18025	319
10039	4493	97
8470	8470	24
13822	2890	115
13344	17020	164
11330	4376	205
13407	3748	273
16872	22790	32
17444	643	147
17444	17293	134
16561	4006	329
16561	3187	189
16561	23288	189
21605	21604	262
21605	21604	14
21605	14258	274
8153	12331	144
8153	7377	259
12704	14945	183
12704	9093	263
13706	22921	7
13706	15836	115
21789	10423	319
18650	2397	15
18650	20167	35
3298	17347	221
9571	15270	205
9571	6630	166
11672	19926	32
11672	19926	86
11672	22930	7
21637	9003	319
5373	3734	32
19911	3748	273
19911	21731	325
20288	7473	134
7377	8153	325
6593	12686	238
2417	5118	14
2417	9366	134
2417	9366	134
2417	23006	273
727	3964	329
2760	16735	349
2760	3055	349
2760	3055	262
2760	8959	325
16663	10888	349
16663	10888	209
16663	17469	273
21702	21702	24
21702	3351	147
21702	14588	273
21702	377	273
1674	21116	259
19708	9366	134
22062	1436	147
22062	8986	157
22062	16920	157
22062	10606	134
12317	16638	160
12317	12327	160
7831	9366	134
7831	11770	18
7831	11770	19
16605	6296	243
22976	19676	134
22976	7332	154
22976	7255	153
22976	8782	153
22976	8041	153
2663	18501	32
2663	23631	32
2663	24173	329
2663	6626	329
21376	10914	56
10485	24136	86
335	22657	262
335	5184	134
548	6630	166
19569	5674	319
19569	6630	166
13674	19920	32
23474	23491	306
7451	9116	134
9056	4697	121
9056	17469	273
9056	2758	325
21538	8924	205
14853	23635	274
14853	17766	274
14853	8671	134
14853	9116	134
14853	6630	166
20509	21936	14
974	10606	134
974	3086	18
974	3086	19
14537	3579	18
14537	8900	18
14537	3231	18
14537	8900	19
14537	3231	19
6205	14958	339
6205	23096	47
8638	23096	47
4040	14958	339
4040	23096	47
4944	14958	339
4944	23096	47
21698	61	6
21698	16845	349
21698	9116	134
5210	20811	329
5210	20811	329
5210	24173	329
12971	4386	273
22332	8134	147
3554	4695	142
18497	10114	32
18497	6630	166
8033	12516	32
4423	17020	164
4423	7452	99
5914	23078	18
5914	23078	19
23460	23473	306
23651	14861	319
23651	2016	121
23418	23419	306
23418	23433	306
21292	21292	24
14225	17020	164
11670	6140	157
11670	22968	134
11670	24143	273
11670	14019	18
2921	8359	236
20612	17020	164
20612	7452	99
5097	19920	183
17954	1714	325
4307	23635	32
4307	17293	134
4285	16588	275
1903	12814	23
11547	7518	183
11547	22008	123
907	9667	32
15573	8816	32
20649	2448	183
3603	8134	32
3603	9366	134
9171	9575	262
12021	6138	134
12021	13412	273
2540	8587	161
22765	12385	142
17207	6059	6
17207	8671	134
10681	12994	86
4714	17293	134
5635	4386	273
9205	9357	32
24208	7945	349
9975	2860	223
9975	348	121
15774	7902	134
22858	4386	273
19389	9116	134
16089	12994	283
4954	5440	319
4954	6630	166
21791	11669	319
18405	5817	264
20636	12994	58
2978	8671	134
19307	2978	259
15773	3748	273
3756	704	134
3756	7891	69
17871	18071	32
20168	20137	297
20168	21608	325
4930	17313	32
4930	4128	198
12951	5571	23
8404	21336	259
20643	5184	134
7848	7848	165
7848	15626	23
21498	12768	144
19775	22786	56
6014	9653	259
12873	20651	134
12873	5591	325
9477	11001	111
9477	348	121
15172	2352	32
15067	2504	26
15067	2510	26
22362	7473	134
7467	17310	268
11543	11516	306
22674	10015	319
10003	7473	349
14030	17361	32
14030	17199	32
14030	6808	54
14030	6121	281
11553	18773	183
11553	18773	184
13217	6630	166
20794	12994	183
20794	17747	151
21058	6630	166
21058	8820	166
953	12994	274
3308	12994	86
9310	8662	259
15006	1074	189
3473	18292	93
10932	1653	153
719	8735	18
719	8735	19
14864	22907	7
19164	659	65
19164	14963	65
2757	10590	205
2757	6630	166
15673	15673	24
11659	6630	166
15736	17020	164
15736	7452	99
15736	15911	112
10230	4697	121
10230	4697	121
10230	17051	325
16232	251	293
10153	1910	349
10153	1910	262
2363	14945	160
22408	7024	329
22408	481	329
16088	22685	329
10454	19926	160
23336	8910	32
23922	6138	134
7668	8706	26
20587	4333	262
20587	15652	134
20587	19481	134
21738	19694	231
9118	17196	221
8714	7350	86
8714	7350	212
8714	9189	7
8714	992	154
8714	992	153
15242	15659	339
16285	6271	334
12727	9366	134
4490	4340	319
17204	10606	134
14010	19292	7
14696	8706	26
14696	622	327
14696	24405	255
22486	6476	59
18515	19970	329
21375	2832	205
21375	6630	166
21210	12932	231
8673	20010	32
7260	6958	115
16589	6271	334
4585	17020	164
6477	17020	164
6477	7452	99
6477	6477	30
6477	3794	31
16349	17020	164
16349	7452	99
14090	22790	72
15530	8409	32
20795	9366	134
21707	6630	166
5591	12873	259
20951	5032	319
12181	18306	227
24284	19956	32
24284	6140	157
24284	19481	134
21728	11196	122
21728	6876	122
1838	4993	183
23389	16652	195
10868	19101	329
10868	17895	329
24004	6389	255
20715	2016	245
20715	20716	306
13030	9366	134
5238	3598	255
5238	11210	255
1577	14775	127
1577	3351	32
21749	3395	94
21749	3395	262
16940	13077	154
679	7452	99
8859	17060	32
8859	19083	86
8859	21219	282
8859	17591	327
1570	15749	329
1570	20492	329
7837	9366	134
14981	6630	166
14981	10029	166
841	22790	32
841	22790	212
841	22790	321
841	22790	57
841	22790	147
16086	2490	26
15960	14768	175
15960	14769	212
7684	18302	329
7684	20094	329
3471	4697	121
8068	17469	273
2262	10294	79
2262	10294	20
21490	20362	274
3232	2211	18
3232	2211	19
1391	348	121
15567	7073	329
18789	5184	134
18789	12988	18
18789	12988	19
22717	24462	94
22717	24462	349
24109	19937	183
11535	13090	58
8232	16725	208
8232	4697	121
8232	8621	262
8232	4386	273
13397	479	215
21406	10952	319
10984	10096	221
5103	4386	273
21494	7473	134
15644	3863	271
15644	22702	271
1991	8134	147
1991	23552	18
1991	23552	19
19340	2298	6
19340	14974	6
19340	2297	273
18279	3748	273
15772	9366	134
23159	12994	32
7895	22904	7
17688	17020	164
17688	7452	99
14395	17020	164
14395	7452	99
20425	20425	18
20425	20425	19
3831	12994	32
21489	1700	262
21489	6630	166
774	16826	18
774	16826	19
11366	8692	32
5961	21170	6
14855	11430	24
14855	14855	24
14855	14855	122
2650	15385	349
2650	9366	134
5141	17020	164
5141	7452	99
4039	17020	164
4039	7452	99
8837	9485	259
10539	5569	254
10539	14775	127
10539	20583	127
10539	7350	32
11993	11993	122
3885	8111	32
3885	8111	275
4209	23259	7
12546	10606	134
12546	20107	18
12546	20107	19
4970	17020	164
4970	7452	99
23915	5922	325
5922	23915	259
12967	7346	325
3336	5085	262
6945	17020	164
6945	7452	99
11301	19722	32
16137	20911	59
6801	2036	230
6801	2036	330
15552	16312	189
4528	2016	121
717	19082	212
717	19082	321
717	23857	109
5358	8671	134
5358	16597	18
5358	16597	19
14320	15957	32
14320	10606	134
3151	10054	59
3151	12592	227
3151	9244	112
9951	6630	166
1007	8263	32
19880	8134	32
19880	8134	86
3491	10054	59
3491	12592	227
6076	10037	319
12549	7999	163
12549	16058	263
22075	10606	134
22075	9366	134
5392	2236	60
4859	7419	262
4859	6238	273
4859	2983	259
18761	19956	86
21160	10758	346
19740	14945	86
17051	4697	121
17051	10230	259
5802	8111	32
5802	19419	255
15893	22790	212
15893	22790	321
15893	22790	57
15893	22908	105
685	17020	164
685	7452	99
685	4585	112
6904	22369	262
6904	3748	273
21551	3063	262
21551	3063	14
20455	4697	121
24591	9696	329
24591	19970	329
24202	22943	123
24202	22943	123
479	348	245
15058	4697	121
14899	9366	134
14899	12731	19
20510	19485	134
20510	2061	69
21214	3748	273
21119	3748	273
23427	23453	306
21093	3742	147
3521	20651	134
3521	3206	259
13042	3115	72
17351	3115	72
13537	3115	72
12541	3628	105
11488	12689	230
11488	11570	306
16698	9116	134
15164	18464	273
3851	14770	58
23155	12994	183
23155	815	276
9315	23984	94
9315	23984	262
9315	23984	349
9315	23984	25
10660	14944	74
7826	11586	339
11844	14084	288
11844	19834	288
11999	9116	134
22699	11843	270
3826	16887	32
3505	13837	349
3505	15326	134
17510	20512	14
11083	9866	275
16212	16212	122
16212	19518	18
16212	19518	19
23671	8111	160
3981	596	160
24170	9116	134
9518	10054	59
9518	9676	227
21147	10330	262
21147	6013	319
12376	3186	7
15764	10114	72
9611	17196	221
22530	6602	97
13338	15164	14
13338	1802	134
13338	18464	273
21784	20139	217
5558	3041	329
7459	6630	166
14362	17293	134
4338	20492	329
4338	7021	329
4080	16068	23
19542	9630	65
19725	4468	339
17084	17020	164
3011	7473	134
9374	11112	122
3904	22450	163
11393	2016	121
10573	24076	147
10573	6140	157
5599	17760	93
5599	7371	134
10531	4144	18
10531	13088	18
10531	4144	19
10531	13088	19
6173	11145	103
24018	8091	10
3508	6630	166
15916	19956	32
7154	9483	329
22341	18727	97
22341	6630	166
4481	3434	32
21446	14764	94
21446	14923	349
21446	14923	319
21446	18186	319
8650	7452	99
9370	17020	164
9370	7452	99
22846	14334	262
22846	12328	97
23831	5459	94
22568	17020	164
22568	7452	99
13686	9116	134
22414	9366	134
22414	22414	273
18464	1802	134
518	6630	166
12636	12344	262
10721	18455	32
10721	23151	329
16000	6630	166
23888	17020	164
23888	16923	112
23888	23888	30
23484	348	245
23484	6630	166
23484	13530	40
13088	4487	157
13088	6140	157
13088	17469	273
11163	6271	334
8321	8321	135
6967	348	245
17554	6630	166
9082	9366	134
4584	9366	134
16315	19822	273
16315	21071	325
21071	19822	273
21071	16315	259
1618	19956	147
1618	20651	134
21249	22479	319
2654	14958	339
2654	18270	214
2654	6778	214
21846	6630	166
3636	4433	319
12859	15457	144
11917	18470	14
4807	14958	339
4807	15639	214
11344	23015	329
11344	7029	329
15639	14958	339
15639	23232	214
6778	14958	339
6778	2654	214
6778	8765	214
18270	14958	339
18270	2654	214
22036	18182	144
15201	21264	144
15201	20234	144
2700	18259	319
11121	19684	288
2326	7473	134
6687	23832	238
5369	19920	72
7570	15698	147
7570	19687	18
7570	409	18
7570	6536	18
7570	19687	19
7570	409	19
7570	6536	19
6879	14819	319
6879	22892	97
16810	8134	72
20730	9366	134
20730	21141	18
20730	7278	18
20730	21141	19
20730	7278	19
4946	9366	134
4946	5085	262
4946	4946	208
4946	4946	209
14122	3089	14
24355	4110	79
868	13285	329
10470	4487	157
10470	10606	134
5135	10054	59
5135	12592	227
5135	9244	112
9009	12994	32
9009	1953	255
23995	22913	7
21221	22564	103
21221	16454	97
14060	14996	221
22334	5184	134
3216	8300	329
4300	24182	329
7823	17356	157
3012	5184	134
6147	3964	329
6809	7329	166
6300	15363	53
5052	10077	23
10329	9519	134
19960	4663	6
16274	6271	334
24510	12544	319
24510	23975	319
24510	9021	205
13849	8846	53
13849	348	121
8265	22904	7
2253	15382	6
5245	9060	32
5245	7024	329
5245	11467	329
1264	7550	14
1264	9116	134
14552	10114	32
14552	2888	221
24610	20772	43
12465	23960	319
13515	23984	79
15977	23984	262
15977	5423	262
15977	14294	319
935	6630	166
935	489	306
21816	23984	111
21816	2016	121
21816	348	121
15615	4697	121
15615	8632	262
1607	6630	166
1607	19082	278
557	5907	325
5274	6140	157
5703	920	339
5703	8134	183
4990	6630	166
4990	19281	278
1976	7452	99
2473	24454	94
2473	11399	205
2473	5382	103
12498	1292	257
21313	24076	147
4813	23832	238
4813	23602	26
7439	4109	154
24613	6271	334
1472	9237	129
383	2504	26
631	22907	7
21976	6630	166
14869	18359	21
7817	8134	72
16453	12994	32
19102	17020	164
19102	7452	99
8775	12962	339
9892	6271	334
6480	24076	32
1915	4697	121
2624	8547	199
14099	6922	259
13493	17361	32
13493	17199	72
21232	20137	297
1721	5569	254
1721	18770	127
1721	19956	32
23530	4697	121
21309	16525	319
21309	8491	56
5543	15714	32
20154	10606	134
20154	7473	134
21078	12994	147
14344	7004	329
14344	5639	329
22855	9116	134
9777	6182	208
9777	6182	209
9777	19027	273
9777	4697	121
5323	5324	341
15563	17196	221
15563	12994	283
14959	1189	167
19809	12547	262
4264	17718	273
4264	18594	18
12069	20180	151
23918	9116	134
23786	20295	349
18070	20923	160
18070	6271	334
20400	4754	134
20400	3748	273
15056	23635	274
10886	10606	134
5168	12994	147
5168	20651	134
5168	21832	18
1010	19956	32
8920	22897	7
10197	17272	263
13365	17020	164
3838	8671	134
21427	17697	68
4157	20159	306
10861	10606	134
5562	6630	166
10004	22667	274
10004	7225	259
22950	2761	168
11585	8134	185
11585	8134	145
23852	17469	273
5672	2420	32
5672	2429	329
5672	15427	329
18082	7771	215
18082	348	121
23407	18148	40
7552	23897	86
7552	17064	221
16775	11467	329
16775	9696	329
2231	4764	35
11207	7027	329
12199	12199	1
20063	20064	160
4690	10078	159
4690	17137	145
14639	10451	319
14639	21186	97
21247	12994	274
21247	13148	134
21247	21672	325
21672	21247	259
20942	10054	59
4837	1911	263
2316	14957	138
16635	17020	164
16635	7452	99
22720	12994	32
22720	9366	134
12074	14957	138
5096	4697	121
5096	17469	273
10182	10114	72
21980	23635	147
17955	17020	164
2373	19485	134
7897	8821	58
11435	18188	260
5406	4538	154
16527	481	329
4604	17469	233
4604	17469	96
4604	17469	95
5286	20605	208
5286	20605	209
5286	22087	325
22732	643	160
22732	22733	160
22732	22724	339
19739	13090	32
19739	13090	86
4912	10023	134
3768	4695	160
5263	5569	254
5263	19956	32
13424	12854	339
13424	15344	334
23464	14222	183
23464	14222	184
23464	15114	231
19504	10709	205
19504	22892	97
17586	24136	86
14065	8675	329
14065	3612	329
14065	434	329
2333	17199	32
2333	11926	86
2333	6256	221
10948	5856	23
5546	17868	106
14939	16967	58
23402	21036	123
3633	7371	134
4138	21730	262
4543	17020	164
4543	7452	99
6219	20238	262
6219	20651	134
12889	8910	274
12889	9116	134
17366	8910	274
17693	16666	157
17693	17293	134
13572	17199	32
16458	6167	317
6949	2952	325
3749	12846	339
9687	19937	15
24042	3964	329
24042	17895	329
16289	16701	72
15446	3748	273
20998	21253	18
20998	21253	19
17701	693	157
9813	2876	349
9737	6630	166
10913	9116	134
22852	6271	334
23622	15427	329
23622	15427	189
18439	23631	32
14786	6630	166
5789	10800	319
3296	6140	157
10658	9116	134
16804	19722	15
16804	20167	35
21530	20139	217
21530	21932	259
1573	4575	329
6710	15687	26
6710	19943	26
12294	2397	32
19399	15220	205
98	12994	274
98	17469	273
22442	6140	157
2841	17469	273
1433	9366	134
23175	5324	7
23175	4258	115
19855	19937	32
19855	19937	212
19855	19937	321
8043	11047	327
11047	12994	32
11047	8043	255
22971	22921	7
9807	21993	6
9807	19027	273
9807	1841	208
9807	1841	209
6490	9116	134
6490	17293	134
1127	23097	221
904	19525	349
904	17280	319
904	3118	166
20734	17020	164
20734	7452	99
5132	22657	262
15841	6271	334
16842	2218	220
16842	6630	166
17546	17199	32
17546	2351	26
9272	6140	157
9272	9116	134
15914	19956	32
7321	6525	14
7321	12994	274
7321	10023	134
3016	3294	122
3016	12994	147
11126	18915	160
7594	10606	134
9749	3748	273
22373	6140	157
22373	17293	134
13182	10606	134
16814	17020	164
16814	7452	99
16814	16065	112
16814	6671	112
2000	14945	32
14458	8839	147
14458	6140	157
14458	21809	18
14458	21933	18
14458	21809	19
14458	21933	19
14605	19920	147
16108	22657	262
3973	19956	147
5742	6808	281
18342	5569	254
14952	7473	134
14952	14952	273
5563	24094	6
5563	4697	121
5563	22677	349
5563	15527	262
5563	15527	208
5563	15527	209
16723	7473	134
22588	17020	164
22588	7452	99
7293	8134	72
12292	5184	134
14956	6238	273
14956	3723	18
14956	3723	19
3536	17199	32
3536	13308	255
22862	24585	51
2994	5184	134
2592	1436	147
23764	10086	288
6467	693	24
1017	22882	197
908	11926	32
908	17199	32
908	11926	86
908	11926	283
15638	6238	273
15638	4660	273
442	265	293
12156	23382	147
12156	6140	157
16330	22740	329
16330	16917	329
18928	6630	166
6972	10330	262
6972	12408	262
3448	6271	334
14660	14660	255
14660	14660	255
14660	22856	326
20356	9523	98
17959	9366	134
17959	4684	18
17959	4684	19
18207	19808	19
11578	16887	58
10211	13782	349
10211	20651	134
17514	17766	274
12718	13466	270
12718	2432	335
6702	5569	254
6702	5701	127
6702	4533	127
6702	23185	32
1062	19956	32
14219	21291	18
14219	21291	19
12662	21	197
12662	1393	23
12662	24163	23
12662	6856	23
13881	5569	254
2511	16701	246
2511	5775	65
3153	15362	230
11577	3134	230
11577	11500	306
2523	5807	246
2523	465	65
12536	2714	74
10795	23756	86
14465	19133	329
5644	23804	32
16644	5184	134
16644	1856	273
4744	2687	317
23506	20630	58
23506	23449	306
3213	5569	254
3213	14775	127
6698	5569	254
786	17020	164
786	7452	99
786	16065	112
786	6671	112
24378	9537	6
23453	23427	306
10897	5880	329
20101	9116	134
14950	19913	134
639	15425	32
639	17617	7
21307	6630	166
22254	18106	273
5227	22790	32
5227	22790	57
15349	5305	18
15349	20349	18
15349	23052	18
15349	5305	19
15349	20349	19
22043	22042	59
15116	15114	231
15116	348	245
5951	18349	349
5951	18349	262
6281	14159	160
20392	4386	273
20392	15616	259
20392	10214	325
21596	704	134
15901	4386	273
15092	14686	204
12277	12252	160
12277	22724	339
1481	12364	86
324	9116	134
3330	12994	183
3330	17272	151
3330	10098	263
5167	3351	147
21273	2218	97
21273	6630	166
10705	3879	273
17195	14483	262
15780	10680	129
21750	11084	319
21750	17756	319
9677	17766	274
3145	8134	147
20930	14516	65
664	7452	99
3247	3247	24
3247	20562	122
3247	7350	147
10905	8134	212
19186	6138	134
19186	684	134
24110	12194	160
12531	3574	160
12531	3574	230
12531	3574	224
524	4697	121
524	4591	208
524	4591	209
21480	10798	122
21480	15558	122
3610	17020	164
3610	7452	99
19793	19937	32
988	20653	7
23067	21154	325
23149	14958	339
2564	4697	121
2564	8503	273
2564	3748	273
21537	20101	18
21537	20101	19
18555	21687	6
18555	9116	134
21365	6329	319
21365	22892	97
11516	11543	306
16879	18306	227
8793	348	245
20104	10054	59
20104	5023	227
6615	22549	6
6615	18492	349
14377	22921	230
6240	7452	99
6240	16065	112
6240	6671	112
6581	8326	262
22500	480	209
20909	20651	134
20909	2618	273
21148	21148	122
19612	4603	329
19612	9666	329
19612	15404	329
19118	24114	329
19118	24182	329
23908	23908	122
2570	18860	262
18831	10114	32
20382	17938	319
3092	20356	32
3092	6626	329
9137	8134	212
9137	8134	321
23465	917	40
23465	23775	41
23655	6630	166
23655	3481	278
10594	22870	282
4480	7473	134
9822	12994	274
447	17295	254
13746	13345	147
21294	4224	319
14500	19956	32
8645	16548	262
8645	8545	97
22409	5569	254
4172	6630	166
5766	12224	18
5766	12224	19
12148	20651	134
11430	14855	18
11430	14855	19
6178	1606	282
6178	4847	74
23518	1157	18
23518	1157	19
8573	18096	160
8573	4775	334
882	7555	329
882	7027	189
882	7555	189
24443	16666	24
24443	6140	24
9508	7518	284
9508	5855	23
22792	20330	339
22792	22790	183
23678	20909	6
23678	20651	134
23678	2618	273
7214	11926	32
7214	22923	7
7214	922	7
12693	8263	88
3062	20651	134
23685	12558	94
18605	9116	134
12891	9116	134
17733	20651	134
20484	4700	274
14023	15671	88
23865	18461	98
22003	13416	97
3137	7902	134
769	24182	329
769	9122	329
15422	15694	275
15422	15425	194
17177	12169	183
18139	1334	18
18139	24298	18
18139	1334	19
18139	24298	19
23629	23249	24
13193	5002	94
13193	6121	319
13193	18186	319
13193	4376	205
13193	5002	349
21664	6630	166
14386	9116	134
14323	14596	329
6241	693	157
15255	19956	147
8718	22463	270
8718	20170	148
14277	13532	329
14277	481	329
8921	8134	212
13869	11469	329
13869	486	329
24090	4697	121
24090	13632	325
23212	8134	32
23212	8134	86
23212	8134	283
23212	8134	212
8267	10243	329
16257	13532	329
16257	17895	329
11210	5238	327
8511	24559	32
13965	3351	86
13965	7821	329
7613	6626	329
7613	5880	189
7613	19101	189
24200	24066	69
24200	6630	166
24200	10545	166
22980	8134	212
22980	22910	7
22980	1595	52
2703	16417	88
7675	2502	26
13635	9660	329
3761	6630	166
19824	2618	273
4362	7473	134
4362	10606	134
4362	5280	18
4362	5280	19
21825	4224	319
21825	4364	319
21825	6630	166
17389	12157	319
17389	23146	97
17389	6630	166
23816	6630	166
1412	23771	283
18732	17361	32
18732	14945	86
23758	21587	208
23758	21587	209
18995	21587	208
18995	21587	209
451	17295	175
14181	3342	183
56	5914	349
10961	14932	7
3686	11864	349
3686	11864	262
8929	5816	221
19338	10423	319
21589	2218	330
21589	12994	183
17997	23602	26
2367	21123	259
13534	17020	164
13534	7452	99
13534	9370	135
9541	6630	166
20450	8729	262
3345	4060	53
10940	24076	275
10244	9462	329
9591	6140	157
21930	9116	134
21930	17766	274
13984	12466	329
13984	19101	329
13984	1898	189
1795	17075	274
14873	6271	334
4436	348	245
4436	20518	306
13018	6530	319
13018	20632	319
8943	10798	349
14033	17866	86
1566	12994	147
1566	6140	157
1566	6138	134
1566	10606	134
1566	19345	18
1566	9066	18
1566	19345	19
1566	9066	19
6211	13148	134
19363	14945	32
19317	17199	32
19803	10788	262
18426	18152	262
16833	12557	262
16833	12994	274
16833	9116	134
16833	4386	273
1855	8816	32
18126	18132	286
550	21318	259
10672	8091	257
4747	920	339
4747	8134	183
4747	13808	151
4747	13808	263
2626	8552	32
23119	20404	94
23119	14152	94
18627	8706	342
24233	15297	349
11355	12994	32
21830	2352	147
21830	13412	273
3129	8447	160
3129	3130	160
15476	23151	329
15476	20492	329
15476	5639	329
15476	5639	329
13783	7140	329
5418	19956	32
2983	6238	273
2983	4859	325
1090	16666	157
1090	10606	134
1090	818	134
1090	16666	221
1090	12084	18
1090	12506	18
1090	12372	18
1090	12084	19
1090	12506	19
1090	12372	19
4760	4697	121
7494	20167	35
11537	11522	306
5828	6140	24
5828	19753	122
5828	13090	147
5828	10606	134
5828	13514	273
23138	23625	179
7302	481	329
10820	19937	32
15053	3748	273
16230	19956	228
16230	3660	342
4176	3478	349
4176	19120	349
13486	1327	329
13012	3748	273
9514	6630	166
3656	14199	134
3656	17469	273
3966	3966	207
5176	22921	7
19316	10114	72
21703	2422	103
6008	8671	134
6008	9116	134
7815	9116	134
3018	2618	273
4703	9366	134
893	8706	26
19677	6630	166
3848	14060	262
10723	6140	157
10723	381	273
10723	13328	18
10723	13328	19
21266	21266	122
21266	21266	122
21266	1682	122
21266	9366	134
3775	17020	164
3775	7452	99
14079	14363	319
13812	7350	32
1633	10606	134
14174	16887	147
14174	9366	134
7512	12968	142
14468	19218	18
14468	19218	19
2759	17020	164
2759	7452	99
1293	9116	134
4950	758	69
14153	17798	282
14153	8091	257
18573	23249	157
12235	19937	185
12235	19937	276
3133	6476	59
3133	8870	112
18940	3351	32
18940	23249	157
8371	17020	164
8371	7452	99
21145	11088	319
21145	22892	97
12362	8263	88
19301	8134	274
19301	9116	134
10992	10348	327
13406	11003	20
13406	11003	319
13406	11003	210
13406	11003	262
13406	2218	66
24416	9366	134
24416	18534	273
24416	5374	18
24416	12731	18
24416	5374	19
24416	12731	19
24416	5092	19
1249	6630	166
6651	18432	134
3256	17985	208
3256	17985	209
3256	15652	134
14450	24582	100
14450	11294	101
14450	12006	86
14450	12006	283
21544	10606	134
22087	4697	121
22087	20605	208
22087	20605	209
22087	5286	259
1451	8054	327
10935	4568	189
22244	6814	147
8222	4966	329
19141	8675	189
23630	8134	72
4290	19956	147
4290	9116	134
4065	5184	134
4065	17469	273
24089	8134	147
17143	5118	208
17143	5118	209
17143	13351	273
17143	12949	325
8785	13907	197
8785	5571	23
152	707	195
6289	5184	134
6289	20651	134
6289	9366	134
3218	19083	32
8022	19485	134
10212	22814	6
10212	12994	274
10212	20651	134
3100	10036	128
3100	10036	184
3100	8134	185
2014	17020	164
2014	7452	99
1447	7473	134
14047	14679	221
5267	12843	273
11517	11524	306
8256	12994	147
8256	17469	273
9281	8134	283
24186	16398	183
12236	20497	319
3905	8134	72
23534	2861	319
19811	14028	319
19811	23728	166
19811	6630	166
6604	10080	12
6604	17825	322
9772	20651	134
157	297	64
157	15687	26
11943	11944	160
20012	22320	79
20012	13898	79
20012	22737	210
11374	7473	134
11374	17469	273
13222	7555	329
10521	473	215
14070	8646	101
14070	22910	7
570	17985	262
570	17985	208
570	17985	209
18101	10023	134
5177	6263	32
17286	21264	208
17286	21264	209
12208	18081	319
12208	20497	319
3454	8671	134
3454	17469	273
3454	2618	273
7208	6630	166
7208	4680	180
5166	19956	32
5166	5184	134
2977	11427	94
24171	5459	94
19862	9366	134
19862	19862	18
19862	19862	19
12706	15465	94
20412	23631	142
7423	14624	273
14929	17199	32
14929	15687	26
17154	6476	59
4085	2352	32
4085	2352	284
16715	6140	157
16715	16666	157
8898	15636	68
8898	704	134
8898	15568	69
8898	22659	68
20783	823	6
20783	17766	274
23126	15250	151
9424	10881	349
20026	22892	97
19724	19722	246
15057	5020	259
4613	3697	329
4613	3697	189
18299	7473	134
15401	12387	58
17837	13448	144
5994	19926	86
5994	22921	7
22325	16008	327
1442	20028	32
1442	7032	329
22239	2554	32
17811	18042	32
17811	18042	86
15215	4650	127
13925	4764	35
3712	16701	72
9722	15000	6
9722	4697	121
9722	5184	134
22282	6630	166
14183	10606	134
14594	21250	97
21882	16440	144
21455	7371	134
21455	22070	134
23359	1517	94
23359	1517	349
23359	1517	319
11386	19920	147
16825	16197	273
18198	2270	105
9703	11733	319
14482	17418	127
6094	20277	122
7223	12994	274
7223	3748	273
13112	17469	273
3635	4029	273
23846	18349	349
23846	18349	262
21454	7416	208
21454	7416	209
21671	995	79
21671	7915	319
1863	16887	58
15480	24114	329
15480	3155	329
22009	6630	166
16466	18773	32
12278	6800	160
10232	10191	349
16705	8263	88
21421	17852	14
15404	15710	175
15404	15710	254
7188	574	14
17414	9066	262
17414	9066	14
21683	3057	319
16918	19937	72
16918	12115	166
19207	3995	160
23813	3012	262
22105	15238	23
10265	16069	23
13780	10606	134
13780	5718	18
13780	13891	18
13780	1696	19
13780	5718	19
13780	13891	19
10985	13390	281
10985	11094	281
16319	17293	134
16319	10108	273
16319	18262	273
7632	5569	254
14677	6140	157
14677	10606	134
14677	9366	134
11851	12962	339
15145	12962	339
13119	4502	79
13119	4502	319
12663	1864	32
12663	22667	86
5839	20500	274
16384	19937	32
16384	14679	221
7635	1301	86
7635	3243	7
3220	8134	147
21811	11331	319
21811	19997	319
21811	8079	205
8510	8134	32
8510	8134	86
23080	16248	108
14114	3748	273
2699	20415	94
2699	20415	262
2699	10038	319
2699	6326	319
3085	2429	329
3085	15427	329
3085	2429	189
3085	15427	189
22431	19937	147
22431	11463	134
22431	5184	134
8761	12003	32
20427	14775	102
20427	14775	127
19132	23635	145
19132	23635	183
20123	9366	134
20123	3748	273
4672	970	94
4672	970	349
4672	6630	166
2364	10114	72
14892	4495	319
24063	4697	121
1312	21264	208
1312	21264	209
6614	4697	121
6614	8671	134
1256	1910	349
1256	1910	262
1256	9366	134
20763	3879	273
1327	1326	258
861	13612	349
861	4364	144
12635	6630	166
12635	16634	269
23953	6486	134
23953	20927	273
23699	14838	281
20553	12994	147
11338	11338	122
11338	9366	134
22533	7241	319
21049	12994	274
3373	3372	160
3373	22724	339
17877	8134	72
23164	6630	166
14211	8134	15
14211	4764	35
5417	15749	329
1866	22667	58
5032	24448	32
19126	22202	254
22528	10606	134
6027	17958	86
2381	7473	134
2381	13020	273
5982	13090	32
16820	5966	94
16820	5966	262
16820	5966	349
16820	22892	97
5901	12994	274
5901	3688	259
17584	24486	86
17584	8134	283
17584	8134	57
17584	8134	32
13366	6630	166
17138	14117	215
17138	12010	325
7204	22995	262
19894	12041	262
24331	9021	205
22629	12546	205
14884	6043	144
14884	4364	144
14884	16440	144
6901	14884	259
8468	6043	144
2437	4467	194
22449	5193	18
22449	5193	19
8787	348	245
19652	10114	72
13568	6140	157
13568	16892	273
8239	19956	32
8239	7014	329
8239	7038	329
24073	16525	319
24073	22892	97
8973	2669	24
13868	22616	329
19857	12994	274
19857	9580	325
9580	19857	259
9580	24147	325
16560	19937	32
16560	21219	282
12926	16887	183
20847	20139	217
22959	19481	134
24147	9580	259
24296	15652	134
6790	2016	121
19977	4697	121
22191	2006	278
11226	4633	28
22762	12994	58
20606	19540	262
20606	2016	121
13890	7350	32
12120	7350	147
19909	17469	273
11796	15955	329
11796	19101	329
21216	19913	339
5990	21	197
14954	8134	72
19994	10939	319
14724	9116	134
14724	8554	273
14724	14737	18
14724	14737	19
13067	10606	134
13067	3748	273
24201	22943	123
24201	22943	123
14484	4650	127
8885	19154	6
8885	4697	121
23495	22943	41
4245	17481	273
10369	15419	134
19377	4697	193
1410	775	319
1410	3787	325
16781	15749	329
16781	15749	189
2242	11399	262
2242	5184	134
10099	12386	147
1522	14775	102
1522	14775	127
1522	4650	127
5340	16597	262
5340	16597	208
8617	14775	127
8617	17418	127
2783	17293	134
24113	10113	329
22110	23763	284
22110	2504	26
3824	9598	32
2354	2352	183
22735	693	263
22735	8704	263
7654	23984	111
7654	20742	97
23139	17020	164
1496	438	329
1496	19101	329
16481	11095	232
16481	11231	232
15996	542	263
15996	21217	263
11253	16666	157
16016	9116	134
16016	17293	134
11549	20333	183
11549	20333	184
24455	15952	32
24455	9116	134
7978	12474	212
7978	12474	321
5269	2418	329
9997	7389	259
12902	6630	166
12902	24406	325
19858	6536	14
11998	22309	346
11998	348	121
11998	393	121
22304	17064	221
2503	2123	65
7389	9997	325
2944	21298	208
2944	21298	209
2944	18432	134
10704	16666	157
10704	5184	134
16885	13370	86
9288	3115	32
6423	7350	32
6423	7350	86
6423	7350	212
8091	22870	282
8091	2445	264
8091	939	195
23537	17293	134
23537	8652	19
12518	7350	32
12518	7350	212
23820	5480	325
24367	15461	349
20627	15114	231
20627	13272	40
20627	13370	40
14915	12994	274
347	8111	133
5480	23820	259
5480	22257	325
21837	11070	122
21837	23900	147
22947	3335	319
11523	8551	58
11523	11518	306
9216	20088	32
22257	5480	259
19215	7452	99
17072	14060	262
23326	14060	262
2744	3964	329
18366	23769	331
23013	10545	166
2514	18440	65
2514	18777	65
8734	2493	26
20534	20533	166
20534	20533	166
20534	13477	278
7330	6630	166
7330	17305	282
3842	12994	86
21296	12408	262
21296	4365	319
19675	21210	215
15389	12994	274
20838	3291	319
3392	5569	254
3392	7680	127
3392	3351	32
18435	7999	163
18435	9964	263
10630	9116	134
10630	17293	134
8262	3748	273
11518	8551	58
11518	8551	40
11518	11523	306
20393	3748	273
399	2490	26
399	2507	26
10662	4386	273
20704	16090	183
24251	24441	319
634	10114	32
634	10114	86
13804	9116	134
9335	1999	319
9335	13175	319
6742	11682	327
23417	6531	183
23417	23493	306
23417	23422	306
19408	11095	319
10685	22918	7
10685	1595	52
10685	9524	257
10685	9524	255
8764	6271	334
18053	14775	127
7539	393	245
7539	7541	231
11638	22790	72
11638	3500	160
9792	6630	166
20610	4260	94
2992	2992	122
2992	4386	273
18030	9862	115
19813	20964	246
19813	18484	65
19813	12044	65
13848	7028	329
3431	10054	59
3431	12592	227
15761	13148	134
15761	3748	273
15761	688	325
4863	1295	262
10462	13004	330
14164	17020	164
14164	7452	99
15492	1436	32
15492	22904	7
12368	1187	165
7581	11208	257
13179	7042	329
13179	7010	329
13179	18646	329
13179	18385	329
8310	5363	325
7414	7042	329
10989	12994	32
1799	18096	252
1799	1800	278
8311	5363	325
1715	1715	24
1715	1715	24
1715	9366	134
1715	396	273
14592	9667	32
14592	9667	86
11154	1606	282
11154	14554	317
11154	14554	281
7155	24256	32
7155	9483	329
7155	9483	189
7155	19361	189
5228	2352	32
5228	19093	221
22988	6271	334
2960	17418	347
23664	17418	127
338	8706	26
21975	15363	215
18552	9366	134
16509	897	329
8092	6630	166
10892	6140	157
10628	5569	254
11868	3223	18
11868	3223	19
22342	23635	32
22342	23249	157
17621	12686	238
9844	3597	329
20750	20654	86
21373	9366	134
14322	23151	329
14322	3427	189
24600	19722	72
12357	432	329
16659	9366	134
16659	9366	134
22393	3351	32
14278	22019	349
1040	7037	329
12129	14945	184
14787	12994	274
17708	23631	32
17708	12994	86
7407	6630	166
24406	9366	134
24406	10304	273
24406	12902	259
15129	2016	245
3687	9366	134
3687	22520	273
3687	9710	325
3687	14621	208
3687	14621	209
6662	9915	227
2998	6630	166
13803	24173	329
14216	20167	35
6246	6246	24
6246	9116	134
20824	16701	72
312	8706	26
17548	20451	165
15254	7482	6
15254	16846	262
8488	21219	282
3302	9366	134
18619	17418	347
18619	17418	127
17103	17199	72
17103	2501	26
1380	15078	32
1155	19956	32
9617	17450	189
9596	19813	26
10062	6630	166
4201	15362	230
20665	14775	102
20665	14775	127
20665	3351	32
20669	6427	262
10001	10752	94
10001	10752	349
7351	7352	14
7351	13148	134
20962	13090	32
20962	7473	134
2127	1605	282
11093	1606	282
15386	8134	147
15386	1856	273
23333	7350	252
6190	22928	7
17242	3434	183
17242	15362	230
21847	6979	94
21847	6979	262
21847	6979	349
21847	6979	210
21847	6630	166
9348	4697	121
21245	9070	319
1032	17500	329
9806	20651	134
23274	7020	329
23274	18646	329
13722	338	64
13722	8706	26
5453	4753	204
10456	8692	32
10456	23249	157
23390	8134	72
23390	2016	121
20493	7473	134
14273	9366	134
17216	4607	319
4558	12257	142
4558	3115	142
6113	17469	273
10742	9930	147
10742	6140	157
10439	17766	274
10439	475	273
17710	4231	127
12743	20106	142
4393	4392	135
3020	10606	134
3020	9366	134
4168	14958	339
4168	23096	47
6977	14958	339
6977	23096	47
8635	14958	339
8282	14958	339
8282	23096	47
4169	14958	339
4169	23096	47
4169	14863	214
4999	14958	339
4999	23096	47
4999	5945	214
4999	14863	214
23369	14958	339
23369	23096	47
5945	14958	339
5945	23096	47
5945	4999	214
17556	6631	135
4713	14340	93
4713	14340	20
6015	19937	183
19339	6580	262
19339	6580	208
19339	6580	209
15565	5754	144
10678	4232	32
50	13278	26
945	6140	157
945	4487	157
945	10108	273
14156	16921	112
2292	972	262
2292	9402	259
15590	4697	121
12543	6630	166
8896	11926	160
14472	14775	127
1581	5569	254
23411	23478	306
17077	23096	47
16170	14958	339
16170	23096	47
20173	2016	121
4045	14958	339
4045	23096	47
4045	4662	214
4045	6205	214
4221	14958	339
4221	23096	47
4662	23096	47
1946	2533	26
13699	5700	221
22760	22760	288
22760	22760	288
2271	2273	59
2271	2272	227
6989	6140	157
6989	20651	134
23669	5571	23
17777	22317	262
17777	5184	134
12233	12850	340
18867	4775	334
5829	22730	349
5829	9575	262
5006	6140	157
5006	9366	134
12464	3055	349
12464	3055	262
21166	7209	319
22345	20799	127
18966	18967	58
18966	18967	288
23370	14958	339
23370	23096	47
1015	23803	290
141	2524	26
141	2505	26
6491	10037	319
6491	14152	319
7477	23096	47
4791	14958	339
4791	23096	47
5477	11467	329
5477	18302	329
15881	13148	134
21974	7209	319
21974	11074	205
21974	11199	103
13495	19956	32
13495	7020	329
7563	4308	18
7563	4308	19
17682	7014	329
17682	7043	329
15272	8134	121
15272	17449	208
15272	17449	209
15272	17516	325
18790	11747	201
18790	11747	202
21548	956	20
14463	5569	254
14463	4650	127
20919	10606	134
2548	14958	339
2548	23096	47
3731	17449	349
3731	17449	208
3731	17449	209
2578	12994	32
16012	1238	18
16012	1238	19
22744	22744	122
21842	12158	79
21842	12158	319
21842	12158	111
21842	3351	183
21842	23514	215
17503	15710	175
17503	15710	254
24384	21853	259
15695	8582	224
11220	15957	86
11865	5569	254
17198	12846	339
23670	19920	32
2174	265	293
12557	4386	273
8216	15957	32
8216	22921	7
22209	12544	319
22209	10709	205
22209	15066	349
15700	17429	160
8200	9116	134
635	22790	32
635	22790	212
635	22790	321
635	22790	283
635	22790	57
23434	13445	265
20596	17020	164
20596	7452	99
22416	17141	329
18230	19926	86
18230	19926	275
23585	265	293
16630	7473	134
15937	4516	184
5242	221	244
5242	11702	32
6159	23832	238
6159	15398	275
18005	15160	329
18005	3697	329
11464	24076	184
24191	24192	160
23700	17469	273
24545	14958	339
20964	17491	48
5744	3964	329
5744	17895	329
13616	11609	86
23332	19686	273
13175	1999	18
13175	6123	18
13175	1999	19
13175	6123	19
15981	17839	6
15981	10714	349
23410	7172	183
23410	11483	306
16859	8006	115
16859	15238	23
10277	21219	282
10277	6191	257
24101	265	293
4012	4012	131
14432	17140	329
3820	7822	329
3820	17141	329
371	8483	218
22265	20583	175
22265	8797	127
22265	4428	127
22265	6229	127
22265	7350	32
21037	21505	6
5781	8671	134
5781	3748	273
10825	13090	32
10825	13090	86
19187	3747	273
9132	23930	100
590	23029	349
590	22605	319
8720	13555	94
8720	13555	262
8720	14654	319
8720	467	205
5257	5609	173
5257	14769	72
4456	4697	121
24387	4697	121
24387	10574	349
9104	22892	97
732	22222	319
11897	9144	319
15594	20860	4
22877	7509	133
3866	8117	94
3438	22931	7
7328	2152	166
176	3964	329
176	170	255
4195	11604	288
4195	12169	289
9686	265	293
15657	2652	227
7092	16119	192
14453	20583	127
14453	20679	127
4569	17064	221
4569	23857	109
21178	12994	274
21178	17293	134
23864	265	293
15712	12994	274
11278	18630	329
11278	17141	329
8402	12994	274
8402	15712	325
11604	4195	288
21995	9830	94
21995	9149	319
18421	10606	134
19123	20799	127
8390	5191	319
24492	11696	56
10641	1798	15
10641	2163	171
10641	10641	279
23520	12316	259
23467	4061	123
6052	1436	2
6052	14679	221
6052	1436	283
13471	14957	138
16478	23635	32
20136	6630	166
20136	14945	145
18779	20272	188
2196	15207	14
8201	10606	134
8201	9366	134
17805	6400	31
22731	981	98
19371	14945	32
2315	10114	32
2315	10114	86
2315	10114	212
2315	10114	321
4770	14572	134
4770	15568	69
8452	8452	220
8452	5816	221
8452	23857	109
4831	5184	134
9234	12994	284
7919	704	134
7919	7891	69
13573	10114	32
13573	10114	86
24020	19926	275
19812	19555	32
19812	19556	238
19812	15424	7
13645	18883	329
311	8706	26
22876	19926	133
22876	8706	26
3327	6630	166
456	3406	262
2574	20912	259
3024	3867	325
6359	19432	165
10728	10606	134
7343	9188	183
7343	7350	183
20360	19979	175
2938	9366	134
24237	11642	215
2990	17469	273
2990	23899	259
3235	11095	319
3235	11333	319
3235	14152	319
3235	11088	319
409	7570	122
8796	338	64
8796	8706	26
17015	12994	274
17015	20651	134
17015	3748	273
17015	3778	325
2694	2694	279
2694	18352	279
3204	23934	349
3204	23934	319
3204	3278	205
11017	15749	329
11017	18466	189
11017	24114	189
13152	11926	160
22960	11926	160
10965	12994	32
10965	14596	329
10965	6626	329
24183	19920	72
6321	18492	18
6321	18492	19
4301	3286	317
11137	18466	329
2866	4386	273
23836	4386	273
4272	14260	268
20429	12994	147
20429	9366	134
20429	14621	18
20429	14621	19
7798	20651	134
1937	9564	23
4147	2660	18
4147	2660	19
3867	3024	259
24024	23832	238
5162	19937	72
5162	12115	166
20260	4697	121
24375	3351	147
24375	16336	273
6796	12994	32
19574	14958	339
21017	13538	86
21017	13538	283
7903	11649	319
19336	9581	319
20809	9667	32
17217	20311	349
17217	20311	262
17217	20311	208
17217	20311	209
9566	6630	166
4119	4126	54
9634	6630	166
7135	3748	273
20389	19485	134
4457	4395	188
4457	9482	175
4457	9482	293
14201	15366	214
23452	6893	58
23452	23406	306
23452	23442	306
21516	22892	97
3384	4467	194
10160	3192	32
10160	23832	238
368	6630	166
6770	17020	164
6770	7452	99
11044	1223	219
14947	23849	18
14947	23849	19
22410	17958	261
688	3748	273
20458	13555	317
12286	2273	59
4802	12516	32
4802	3748	273
15412	3829	287
13304	8134	72
18085	24559	183
18085	13935	151
24593	8134	72
16961	14331	144
16961	4803	144
21405	15465	94
16175	21895	259
10005	19610	262
10005	12994	274
18565	1352	144
18565	4803	144
17141	18540	61
21021	6140	157
21021	13836	273
21021	21021	18
21021	21021	19
21895	20651	134
21895	16175	325
4390	17020	164
4390	7452	99
12468	6711	144
12468	4803	144
12468	14331	144
9935	18385	189
9935	916	189
16727	12994	86
7921	6271	334
16923	17020	164
16923	7452	99
8496	6271	334
21595	348	121
21595	393	121
7271	7002	189
7280	14749	274
7280	18290	274
7280	19481	134
11045	22921	7
5736	11425	174
5736	12846	339
12221	14124	338
12221	8134	337
23377	14586	32
23377	19956	32
23377	7054	329
23377	19360	329
21555	18860	262
21555	6630	166
3935	11074	205
20689	7902	134
19624	22892	273
17520	19668	32
14974	13566	262
656	8134	183
656	14858	151
18980	9360	134
10449	24182	329
23660	2903	7
24027	14770	32
8188	4824	329
8188	3612	329
10363	17293	134
13328	10723	24
21196	7312	273
1299	8134	274
23941	19920	284
17681	8134	72
3777	6748	349
3777	23983	103
14828	3748	273
360	12001	72
360	2536	26
17428	2160	68
17428	2016	121
5299	6630	166
5299	17061	269
8195	17469	273
24518	12006	32
12565	5991	255
11545	17866	183
11545	17866	184
3206	20651	134
3206	3521	325
21772	6630	166
2442	2043	112
1659	1436	86
16206	2043	112
19578	23639	160
3784	23225	32
18785	10114	72
457	17199	32
3763	6630	166
5521	15427	189
5764	8134	147
14483	3223	18
14483	17345	18
14483	22013	18
14483	14855	18
14483	3223	19
14483	17345	19
14483	22013	19
3811	1961	186
9466	17079	180
13850	5705	139
4590	4697	121
4043	9366	134
47	2504	26
47	10963	218
13866	3351	32
7804	21921	220
7804	15166	32
2275	10545	166
10964	22921	7
10964	20248	179
17670	3351	147
5649	10606	134
23188	6271	334
12416	12416	131
20471	830	160
23726	6630	166
23726	23728	166
23726	23727	278
16309	17020	164
16309	7452	99
10161	23832	238
10161	10953	327
22255	6630	166
22539	19920	185
23152	257	293
2995	9116	134
1466	15544	124
11592	14679	221
21884	12994	274
20868	18934	319
23800	2218	97
21139	8143	349
24242	4647	275
12109	17469	273
21013	23832	238
2929	12994	147
13232	8678	329
13232	8675	329
13232	3187	329
13232	15153	329
1255	6630	166
2942	20781	24
2942	9366	134
2942	4684	18
2942	4684	19
4724	14089	206
6788	19804	273
6788	12931	18
6788	13135	18
6788	12931	19
6788	13135	19
24052	8111	275
24052	8109	275
15756	4468	339
2213	6140	157
2213	16666	157
23062	16130	94
23062	16130	262
23062	11642	215
23449	23506	306
9342	19807	142
13891	288	134
18065	6630	166
633	17199	32
1796	15951	214
24218	24217	58
1125	24164	26
22683	6271	334
16504	14775	102
16504	14775	127
5554	4386	273
14885	4351	150
21891	8111	147
21891	475	273
21982	7473	134
11981	19937	72
17663	17020	164
17663	7452	99
15526	9116	134
22634	20965	14
22634	9366	134
15998	2421	325
2421	15998	259
2670	12994	32
2670	12994	147
11644	14679	221
19049	17985	208
19049	17985	209
12163	5569	254
24084	6405	262
3205	6630	166
4340	5184	134
6868	17020	164
6868	7452	99
505	6630	166
5130	18717	160
13496	13009	236
1561	11433	329
20446	12994	86
22016	9366	134
7268	11843	270
15769	4297	262
15769	15558	262
15769	7793	325
17918	13772	262
5763	9519	134
5763	17012	273
5763	7909	6
5763	17766	274
5763	9116	134
23073	23073	122
8515	1235	208
8515	1235	209
8515	7711	134
11540	8602	40
11540	23775	41
6338	18883	329
6338	14266	329
19353	20232	7
8864	6630	166
23890	8134	72
7232	13718	125
7232	13718	124
19130	21871	208
19130	21871	209
14448	12006	32
14448	22893	105
14132	13718	125
11570	12689	230
11570	11488	306
22512	1798	15
880	15583	273
1493	1890	26
12477	19974	173
12152	17356	157
12152	23859	18
12152	23859	19
17641	14958	339
17641	24496	214
14018	7555	329
15346	10054	59
2600	8134	72
23133	12994	32
23133	12994	86
23133	1606	282
23133	5816	264
24187	16626	86
24187	17196	221
24187	2218	106
24187	9742	106
11529	11534	306
19838	9116	134
19838	5018	325
5018	9116	134
5018	19838	259
14631	14631	160
6632	12994	86
18275	17469	273
9084	12994	274
9084	13807	259
23121	2916	59
3141	6630	166
11534	11529	306
19544	11030	65
19544	2333	65
23598	9116	134
23598	17293	134
4785	17020	164
4785	7452	99
4785	16065	112
4785	6671	112
22086	23703	208
22086	23703	209
18582	15690	246
18582	10114	246
18582	5124	331
6437	6437	220
5161	16132	273
12778	12778	38
12778	12778	38
12439	19956	86
12439	19956	212
17017	20139	217
15896	22476	327
24578	13835	32
24578	19781	238
24578	7639	327
24578	24576	260
24578	24576	255
4145	10606	134
2159	14878	262
2159	14878	14
6461	9366	134
23517	3351	32
0	8423	319
3008	7915	319
3008	14328	205
3008	6630	166
9296	8134	72
18056	6626	329
23799	17469	273
23799	19909	325
10113	11594	142
22466	348	121
24415	19937	32
1343	17729	58
403	20903	215
331	19926	184
2741	11333	319
14615	7473	134
1333	8134	72
10175	14958	339
10175	6621	214
10175	7463	214
18664	257	293
22471	4751	98
14556	19974	174
21103	8134	274
12526	17469	273
3279	12994	274
3279	20786	325
16003	20651	134
16003	3748	273
5309	9116	134
12655	20492	329
3135	7139	71
3135	20327	178
17050	17994	319
17050	18035	319
7314	9219	319
11556	7518	58
1555	8134	212
1555	8134	321
1555	20459	283
24570	12071	255
23875	22261	6
7133	6630	166
23672	4697	121
19746	6476	59
2969	8134	147
2969	6335	273
12653	6536	349
12653	6536	208
12653	6536	209
12653	12994	274
8799	12646	289
1161	1162	255
1161	4764	35
7781	14958	339
7781	4156	214
20368	19481	134
5539	7686	262
10357	17799	18
10357	17799	19
7700	5184	134
10479	22893	7
2369	9116	134
17495	6140	157
1950	1950	238
1950	22870	282
6708	7473	134
5292	7921	32
5292	19956	32
9507	23768	26
9507	15832	26
20147	20139	217
696	10054	59
23599	7902	134
11538	18773	40
11538	23071	40
11538	11571	306
13580	13802	349
13580	13802	319
9494	17646	269
20281	6284	329
21361	12169	183
4134	5816	221
4134	6958	221
424	9366	134
23673	1835	6
23673	12994	274
11217	12754	32
11217	23602	26
18176	8409	32
11727	12994	32
13689	8091	257
21758	15269	262
5997	1354	32
5997	19956	32
19154	14060	262
9469	22667	86
12093	7350	183
16084	20651	134
10645	17418	102
10645	5569	254
10645	17418	127
23428	3588	58
23428	23475	306
23428	23475	306
13228	16666	157
13228	23249	157
13228	9366	134
13228	6580	18
13228	6580	19
12753	10054	59
12753	12592	227
7337	11172	56
7337	23749	349
5206	12766	139
5206	20876	255
13954	2016	121
18434	23969	94
18434	16760	319
23444	3588	58
23444	3588	40
6599	24559	274
8508	1910	349
8508	1910	262
8508	5184	134
3077	20139	217
9839	22934	7
10488	2349	32
3148	17020	164
3148	7452	99
20641	8134	274
20641	10545	166
20641	6630	166
22658	10547	212
22658	10547	321
20922	6138	134
15033	23178	319
10325	693	157
8121	8134	72
8121	13574	98
318	3748	273
3803	2397	32
3803	10606	134
3803	16255	19
15504	17507	214
7706	9366	134
15365	14958	339
11539	15114	231
15428	381	273
9465	14117	215
2330	2270	7
3071	4487	157
3071	16920	157
3071	10606	134
23492	23496	306
3921	3748	273
10373	4937	238
4269	10054	59
5035	12994	32
21989	13050	297
21989	6516	349
21042	3825	349
17273	20266	262
9755	16145	209
6669	10054	59
11786	23755	32
12608	12994	32
12608	20778	221
3968	4697	121
3968	8671	134
23821	13354	273
11496	9022	262
15828	15828	38
15828	15828	38
18874	12364	274
3688	12994	274
3688	14678	134
14229	8134	72
16112	9116	134
16399	9022	262
9236	4985	86
22459	19823	325
9314	1841	262
9314	1841	14
9314	19951	134
9314	19951	134
23061	532	205
23061	9215	144
23297	23297	224
14904	21169	325
21350	9077	144
2627	758	69
2627	20638	69
23008	312	64
23008	8706	26
23008	14094	3
10775	12994	32
17911	18557	14
20377	18075	6
20377	15419	134
19046	8134	72
1469	17293	134
4187	3389	50
7338	18602	319
7338	6585	319
7338	6630	166
17574	12558	94
17574	12558	262
17574	16525	319
17574	6630	166
6093	4649	66
13663	1961	115
11068	18392	32
5312	12994	29
5312	12994	32
142	12719	339
142	2524	26
142	2505	26
22171	7902	134
7578	4632	212
16136	19041	288
16136	15674	288
8958	4125	349
11129	22524	282
17098	17958	261
13478	15286	289
578	18395	262
578	16076	325
5552	9087	14
12863	14007	144
5004	2779	32
5004	18466	329
6075	8039	349
6075	2737	349
6075	8039	262
6075	3879	273
4854	14958	339
4854	3735	47
4789	14958	339
4789	3735	47
11376	8006	115
5799	19956	32
5799	916	329
7617	2352	32
7617	5324	7
7617	15238	23
4469	4469	92
22170	10606	134
24400	15558	262
19188	3735	47
19188	14774	214
13480	13479	288
23140	14331	144
23140	13175	144
2264	6630	166
2264	2261	297
10075	19287	325
8612	6630	166
2955	13898	66
2955	348	121
20276	18870	329
16844	3342	32
16844	6626	329
3424	5569	254
21893	9366	134
18579	22798	278
651	24136	86
8798	4386	273
1701	22596	32
1701	9366	134
21768	9366	134
11524	11517	306
22891	5229	262
5344	13050	297
12841	12841	281
12841	12841	54
12841	12841	317
17746	16720	273
17746	9403	325
2414	17668	319
6670	12994	86
6670	6140	157
2382	14957	138
18338	13555	94
18338	467	205
9266	6238	273
358	7509	133
358	8706	26
9761	4697	121
15364	8134	72
20099	454	330
9444	21632	349
9444	8039	262
9444	3748	273
21843	21843	24
21843	21843	122
10082	16887	288
10082	22667	288
1786	6630	166
22978	6476	59
17695	22913	7
310	8706	26
3626	8082	319
19281	6630	166
9563	9366	134
23874	9713	6
1330	14060	262
12660	19926	32
12660	19926	86
10088	13575	288
10088	18778	288
19747	9366	134
24340	19937	147
24340	11463	134
24340	5184	134
24340	9366	134
24340	14679	221
18146	8830	94
8017	15698	32
2728	12006	32
10556	4650	102
10556	8797	127
10556	4650	127
14540	20492	329
23136	2504	26
23136	14298	218
5394	434	329
17152	8134	72
22719	13050	297
22719	6516	349
21653	1700	349
21653	2029	97
22002	6634	205
13427	14945	145
22758	24029	288
7982	17361	32
7982	17199	32
7982	14945	86
12648	16532	68
14291	7473	134
14291	10606	134
22548	18432	134
4370	17278	270
4370	10139	270
4370	17421	270
4370	8548	270
7174	5943	32
7851	17500	329
7851	4962	189
12190	23623	262
12190	7902	134
7522	22548	325
10715	13090	32
10715	13092	7
10715	8112	7
10715	22870	282
15954	12994	145
15954	12994	183
2351	17546	65
10219	480	208
10219	480	209
20940	18990	160
23054	5494	334
6810	17564	65
6810	2243	65
6810	19001	65
22296	22892	97
14188	3748	273
14188	17718	273
21312	5854	93
13778	4650	127
14123	4475	262
14123	4475	14
11572	22943	41
11572	11504	306
10549	6519	98
10549	6519	312
21512	6897	14
21512	17293	134
19382	15749	329
24003	23966	327
24003	13291	327
22001	18296	68
17538	1436	32
17538	5184	134
4549	20651	134
1285	8409	32
1285	19079	238
21359	19147	217
6193	19147	217
16497	3351	32
12899	20311	262
21270	4697	121
21270	15834	349
21270	3267	262
21270	15834	208
21270	15834	209
14597	22487	32
21878	14819	319
21878	3335	319
21878	12699	319
22864	4206	275
156	15687	26
156	16500	218
158	15687	26
155	15687	26
3470	18306	227
19547	16799	246
1774	6630	166
3264	22916	7
2404	1583	262
169	4595	262
169	7902	134
6077	23984	94
18213	20651	134
18213	17469	273
8094	9218	32
24106	2218	66
14526	8134	183
6452	8134	183
20403	24182	329
18388	381	273
7686	6109	18
7686	6109	19
21259	6630	166
10603	20651	134
10603	2821	18
20314	9116	134
10713	10606	134
3604	4972	14
8027	8134	212
8027	20169	115
4056	22628	6
4056	5029	262
4056	5029	208
4056	5029	209
4056	23783	325
13720	22921	106
13720	15228	33
11757	6169	32
11757	1692	221
2968	22724	339
23553	7473	134
9203	15812	98
583	19481	134
4191	9366	134
18974	4697	121
9669	9366	134
20172	7473	134
20172	17469	273
11203	20077	7
21031	11496	6
5316	14775	127
15625	20583	175
15625	5569	254
9328	17020	164
9328	7452	99
2981	9366	134
2981	9366	134
389	2489	26
389	8706	26
11144	19101	329
1886	1436	252
1886	1887	166
6408	12994	32
10692	12994	32
10692	3155	329
15642	18148	86
2878	8797	127
11267	2083	329
11267	20098	329
1598	12312	127
2365	5514	325
3658	3733	160
18801	432	329
18801	16917	329
2517	13211	65
13009	13496	160
15184	9389	134
15196	5085	262
15196	15195	208
15196	15195	209
4146	22913	7
4146	16516	139
1269	9116	134
18292	3351	184
18292	3473	263
21336	8404	325
2630	7416	18
15739	9116	134
15739	4660	273
18017	8675	329
18399	19926	32
4659	8706	26
1752	19956	32
9403	16720	273
9403	17746	259
2577	3434	32
2577	12994	86
3901	10009	269
2487	4657	246
12411	4879	317
5272	13008	329
5272	24182	329
16894	18598	208
10589	6140	157
18246	1452	329
18246	20098	329
12623	13566	262
12623	9534	14
12623	7902	134
9492	19027	273
1415	609	32
7202	18302	329
7202	11752	329
1646	19956	32
10405	1606	87
10405	15260	63
5389	17255	32
4439	15074	273
487	18626	339
16552	12994	86
6970	7473	134
17039	20961	20
17039	19147	217
16944	2554	32
7983	8134	72
7983	8910	98
776	4993	32
11395	3155	329
11395	9197	329
5752	15714	86
5752	17747	221
19755	6630	166
21962	21979	297
10614	881	259
8175	22605	319
4203	22168	134
18179	22910	7
23910	18432	134
9726	20651	134
17625	14770	142
19874	7473	134
17244	6630	166
3876	22462	306
3876	22689	306
3876	3570	306
17169	11003	349
17169	11003	262
17169	11003	208
17169	11003	209
17169	1789	273
17169	9968	325
4640	6630	166
2499	14497	65
17702	23224	18
17702	23224	19
21193	19997	319
21193	5443	205
21193	22892	97
11732	3351	147
11732	14588	273
8459	4660	273
2726	24176	221
10326	6626	329
21563	20139	217
10607	4177	259
24059	3748	273
15624	6140	157
15624	16666	157
9115	20651	134
19114	23151	329
19114	22616	329
19463	20238	262
19463	20651	134
7956	18046	329
13508	3976	160
13508	6271	334
12355	20139	217
20128	20651	134
24162	9366	134
24162	15992	325
15992	9366	134
15992	24162	259
4848	3748	273
20438	5184	134
15029	10696	319
9564	1937	56
12082	15142	319
3865	8117	94
3865	14028	319
6283	9366	134
6283	6282	259
12154	14948	18
12154	14948	19
13456	2805	259
13456	12994	274
13456	20651	134
22490	7350	147
10654	19093	221
1402	4276	319
9548	17020	164
9548	7452	99
9548	6671	112
5960	14	259
11862	12994	32
11862	16479	18
11862	16479	19
13704	6958	165
13704	22934	7
13704	2270	7
6203	8111	147
6203	1923	18
6203	1923	19
10386	480	208
10386	480	209
692	7473	134
692	19686	273
11501	11530	306
10493	19341	32
21594	19686	273
23227	23226	142
20802	7350	72
12083	22657	262
6158	22892	97
20520	19481	134
20520	20651	134
20523	15426	183
21887	12513	262
21887	10606	134
11550	4347	41
15675	1988	183
21070	20251	94
21875	18640	319
18743	22724	339
20060	6630	166
7582	16404	86
1427	3747	273
6964	492	231
16836	18466	329
3556	14598	142
7917	15749	329
3171	10606	134
3171	3748	273
8228	3434	32
8228	24176	221
12301	16303	32
12301	17640	270
12301	23633	270
12301	11843	270
11335	8709	349
2172	20699	93
2172	15568	69
21593	23635	274
21593	8111	274
18163	17418	127
18163	15282	32
3855	11084	319
1274	17267	259
1274	17741	325
17091	17020	164
17091	7452	99
14598	19974	174
19407	22438	262
2090	6701	262
2090	16548	262
10165	19299	26
10165	2504	26
15312	16355	329
7874	20139	217
7874	7873	325
7873	20139	217
7873	7874	259
12553	20169	115
6933	10512	319
6933	22892	97
23265	9116	134
20423	3879	273
5084	9366	134
5084	6138	134
5084	17345	18
5084	17345	19
8411	4697	121
11428	18466	329
11428	1710	329
8169	22931	7
8169	22893	7
20875	17020	164
20875	7452	99
20293	2888	221
23471	2352	58
23471	2352	40
10900	20679	127
13146	3748	273
14208	8134	15
14208	19920	15
14208	20167	35
21403	4697	121
384	2504	26
9015	4487	157
9015	10606	134
8315	2431	32
17437	9116	134
2631	13453	160
23123	4738	103
11728	12994	32
16789	18286	7
16789	7867	23
16789	16160	23
8227	9366	134
19470	15957	32
4177	10607	325
8961	4386	273
8961	5129	259
6091	24176	221
5976	14780	157
5976	10606	134
4873	23755	32
4873	24176	221
23667	19101	329
23667	18269	329
4076	12994	275
12060	8134	72
6245	4943	23
13372	22892	97
23493	23417	306
16265	3748	273
5322	7473	134
3895	17318	268
16535	12994	147
16535	10606	134
14477	23635	283
14477	3922	282
14477	23635	275
14477	10644	255
15039	9366	134
15039	7902	134
21104	2028	66
21104	2016	121
9113	5086	14
9113	5184	134
9802	12994	274
9802	15074	273
8465	4697	121
8465	13733	262
7490	4660	273
12897	22520	262
12897	7902	134
12897	7902	134
18841	23832	238
852	7452	99
9489	9366	134
20158	3748	273
7713	17766	274
7713	3748	273
22501	9116	134
14393	24173	329
6417	19834	32
13238	15124	189
12733	22889	273
12733	12731	18
12733	16546	18
12733	16546	19
15397	17469	273
2318	19937	147
2318	11463	134
2428	12994	147
24376	18808	208
24376	18808	209
19374	14679	221
23201	9116	134
4595	17092	32
4595	9366	134
4595	7902	134
8425	18336	94
8425	19371	319
8425	18081	319
13490	2860	349
6657	22926	7
898	19920	145
13742	24559	32
20358	19778	208
20358	19778	209
20876	5206	327
6858	4836	112
7149	8503	273
17840	6630	166
15591	8243	262
11522	11537	306
23496	23492	306
22018	4697	121
9659	7902	134
9659	7902	134
21797	19915	339
8325	19664	6
7912	5143	14
13898	4680	263
13898	13398	255
9173	18571	262
3338	8651	214
7589	6626	329
10816	9116	134
7955	17895	329
7955	24182	189
4817	20234	144
13134	20651	134
15831	14007	144
7585	7705	246
11546	11533	306
15080	5014	94
15080	7679	103
15176	17141	329
294	23768	26
20910	6271	334
15794	22554	349
15794	9366	134
21554	12328	97
2021	10372	262
2021	4798	349
16597	5358	122
16597	23635	147
16597	8671	134
12340	16701	72
7939	24176	221
14351	20137	165
14351	14765	232
21487	8082	319
9162	704	134
18160	17469	273
18160	21151	19
18160	13198	157
21072	6630	166
5612	704	134
15460	15749	329
21334	10758	144
2246	18732	349
2246	7982	319
6444	16176	259
6444	4897	325
14368	14770	32
14368	3612	329
5303	20651	134
5303	9366	134
11148	14679	221
7296	7298	327
2372	5876	230
2372	5876	231
10694	10420	327
17470	815	276
17470	12397	276
8062	12994	32
8062	15393	7
13991	22921	7
4115	4048	221
12584	17129	32
12584	22596	32
8860	17500	329
1754	19956	32
1052	7074	329
1052	7010	329
344	13733	262
344	8554	273
13602	19956	32
2544	6630	166
18393	19956	32
18393	486	329
22039	9756	259
2813	9366	134
8781	17293	134
9028	7004	329
6387	17469	273
6387	19308	325
19308	9366	134
19308	6387	259
17419	18741	288
4681	16044	26
21850	15568	69
21850	15104	69
1596	393	121
21063	19913	339
21063	4366	325
15001	19913	339
15001	15636	14
2183	5184	134
7816	19822	273
7102	6011	262
7102	15419	134
8252	7504	32
13055	4697	121
11581	10108	273
15931	19956	32
20994	8134	72
2260	9575	262
2260	23060	274
12084	1090	122
12084	10606	134
12084	4352	134
3950	3950	233
17591	21219	282
6751	1452	329
3730	778	262
23112	17121	32
23112	7350	32
18210	8633	329
9280	8134	283
9280	8134	212
9280	22910	7
4020	18967	32
18998	19956	32
18998	10113	329
18998	10113	329
7408	22432	262
7408	12994	274
7408	18501	274
14436	16701	32
14436	4561	329
11932	3831	319
4580	6630	166
5514	4697	121
5514	2365	259
18907	23379	319
18907	17509	56
18907	17457	97
9011	5569	254
9011	14775	127
5362	14775	127
15838	8111	320
15838	15838	286
10343	22483	127
8077	22483	127
16339	17020	164
16339	7452	99
16339	16065	112
16339	6671	112
24558	13164	32
20146	17469	273
20146	4550	325
13624	17293	134
13624	23249	221
13624	17725	18
13624	17725	19
8906	22168	180
7487	21690	208
16972	9117	246
12061	3492	56
6941	5184	134
6941	8493	325
19152	2397	48
8960	480	208
8960	480	209
15762	22399	325
3106	19970	329
23886	4697	121
4645	2445	316
22193	7051	189
22193	3563	189
10095	16965	270
10102	7042	329
10102	7042	189
973	17895	329
19816	6140	157
19816	16666	157
19816	10765	18
19816	10765	19
4323	15749	329
4323	18466	329
20894	14340	20
20894	10447	346
20894	20096	346
20894	2079	66
18885	14194	160
18885	12846	339
24586	22324	175
12659	12994	32
12659	18466	329
17758	13700	319
17758	17577	319
17758	9619	205
17758	6630	166
23329	5738	325
5738	23329	259
23745	8134	86
6073	9519	134
6073	9116	134
23463	15283	58
3261	6260	275
7852	22264	32
7852	18385	329
10306	11655	147
10306	9366	134
10306	2810	18
10306	2810	19
23166	24056	18
23166	24056	19
2274	7902	134
13877	20651	134
13877	7416	18
13877	7416	19
7455	19481	134
7455	6138	134
19598	4959	269
10274	15153	329
11858	19101	329
11177	4426	127
20049	7473	134
11124	8134	72
21202	7604	319
21202	20267	319
21202	10419	319
19825	6630	166
21924	12516	147
15905	19697	14
10513	4150	20
10513	20823	319
10513	16294	319
23478	23411	306
957	22931	105
7344	7627	274
7344	15074	273
5983	6381	349
13308	3536	327
12330	15161	183
7315	8551	32
7315	8551	86
11182	18096	32
20222	402	325
23115	7081	329
14790	19926	160
4882	5569	254
15131	4697	121
15131	12994	274
10653	5569	254
19965	8111	274
23131	3748	273
16843	10783	18
16843	2877	18
16843	10783	19
16843	2877	19
2144	17895	329
23724	19920	72
20367	20137	297
20367	10292	144
9041	10114	32
9041	10117	329
603	17064	221
990	23095	46
15358	7003	329
4021	6140	157
4021	9116	134
4021	10606	134
4021	9366	134
13726	10113	189
9705	16090	274
20151	9366	134
3114	23975	319
2215	8901	18
2215	8901	19
19496	9366	134
19496	17469	273
9944	9982	329
9944	20924	32
21340	9116	134
14339	13439	329
5054	482	329
22102	23039	329
22102	23039	329
2335	15746	329
18531	17020	164
18531	7452	99
2409	7452	99
20579	11843	270
20579	20170	148
12346	7452	99
6195	1987	128
6195	12259	230
6195	12259	231
12964	7891	69
14788	20872	6
14788	12994	274
3853	9433	151
3853	10098	263
10205	14571	263
9835	9116	134
9835	6678	18
9835	672	18
9835	6678	19
9835	672	19
14035	5636	262
14035	1300	97
14035	22892	97
20908	1436	184
20908	13935	151
22836	1449	262
3677	14945	183
24158	8047	122
21460	5423	111
8835	18600	94
8835	18600	349
20974	17895	329
7737	8134	86
23137	8633	329
23137	7024	189
23137	24096	189
10246	3117	214
15280	7473	134
13751	7350	32
13751	7350	147
13751	9366	134
17506	7024	329
17801	14775	127
17801	24076	32
19327	10114	32
11800	12224	19
3422	24176	221
2130	22921	7
8917	22931	7
13983	4231	127
24470	19030	24
24470	17718	273
22458	2876	349
22458	2876	262
13619	7005	189
21076	10915	94
12523	17293	134
7218	17199	32
5243	2013	329
5243	22616	329
12505	19101	329
18007	19101	329
16343	4697	121
16343	16343	325
16343	16343	259
3479	8520	319
18625	7042	329
18625	18385	329
8904	12994	32
8904	3351	147
18758	22724	339
11571	11538	306
15601	4762	259
4762	15601	325
23595	16182	6
23595	18165	349
23595	2580	262
23595	9116	134
23595	16182	325
18660	6946	163
18660	805	151
18660	18660	326
21154	23067	259
21154	8011	325
9053	22892	97
1215	12183	325
12183	1215	259
3727	13208	214
17579	22921	7
12401	8134	72
8544	8543	236
21175	16415	319
10073	4701	217
24192	24191	236
24192	8332	236
778	6140	157
19010	11112	349
755	14958	339
755	24559	47
755	24559	214
2680	4652	221
2680	17064	221
13330	393	245
13330	19690	231
5187	15074	273
24452	20941	275
5541	10023	134
9587	17312	160
9587	4657	339
13383	10623	317
7614	18047	32
7614	17064	221
7614	23956	154
10979	1771	26
22843	7946	319
22843	14520	68
22843	3076	278
21634	4697	121
21634	3748	273
8730	8675	329
8730	7821	329
2573	12994	274
2573	20651	134
14882	18464	273
2892	15568	69
21609	10798	349
21609	10798	262
23853	23635	320
23853	12055	98
23379	11607	23
14354	7014	189
7970	8134	72
7620	17020	164
7620	7452	99
14473	6140	157
14473	19296	18
14473	19296	19
23661	2580	349
23661	2580	262
23661	111	274
6128	4697	121
6128	16546	349
6128	7831	349
6128	7831	208
6128	7831	209
6128	17766	274
6128	9366	134
16876	4697	121
13710	8134	212
20039	12254	142
13074	14775	127
23476	20087	58
23476	23432	306
23432	23476	306
13520	2218	97
15241	22596	72
11780	15414	195
3580	22491	93
3580	704	134
20999	21000	341
9902	19956	32
9941	8797	127
9941	7350	32
21848	5002	349
15851	15852	112
5519	3748	273
16554	18697	18
16554	18697	19
21320	6630	166
21320	393	121
10151	3351	183
5532	9713	6
5532	8111	274
13702	22765	329
18012	24182	329
2126	2724	255
21246	1302	319
21246	6630	166
18564	9116	134
18564	20257	18
18564	20257	19
18104	6138	134
13817	15123	329
10726	5569	254
10726	3704	127
16631	17766	274
561	20651	134
22930	19926	320
16078	12994	274
16078	3748	273
16078	4673	325
6955	20195	319
6955	16853	56
20603	22430	262
20603	6630	166
8959	3879	273
8959	2760	259
24531	7078	329
2340	17020	164
2340	7452	99
8905	19913	339
8905	20651	134
15252	3180	262
22451	3964	329
22451	3697	189
11536	7518	183
11536	12689	231
14921	3182	212
14921	3182	321
14921	5816	221
23398	23399	306
15225	13164	133
7841	8134	147
12737	9366	134
12737	18391	18
12737	18391	19
14091	1436	32
18542	15583	273
22949	12994	274
20631	6675	115
14125	12344	262
4015	10113	329
6960	18191	262
6960	18191	14
10484	5009	139
15168	4260	94
15168	6630	166
23399	23398	306
3495	14956	18
3495	14956	19
8287	23220	32
8287	4966	329
8287	8678	329
1038	14770	32
23387	17500	329
23387	19970	329
8558	19974	174
5735	22609	231
21611	17592	319
19532	3223	349
19532	3223	209
17149	22667	274
21382	17469	273
23507	23754	58
23507	23409	306
13832	3434	183
13832	2714	183
13832	15362	230
4387	10054	59
4387	9676	227
20670	20670	18
20670	20670	19
5423	12994	86
17333	3351	183
17333	348	121
21151	18160	24
19429	17001	329
540	18382	6
24297	2206	32
24297	18202	257
8626	6630	166
24407	16454	97
10214	4386	273
9176	19920	32
9176	19921	329
11026	19920	32
11026	19920	86
11026	1357	329
6902	4697	121
18314	14770	32
18314	14770	283
18734	13438	255
17158	22605	319
8886	4697	121
17183	4386	273
17379	9366	134
17379	10221	259
19410	18106	273
17202	19134	329
17202	5061	189
4463	6630	166
4463	348	121
23162	2397	32
22299	20137	297
7833	1436	147
12730	9366	134
12730	2297	273
14032	2895	220
9351	22929	7
18879	17295	175
18879	17295	254
22532	348	245
7768	6630	166
4092	4048	221
355	16533	319
355	6630	166
933	14223	329
4320	18466	329
4320	19061	329
507	21885	325
10982	1452	329
14616	15363	215
17879	17398	189
17879	2036	189
17879	23288	189
9779	10881	349
23867	20295	262
15302	6140	157
15742	4738	103
2957	6630	166
22874	18457	319
22874	6630	166
21885	507	259
5003	17418	102
5003	5569	254
20229	12994	32
20229	13474	189
10489	24114	329
21610	6140	157
21610	7473	134
21610	21313	18
21610	21313	19
19313	22921	7
12334	6630	166
5680	17020	164
5680	7452	99
15586	9931	257
16757	22897	7
2233	22339	15
2233	11612	15
13621	15	329
20968	5569	254
16203	4697	121
16203	22107	262
16203	22507	325
17507	14958	339
17507	15504	214
6991	16851	319
14903	16870	319
12983	11208	317
7669	12994	32
10185	9696	329
23327	10606	134
7289	17715	329
7289	17500	329
7289	10113	329
13631	14770	32
3091	19101	329
3091	2155	329
5410	3922	282
1890	1493	65
22346	24136	86
23819	13120	325
4508	14958	339
3117	14958	339
3117	10246	214
24321	13540	32
7276	14958	339
7276	23921	214
21287	4697	121
18227	18875	284
14101	23786	259
19322	13733	262
19322	9366	134
19322	16424	325
23797	4386	273
23100	14958	339
23100	1024	98
23100	1913	214
22434	17064	221
12403	8134	72
11663	10114	183
1016	23803	290
6729	10606	134
21918	5674	319
21918	22892	97
883	2993	325
15753	17315	268
16553	12994	32
22750	23754	288
401	5988	262
2729	434	329
1339	16335	151
15101	8343	236
23921	14958	339
23921	7276	214
22446	6626	329
17580	8706	26
17580	23197	23
21315	11148	319
21315	8974	319
10787	9116	134
16684	23988	319
21272	15652	134
12650	22701	18
12650	22701	19
13379	9366	134
11368	18662	127
6223	19923	276
6223	815	276
7540	4943	23
23650	11003	349
23650	11003	262
23650	11003	208
23650	11003	209
13938	4184	287
17302	17020	164
17302	7452	99
2378	17020	164
2378	17302	112
18174	1906	255
19792	8355	236
19792	8357	236
5848	11400	93
11254	17625	329
19239	19956	32
11700	3104	32
21200	12541	319
21200	22892	97
9693	4966	329
6600	6630	166
6631	1089	227
23977	14867	284
1454	20853	274
10977	8183	165
9526	1164	236
9526	22488	236
23056	982	236
11471	2824	32
6099	6335	273
1558	17418	347
1558	17418	127
1558	22732	32
19795	3966	134
19795	23143	273
6750	16701	32
6750	16702	329
20748	4249	319
15861	10054	59
15861	9676	227
15861	17094	112
20160	8368	236
13721	312	64
13721	8706	26
3476	17469	273
2582	1789	273
12898	1789	273
21562	21971	259
21562	9823	325
9823	21562	259
15880	15270	205
23815	10355	349
23815	10355	208
23815	10355	209
23815	4386	273
5297	1789	273
8679	6630	166
12473	815	40
17360	19471	251
17360	19471	250
12624	12994	274
12624	3748	273
9727	3748	273
9827	13705	262
9827	13705	14
18697	16554	122
18697	17469	273
21665	11776	319
12394	18413	349
12394	18413	208
12394	18413	209
18737	6800	160
18737	22724	339
10725	12994	32
10725	12994	283
10725	22893	7
5834	3002	18
5834	3002	19
6565	22593	32
6565	6302	270
6565	2343	270
6565	16193	270
21733	12994	183
21733	19937	183
8273	10243	329
8273	18754	189
22206	19697	262
22206	19697	14
19757	1789	273
11613	4465	273
21445	17592	346
2835	14674	32
9599	9366	134
41	2522	26
9832	2429	329
9832	17503	329
5650	6630	166
15507	7027	329
24249	22724	339
10757	23065	7
10757	22870	282
4796	9116	134
4796	5520	157
8604	22892	97
1600	5231	103
21065	19697	14
21065	17469	273
11904	14957	138
11247	24139	270
11422	4697	121
17164	3748	273
8067	18432	134
2447	20040	134
15806	12418	20
23361	17987	319
23361	9619	68
23361	1114	68
17628	14957	138
11916	19956	32
11916	18646	189
12220	8591	160
12220	8351	236
337	8706	26
3740	3740	131
5319	5569	254
5319	18967	32
17622	5342	32
17622	4652	221
13670	13753	327
3883	12994	147
3883	14678	134
14563	18096	32
3139	9366	134
14558	9366	134
2302	8243	262
2302	3879	273
21549	17469	273
15766	3041	329
15766	7239	329
12359	798	112
16250	4764	35
16050	6296	243
21641	8134	274
21734	17293	134
13672	8797	127
19601	14870	147
19601	2151	18
19601	2151	19
14019	19194	32
14019	13469	273
14019	11670	18
14019	11670	19
11598	7350	32
18451	8134	147
18144	23176	93
10581	22765	329
662	17199	32
662	22907	7
662	22902	7
8481	14775	102
8481	5569	254
9025	17066	58
18341	8134	32
4790	14944	160
9682	8134	183
8677	3115	72
8677	3115	201
8677	3115	202
12501	9116	134
1870	13431	319
23913	20651	134
23913	9746	259
21770	13862	262
1589	3806	319
1589	19232	319
20155	3547	121
7409	704	134
13293	15750	262
13293	5011	262
13293	9366	134
21408	5184	134
6035	24143	273
20105	7350	147
20105	17293	134
17016	15456	129
7809	23288	329
21150	6630	166
10041	8134	72
13504	9366	134
13504	381	273
5484	4697	121
20598	22730	349
16922	2079	97
10850	12994	86
22848	5413	262
22848	24143	273
1226	12994	274
22851	3748	273
22051	3478	208
22051	16546	209
22051	3478	209
2371	10029	166
2371	13477	278
2371	12425	278
8383	22984	1
3462	19937	72
3462	19937	200
14480	13159	7
4027	3012	262
4027	13998	262
4027	9366	134
19729	9366	134
19334	20137	297
19334	7106	325
21456	10730	319
5164	7473	134
2584	17020	164
2584	7452	99
1356	18680	6
1356	16210	349
1356	12994	274
1356	15378	325
1083	481	329
19620	6140	24
8151	693	157
8151	6486	134
5691	17469	273
4779	836	59
21657	6630	166
19356	19101	329
12503	17418	102
12503	5569	254
12503	17418	127
21438	9012	56
21438	22892	97
24574	8675	329
24574	3187	329
11187	11425	238
11187	4925	257
14505	6140	157
14505	16666	157
14505	23249	157
14505	9116	134
1169	4632	212
15175	24176	221
3679	17020	164
3679	7452	99
21435	6630	166
21435	9227	269
14671	15	329
23263	8005	274
23263	20651	134
4935	13090	252
19062	1647	61
24103	1761	325
7587	6140	157
7587	16666	157
7587	19778	18
7587	19778	19
23405	3743	40
9155	12592	227
13943	434	329
13943	22740	329
13943	481	329
16708	15124	329
16513	24173	329
16513	15427	329
3288	5569	254
3	5184	134
3	17469	273
24350	9366	134
24350	17469	273
1761	12344	349
1761	12344	262
1761	24103	259
595	11955	319
595	479	215
19827	13612	20
19827	13612	111
24362	5184	134
24362	17469	273
24362	2301	325
2301	1704	262
2301	5184	134
2301	24362	259
19455	3748	273
22479	14945	32
22479	17199	32
8768	23015	189
12462	12461	190
7119	23635	147
20264	22485	127
11870	7140	329
437	6294	254
8660	9500	183
8660	8134	183
450	233	293
15513	17196	221
3757	9366	134
3757	15326	134
24144	6630	166
20687	13867	262
20687	5184	134
20687	6630	166
13227	5660	189
13227	4784	189
14037	3530	329
12226	9366	134
18482	20152	273
18482	10772	18
18482	10772	19
10491	16666	157
10491	10606	134
2134	17470	97
1867	8321	135
1867	8321	313
17642	12296	349
17642	12296	208
17642	12296	209
17642	9366	134
9753	8843	262
9753	8843	208
9753	8843	209
9753	10606	134
9753	17469	273
5724	2149	329
13098	3748	273
6981	23358	106
14703	10114	32
14703	10117	329
18799	432	329
23007	19813	26
23007	15688	3
6422	6421	14
439	247	293
15439	10606	134
1731	18635	329
6126	348	121
6126	393	121
4420	10054	59
4420	743	227
1953	2722	255
1862	16896	32
20588	1632	349
20588	1632	208
20588	1632	209
23539	8134	72
3752	17020	164
3752	7452	99
4399	24176	221
9416	3338	214
4922	7042	329
4922	18385	329
19535	22487	32
11879	9366	134
11879	4996	18
11879	4996	19
22452	6626	329
22452	3697	189
24414	14679	221
6072	11114	205
8202	6294	175
8202	6294	254
3229	11946	165
19741	23257	319
19741	11166	319
7898	2645	273
17081	20167	35
13781	18920	32
13781	14679	221
5435	7518	32
14391	14392	122
14391	14391	122
5464	13090	221
392	16043	26
11686	7044	329
9451	9116	134
19634	14958	339
19634	10101	214
7985	14958	339
22353	14775	102
4544	7371	134
4792	10054	59
24223	19360	329
24223	1074	329
24223	19360	189
17504	20492	329
17504	18449	329
14913	15123	329
14913	15121	329
8953	11771	32
22472	18449	329
14661	19637	208
14661	19637	209
5928	9366	134
8141	3697	329
22958	6630	166
19752	13862	262
3364	14958	339
3364	8672	98
19889	14958	339
19889	12445	214
5197	17141	329
2898	18896	329
18316	2013	329
18316	4559	329
19727	19637	208
19727	19637	209
16028	4764	35
10000	9994	6
10000	10798	349
10000	10798	262
24086	8531	288
14782	4493	97
14782	474	97
544	18408	94
544	22892	97
16354	9366	134
16190	19637	208
16190	19637	209
17823	8675	329
17823	4565	329
10815	17549	94
10815	18910	349
10815	20501	319
10815	17549	103
10815	6630	166
12864	13178	47
12864	13178	98
13934	9366	134
9473	14958	339
9473	13178	47
9473	13178	98
9473	10101	214
9473	18430	214
6494	17472	96
6494	17472	95
6494	9116	134
18055	2951	18
18055	2951	19
10476	19082	212
14486	18870	329
14486	18881	329
14486	3697	329
20263	6140	157
20263	16666	157
7947	18501	32
7947	18466	329
5431	9387	189
21096	7473	134
13404	9366	134
14622	14621	14
14622	9366	134
14622	5184	134
18337	14958	339
15932	7010	329
21005	20721	18
21005	20721	19
20144	15568	69
22561	17895	329
7693	9366	134
5089	9366	134
23469	23658	40
23469	23438	306
4251	9841	262
13981	14775	102
13981	5569	254
15394	6630	166
10790	12994	86
10665	1436	32
10665	9696	329
7116	16590	329
24622	5911	160
5511	6011	319
5511	22892	97
6624	19978	18
6624	2889	18
6624	19978	19
6624	2889	19
15505	14958	339
2706	14958	339
11105	7473	134
18603	11656	127
11319	14770	32
12186	24177	32
12186	8134	32
12186	8134	212
7639	24578	255
13007	9366	134
13007	2297	273
5756	17020	164
5756	7452	99
12924	8302	349
12924	9116	134
12924	18276	259
4541	6037	163
15843	19913	339
15506	14958	339
15506	7387	214
6032	14958	339
15816	14958	339
5169	3351	147
726	12994	32
23420	23513	306
16381	11712	329
13075	2504	26
13075	2515	26
19533	19533	131
19533	19533	131
19533	19533	131
19533	19533	131
12440	5445	94
3126	14958	339
21735	9116	134
6148	13904	163
12755	3518	214
12755	19028	214
22993	14958	339
19028	3518	214
19028	12755	214
3518	14958	339
3518	12755	214
3518	19028	214
3518	22993	214
3518	8128	214
3518	12219	214
3518	12982	214
24549	14958	339
14582	14583	288
17578	18870	329
21120	20091	262
7572	2910	32
7572	7042	329
723	16639	275
16413	5092	349
16413	5092	208
16413	5092	209
16413	7902	134
16413	18534	273
13296	14958	339
17924	14958	339
15817	14958	339
15817	17007	214
16935	7042	329
16935	8633	329
9136	24559	32
11973	19937	32
7988	18643	329
14966	13431	319
20976	13090	86
20976	13094	7
1357	270	293
16807	22921	7
16807	6308	115
3812	22284	329
15503	14958	339
15347	10054	59
15347	12592	227
1843	10054	59
1843	9676	227
20203	14958	339
13693	4100	232
10477	2416	280
8521	14958	339
8521	9301	214
9286	20206	214
22178	14958	339
18547	14958	339
3167	2085	329
8105	23196	32
8105	17070	86
8105	23196	86
23384	16701	32
19703	22320	97
21069	10155	262
21069	3492	56
13659	3342	32
20230	24182	329
7870	704	134
22468	22730	349
4547	17199	32
4547	17469	273
2619	14958	339
5275	8675	329
24557	7038	329
24557	8678	329
20693	17199	32
13625	3187	329
13625	8678	329
13625	9979	329
10917	7121	32
18400	12994	32
21205	19913	339
7813	2397	86
14130	19485	134
14130	2061	69
19799	20650	112
11446	22264	32
11446	7267	329
146	8706	26
18673	18673	319
10076	6630	166
9040	16861	163
15366	14958	339
15366	14201	214
23536	14958	339
4160	9643	32
4160	5061	329
5106	23922	262
23643	14958	339
23643	6621	214
15268	5652	147
7463	14958	339
7463	10175	214
16015	13861	349
16015	13861	262
17888	6630	166
17888	12994	183
17888	2220	215
17888	2218	215
14310	20492	329
14310	24173	329
15111	20040	134
1297	16735	18
1297	16735	19
9248	24076	32
14849	10856	6
16510	20651	134
16510	2618	273
10430	19551	26
9886	13998	262
9316	5786	121
17353	12994	183
18658	393	245
14438	7020	329
23882	2216	208
23882	2216	209
9051	14958	339
19032	14958	339
1797	17469	273
11658	4487	157
14433	9736	329
12497	7140	329
10517	24136	86
21404	1644	319
13024	17020	164
13024	7452	99
6641	435	329
6641	434	329
6641	481	329
19705	6238	273
9408	12994	274
9408	6630	166
8446	14958	339
17375	13998	349
17375	13998	262
24194	14958	339
15813	14958	339
15813	17949	98
5425	8706	26
5425	5571	23
15275	18664	329
3050	12994	183
3050	2016	121
3050	21134	278
3399	14958	339
1527	12018	329
19560	14958	339
19560	24548	98
23790	12994	274
23790	16720	273
11584	16074	23
1267	20489	325
20125	12994	32
20125	12994	86
21599	12994	274
16041	9116	134
16041	17293	134
23713	16468	144
18264	4341	262
18264	1856	273
18264	15055	325
23690	9366	134
23690	9366	134
2831	14775	127
1567	13805	32
1567	19515	32
11051	5324	7
16325	7571	291
12419	17196	221
12419	14401	273
12419	14401	273
9430	20167	35
9430	9429	279
14701	10114	32
1571	12994	32
1571	15749	329
23232	15639	214
12244	14958	339
12244	4857	214
8628	19817	86
24522	19196	319
3721	9366	134
3721	9366	134
4617	10013	174
21449	21448	325
12395	9366	134
12395	22889	273
11364	13769	317
4716	4716	24
4716	9116	134
159	9366	134
159	3748	273
2997	6630	166
1286	897	329
19594	6271	334
10067	2891	263
5740	11766	6
5740	10606	134
18590	14958	339
6739	14958	339
10101	14958	339
10101	9473	214
10101	18430	214
10101	19634	214
807	14958	339
807	7117	214
8659	14958	339
22789	14958	339
22789	24041	214
19966	6140	157
24041	14958	339
24041	22789	214
9110	18967	32
18490	22881	7
18490	22896	7
14792	9493	6
14792	9366	134
14792	9493	325
22460	20651	134
7384	20651	134
4526	2036	329
14314	8134	32
14314	10606	134
18596	15749	329
12285	2273	59
12285	12286	227
4786	3747	273
14248	11472	262
14248	3747	273
9668	7773	269
12399	10054	59
11860	6284	329
18239	10460	327
8194	20947	32
3840	6630	166
602	14945	32
602	14679	221
22507	22107	262
22507	16203	259
4315	1074	329
2717	14958	339
21486	6630	166
3501	14958	339
3501	812	214
3501	3241	214
23301	9366	134
15054	7902	134
4412	11661	160
606	14945	32
13058	23554	98
13058	6234	310
13058	6234	311
20236	17895	329
6146	10054	59
6146	9676	227
14604	2352	32
20713	2016	245
812	14958	339
812	3241	214
812	3501	214
812	22303	214
2798	14958	339
2798	591	214
11987	9366	134
11987	22889	273
11888	4860	329
11888	17895	329
3241	14958	339
3241	812	214
3241	3501	214
3241	24180	214
24180	14958	339
24180	3241	214
22303	14958	339
22303	812	214
22303	3241	214
18786	14958	339
18786	9120	214
9120	14958	339
18701	9554	18
18701	9554	19
17052	19120	262
3409	10243	329
8197	16221	329
17397	434	329
17397	12056	329
2566	13802	349
2566	13802	262
2566	20651	134
7430	14347	56
12437	11340	262
12437	7902	134
9613	7003	329
12545	14958	339
12545	15099	214
15099	12545	214
14042	3697	329
15367	14958	339
24098	9116	134
7257	24559	32
7257	6140	157
7257	10606	134
19036	14958	339
20199	435	329
20199	447	329
20199	438	329
23041	7042	329
23041	7042	189
7908	13090	147
7908	7466	273
12053	14958	339
12053	18334	214
19591	20167	35
19591	4764	35
12992	14958	339
2770	14958	339
12219	3518	214
14240	14958	339
4233	16717	94
4233	6121	144
17991	8091	10
18996	4200	349
18996	9158	259
9158	18996	325
7611	17347	221
15867	14958	339
16080	24252	324
16080	2936	143
16080	14985	143
6162	14958	339
23593	14958	339
8765	14958	339
8765	6778	214
9882	13557	259
8118	10606	134
8118	3748	273
8128	14958	339
8128	3518	214
3116	14958	339
21776	6630	166
21776	20054	180
12982	14958	339
12982	3518	214
9172	1662	24
21383	20054	180
21987	1370	319
16622	20583	127
19469	22921	7
17035	9366	134
17035	3747	273
9426	9366	134
19589	19590	279
8757	6419	227
23727	23728	166
2237	3465	166
22291	14958	339
5034	7961	59
19390	13887	32
19197	14958	339
5360	2349	32
5360	4603	329
23042	19956	32
13578	19956	32
4437	3561	329
4437	7042	329
4437	18385	329
10829	8134	212
24252	16080	162
24252	1403	339
1823	2202	32
1823	4568	329
1823	15390	329
3385	6140	157
15815	14958	339
1873	14958	339
16809	14958	339
10271	10243	329
12424	9483	329
12424	4457	329
12424	8795	329
14086	9382	15
14086	15177	15
16421	462	94
16421	462	349
3196	6140	157
21869	6630	166
21869	17061	269
1005	19555	32
16316	15304	349
16316	4319	349
16316	20651	134
16095	14958	339
24544	14958	339
17686	14985	143
17686	1403	339
18334	12053	214
3436	14958	339
777	23288	329
768	20098	329
13667	2036	329
23766	8134	246
23766	10360	65
13595	13595	317
1388	7350	183
334	4697	121
24530	18630	189
24530	23288	189
11565	22943	41
7963	23122	215
20724	10054	59
517	9116	134
517	17469	273
23383	12994	274
833	6630	166
12321	15842	183
12321	19926	183
11564	7518	183
11170	13956	7
11170	4652	221
22024	19937	72
22024	12769	126
20349	5305	18
20349	23052	18
20349	15349	18
20349	5305	19
20349	23052	19
20349	15349	19
7212	17450	329
7212	15	329
22707	22712	325
12797	7329	166
12797	348	121
8381	20682	273
10495	6284	329
10495	12994	32
11829	2429	329
11829	2429	189
1203	20654	72
13754	18302	329
13754	24096	329
13754	7021	329
22099	16129	149
22099	9188	328
19649	10602	319
6116	6630	166
2074	12994	183
19071	11687	154
22545	6630	166
22545	17061	269
22037	3748	273
13747	18875	284
10380	9366	134
22710	11333	144
6290	10114	32
7404	984	175
7404	984	254
17750	6630	166
17664	23015	329
11504	11572	306
18513	12385	32
18513	22765	329
18513	19970	329
13788	10606	134
12696	10013	174
17010	4095	31
10552	22922	7
3078	13431	319
3854	6630	166
7493	8134	185
21174	6634	205
8780	8134	32
14727	10440	56
14727	6630	166
5042	7023	329
13696	16753	317
13696	8134	32
23905	16552	319
1455	5184	134
23503	16090	58
23503	4866	230
15380	12631	325
16596	13484	319
24060	475	273
23254	15425	184
12182	22524	282
23079	4044	175
23079	4044	254
27	2515	26
11132	5355	139
21437	6630	166
21437	17646	269
5955	20682	273
21301	8671	134
8545	22892	230
8545	15114	230
8545	22892	231
8545	15114	231
8545	22892	233
23985	16640	275
10315	2356	142
7248	16303	32
7248	8675	329
17042	6630	166
24507	8418	23
22436	8609	32
22436	24182	329
12144	13594	32
17639	15517	175
1593	4697	121
15716	2445	316
15716	23343	316
16832	9366	134
21608	20137	297
21608	8917	349
21608	20168	259
21106	13867	262
21106	6630	166
14349	12533	329
20396	21205	6
20396	5786	121
13388	17718	273
10931	693	157
10931	3748	273
12177	2641	142
15359	7329	166
15359	6630	166
5087	6140	157
948	17706	260
20440	2202	147
19503	4843	6
19503	475	273
20676	22996	175
20676	22996	254
20879	4650	127
12534	20492	329
12534	15427	329
23239	3922	282
10960	1994	32
10960	24176	221
12972	12972	255
1552	3527	329
1552	16312	329
4291	16303	142
11962	19937	32
15679	22922	7
19266	9394	329
1746	16753	198
21970	17075	274
8154	9116	134
18003	12994	86
13021	17469	273
11881	6626	329
20287	4603	329
18833	15127	329
20191	9421	32
20191	15785	329
8246	2797	32
8246	481	329
8246	18635	329
19707	4306	349
19707	4386	273
599	8498	32
599	18666	329
599	23151	329
599	8135	329
21627	5528	325
12384	23122	66
12384	23122	53
12995	9116	134
23403	23440	306
17889	20651	134
4259	19937	252
21996	23575	68
13681	8995	317
6010	13488	286
14461	12994	32
14461	17196	221
14961	14958	339
15501	14770	32
15501	16917	329
15501	451	329
1565	14958	339
6576	14679	221
1760	4883	349
18374	19956	32
18374	12396	134
19192	4697	121
19192	9116	134
13550	20651	134
14920	7042	329
6504	23832	238
13902	24499	147
13902	1802	134
13902	24176	221
8462	16614	319
19486	19265	349
15096	14958	339
4977	6630	166
4977	8148	76
4977	5072	269
454	20099	142
10086	16387	288
18272	9021	205
13160	13090	320
15917	19956	32
15917	7010	329
15917	7020	189
16534	12994	86
13982	24173	329
13543	17469	273
2611	6074	6
2611	6074	259
10115	10114	183
23160	5569	254
23160	14775	127
23160	18967	32
23160	18967	86
23569	8111	32
19442	16072	23
19442	16074	23
11184	8678	329
11184	4966	329
18416	6140	157
8811	10114	32
8811	10117	329
7279	22685	329
7415	14958	339
13923	4038	214
1543	19956	32
6025	10606	134
6025	3748	273
12023	11661	160
24441	14679	221
9552	4697	121
9552	15034	325
21208	6630	166
3032	7473	134
354	2529	26
22999	10291	154
7240	434	329
7240	3561	329
7240	10242	329
10389	14770	32
16670	17293	134
23423	12965	40
21649	5972	262
15596	2490	26
18113	6595	144
23805	2016	121
20893	9678	319
13214	432	329
13214	22745	329
13214	10243	329
16361	2423	129
16361	2423	163
16361	14301	163
2194	8134	147
2194	4466	273
10092	16278	214
13700	23097	221
19823	6630	166
19823	22459	259
24379	6630	166
24128	6630	166
20528	19577	274
20528	15326	134
10156	24136	86
21429	24262	97
7847	20542	232
6062	10108	273
21144	6630	166
21814	10865	319
21640	12994	274
15106	18266	273
12930	12994	274
12930	20651	134
12930	2618	273
4600	14958	339
21105	14043	205
7400	14958	339
7400	2705	214
7400	13852	214
12402	14958	339
12402	10735	214
12402	22652	214
22652	14958	339
22652	12402	214
22652	13852	214
22953	14958	339
13852	14958	339
13852	7400	214
13852	22652	214
9200	14958	339
12432	12386	283
23968	22904	7
12785	24136	86
12785	24136	86
17691	22724	339
12132	22816	319
9245	10054	59
9245	19033	227
2948	12994	274
2948	23916	259
18489	24189	32
18489	6140	157
2391	22596	32
12601	12601	18
12601	12601	19
10452	19926	86
10452	19926	284
10452	19926	32
7549	6386	6
22477	7688	32
2865	4603	329
24458	19920	32
24458	19920	147
21892	16454	97
22081	4697	121
22081	10774	262
1199	3186	7
1199	20653	7
23048	4823	329
23048	10243	329
6666	10054	59
6666	19033	227
9455	14958	339
18987	20651	134
7069	14769	142
7080	14769	142
14734	7027	329
18969	21304	6
23904	14958	339
23904	23919	214
23919	14958	339
23919	23904	214
22582	4697	121
5476	6140	157
5476	17345	18
5476	17345	19
9327	7627	274
11690	8134	32
11690	8134	86
13059	8134	86
15146	10114	32
15146	10117	329
14645	23787	325
12306	20723	213
12306	23250	213
3363	10606	134
3363	7473	134
23787	14645	259
21230	6630	166
14142	10114	32
14142	10117	329
5741	15419	134
13960	20577	105
14141	10114	32
7511	9366	134
17542	17293	134
22294	1000	349
13536	6517	313
12728	13392	262
12728	9366	134
22396	3964	329
22396	19101	329
22396	18269	329
15951	1796	214
329	22316	163
20519	9116	134
10907	6745	327
6142	8671	134
15980	4729	208
15980	4729	209
15980	17469	273
19099	9116	134
6347	7081	329
16707	7014	329
10406	15427	329
19355	12177	329
19355	2013	329
5151	14958	339
16697	14958	339
12373	3131	32
2691	13090	283
17193	14958	339
17193	14763	214
14763	14958	339
15330	10054	59
12709	6328	14
24537	10114	32
3934	20651	134
20250	12018	329
13989	24182	329
11480	4582	231
15035	8503	273
15035	3748	273
23134	14958	339
3937	10092	214
17742	5949	259
17742	22067	325
10248	20651	134
2038	14958	339
2038	19286	214
2601	14958	339
18134	19558	214
15021	18391	208
15021	18391	209
15750	9366	134
21704	11427	94
12634	9116	134
9126	2101	319
23880	17469	273
21929	21929	20
21929	6630	166
14452	7350	32
5047	9696	329
18997	13208	214
19286	2038	214
19286	14767	214
19558	18134	214
14767	14958	339
14767	19286	214
6103	8335	236
14753	20811	329
14753	10113	329
21529	21529	122
21529	7473	134
12127	8330	236
8697	14770	32
5542	17199	32
5542	2678	109
15528	20063	32
15528	15191	260
9809	7473	134
17977	22745	329
17977	3612	329
17977	4824	329
21677	23984	111
6916	17469	273
8382	8382	325
19000	19913	339
19000	9116	134
12000	9366	134
19770	20095	349
19770	20095	208
13234	4966	329
13234	15139	329
20874	23220	32
20874	4966	329
20874	8675	329
4527	4966	329
22056	4966	329
12862	21699	6
12458	4966	329
21095	10834	346
21095	6630	166
7053	17926	188
19148	19684	288
16786	11469	329
3237	17205	6
22183	17140	329
17652	17019	283
4627	14958	339
7273	13446	32
7273	8134	32
3366	12194	160
1064	12194	160
8426	12194	160
20282	10606	134
20282	5963	18
20282	5963	19
9164	6746	262
9164	23574	319
9164	14294	319
9164	6746	349
13442	7180	288
4757	14958	339
4757	4041	214
13894	23900	32
13894	12533	329
13894	7512	329
4041	14958	339
4041	4757	214
746	2678	282
3224	12512	262
14829	14832	142
21961	4697	121
24046	20167	35
7261	4966	329
7261	2036	329
7261	3187	329
15882	9116	134
14683	23109	259
10538	7350	32
10538	15	329
10538	23015	189
21117	475	273
4589	12994	128
4589	17290	263
11474	21036	123
15472	3342	32
15472	1309	189
15472	12009	32
22569	6476	59
10083	13090	287
4605	12994	86
12057	8134	147
12057	1794	18
12057	1794	19
23543	2270	105
8676	19937	32
22095	17469	273
14637	4083	319
13735	7038	329
15518	4697	121
10615	10621	262
21859	23325	18
21859	23325	19
911	17599	139
22155	17293	134
14561	5324	7
24108	24399	297
20034	23156	306
18343	10243	329
24332	5110	18
24332	5110	19
13323	8134	183
12645	14958	339
660	22734	183
6903	13050	297
6903	13309	144
6903	11956	144
11337	3748	273
13452	14945	283
10412	8692	284
22502	22502	18
22502	22502	19
11591	13929	160
21603	24471	273
877	10054	59
877	12592	227
877	24554	112
4156	14958	339
15514	12994	29
15514	12994	32
9658	9366	134
13946	14958	339
5017	17020	164
6516	13050	220
18068	14958	339
22686	7473	134
22645	20865	262
11114	10606	18
11114	10606	19
18456	97	274
18456	3748	273
18456	17469	273
3915	22892	97
3915	19920	72
18893	6031	112
14670	14958	339
4267	14958	339
18742	14958	339
18638	15078	32
24044	8134	86
555	17766	274
9199	12994	32
9199	23631	86
13888	2764	214
2764	13888	214
5533	18152	262
4016	3748	273
2142	14958	339
7523	6630	166
7523	17646	269
7523	21437	259
20675	5785	263
20675	9463	263
18090	17469	273
24164	1125	65
15667	6255	329
20929	14097	6
20929	8039	349
20929	9366	134
18946	15191	260
8566	24182	329
8566	12056	329
17099	20918	325
7456	5184	134
10729	15363	215
9724	4697	121
23869	15870	6
4311	15749	329
9364	22554	349
9364	9366	134
9364	15419	134
5066	17064	221
21372	18860	262
21372	17586	319
21372	6630	166
20477	11084	208
20477	11084	209
20477	17481	273
23807	1000	349
23807	4386	273
23807	14335	262
10870	8243	18
10870	8243	19
4780	12592	227
17056	957	20
17056	22440	319
16861	7124	283
16861	3225	7
16861	4709	165
6944	9366	134
6944	15419	134
14794	3041	329
4597	7473	134
11890	18466	329
12991	22524	282
17007	14958	339
11927	11928	190
11927	11612	15
11927	20167	35
3304	6626	329
18979	2840	349
18979	2840	262
5593	11204	205
16891	348	245
16891	6630	166
18040	17895	329
3618	19920	72
20580	10301	319
20580	16435	205
13528	17469	273
24572	14958	339
24572	2105	214
2850	14958	339
2105	14958	339
2105	24572	214
6424	7350	276
22633	17766	274
7628	407	197
7628	2516	26
7628	13090	86
6653	4697	263
6653	6653	99
6653	6653	233
10987	6140	157
10987	10606	134
10987	24079	273
4881	2888	115
4881	7867	23
20591	11088	319
521	11728	319
4227	10606	134
449	6294	175
7137	8548	270
491	15648	18
491	15648	19
16142	15170	14
16142	7473	134
7159	17469	273
853	836	59
20762	7238	349
20762	7238	208
20762	7238	209
20762	6921	325
6921	7238	349
6921	7238	208
6921	7238	209
6921	20762	259
3871	17157	86
3871	693	157
21753	6630	166
14491	3827	66
6995	5865	175
6995	5865	254
19996	4158	230
19996	4158	231
19996	3546	233
23393	16459	54
23393	16459	327
24032	3964	329
8995	17893	32
12147	17199	32
13120	2876	349
13120	23819	259
19582	3911	329
14960	14958	339
21700	16401	24
21700	16837	122
15459	3697	329
2012	14194	142
19646	17277	270
19646	23633	270
10759	10606	134
23408	4353	265
4819	14958	339
11910	11911	320
18586	462	94
18586	17661	319
21038	8194	56
21038	18537	103
7294	14958	339
10502	20751	32
23513	2077	40
23513	23420	306
4665	17469	273
23725	14411	201
23725	14411	202
12445	19889	214
9290	3527	329
16611	7958	232
15723	14958	339
23231	14958	339
10012	9366	134
8563	6138	134
18271	9116	134
19428	10114	72
19428	20899	160
19428	18518	236
11665	10114	72
11665	1984	236
6166	6140	157
6166	7473	134
16208	8876	32
3822	2012	329
7783	10114	72
7783	3985	236
7783	18950	236
16396	10114	72
20832	10114	72
19328	10114	72
19328	3991	236
15155	10114	72
13757	10114	72
1218	10114	72
9925	10114	72
8823	10114	72
19200	10114	72
17405	10114	72
15162	10114	72
22415	10114	72
15777	10114	72
1833	10114	72
1488	17418	102
1488	5569	254
1488	20583	127
13593	10114	72
24472	10114	72
24472	24274	236
18947	10114	72
18947	19936	160
8492	10114	72
11923	10114	72
12048	1074	329
12048	20707	329
20601	8134	252
4017	19937	32
12561	12994	32
12561	17469	273
9307	17020	164
9307	7452	99
14977	12994	86
1102	14866	32
1102	23532	7
18971	20100	142
18971	4712	142
18971	8700	254
10972	10973	327
18425	9366	134
8289	14878	262
8289	14878	262
11982	2297	273
11087	17468	329
3082	18466	329
11736	1327	329
2374	8682	276
2804	8843	14
2804	17469	273
15599	16717	94
16026	8843	14
14955	2325	250
21022	10599	100
21022	2050	115
19961	12994	147
19961	9366	134
1551	7555	329
1375	4993	32
1375	3187	329
20871	4697	121
20871	3467	208
20871	3467	209
3297	18870	329
14649	7210	32
18818	14674	32
18818	3748	273
18818	10888	18
18818	10888	19
18699	24415	319
18699	19937	72
19878	13395	160
23414	393	245
23414	8134	185
23414	8134	72
23414	13272	40
23414	8134	145
7161	941	270
7161	3702	23
19663	4697	121
9635	1438	259
20572	17020	164
20572	7452	99
12640	4697	121
12640	9366	134
23194	17064	221
23194	24176	221
23194	6630	166
18135	16634	233
19474	17199	32
19474	17064	221
6115	17469	273
23502	17469	273
1836	90	274
1836	17469	273
21663	8050	210
21663	8050	319
21663	999	205
19358	11842	270
19358	13937	270
20691	13090	86
11625	12386	32
11625	9366	134
20958	2029	97
5285	5569	254
5285	2885	127
7546	393	245
7546	348	245
7546	7541	231
7546	6630	166
7546	8111	40
7546	19926	40
7546	8111	145
12955	6140	157
12341	7452	99
12341	17302	112
16661	6140	157
16661	8643	157
12791	6271	334
12963	18128	152
1021	9394	329
1021	18635	329
21086	5184	134
21086	15759	259
13900	23164	132
13900	4620	134
13900	15568	69
9402	2292	325
9402	2292	325
10999	14941	32
8854	20654	72
8854	6271	334
10882	5880	329
10882	10381	329
11506	2672	58
759	9731	225
12514	14679	221
3388	7702	160
7483	3227	349
7483	969	262
9572	22520	262
9572	7902	134
13912	514	32
23500	7891	69
9854	10248	262
9854	4386	273
16430	4697	121
16430	21723	349
16430	21723	208
16430	21723	209
7441	22745	329
2688	6536	349
2688	6536	208
2688	6536	209
23334	9116	134
5641	6596	32
5641	8135	329
22695	8729	18
22695	8729	19
19785	17030	112
8533	6140	157
8533	16666	157
22151	18470	19
20200	24447	32
20200	18635	329
9764	13050	297
9764	3825	349
9764	13309	144
18636	17838	186
23208	8791	127
23208	18770	127
23208	19956	32
19445	15153	329
12934	6138	134
21712	12699	319
23198	17293	134
10611	10606	134
17171	16919	275
18656	13370	142
20654	17891	138
20654	6271	334
17728	805	151
21807	15003	134
13419	1692	134
13419	348	121
19683	10476	349
34	11003	349
34	1789	273
6017	8134	32
6017	4602	23
6017	19718	23
11955	14679	221
16779	7776	32
16779	12994	32
9692	9696	329
9692	19970	329
16732	18945	238
16732	14077	327
6485	9116	134
5493	22449	349
5493	8134	274
18320	1617	329
18320	8678	329
14599	17020	164
18556	5184	134
10342	3748	273
23848	20247	20
1358	24176	221
1358	2397	284
1358	2397	283
10396	22904	7
9046	17766	274
20784	20784	24
20784	20784	24
5219	19926	32
5219	19926	86
2041	4872	319
2041	8134	72
725	22115	0
725	22904	7
6551	13733	262
6551	3066	262
6551	10606	134
6551	9366	134
19523	20651	134
21097	10341	56
2889	7742	18
2889	6624	18
2889	7742	19
2889	6624	19
6692	3104	32
6741	4966	329
6741	14223	329
19135	8135	329
1730	8633	329
10437	22903	7
21265	3879	273
21265	21880	259
21880	8243	262
21880	14335	262
21880	5184	134
12887	5184	134
12887	21925	325
21426	17987	319
13335	2016	245
13335	23155	231
13335	13333	306
362	22072	26
17500	3733	142
5840	11843	270
17482	13935	151
13346	20190	65
12295	4697	121
12295	20339	209
13010	18815	94
13010	6630	166
13010	10914	240
15822	670	262
15822	670	14
15822	9116	134
15822	17469	273
110	17566	65
110	14026	65
17909	17020	164
17909	7452	99
17909	16065	112
17909	6671	112
17862	2391	144
8099	2516	26
4049	22591	19
6033	4400	94
6033	4400	262
24281	12994	274
24281	17469	273
10736	22892	97
19773	14154	349
16202	3351	147
959	17347	221
959	3748	273
8883	19722	72
21740	16463	319
12212	5880	329
13790	10606	134
398	2510	26
23986	4048	264
23986	12994	86
9857	19967	259
19967	9857	325
16439	4575	329
16439	11945	189
8907	10606	134
8907	15262	273
24083	8243	349
24083	8243	262
24083	3879	273
9805	8243	349
9805	8243	262
9805	3879	273
5622	16921	112
951	17361	32
20505	8243	262
20505	3879	273
5186	11843	270
5186	17088	141
5186	15660	84
12695	10054	59
12695	12592	227
20005	18306	227
5430	23095	46
5430	17112	45
20073	17129	142
20073	22596	142
9751	8671	134
5702	111	274
17521	17521	23
17521	19143	26
1259	1606	72
8871	19481	134
15287	7473	134
12909	24143	273
4054	8671	134
18406	9650	32
15299	19101	329
12007	9116	134
7123	17293	134
701	12592	227
17694	6140	157
17694	14423	18
17694	10783	18
17694	14423	19
17694	10783	19
22185	9696	329
22185	17141	329
7495	4111	20
7495	17589	94
7495	6630	166
7495	4637	121
8387	10606	134
8387	5561	259
8387	21849	325
15956	15653	142
20858	13998	262
12005	9389	180
21328	17293	134
21328	6238	273
11270	17973	327
11948	11948	325
19738	10054	59
19738	12592	227
792	17020	164
792	7452	99
12993	12447	112
9989	9366	134
9989	3748	273
18177	23197	23
18177	19555	86
18177	815	86
10074	13733	349
10074	13733	262
10074	3748	273
15783	12592	227
15783	15782	112
1857	7961	59
1857	1859	112
1168	481	329
18329	8134	32
18329	8134	147
18329	8134	134
17836	12994	274
23541	17500	329
17741	1274	259
15660	7591	335
20609	17964	6
20609	12994	274
22590	14958	339
22590	7797	214
12168	4059	53
470	1877	288
10536	17064	221
1243	670	14
1243	9116	134
17453	18808	18
17453	18808	19
21946	23828	325
4170	3115	72
20925	20924	142
11482	20999	41
7313	14958	339
18674	14958	339
10236	15979	259
8450	14770	32
3897	14958	339
1098	24182	329
1098	18466	329
1121	1136	125
20530	14958	339
20530	1024	98
21688	22426	262
21688	22426	349
21688	13166	319
13380	14680	274
7420	14958	339
17576	10606	134
2991	3748	233
2991	3748	96
2991	3748	95
2991	9366	134
8248	18635	329
2882	14945	32
23323	23323	335
23323	19646	141
5665	15444	142
15485	432	329
15485	10243	329
12283	22724	339
18725	14958	339
22672	14958	339
8026	8134	212
8026	22910	7
23866	11287	208
23866	11287	209
3720	23610	273
3720	10157	325
5769	8675	329
20975	10606	134
14234	14958	339
18944	1472	7
18888	479	79
18888	11955	319
10433	22667	86
9881	15419	134
20712	3827	262
20712	2016	121
17786	7866	147
17786	3748	273
17786	7866	32
15510	2900	32
15510	19101	189
15005	9575	262
15005	3748	273
15005	8503	273
7799	20139	217
20447	17866	283
21579	4684	349
21579	4684	208
21579	4684	209
21579	9366	134
6392	2714	32
24119	8134	86
22115	725	219
22115	12994	86
22115	22904	7
10417	14986	32
13438	18734	327
16751	18466	329
16751	6284	329
11784	17895	329
1641	3342	32
1641	17064	221
1641	3342	147
17003	7891	157
21748	4697	121
19636	20583	127
19636	11434	32
19636	7350	32
19666	6701	262
19666	9149	319
19666	22892	97
2620	6140	24
2620	6140	122
8220	483	329
11178	19101	329
11652	11652	24
11652	11652	24
923	20654	142
13771	18466	329
16722	4650	102
16722	8792	127
16722	12312	127
826	17199	32
826	11926	32
7110	23151	329
8584	1172	103
4632	8134	252
4632	6630	166
17100	14679	221
7093	1136	125
7093	1136	124
11362	11712	329
11362	4563	329
21829	12041	262
16974	10108	273
21399	9116	134
1966	11843	270
1966	20939	141
4928	4352	134
12729	13392	24
12729	9366	134
14343	8135	329
6880	23288	329
1140	15544	125
1140	10126	125
1140	15544	124
1140	14586	32
1643	13718	61
1643	15544	125
8842	17395	160
24561	3561	329
12455	8675	329
20090	12920	181
9211	483	329
17179	9116	134
9033	2099	86
9033	23832	238
9033	2099	283
17166	8794	273
9947	9947	160
8414	6630	166
17966	5867	175
17966	5867	254
12052	17020	164
12052	7452	99
12052	12051	135
2875	19101	329
2875	18466	329
8453	8134	274
13031	1440	69
16730	8666	115
22668	8671	134
15544	2633	72
15544	1136	125
15544	19956	32
14321	10606	134
1082	10243	329
860	380	197
2223	3342	40
10973	10972	255
10973	10972	232
6029	10606	134
14177	13566	262
14177	22520	262
14177	9366	134
13986	10606	134
13986	10877	18
13986	10877	19
12104	19956	32
16229	9116	134
16229	24127	259
20661	12194	160
11541	11555	306
3244	15195	262
21257	97	274
1144	3187	329
1144	4006	329
11283	4966	329
11283	8675	329
11283	2035	329
8572	5284	230
8572	20939	141
23392	19946	221
23392	19946	221
12095	20751	72
13500	5443	205
12107	1404	8
7945	24176	221
7945	4386	273
10234	9066	262
10234	9066	14
16300	10545	166
16300	6630	166
18819	6626	329
15975	20122	94
15975	20122	262
15975	8628	319
15975	8103	56
15975	6630	166
10883	9366	134
10883	2332	273
10883	21141	18
10090	9575	262
14852	9116	134
15051	15558	349
10425	12679	329
22821	6630	166
13858	18466	329
12612	15671	88
12610	8671	134
12610	21654	18
12610	21654	19
19230	20978	263
6846	19937	72
6846	19223	160
15729	490	349
23884	17469	273
16783	13451	196
9065	18535	18
9065	18535	19
5647	19920	86
5647	1357	329
5777	3465	166
3958	15512	262
17095	20167	35
17095	2163	171
18252	432	329
21617	1531	262
21617	12994	274
23017	17020	164
21685	1957	349
7758	14795	160
3560	5868	175
3560	5868	254
23439	674	41
22804	1373	259
5093	6138	134
22791	22790	72
22791	14090	44
17267	18432	134
16338	23146	97
16338	6630	166
3843	2352	283
20614	2633	32
20614	19956	32
20614	7043	329
22029	18428	32
22029	17468	329
22029	17000	329
10569	17476	329
5896	14586	32
5896	19956	32
18195	17469	273
18195	12780	18
18195	12780	19
22433	10606	134
9819	17766	274
12575	1919	329
4878	9666	329
8214	15427	329
18331	12994	32
21236	7473	134
14768	14769	72
10612	14873	160
10612	6436	334
21318	550	325
2440	23896	329
2440	10381	329
12579	19956	32
12579	7010	329
12579	7020	329
12579	7010	189
12579	7020	189
20977	8283	142
20977	204	293
22413	9366	134
2959	11721	32
5502	5502	24
18827	4697	121
12524	9366	134
11807	22913	7
13083	11091	327
11091	8981	327
11091	13083	255
3275	7473	134
3275	19804	273
15910	6140	157
4055	22369	262
1373	22804	325
724	12516	147
724	6140	157
2576	17112	45
11380	1986	86
11380	13090	86
21056	17496	144
16340	11467	329
6609	10621	349
6609	10621	262
10402	2206	86
10402	19956	86
8613	21219	282
3006	111	274
10683	19101	329
722	24096	329
8119	10606	134
18209	22934	7
18209	4635	196
14488	8134	32
4360	13956	105
4360	20653	7
18060	14335	262
18060	5363	262
18060	5184	134
5660	14166	142
5660	19175	175
22946	12245	142
1409	11257	208
1409	11257	209
5931	6630	166
12105	10113	329
2988	4744	319
2988	18408	56
2988	18408	349
16539	7140	329
3391	22620	19
24107	9366	134
24107	11340	18
24107	11340	19
58	1682	262
58	7902	134
58	1389	325
7932	14775	127
17636	8675	329
15216	3351	32
2395	17866	86
2395	13553	7
10300	13158	329
10524	693	157
10524	6486	134
10524	10524	18
10524	10524	19
19674	16480	319
19674	6630	166
24047	3622	238
14999	7686	262
6982	22790	32
6982	22790	283
6982	22790	57
8557	9116	134
8557	9366	134
8557	8556	325
11246	22765	329
11246	19970	329
11246	22765	189
5964	24163	23
18304	15427	329
18304	7444	189
5260	3964	329
15520	8134	147
15520	9116	134
1837	9366	134
11168	6140	157
11168	16666	157
11168	7312	273
484	4695	142
1678	12447	112
20033	17766	274
20033	17469	273
7305	1295	262
7305	19393	259
10324	23602	26
18796	24176	221
19879	15652	134
19879	12843	273
4101	327	197
2286	7473	134
10918	3862	32
19404	4697	121
16942	4629	26
19335	8235	319
21711	10633	319
21711	23979	56
4279	3879	233
4279	3879	96
4279	3879	95
15248	16725	14
2646	23635	58
10223	22443	319
13639	3578	329
6722	2490	26
17882	4697	121
11108	22271	319
8238	13540	32
784	10063	329
10422	13090	32
10422	13090	86
4676	10798	349
4676	9366	134
4676	13013	259
2205	10114	72
10033	12004	32
10033	12004	86
17928	17293	134
17928	18106	273
16054	22892	97
16054	6630	166
13610	22931	7
13610	11545	106
5589	9366	134
5589	10606	134
3236	9366	134
5556	7473	134
15213	5184	134
11259	4784	329
20056	16221	329
2040	16454	97
6317	17469	273
6317	475	273
7952	18466	329
7952	7444	329
1319	9116	134
21050	21050	262
21050	21050	349
13638	12478	329
13638	10113	329
19716	6988	319
18749	10913	349
5378	18755	7
5378	22867	282
7421	22892	97
4669	16440	144
3421	16044	26
5248	10243	329
14325	4568	329
4862	20651	134
4862	19637	19
24511	10606	134
24511	21632	18
24511	21632	19
7503	23635	147
19642	12994	32
16686	17293	134
18305	4568	329
18692	53	14
23328	4697	121
23328	12715	325
14346	17491	32
14346	20964	32
14691	8283	32
14691	20977	329
14691	20977	329
659	1419	32
19315	18471	32
19315	23039	329
19315	23079	329
4335	3351	32
21804	6630	166
8661	2016	121
9284	3419	329
9284	23896	329
9284	10381	329
7453	22219	262
11688	24177	32
11688	8134	283
11688	8134	212
11688	8134	32
11688	8134	86
19400	4880	103
13636	12478	329
13636	23896	329
15210	14679	221
21190	16721	349
21729	5184	134
13847	4121	335
1735	19970	329
5526	24114	329
7543	15233	306
7543	15203	306
7543	15202	306
2276	9366	134
2276	22889	273
14991	4466	273
11233	7627	32
3809	12222	32
14430	14770	32
18335	7077	329
18335	7078	329
11042	14303	18
11042	14303	19
17185	18302	329
17185	11467	329
12925	3748	273
18589	20152	273
11792	17895	329
5725	14709	183
5725	9412	316
24142	16488	346
24142	2016	121
18483	23015	329
18483	24182	329
18483	6284	329
6630	1608	167
21032	5443	205
21032	17257	103
18508	16882	58
3004	12765	319
3670	10606	134
3670	5718	18
3670	5718	19
3670	5965	19
14361	23039	329
21201	6630	166
22457	2029	97
22457	6630	166
18878	4821	285
4719	12313	56
18587	12251	147
18587	6369	19
4211	16120	15
4211	4215	255
4228	19913	339
4228	10606	134
4228	9366	134
4228	19913	134
1247	8134	274
10022	619	20
18533	3748	273
18533	21542	325
21542	18533	259
5818	17020	164
5818	7452	99
4342	22910	7
4342	8134	86
2377	10874	349
10718	8592	86
17712	4767	32
17712	22898	7
17712	8091	257
20839	9366	134
20839	1361	273
20839	12729	18
20839	12729	19
1541	4966	329
1541	2036	329
21502	20275	262
18365	18358	268
22647	441	329
22647	441	189
9227	9449	233
2563	1999	208
2563	1999	209
2563	9366	134
2893	18306	227
22825	3555	329
22825	22763	329
22825	19970	329
801	7961	59
1112	19956	32
12457	23262	329
10450	2490	26
624	23262	329
5050	23288	329
5050	22741	329
5050	17141	329
4825	19974	174
4825	4695	160
6023	10970	281
6023	2773	281
11276	4987	86
1576	12018	329
1576	3964	329
1576	16848	329
15235	18036	319
15235	6630	166
22850	17481	273
13906	22968	134
8951	16132	273
24503	12679	329
2190	6140	157
2190	8671	134
3860	8706	26
3860	8706	26
19760	9725	325
16592	10351	349
16592	8326	262
16592	12994	274
1880	23185	32
2549	12994	274
2549	7473	134
3396	4697	121
3396	3305	349
3396	4666	325
4772	7433	273
10970	6023	281
10970	2773	232
21211	4257	180
21642	4257	180
6101	3478	208
6101	3478	209
6101	22051	259
8668	16476	346
8668	20023	66
2613	4697	121
15631	15512	262
3629	23641	276
3859	8706	26
3859	8706	26
13268	9666	329
23001	8706	26
23001	8706	26
604	10113	329
3283	10606	134
23117	7038	329
10087	10490	288
10087	7172	288
13510	23151	329
13510	13511	329
9928	19956	32
11813	12994	32
4519	10606	134
5327	5869	319
1389	1682	262
1389	7902	134
1389	58	259
1389	115	325
6837	2235	18
6837	2235	19
5881	19956	32
14173	14266	329
2500	23601	161
1406	20851	221
5427	6140	157
5427	9116	134
11500	11577	306
19385	19814	100
5044	434	329
5044	3612	329
23352	19920	15
23352	4993	15
23352	10114	15
12393	13998	349
12393	13998	262
2661	13090	32
2661	13090	86
2661	13090	283
2661	23635	283
2661	13092	7
21240	15363	215
23331	23331	24
23331	23331	24
23331	23331	24
23113	7350	32
23113	23015	329
16773	4615	270
6910	13853	349
5944	7555	329
14034	4426	127
3027	7473	134
115	1682	262
115	7902	134
115	1389	259
5280	7473	134
5280	10606	134
9725	20157	6
3430	7961	59
14227	10606	134
9579	2352	86
18514	14770	32
12563	2836	144
16019	17020	164
24270	4006	189
10499	9631	127
10499	18469	32
10499	12516	32
21886	5545	97
11377	17747	151
4032	10024	167
10468	10606	134
8379	11863	349
10503	6998	329
13684	7961	59
2259	23984	94
2259	12975	97
6474	8752	18
6474	8752	19
23916	2948	325
16718	3779	32
5669	5569	254
5629	432	329
5629	434	329
15018	4060	93
7757	7555	329
21507	3057	346
9833	3351	147
9833	16666	157
9833	20897	18
9833	20897	19
20655	5611	278
21546	6630	166
17803	17803	129
17803	9116	134
12158	21842	221
13673	17599	327
19545	10535	65
4274	10054	59
4274	12592	227
4274	15637	112
17793	13560	270
6680	6682	216
10383	17361	32
15496	23039	329
9485	8837	325
9485	4137	208
9485	4137	209
9485	17469	273
9485	16994	208
9485	16994	209
5311	897	329
7136	22907	7
13775	5569	254
3564	9116	134
4666	4697	121
4666	3396	259
21074	15461	349
3654	8134	72
18524	11434	32
18524	7350	32
18524	15239	238
16986	11561	329
10510	10587	32
5921	5786	121
5921	11340	262
5921	7902	134
6450	14735	32
14720	14945	32
14720	13957	221
14720	24176	221
15818	19555	32
14765	14351	54
23003	14094	3
1569	10606	134
5500	1436	147
5500	16892	273
6168	15749	329
7249	7003	329
16097	14680	274
19255	11753	32
19255	19956	32
19255	17293	134
19255	14046	18
19255	14046	19
8500	1214	262
8500	1214	208
8500	1214	209
8500	8671	134
2595	6873	319
10727	23635	147
10727	6140	157
10727	16666	157
16474	23079	329
1228	4229	209
19052	18306	227
12585	15	329
3892	10023	134
12178	4396	94
12178	6709	319
21958	12745	349
4616	23249	157
6732	11712	329
93	10848	294
2497	2117	65
19606	4712	32
14990	16784	262
14990	21276	325
21238	5184	134
21238	12752	273
21238	22956	325
11505	4353	265
10853	18920	32
20907	20906	230
20907	20906	231
21044	19420	319
21044	6630	166
14059	18331	319
14059	4306	205
23814	1000	349
23814	12994	274
13576	20522	349
13576	20522	208
13576	20522	209
16048	3758	297
13108	7473	134
3955	3748	273
10348	10992	255
14646	12067	32
3003	14152	319
3003	14040	103
20757	9116	134
13623	7073	189
15375	20522	349
15375	20522	208
15375	20522	209
11674	8792	127
12986	3622	238
12986	1712	7
3108	15123	329
3108	15123	189
11250	6533	32
5082	9366	134
14907	9835	262
14907	9116	134
1790	19655	98
1790	19655	312
1790	8568	201
1790	8568	202
12377	14775	127
1219	19555	32
1219	7031	329
1219	12981	329
11806	18419	18
11806	18419	19
9718	6112	6
23872	8630	144
17595	6140	157
17595	9116	134
11818	14679	221
4415	13453	32
4415	17196	221
2098	17803	273
21311	6630	166
8486	24173	329
21561	6536	349
21561	6536	208
21561	6536	209
19491	23223	303
23413	23775	41
23413	4731	230
22011	9481	134
22011	976	81
22011	1697	81
19490	23223	303
9624	16701	32
10301	20068	32
11284	11284	327
11284	11281	255
3214	9116	134
3214	16210	18
3214	16210	19
14737	10108	273
14737	14724	19
1283	15785	329
1283	5639	329
531	4697	121
958	2429	329
7251	9696	189
4182	3561	329
12160	3606	126
12160	13718	125
12160	13718	124
14728	19920	72
14728	14728	308
14728	19920	203
16819	24226	329
8998	10606	134
19938	9366	134
8745	9116	134
8745	18691	18
8745	18691	19
23557	14770	32
15521	22892	97
15521	6630	166
20573	23635	274
23473	22968	265
23473	23460	306
18850	3882	165
12564	10096	221
12564	804	221
14192	11061	94
14192	11061	103
14192	11061	349
4566	4700	274
4566	20651	134
7233	9730	349
5273	18501	32
5273	15749	329
23203	11623	262
23203	11623	319
23203	1381	319
23203	11623	349
1462	4697	121
1462	5225	349
4520	11193	319
4795	18967	160
16333	23033	32
16333	10243	329
1061	19956	32
15048	4697	121
15048	9366	134
1106	17472	273
8025	8134	32
8025	8134	86
19701	6630	166
20378	5353	262
5437	6258	275
6688	24065	225
6688	24066	225
7349	6333	349
7349	1105	349
16400	14664	6
13914	4695	32
5091	8134	185
5091	8134	72
5091	8134	145
7207	2810	208
7207	2810	209
7207	9366	134
7207	15799	259
22109	673	32
9752	18203	56
20754	9381	125
23019	19956	32
12150	19956	32
6334	2149	329
7176	18501	147
7176	19481	134
7929	22667	32
7929	23525	271
17090	23343	316
9283	8134	212
781	14770	32
19253	19956	32
19253	12478	329
1012	2077	32
1012	24136	86
19284	13086	319
545	12043	262
545	23887	325
1088	17293	134
21218	6630	166
11027	20651	134
2692	18746	32
18553	21065	6
18553	19697	208
18553	19697	209
18553	17469	273
18553	15050	259
18528	19041	32
18528	7024	189
19379	6630	166
19379	5072	269
2952	6949	259
12469	9713	6
10387	17361	32
10387	17199	32
10387	17361	86
10387	17199	86
10387	17361	183
10387	17361	32
2614	6630	166
11346	22765	329
11346	19970	329
11346	19970	189
5534	16887	147
14918	22776	334
7579	4632	212
7579	4632	321
7579	24176	221
11525	13445	265
2693	22667	32
2750	14795	275
2750	7758	98
15068	2916	59
9896	7038	329
4325	23900	32
22078	10606	134
22078	6136	273
10530	4652	221
10530	6630	221
2289	8671	134
8716	12994	274
8716	9116	134
3509	3748	273
1128	19082	109
10677	12994	86
15267	9462	329
19527	6140	157
19527	16666	157
11499	11512	306
11499	11511	306
6428	7021	329
16771	3964	329
556	977	262
2743	15390	329
2449	12474	212
2449	12474	321
22847	24453	144
11828	897	329
9123	23984	262
9123	6630	166
20567	15544	125
9760	9116	134
9760	1273	259
23856	21186	97
15447	18333	327
12491	19937	147
12491	11463	134
12491	9366	134
3253	6630	166
10821	7027	329
10821	18635	329
16993	15568	69
18576	18577	306
386	19956	72
20652	22070	134
20652	20652	68
24055	8678	329
468	6630	166
468	4649	97
18715	22692	32
18715	22685	329
445	233	293
11457	15749	329
11457	23151	189
7373	19956	246
5013	22621	325
12026	10114	183
6363	13346	26
6363	23768	26
13432	11619	275
5884	7043	329
18283	14817	259
19426	11212	139
9428	9116	134
22621	7473	134
22621	5013	259
20813	13484	319
20813	7877	56
12191	12135	32
12191	12135	86
13215	6642	101
16524	6238	273
5989	8839	32
5989	4572	238
5989	18570	327
5895	14586	147
5895	2633	147
5895	19956	147
5895	20651	134
21136	16174	209
10268	19646	304
5211	23896	329
7774	14218	134
6954	13033	262
6954	13033	14
16304	2391	144
8968	3342	184
14876	2356	32
13457	6138	134
13457	10606	134
21179	6797	319
10743	11199	94
10743	11095	319
10743	22892	97
14286	8134	147
14286	7534	273
18570	4572	238
16750	12721	221
17828	2541	26
17828	20855	32
22198	13718	124
2005	2005	278
16782	17293	134
16782	6238	273
12644	7452	99
12644	852	112
13761	11212	327
23051	19956	57
19596	12072	32
5343	5342	201
5343	5342	202
17087	17020	164
17087	7452	99
24215	19056	227
24215	19056	112
296	9366	134
296	7902	134
13109	4697	121
13109	2876	349
14817	9366	134
9767	1000	349
9767	8536	349
9767	22275	208
9767	22275	209
9767	3748	273
18032	7504	32
18032	4824	329
18032	448	329
14145	1205	255
10127	12994	2
10127	2397	2
10127	23333	109
6078	9817	325
8694	4411	32
6192	3155	329
23662	1000	349
23662	22275	208
23662	22275	209
23662	3748	273
22152	13016	325
10779	12248	270
19797	6630	166
4120	2504	26
4120	2515	26
2597	1245	325
11605	1871	253
11605	17299	253
1245	2597	259
20921	16494	262
14382	14382	18
14382	14382	19
13581	7769	32
13581	9696	329
12551	16827	32
16364	24453	144
16364	14643	144
14512	10114	32
14512	10117	329
11102	19082	321
17874	17418	102
17874	17418	127
17874	23185	32
14514	15124	189
15181	10547	212
22612	18208	94
22612	6630	166
4737	10914	56
4737	6630	166
23386	1919	329
21465	6630	166
8196	693	263
5388	12994	32
14655	251	293
4871	9366	134
10857	9366	134
4893	18432	134
2411	19956	32
2411	19482	18
2411	19482	19
6745	10907	232
21306	19430	319
12625	18432	134
20445	8091	257
8909	5569	254
8909	7350	32
21590	24185	103
668	8660	270
668	8134	72
13958	10248	262
21833	24185	349
21833	11095	319
21833	24185	103
21613	13050	297
21613	13309	144
21613	16471	144
747	20595	259
11601	11601	18
11601	11601	18
8824	10024	167
16620	11761	86
16620	11761	283
16620	5324	7
19914	19913	339
20126	10606	134
3674	6630	166
11836	2900	32
11836	24182	329
11836	15749	329
7478	6630	166
7478	16634	269
18288	6536	14
19962	17356	157
19962	7473	134
17132	17020	164
17132	7452	99
16662	17020	164
5885	19956	32
18284	11463	134
19820	6630	166
17533	3528	329
17533	440	329
11552	11552	306
8772	2490	26
23795	8536	349
23795	22275	208
23795	22275	209
23795	3748	273
12795	15748	274
5678	17064	221
5678	1653	154
24085	892	195
23447	6257	58
23447	12364	40
23447	23446	306
5455	7044	329
5455	8633	329
13913	348	121
21025	763	319
8150	7902	134
23945	10096	221
23945	6149	283
7151	5770	262
11799	23079	329
21566	21802	325
15672	17468	329
21802	6630	166
21802	21566	259
9395	9059	349
9395	9366	134
21468	3758	297
7648	6140	157
6104	19926	32
8036	2352	86
8149	9059	349
8149	9366	134
17738	9059	349
17738	7902	134
4449	17020	164
4449	7452	99
2558	19740	319
6124	4697	121
6124	14796	273
21876	7473	134
13833	16067	257
22689	19937	40
22865	3351	147
18942	22776	334
2141	13272	32
2141	1074	329
2141	17476	329
15052	17469	273
13314	19413	58
13488	6010	152
5478	22770	329
19084	12994	147
20050	16887	184
20050	23279	263
3073	15415	238
3073	11783	260
21577	19481	134
21577	24283	18
22311	17148	273
5822	2309	32
5822	9116	134
18624	20583	127
24212	2397	32
11826	5855	23
11826	17491	86
15165	22790	160
15165	5859	339
18581	12994	252
8815	10114	15
12471	9438	349
9391	19694	231
9391	8134	185
9391	8134	72
9391	19920	40
9391	12994	145
23229	23228	58
5535	4083	319
5535	21186	97
22224	7473	134
22224	9366	134
10684	7473	134
7318	14338	319
7318	14743	319
7318	6325	319
14364	7044	329
3428	6271	334
20539	22921	7
20539	8091	10
20736	20736	18
20736	20736	19
2298	9366	134
2298	2297	273
3631	12994	274
3631	6630	166
23446	6257	58
23446	12364	40
23446	23447	265
23446	23447	306
21053	2088	94
21053	2088	349
21053	6500	319
21053	1922	319
20546	23249	157
15454	5855	23
15454	23197	23
21034	1295	262
23687	7760	262
23687	7760	14
21492	20238	262
21492	21491	14
11489	3870	58
11489	17866	40
20043	22276	227
20043	15745	135
4679	18936	256
4679	3857	300
4679	2218	262
19901	22161	259
9817	11599	349
9817	9116	134
16484	14679	221
15979	5184	134
15979	10236	325
1897	12994	145
1897	12994	183
19713	20379	151
10072	2016	245
10072	10072	231
17439	10606	134
1579	17469	273
1579	8901	18
1579	8901	19
8512	16638	160
9757	12513	262
9757	10606	134
18298	3699	195
683	9366	134
1162	1161	327
4476	22892	97
1960	12994	274
1960	20651	134
1960	2618	273
16020	12242	58
5105	12664	147
5105	12994	147
5105	24172	18
5105	23922	18
5105	24172	19
5105	23922	19
5105	693	157
4438	24298	18
4438	24298	19
11059	15447	327
1287	16666	157
1287	10606	134
21692	12994	183
23426	23775	41
1273	9116	134
1273	9760	325
22295	16886	262
22295	5184	134
14953	23103	319
23435	23477	306
13454	12344	262
2093	13370	72
1548	13370	72
13354	9366	134
9688	20167	35
9688	11927	279
21182	15623	319
21182	3423	319
21182	22892	97
21182	6630	166
5973	17766	274
15724	6467	14
15724	7473	134
5778	3905	32
5778	23151	329
5778	1074	189
5778	23151	189
7935	13090	32
2027	4240	163
2136	18635	329
2136	481	329
18984	481	329
2923	9732	189
3898	12397	252
14916	348	121
14602	7473	134
14859	15419	134
2199	16701	72
10591	20799	127
6165	19956	32
6165	7062	329
6165	7048	329
6165	14730	329
18265	19920	32
18265	1357	329
18265	13511	329
18265	19921	329
15919	7016	329
15919	7006	329
14836	6140	157
14836	16666	157
8594	12344	262
2872	17895	329
21523	20522	18
21523	20522	19
18530	3697	329
17203	15957	32
17203	12544	18
17203	1841	18
17203	12544	19
17203	1841	19
5100	5342	58
18097	12918	325
14102	12994	274
10735	8134	72
10091	18432	134
12712	7902	134
22251	1856	273
16555	11350	327
16555	11350	255
7291	14266	329
18694	17293	134
11350	16555	327
11350	16555	255
5365	9366	134
18866	15263	160
6638	2397	86
1539	19956	86
1539	15546	255
14574	22657	262
14575	22657	262
8432	8431	14
10188	1370	319
10188	22892	97
9121	920	339
9121	8134	183
13915	15836	115
13915	2888	165
24339	19937	32
24339	19937	212
17054	6630	166
7647	8997	101
7647	22913	7
18354	6630	166
18354	348	121
193	8134	183
15025	4697	121
18351	4764	35
21452	22892	97
10823	8132	26
2171	13797	94
2171	13797	262
2171	18229	319
11295	7043	329
22289	14504	319
13731	7079	329
13731	19360	329
5294	23896	189
838	23255	14
838	9116	134
1411	10606	134
17764	6630	166
5694	1300	97
5694	6630	166
3472	14032	349
3472	18782	319
7450	4697	121
7450	12224	262
7450	12224	208
7450	12224	209
3585	7990	94
3585	9730	349
3585	23574	319
3585	10037	319
3585	8423	319
11273	3549	329
18317	8678	329
23425	23488	306
23425	23501	306
1414	12169	32
22302	20015	259
7297	7365	93
7297	15568	69
22439	12386	283
7502	20651	134
3797	22913	7
3797	15238	23
10651	891	195
10651	8706	26
14698	17743	329
14698	11467	329
18909	17020	164
18909	7452	99
9407	24136	86
9762	9407	319
2017	7452	99
20548	6271	334
20771	24377	325
13052	22892	97
10112	7010	329
10112	7014	329
4958	4958	24
4958	4958	18
9778	4697	121
9778	15834	349
9778	3267	262
9778	15834	208
9778	15834	209
7690	4697	121
7690	15834	349
7690	15834	208
7690	15834	209
8007	7054	329
17936	18814	94
17936	18814	262
17936	22131	205
9812	4697	121
9812	15834	208
9812	15834	209
9166	4697	121
24329	3041	329
20694	17064	221
20694	24176	221
8944	7802	325
11934	9366	134
11934	6796	18
11934	3478	18
11934	6796	19
11934	3478	19
22798	2152	166
22798	22800	282
2071	20100	142
2071	4712	142
2071	8700	175
16971	11463	134
16971	12115	166
510	13485	14
5428	12009	32
5428	23773	329
5470	19093	221
10516	17221	32
10516	7077	329
10516	486	329
1563	14770	86
11957	12994	32
11957	21137	18
11957	21137	19
1123	8134	32
12577	920	339
12577	8134	183
20143	15360	97
20143	15360	215
20143	20141	259
17841	11463	134
17841	9366	134
17841	12115	166
17841	6630	166
11191	3614	148
11191	13908	270
2676	4743	1
20979	6140	157
20979	3748	273
7317	10980	319
6318	1436	32
6318	1436	283
6318	22897	7
6318	17798	282
17036	9366	134
17036	9366	134
17036	2920	18
17036	2920	19
1554	4966	329
20966	15427	329
20966	2429	329
6065	18262	273
21571	15568	69
15676	14775	102
15676	14775	127
21689	4435	97
12028	10969	94
12028	13039	319
23173	4557	329
13350	14374	319
20604	12994	147
11883	13501	329
1725	14566	115
3800	2149	329
10259	22931	7
17668	7473	134
13463	19956	32
7825	23256	275
20397	7961	59
994	8409	283
994	2154	212
994	17478	7
20891	20891	319
20891	348	121
15604	5012	262
15604	469	208
15604	469	209
16886	5184	134
5487	9366	134
5487	9948	273
7196	10980	319
7196	14390	319
7196	6630	166
19964	3406	94
19964	23237	111
19480	8671	134
19480	9366	134
19480	9116	134
19480	9366	134
16839	12533	329
3773	20745	262
4283	19937	32
23844	4545	20
23844	4545	297
23844	23844	297
23844	22168	180
14424	9116	134
24377	10606	134
24377	20771	259
9720	16546	208
9720	16546	209
9720	9366	134
22705	11463	134
22705	12115	166
11120	22541	224
19300	10920	205
7673	2490	26
11596	16666	157
11596	6140	157
11596	818	134
6959	3758	297
6959	13251	144
10262	16225	329
8107	16312	329
23923	1357	189
7531	11696	56
1804	6296	243
20255	7444	329
8803	10114	32
8803	10114	86
8803	10180	238
21824	2016	121
15423	15425	183
15423	10098	298
5667	10098	263
3920	12994	183
3920	10098	263
5377	23249	157
5377	10606	134
9820	9600	349
9820	9600	262
9820	9601	208
9820	9601	209
9820	4386	273
18716	10098	263
982	23056	160
1164	19974	174
1164	9526	160
4114	10606	134
15722	6630	166
11274	3115	32
11274	12257	86
11274	3115	86
11274	11277	327
11274	12257	32
11277	3115	32
11277	3115	86
16664	20332	7
16664	13451	221
3969	5225	349
1592	5547	319
18986	15456	93
18986	704	134
19131	8151	262
19131	8151	14
19131	8151	325
20019	10606	134
20019	17469	273
24467	20651	134
12333	7473	134
21444	18249	56
13857	6140	157
9114	6630	166
16581	18302	329
16581	17074	329
5401	1452	329
5401	1452	329
16452	19974	174
22382	6271	334
4967	19920	72
6089	7077	329
6089	7077	189
23230	19974	174
17848	4684	349
17848	4684	208
17848	4684	209
12933	3748	273
7801	10013	174
11763	608	6
8308	17148	273
9758	20823	319
5905	2737	349
5905	15326	134
1847	15906	287
1847	30	288
12141	8134	72
13334	348	245
15203	348	245
15203	393	245
15203	7541	231
15203	12397	40
15203	15202	255
15203	15233	306
24287	3354	32
24287	13540	32
5948	10055	259
11520	23635	58
9108	14686	134
17479	12994	147
10871	6140	157
16171	916	329
16171	7555	329
16557	22485	347
3207	14769	86
12404	10863	14
4773	9366	134
4773	14558	325
460	5061	329
460	8001	329
11167	5184	134
396	9366	134
19609	19101	329
14716	14945	32
1718	4697	121
1718	13772	262
7881	7881	176
7881	7881	285
15799	2810	208
15799	2810	209
15799	9366	134
15799	7207	325
4196	18703	209
661	9667	32
661	19369	186
661	629	153
9030	23772	106
24546	19956	32
9035	14686	134
18402	16666	157
22022	17802	319
4254	8135	329
14455	6626	329
14455	12466	189
4631	2436	65
5739	22892	97
1807	17020	164
1807	7452	99
9538	9366	134
9491	9059	349
9491	17569	349
9491	9366	134
11715	19956	32
20245	13008	329
20245	17895	329
4034	19050	112
10157	3720	259
6864	16917	329
9976	5118	349
9976	7278	349
9976	5118	209
11568	23125	58
11568	23775	41
10749	8709	349
23006	13351	96
23006	13351	95
2436	3978	284
2436	4632	212
2436	5816	221
21400	19496	6
21400	7902	134
10070	12115	166
10070	10029	166
6327	5569	254
6327	24076	32
6327	24076	86
12826	22677	24
12826	7434	24
20370	4755	134
14487	7512	329
14487	2418	189
24434	7555	329
9719	9575	262
11265	16291	86
20015	22302	325
7374	8111	276
7374	19926	276
7374	23635	276
7374	10098	151
2263	2261	297
7	12994	274
11603	4993	32
11603	4006	329
4741	9366	134
6051	23896	329
9017	6990	257
2243	1709	238
2243	22904	7
20013	3375	325
21122	20295	262
18688	14945	32
7471	4697	121
7471	2802	262
7471	2802	208
7471	2802	209
7471	3351	274
2025	23979	56
7938	13285	329
7938	12994	32
8333	12194	160
23811	6634	205
23811	7583	56
4372	13805	32
5716	23984	111
5716	20742	97
9593	16701	72
4117	3748	273
18154	24114	329
24104	23900	147
9322	22890	96
9322	22890	95
22871	20927	273
22871	9087	18
23167	24140	94
23167	24140	349
12783	13090	283
12783	13092	7
5320	5569	254
5320	2885	127
5320	20375	32
21011	1682	262
21011	9366	134
8597	13050	297
8597	2964	144
21679	6322	14
4725	7843	319
17518	19671	14
3328	2671	319
11231	11095	317
11231	16481	54
4832	10113	329
4832	7042	329
4832	16312	329
18398	6284	329
16434	6537	32
16818	836	59
10760	2352	32
21149	16835	242
13195	8111	32
13195	8111	165
13195	8111	283
21939	23362	297
7362	6630	166
21268	6630	166
7969	17020	164
7969	7452	99
16586	10114	142
16586	10116	175
17653	14775	127
17653	3351	32
3550	5868	175
1100	7140	329
7499	20651	134
4465	5184	134
18301	14775	102
18301	6728	127
18301	14775	127
455	20099	142
13458	15626	23
13303	4993	32
13303	3187	329
23510	15706	40
12954	5569	254
23489	23775	41
20769	22518	325
7655	6626	329
20997	18200	319
20997	6630	166
6357	7555	329
9208	7555	329
9369	12685	238
14069	19956	32
20810	9667	32
6185	19722	32
23590	19956	283
13465	19956	32
62	7776	184
62	12994	183
11936	17895	329
1424	2660	208
1424	2660	209
17762	8805	329
13770	12994	32
13770	6284	329
8435	17020	164
8435	7452	99
8435	16065	112
8435	6671	112
11193	13845	32
5638	16312	329
13126	17280	319
3313	22928	336
3313	18967	32
6587	5627	255
5957	4697	121
5957	3748	273
5957	19403	325
3908	13281	319
21198	2829	103
2914	7961	59
2914	22638	112
2332	3203	129
22398	4487	157
22398	10606	134
16914	7961	59
20640	6476	59
13100	8846	215
7292	19973	195
7292	11310	198
23055	9116	134
14993	20651	134
1376	348	121
1376	393	121
24169	17107	259
23397	3588	58
23675	4697	121
23675	7345	259
20878	12994	32
5102	5342	58
13	19485	134
7449	9366	134
22391	15749	329
10250	18096	283
6888	14855	14
6888	4186	274
14052	8134	32
14052	7003	189
19575	10606	134
3380	13791	262
3380	18152	262
3380	19913	339
7228	11383	65
17809	23152	329
5823	6140	157
5823	16666	157
5823	9116	134
11884	22895	221
2610	17481	273
12905	18432	134
12905	13514	273
738	14679	221
11769	15337	6
13793	8134	147
13655	7042	329
1705	9197	329
1705	13439	329
12530	15568	69
8708	3498	259
8251	434	329
8251	3612	329
8251	10243	329
23235	14945	32
23235	14679	221
1756	19109	259
8826	11752	329
3017	17293	134
11285	8797	127
21330	17293	134
23483	4353	265
23483	23441	306
16679	10054	59
10336	13090	32
10336	13090	284
4064	15558	262
417	23125	147
14146	14223	329
14146	16590	329
9697	15387	32
2583	24163	23
1611	1610	142
592	11623	319
15588	11623	319
11588	11623	262
11588	11623	319
20082	5085	262
20082	15750	262
7637	8667	221
7637	8667	33
9803	15371	319
20409	9600	349
20409	9600	262
20409	9601	208
20409	9601	209
20409	4386	273
14241	7627	274
14241	3564	273
10057	20651	134
11336	8792	127
11336	7350	32
16234	3612	329
13910	12719	339
5296	6630	166
11555	11541	306
22437	23161	93
22437	15568	69
3437	10606	134
3437	4036	273
15204	10606	134
5099	3993	40
13029	11218	144
13029	7567	144
13029	8163	144
13029	13800	144
13029	11195	144
13029	6543	144
7972	24182	329
3268	20583	175
3268	5569	254
10962	23832	238
11815	20492	329
11815	6626	329
22252	9366	134
17368	19937	72
17368	11485	215
11795	9116	134
11795	12994	32
11795	12994	86
23395	6274	32
23395	8111	32
23395	6274	86
23395	6274	284
23395	8111	284
17228	16090	283
17228	4851	29
17228	4851	32
22290	19956	86
24598	8134	32
24598	11891	329
24598	22685	329
17604	22685	329
12794	12770	319
1257	4697	121
1914	10054	59
1914	12592	227
7547	393	245
7547	348	245
7547	7541	231
7547	6630	166
23020	18466	329
1640	21219	282
1640	5705	327
1640	10519	255
19720	17184	255
12562	7782	32
19446	19937	32
19446	24336	32
6861	7350	185
6861	7350	72
6861	8134	72
6861	6630	166
6861	3465	166
8307	14060	262
23839	17469	273
18159	6140	157
16125	8134	32
16125	8134	57
6578	19956	32
20089	16685	58
20089	2445	316
20089	23343	316
16422	481	329
16422	10243	329
302	19915	339
21293	20971	20
21293	10957	20
21293	15363	215
24118	18432	134
12705	19920	72
12705	3546	66
14534	8693	127
9504	6626	329
20014	15425	32
21389	4684	349
21389	4684	208
21389	4684	209
21389	9366	134
13124	1768	259
946	17418	127
946	7680	127
194	14366	65
18859	371	197
18859	1771	26
191	18300	50
4051	19937	86
16149	18306	227
5708	11204	349
5708	11204	262
5708	11204	208
5708	11204	209
1768	13124	325
22693	6986	329
22693	19484	329
19042	3997	329
19042	4966	329
19042	3187	329
1842	6630	166
1160	6626	329
13218	14770	32
13218	1452	329
18784	12994	32
8691	22970	32
10582	9696	329
13795	15749	329
13795	20492	329
17271	6630	166
19125	2352	32
4875	22870	282
10465	5855	23
22229	17476	329
15990	17293	134
16111	7043	329
21356	6630	166
8979	15414	195
3128	4993	147
3128	5184	134
12702	7902	134
22529	6630	166
17620	1436	32
19225	11469	329
19225	11467	329
20292	17476	329
6478	23701	32
9985	17579	349
9985	6630	166
9300	17476	329
15381	1704	262
15381	1856	273
16712	20081	127
4900	14915	6
4900	4697	121
10938	13090	32
8224	22485	347
8224	17418	127
1198	10114	32
1198	10114	212
1198	2891	115
2615	6580	262
2615	9059	262
2615	9366	134
16110	8283	32
16110	20977	329
7849	19557	32
7849	3561	329
3689	12709	6
3689	6328	349
3689	6328	208
3689	6328	209
520	6630	166
7485	519	262
7485	519	14
13177	693	157
13177	7473	134
22331	8712	276
19211	17020	164
19211	7452	99
1018	18635	329
8538	19807	32
8538	24182	329
13985	9116	134
9096	5184	134
3878	17020	164
3878	7452	99
20416	20416	24
20416	20416	24
20416	20416	122
20416	20416	122
20416	7350	147
20416	9116	134
7086	6630	166
21747	4697	121
21508	704	134
21508	15568	69
23757	9366	134
6449	12994	32
1849	10054	59
1849	12592	227
14172	10054	59
14172	15782	112
14490	16887	32
14490	22761	329
14490	5061	329
16405	6630	166
16405	7329	166
16405	348	121
3693	17469	273
2407	23832	238
1993	1008	327
2987	4157	306
2987	20159	306
10431	10113	329
10431	16692	329
24354	17469	273
18454	14679	221
19886	9366	134
6118	10054	59
6118	12592	227
6118	6117	112
2907	10054	59
2907	12592	227
4856	12937	32
5986	22906	7
11081	18016	280
11081	23602	26
11067	23602	26
13181	20439	32
13181	3561	329
13181	22189	329
13181	18385	329
24326	7025	329
24326	7027	329
13411	13351	273
13411	23006	273
12090	5767	273
19412	4297	262
19412	4700	274
4826	22682	32
4826	7005	329
4826	7042	329
24533	22203	327
24533	14518	89
24533	22203	260
14968	19956	32
14968	7060	329
20936	15419	134
20323	16666	157
24562	18883	189
17982	2714	32
7162	19171	142
5923	2255	259
18855	8592	32
15628	8111	32
16146	2352	86
16146	23065	7
22716	10783	14
22716	19902	325
4748	7042	329
19902	10783	14
19902	22716	259
766	24141	32
3663	1340	56
3663	6630	166
14055	4532	329
4599	6630	166
4599	13360	269
16877	23602	26
23796	8243	262
22313	18243	319
4417	10054	59
10261	19956	86
17572	8134	32
1740	19970	329
21165	6630	166
21165	22168	180
21165	20054	180
21165	17646	269
21165	21164	259
17797	5225	349
17797	5225	262
17797	9887	325
21839	18243	319
21839	6630	166
598	23832	238
598	13389	275
19391	23132	349
19391	9366	134
18112	10606	134
1859	7961	59
24087	10544	134
24087	13957	221
1736	326	197
1736	5571	23
10822	2490	26
22948	7902	134
3690	4413	208
3690	4413	209
3690	9366	134
16768	1961	115
12749	7961	59
8205	1291	275
1173	2490	26
3515	23855	155
10144	18646	329
21693	17293	134
15014	16240	79
15014	17182	319
15014	7329	166
15014	479	215
9500	8134	72
18507	22913	105
2439	18516	329
2439	23896	329
4328	7473	134
4328	4386	273
20508	1704	262
18363	14770	268
10023	7473	323
10023	693	157
10023	17356	157
10023	6140	157
22942	1184	257
5045	2109	329
5045	4784	329
5045	5661	329
5045	5660	329
19645	20887	325
19383	18466	329
13381	7312	273
5860	9366	134
12011	19628	166
12011	14117	66
21121	9366	134
13247	7044	329
13247	16	329
925	20654	72
6377	16868	52
928	20654	72
8966	20654	72
21255	9116	134
5899	7038	189
18903	18666	329
22757	9265	288
17210	7371	134
21283	10875	104
16522	16521	256
16522	16521	210
16522	4060	53
20760	20651	134
6712	14679	221
12869	8839	274
19460	5457	94
19460	4880	103
19460	5457	349
9490	17020	164
9490	7452	99
10710	10606	134
16087	2748	329
11421	18395	262
2762	14770	32
23400	2636	58
16765	9978	7
16765	20169	115
14666	9366	134
5566	10747	32
5651	3870	32
5651	3870	86
16734	3932	32
16734	22934	7
18360	4633	268
20494	15652	134
515	18212	94
515	5467	349
515	6630	166
9161	3492	56
9161	6630	166
20737	13090	32
16424	9366	134
16424	3748	273
16424	19322	259
2406	18118	94
23597	23598	14
23597	9116	134
4517	23773	329
10172	8134	32
22237	12878	18
22237	12878	19
23441	23483	306
23441	23441	306
18684	17225	175
18276	8302	349
18276	12994	274
18276	9116	134
18276	12924	325
10648	4533	127
24437	17418	127
24437	7680	127
11142	11656	127
15182	24439	327
19397	1238	208
19397	1238	209
19397	11413	259
9606	12533	329
4136	9197	329
22518	20769	259
7749	7902	134
23035	11712	329
9202	18302	329
12209	5734	329
1080	3612	329
6878	8678	329
6878	2036	329
6878	4565	189
11039	3351	147
11810	22522	18
11810	22522	19
18842	2352	86
18842	19926	275
19499	19681	273
6097	7140	329
13719	3733	160
3961	17020	164
3961	7452	99
16017	5184	134
3195	7902	134
6134	17409	6
6134	12041	262
6134	8326	262
6134	21543	274
10481	2086	115
18503	12994	184
18503	4963	151
20696	9366	134
4282	19937	32
24289	6630	166
15138	23804	147
9471	20512	349
9471	20512	208
9471	20512	209
1204	10114	86
9420	15148	58
22888	6210	306
13716	15124	329
17319	15419	134
20159	6630	166
20159	4157	306
352	22478	133
10784	9483	329
10784	897	189
16246	7473	134
188	3389	50
22161	17469	273
22161	19901	325
9773	23527	6
16066	17176	262
16066	9366	134
16066	2938	259
12715	23328	259
2918	6271	334
11391	19937	32
11391	19224	105
676	676	319
676	4982	319
12496	19937	212
12496	19937	321
23308	19956	32
23524	4314	262
15314	8134	105
15085	2916	59
1230	4487	157
6586	14205	32
6586	3561	329
6586	14223	329
6586	22765	329
9988	7473	134
22293	2238	177
21849	19913	134
18804	7790	115
24301	24474	273
21620	9116	134
24124	4239	163
16948	8750	260
24074	9116	134
21629	23979	56
22872	10098	263
24523	17199	32
1473	17020	164
1473	7452	99
910	9433	151
910	18670	233
13491	9116	134
7396	22357	262
9647	22559	319
9647	22271	319
9647	18815	103
20870	21043	349
20870	21043	208
20870	21043	209
20870	12994	274
22156	16870	319
22156	18537	103
18256	978	18
18256	978	19
24303	19937	32
4755	7473	323
13614	14775	102
13614	12312	127
3817	2397	32
3817	2397	32
10332	6626	329
8271	7467	32
8271	7027	329
8271	3612	329
8271	434	329
11964	19937	32
9774	9366	134
9774	3690	259
22684	6271	334
15879	19937	32
17550	17774	141
8314	6271	334
613	17027	329
613	3554	329
5126	13957	221
6922	10606	134
6922	14099	325
13574	8134	72
3294	3016	18
3294	3016	19
835	22470	286
9167	9116	134
937	20654	142
3818	9666	329
16817	836	59
24543	9117	160
9721	16399	6
9721	9022	349
9721	9022	262
9721	90	274
11041	12994	32
23798	10606	134
6907	6906	6
12680	8254	6
12680	11746	349
6919	13861	262
6919	7312	273
13834	7072	329
13834	7009	329
10138	6630	166
22061	20651	134
14107	3748	273
13939	481	329
22223	16696	134
22648	22091	325
5221	7038	329
31	22601	24
31	20886	24
11801	3351	32
22803	12994	252
22803	6630	166
5384	10888	18
5384	10888	19
9346	20651	134
7345	4697	121
7345	23675	325
23049	7042	329
8600	1856	273
1885	19956	32
24299	12994	274
24299	475	273
22503	5795	205
22613	7961	59
19848	19937	32
22065	18814	262
6541	4934	329
22701	12650	18
22701	15138	18
22701	12650	19
22701	15138	19
23448	23486	306
23486	23448	306
19222	19937	72
19222	12115	166
10410	23602	26
10410	19926	275
10410	19926	32
9192	17020	164
9192	7452	99
11307	3419	329
21370	23984	111
21370	21369	259
15655	9366	134
24150	5184	134
21369	23984	111
21369	21370	325
1307	3527	329
1307	17141	329
10170	14680	32
10746	6436	334
15561	22691	227
15561	22600	112
15820	11469	329
15820	22189	329
4964	18306	227
8120	18306	227
6665	18306	227
6665	1978	112
10128	7452	99
13750	11705	329
22141	18306	227
2328	17020	164
2328	7452	99
2066	17020	164
2066	7452	99
8219	7452	99
13361	7452	99
17063	17020	164
17063	7452	99
20380	17020	164
20380	7452	99
20380	20380	135
16096	17020	164
16096	7452	99
13654	4993	32
14025	16429	227
14025	16391	135
4909	16429	227
4909	16429	112
24623	16429	227
16391	16429	227
17956	16429	227
17956	17331	112
6779	7452	99
6779	6713	227
4287	20911	59
4287	12642	112
4287	16137	227
18438	4697	121
18438	9366	134
24275	658	154
24275	20451	154
6179	22615	112
21188	2845	94
21188	2845	262
21188	2845	349
21188	2845	56
21188	2845	103
8657	19050	112
16648	17020	164
16648	7452	99
16648	13503	112
5258	20911	59
5258	16137	227
6344	9116	134
10397	24176	221
527	10834	346
527	6630	166
527	23984	111
9338	11951	6
15090	8678	329
1902	5061	329
14464	13090	32
14464	6254	86
14464	13090	86
20822	7350	32
20822	7350	86
17008	17020	164
17008	7452	99
20507	14833	69
5717	7473	134
5717	10023	134
2102	14630	32
8058	4568	329
8058	20492	329
2972	6296	243
13290	18967	32
13290	9248	327
22057	4993	32
16716	22637	32
19121	9366	134
13999	17449	18
13999	17449	19
13607	348	121
14268	12994	32
24038	2919	273
23730	17468	329
20480	11805	94
15946	12006	32
15946	7473	134
6416	2682	327
6416	2682	179
21942	14379	262
21942	11003	262
21942	16785	262
21942	20506	325
14837	22616	329
14837	22616	329
14837	18449	329
23271	19956	32
23271	14586	32
7658	6626	329
9418	17020	164
9418	7452	99
2612	24374	259
1585	14992	221
8731	22780	32
19261	4632	212
1060	19956	32
1060	8942	329
20502	17469	273
4598	14380	349
3813	23288	329
12906	23900	274
17025	17020	164
17025	7452	99
17025	16065	112
23458	2076	40
19654	9696	329
11268	4558	329
11268	9696	329
11268	17743	329
21115	10981	262
8808	12592	227
8808	15637	112
22080	10606	134
19168	12041	262
17739	9622	349
9828	17792	32
6375	9696	329
6375	4558	329
8997	7647	100
19462	10545	166
19165	7371	134
21582	6630	166
21582	14888	215
18764	14655	329
18764	10028	329
21448	21449	259
12540	3118	166
2834	2268	105
14589	15220	68
3815	2036	329
22096	4562	325
6882	4966	329
3830	371	197
3830	3522	86
21933	14458	24
21933	21809	19
11297	20651	134
17447	9366	134
23949	4023	32
11935	3922	282
12456	11712	329
13762	19134	329
1777	17020	164
1777	7452	99
11194	17020	164
11194	7452	99
12051	17020	164
12051	7452	99
669	17449	262
669	17449	14
611	611	160
14934	17020	164
14934	7452	99
6466	5775	160
887	17020	164
887	7452	99
16890	17020	164
16890	7452	99
18759	22724	339
20886	31	18
20886	31	19
23404	15684	40
21868	348	121
20674	8678	329
11874	11468	329
6368	4006	329
6368	6986	329
22428	7961	59
971	19921	189
23044	7020	329
23044	7043	329
23044	7043	329
23605	9116	134
23605	3748	273
17847	16701	32
17847	16701	86
17847	16701	212
5907	15558	262
5907	5184	134
5907	557	259
10890	3625	329
10478	19926	86
10478	19926	275
3671	22943	215
9299	6931	329
9299	7027	329
22974	4751	98
20354	6630	166
12433	3625	329
12433	8001	329
13825	7350	32
23487	23775	41
19011	18646	329
19011	6931	329
7363	4352	134
17684	4633	142
15357	17020	164
15357	7452	99
15357	15911	112
2475	2476	160
14399	17020	164
14399	6713	227
6847	17030	112
19689	11991	270
19689	3700	23
10474	10589	18
10474	10492	18
10474	10589	19
10474	10492	19
2023	4083	319
2023	21186	97
18744	22724	339
24382	23043	349
24382	10638	319
24382	2393	319
24382	6630	166
1224	2149	189
14609	16232	329
14609	16694	329
16654	24164	26
11147	348	121
13637	22770	329
13637	7038	329
11749	11749	319
11749	348	121
13641	10381	329
9704	17469	273
5318	8427	189
10878	6630	166
10878	2736	262
13993	19978	18
13993	19978	19
23698	10945	319
13374	13373	297
13374	20040	134
13374	15568	69
1536	17627	329
1536	9666	329
7664	17246	317
7664	8134	86
15407	4697	121
17685	17272	151
14614	7071	329
13277	2911	98
13277	8314	201
13277	8314	202
16371	10114	32
8407	4006	329
2818	7902	134
6083	8134	32
18803	16917	329
18803	432	329
22190	16429	112
9796	4352	134
9796	3748	273
21363	13485	349
867	16232	329
867	16692	329
23792	10423	319
23792	4804	319
10427	12994	32
2879	16232	329
2879	14655	329
21471	6701	262
21471	2861	319
21471	8545	97
618	6020	31
19840	14379	349
17770	22691	227
5759	7044	329
5759	3486	189
10782	6626	329
17983	4847	32
16849	19101	329
10579	1452	329
10579	2083	329
16873	23640	329
6454	19360	329
21754	1812	18
21754	1812	19
6679	18306	227
6679	24216	112
14233	18306	227
7853	6140	157
20732	18306	227
20732	19971	112
4917	2083	329
421	891	64
421	8706	26
421	8706	26
421	8706	26
23842	10714	262
10391	2083	329
18340	11463	134
18340	18340	325
9474	8590	183
2188	14945	183
2188	17272	263
11155	24114	329
11155	442	329
944	10054	59
944	12592	227
8430	10054	59
8430	12592	227
1588	10054	59
1588	12592	227
6310	10054	59
6310	12592	227
6310	15347	112
16582	24096	329
16582	24096	329
16582	9660	329
16582	12478	329
22287	10054	59
22287	12592	227
22270	22790	32
12598	10054	59
12598	9676	227
8279	18635	329
8279	447	329
8279	435	329
18475	23902	274
18475	9116	134
8534	13008	329
20877	47	197
20877	23197	23
19731	10606	134
9629	17277	270
9629	17088	141
13629	8678	329
16259	3964	329
17813	23768	26
10841	11276	327
5462	3351	32
10558	3351	32
5241	23072	127
5241	3351	32
22150	8520	319
15437	3726	329
18161	4575	329
8903	6630	166
8903	23984	111
6412	14867	284
6412	19299	26
7566	23634	32
7566	23634	86
16857	11945	329
21557	1700	262
2472	9366	134
14221	18845	94
14221	18845	349
14221	4495	319
7794	13561	273
1654	22627	262
14046	19255	24
14046	9116	134
14046	4290	18
14046	4290	19
1131	16701	32
1131	4561	329
18800	438	329
11077	12994	86
17846	6140	157
16117	12385	86
12674	6140	157
12674	16666	157
11306	4966	329
9388	11271	94
9388	11271	349
9128	8134	32
5107	8134	147
5078	8800	208
5078	8800	209
681	17020	164
681	7452	99
22427	7961	59
7071	268	293
13220	7512	329
13220	1452	329
10959	8989	32
10959	22870	282
4677	11340	262
4677	13028	14
18412	18096	32
18412	18095	329
18412	8678	329
2057	17199	32
2057	4652	221
21954	3011	273
796	7961	59
702	7961	59
3188	7961	59
10649	8134	147
4924	7961	59
757	10119	189
6527	2916	59
24243	20925	329
9050	7961	59
9050	22638	112
20286	3351	32
12860	7961	59
14725	7961	59
14725	14726	112
14725	22638	112
15351	7961	59
15566	7961	59
15875	7961	59
17410	2916	59
20803	7961	59
20803	14510	112
21697	6536	349
21697	6536	208
21697	6536	209
1425	22943	215
1425	1306	325
23917	9567	6
23917	9366	134
60	2522	26
22514	22514	327
22514	22514	279
14137	10114	32
14137	10114	72
4953	3339	325
19259	4558	329
19259	18643	329
3120	7398	298
15734	7473	134
15734	6276	325
16865	8135	329
12030	9366	134
12030	5184	134
11694	8134	32
11694	8134	212
11694	8134	321
4794	10054	59
291	8910	133
291	2522	26
22383	15425	32
22383	19101	329
22383	23015	329
6276	7473	134
6276	15734	259
17009	10054	59
17009	9676	227
6164	20651	134
21925	12887	259
15199	3596	84
553	4042	270
416	3105	205
10500	18466	329
10500	24114	329
20526	16701	185
20526	16701	276
2489	2489	246
9516	8671	134
20883	8592	32
9797	9575	262
9797	3748	273
9797	8503	273
13200	10378	197
13200	2490	26
13200	15687	26
15745	22276	227
15745	22276	112
12453	1452	329
17925	3041	329
17206	3007	325
905	9116	134
8655	17646	269
9851	7044	329
2569	12994	274
19403	4697	121
19403	5957	259
10629	17070	32
10629	24176	221
19704	9116	134
19704	17293	134
1167	14266	329
12290	21229	6
21470	10501	319
21470	10501	68
20948	12994	32
20948	12994	86
21176	12405	319
21176	6630	166
15564	7329	166
15564	6630	166
21187	7473	134
23794	12994	274
9612	12994	32
22397	15427	329
24161	18297	262
19155	20238	262
19619	22685	329
3502	6630	166
4991	5184	134
20346	21187	6
8841	14679	221
2767	13733	262
2767	18432	134
3634	21490	6
3634	9835	349
5088	9366	134
5088	5184	134
5088	23610	273
2146	475	273
21771	6630	166
21771	4649	66
8280	2596	259
9448	16675	263
10840	13781	319
10840	7329	166
10840	348	121
11445	7051	329
21514	18816	262
21514	6630	166
936	15953	283
5962	15402	127
14457	17001	329
1234	10028	329
18414	18466	329
14515	486	329
20385	7961	59
1028	9116	134
23454	14674	58
23454	14674	40
23454	23466	306
3562	5868	175
3562	5868	254
1619	17020	164
1619	7452	99
15303	24182	189
23881	19347	6
10768	7140	329
3310	2900	32
3310	24182	329
1253	23168	349
1253	8641	349
1253	8641	262
1253	8641	208
1253	8641	209
2792	17020	164
2792	7452	99
295	2522	26
8598	22606	14
23354	11100	349
23354	6630	166
13142	9114	6
3998	17020	164
3998	7452	99
5290	17398	329
1195	20654	32
1195	19360	329
1195	937	329
21299	6630	166
8684	7452	99
10572	22921	7
10572	15850	106
672	9835	262
672	9835	14
9521	17020	164
9521	7452	99
19602	24182	329
9642	17020	164
9642	7452	99
9675	17020	164
1461	3748	273
4461	17020	164
15339	20500	274
16462	3951	329
16462	3531	329
16462	3528	329
4612	7140	329
17058	17057	327
17058	4764	35
20564	8135	329
16134	17020	164
16134	7452	99
17114	17020	164
17114	7452	99
16076	18395	262
16076	578	259
17329	17020	164
17329	7452	99
17323	7452	99
23508	23430	306
23430	23508	306
8168	24176	221
18091	17020	164
18091	7452	99
21722	13084	122
21722	10606	134
21722	21722	18
21722	21722	19
18615	17020	164
18615	7452	99
18615	2727	31
11873	4568	329
8539	19101	329
2207	16616	32
16444	19101	329
22212	17020	164
22212	7452	99
23075	17020	164
23075	7452	99
23075	2727	31
23127	17020	164
23127	7452	99
23281	17020	164
23281	7452	99
23281	6713	227
19319	7350	147
1489	4966	329
24211	17020	164
24211	7452	99
24555	17020	164
24555	7452	99
21666	13733	262
21666	3748	273
21666	17850	325
12088	4486	205
20717	4764	35
20717	20718	279
20545	12994	32
24541	17199	32
24541	14945	86
21143	14293	20
21143	21241	325
21241	14293	20
21241	6630	166
21241	21143	259
19754	9116	134
18379	19956	32
24033	19665	270
17433	11895	230
12613	15444	32
12307	17020	164
12307	7452	99
13455	6685	6
13455	945	349
13455	15036	325
24439	15832	32
24439	19291	283
24439	15182	255
2468	19439	319
2468	348	121
9926	17500	329
11875	8633	329
11875	17450	329
18029	8899	18
18029	10355	18
18029	1841	18
18029	8899	19
18029	10355	19
18029	8843	19
18029	1841	19
17274	22892	97
17274	6630	166
11152	19946	282
16047	19611	65
11019	20492	329
11019	15749	189
15630	2343	270
15630	18886	270
6682	6680	258
6681	6683	216
20759	9116	134
20759	17293	134
13763	14623	147
12915	9116	134
16926	4386	273
5158	20501	319
18058	6630	166
13767	6626	329
11115	11673	319
11115	20948	319
20343	22866	97
16113	1636	189
6872	4851	32
23635	15952	48
10622	18759	32
10622	15789	255
6503	3997	329
6503	7042	329
18563	2908	286
18563	18593	176
9887	5225	349
9887	5225	262
9887	17797	259
9818	3831	319
9818	22564	103
9818	8545	97
7326	22616	329
7326	15124	329
10252	4934	329
5774	15139	329
5774	4966	329
8834	10114	72
15682	4847	32
13171	24466	329
13171	3769	329
16571	8792	127
16571	19956	32
17245	18505	32
17245	12004	32
6040	3351	32
20248	10964	139
22376	23896	329
18382	19415	325
23433	23418	306
23433	23419	306
23419	23418	306
23419	23433	306
1550	7051	329
24575	14266	329
6852	10054	59
6852	12592	227
22807	18759	32
12010	19628	166
12010	14117	66
12010	14117	97
18	18	325
18	18	259
7282	6335	273
13266	20494	262
13266	19481	134
13266	15652	134
5889	19956	32
3270	24076	32
3270	6140	157
7559	10243	329
11418	6431	349
11418	6431	262
11804	22904	7
11804	2050	115
24155	20651	134
24155	5184	134
4155	19310	325
18659	9366	134
18724	7452	99
12059	348	121
16951	8111	274
16951	9116	134
13189	10054	59
8701	23161	93
9446	6630	166
18183	407	197
18183	15687	26
1457	6630	166
1457	2218	215
5835	7961	59
2862	475	273
16507	5855	23
12348	10054	59
391	2522	26
14713	2445	316
9783	20194	319
5021	17020	164
5021	7452	99
5021	7113	227
508	7473	134
3441	17549	94
3441	17549	262
3441	17549	103
22418	4697	121
5117	14674	32
8685	7404	189
8685	2748	189
8225	7044	329
7381	10098	151
3617	17020	164
3617	7452	99
23782	21397	325
6579	19956	32
1308	23111	32
19351	5184	134
2140	24173	329
1535	2903	106
15737	8458	325
405	6630	166
405	22168	180
17338	1235	14
17338	7711	134
17338	17469	273
3233	7404	329
8146	1436	32
8146	5816	264
5788	9962	319
17374	4310	319
17374	5878	319
11215	1372	165
11215	4487	221
24197	24339	319
24197	19937	72
24197	12115	166
23477	23613	58
23477	23435	306
8181	9077	319
33	2522	26
33	19146	26
6881	4966	329
6881	15140	329
10575	19101	329
10575	18466	329
7532	519	18
7532	519	19
2807	19454	325
3791	15427	329
8052	2448	32
3461	22605	319
14213	10098	263
6079	6630	166
4981	10054	59
2856	3662	32
2856	3342	86
2856	4568	329
21680	13769	319
21680	8134	183
5505	14780	157
5505	4487	157
18059	7140	329
18059	4568	329
18745	22724	339
10316	15517	175
19565	3263	329
19565	10113	329
19565	3263	189
3771	10013	174
15042	6630	166
1033	19956	32
17761	4697	121
6913	6912	6
6913	4697	121
16563	18630	329
16563	3486	189
19454	8326	262
19454	2807	259
13444	6630	166
13444	10545	166
21888	24098	14
21888	9116	134
19019	8963	134
49	2504	26
49	2515	26
7830	9744	175
6373	3187	329
20273	15427	329
20273	897	329
10785	3964	329
10785	897	329
14127	6421	14
14127	6630	166
14127	9454	325
13437	609	32
13437	10114	32
13437	10114	23
20972	16666	157
20972	13714	157
20721	10606	134
20721	21005	19
22055	8678	329
22328	4697	121
22328	22657	262
22328	12332	325
1557	3187	329
1557	22189	329
14887	23574	319
14887	8223	319
17976	20492	329
22173	7241	319
22173	6630	166
21409	6630	166
2982	24143	273
16583	22770	329
9904	10381	329
9904	18516	329
19800	7239	329
12894	12893	6
15605	9116	134
15605	13354	273
7097	438	329
1741	846	189
3980	18865	324
3980	1403	339
19086	20651	134
19086	2053	325
13167	434	329
13167	22745	329
13167	10243	329
2053	20651	134
2053	19086	259
24361	9366	134
15395	4697	121
407	23602	26
16114	12994	86
16114	1606	282
19534	10574	349
4071	10114	72
20531	24176	221
4091	5855	23
14226	15212	126
21928	7518	274
13569	18922	32
17951	9116	134
12293	12994	32
2842	12861	32
19415	18382	259
8778	19937	72
8778	12115	166
8778	19937	183
10241	15687	26
16347	4001	227
5758	17020	164
18621	2036	329
8242	19956	32
8242	7014	329
8242	7010	329
8337	12194	160
8337	3366	160
11316	11313	16
8490	20361	32
14549	4157	306
14549	2987	306
21730	9366	134
21730	9366	134
21730	10680	19
8045	13090	86
8045	13094	7
2756	14335	262
3517	4265	285
12237	12744	142
24364	12994	274
24364	18432	134
9517	17020	164
23947	7140	329
12045	15151	147
12045	4755	134
12267	20552	134
12267	22168	134
12267	22469	94
12267	7329	166
12267	6630	166
6407	5816	221
4899	2430	262
4899	12336	319
4899	13150	205
22101	8682	32
9048	10545	166
13140	19937	72
16565	18096	32
16565	8675	329
16565	18890	329
20814	20814	24
20814	9116	134
11165	12994	147
11165	6140	157
11165	6315	18
11165	6315	19
10079	22625	59
6553	6553	24
6553	16666	24
6553	13714	24
6553	4487	122
6553	23249	122
6553	16666	122
6553	13714	122
6553	17356	122
6553	8134	147
13703	10063	329
8162	10606	134
19233	17293	134
19233	712	18
19233	7130	18
19233	712	19
19233	7130	19
11175	4568	329
9706	10596	349
9706	10596	208
8438	8437	227
10237	9366	134
20850	10545	166
20850	15571	215
20009	20017	273
11773	22168	134
19409	19926	276
19409	23635	276
7193	20247	20
7193	6630	166
18913	23635	252
18913	6630	166
18913	15353	278
2296	2297	96
2296	2297	95
8412	7686	262
8412	6109	14
8412	9116	134
12927	9366	134
2909	2909	285
2909	2909	285
15353	6630	166
15353	18913	278
16608	6140	157
16608	10606	134
2715	17020	164
2715	7452	99
15668	18492	18
15668	18492	19
16837	21700	18
16837	21700	19
16837	6140	157
5049	23151	329
16197	10606	134
12912	4697	273
5946	17345	208
5946	17345	209
5946	15525	325
7521	12994	183
16201	18643	329
8753	12112	230
12760	2050	115
1020	18664	329
1020	19958	329
23431	23415	306
4070	14335	262
23415	23431	306
19051	16429	227
19051	17331	112
19051	17956	135
15206	17472	273
17062	18836	112
20076	1403	339
10676	6191	281
4047	20651	134
3259	9180	319
23368	19956	86
1066	19956	32
1066	7010	329
13413	9366	134
12392	20651	134
12392	9366	134
2949	23201	262
2949	23201	14
12487	19937	32
4571	8678	329
17794	10098	263
21129	9366	134
493	12	69
5489	4697	121
5489	11800	349
5489	12224	262
5489	12224	208
5489	12224	209
11755	18718	32
13874	8134	212
11086	23752	32
11086	12994	86
13738	481	329
492	12994	184
13600	479	93
13600	7329	166
13600	479	215
13600	348	121
7734	3351	183
4867	10054	59
4867	9676	227
2224	2220	215
19394	511	325
22028	8134	32
14525	7529	160
9932	17020	164
9932	7452	99
9932	13503	112
21126	6630	166
14002	10606	134
17359	4309	24
5038	7961	59
5395	7473	134
5395	24176	221
9371	7961	59
11461	22785	58
11461	11639	289
5783	13862	262
20996	7034	329
20996	7029	329
12684	11705	329
12684	486	329
12684	11705	189
7118	7473	134
13053	7473	134
13053	533	259
24216	18306	227
4685	20275	262
4685	7473	134
3397	7473	134
19449	19937	32
19449	19937	212
19449	19937	321
16946	9116	134
13656	434	329
7533	22232	349
7533	16180	259
9695	17134	32
19819	22904	7
19819	4407	7
19819	22902	7
6829	7961	59
7101	12130	349
7101	12130	208
7101	12130	209
1896	22881	341
7631	14282	262
16357	15936	59
18847	5571	23
18847	8111	32
11664	7900	94
11664	7900	349
11664	17603	319
35	9770	325
10221	9366	134
10221	17379	325
18707	10114	32
18707	10114	283
19516	17199	32
19516	14945	86
8237	481	329
22547	6630	166
23957	7038	329
10595	22881	7
10595	22922	7
19736	6138	134
2784	10606	134
21720	24262	97
21284	4096	319
21284	2029	97
6501	19956	86
6501	17064	264
17978	12975	97
5352	14820	18
5352	14820	19
6453	6630	166
17718	17472	96
17718	17472	95
11016	18466	329
11110	15749	329
21813	14284	262
21813	6630	166
17249	7329	166
17249	348	121
6481	7157	259
14180	23082	259
14180	14180	325
17594	20047	32
4246	12994	147
5249	8503	273
4968	2916	59
3548	5184	134
9452	7686	262
5438	3964	329
1078	448	329
1078	431	329
14126	5435	319
13320	920	339
13320	2448	183
24450	18781	18
24450	18781	19
22749	22751	288
13878	18664	329
641	7961	59
382	4809	14
16093	13453	283
16093	5816	221
16093	17196	221
16093	11208	257
20053	7961	59
20053	5719	227
20053	799	227
20053	801	112
4086	12994	32
17675	10114	32
17675	10117	329
22954	10606	134
22954	7473	134
1814	7565	317
12443	3748	273
10187	1789	273
5538	15990	6
1334	18139	122
22833	9366	134
7448	4697	273
7448	111	325
5551	17293	134
5551	10545	166
3482	1436	32
3482	6183	32
3482	6183	86
7793	15769	259
11885	14407	329
23401	5735	41
14005	434	329
14005	10243	329
11573	23479	306
1458	16481	319
1458	8316	319
7217	17199	32
7217	11926	86
7217	8687	197
7217	11926	32
9325	4697	121
12299	17020	164
12299	7452	99
12299	16065	112
12299	6671	112
21778	8211	262
21778	8211	208
21778	8211	209
21778	10334	208
23086	18385	329
4907	7902	134
7236	9116	134
5483	17293	134
5483	13046	325
11947	7902	134
23066	10545	166
13046	1869	349
13046	17293	134
21075	7623	205
23184	12289	18
23184	12289	19
4888	2218	66
12675	19101	329
22400	7473	134
11509	23775	41
11509	11576	306
21393	21483	19
17523	12843	273
8654	9116	134
1954	6626	329
23456	23472	306
10748	3115	32
10748	8675	329
10748	4558	329
10748	926	329
14652	1436	32
14652	17476	329
15050	21065	6
15050	19697	208
15050	19697	209
15050	18553	325
21352	18432	134
21352	13020	273
6395	21	197
6395	6856	23
22234	6140	157
13644	916	329
8784	17765	18
8784	17765	19
9874	186	26
9874	7974	26
22476	24599	32
22476	15896	255
23129	24136	86
17442	4846	160
5473	8134	32
8074	3964	329
8074	2418	329
8074	16848	189
15542	19956	32
18642	4038	142
9780	8203	262
9780	17481	273
9780	4729	208
9780	4729	209
8324	17020	164
8324	7452	99
14779	4042	270
22060	8675	329
14076	7624	14
20782	12516	128
20782	12994	184
9632	17020	164
9632	7452	99
13037	7025	329
23099	7350	43
23099	19956	43
885	14095	208
885	14095	209
13973	8675	329
16606	10114	32
20515	6443	259
6443	20515	325
9723	4697	121
9723	972	262
9723	4386	273
17172	981	98
17172	17172	176
17172	17172	176
23357	19650	286
22118	16931	329
7367	3545	215
7367	4060	215
7367	2016	121
9194	15418	26
19110	10023	134
18087	13784	262
12493	19937	32
13482	3311	101
13482	22904	7
21002	14985	143
11775	19776	229
11775	19776	229
11775	15832	32
20366	1682	262
20366	7902	134
16416	10114	32
10093	22204	147
11060	22929	7
24516	7078	329
23436	23437	306
23437	23436	306
15689	20576	324
15689	14985	143
10876	10606	134
10876	12544	18
10876	12544	19
17301	20911	59
23455	12435	40
23455	23482	306
12855	6630	166
12855	716	349
17850	13733	262
17850	8554	273
17850	3748	273
17850	21666	259
15174	4632	212
16828	17020	164
16828	7452	99
5827	3496	94
5827	3496	262
16936	7556	329
9363	18391	262
9363	9363	14
9363	9366	134
6855	18629	189
7569	6140	157
7569	7742	18
7569	2889	18
7569	7742	19
7569	2889	19
709	10054	59
14965	14945	32
14883	18050	262
14883	9366	134
21920	17226	349
21920	6630	166
15317	16920	157
13818	2155	329
12388	23768	26
12388	23766	26
13235	3997	329
22841	4697	121
22841	9984	349
22841	9984	208
22841	9984	209
12840	16460	253
12840	8578	313
12840	10054	313
18310	10381	329
23718	5184	134
24082	10763	319
9568	7902	134
9568	3748	273
426	24480	231
426	14945	145
18192	13090	32
2366	2366	122
12438	16429	227
8133	13208	32
22405	24096	329
15300	13090	283
15300	13090	32
3175	348	121
24048	24048	24
628	13493	255
21419	14328	349
21419	14328	262
18339	9366	134
17220	981	98
19564	12994	283
14777	10606	134
15143	1419	32
20224	5113	32
20224	15	329
20224	8135	329
20224	8135	329
810	811	148
810	20579	304
810	23600	84
6520	20651	134
12092	603	349
12092	19740	319
6940	6630	166
8138	7027	189
19059	17696	56
15888	10184	324
1277	15898	319
15598	14056	319
24105	20231	68
24105	6630	166
16643	6021	143
21061	9366	134
21061	17469	273
15830	17469	273
13661	15396	32
367	2506	26
7590	23125	86
7590	6140	157
8070	5569	254
11667	9366	134
11974	19224	7
6719	8134	32
6719	15	329
6719	7044	329
22828	12994	274
6598	5855	23
14237	19027	273
1568	7780	86
1568	6140	157
1568	15583	273
397	19956	72
397	143	64
2331	1898	329
2401	4933	286
17224	15425	274
18253	22765	329
1431	10054	59
1431	12592	227
1474	10054	59
1474	12592	227
1713	10054	59
1713	12592	227
827	17481	273
10720	22905	7
15515	7473	134
15515	4482	18
15515	4482	19
2634	10054	59
2634	12592	227
19531	8967	310
19531	8967	311
2338	12592	227
3402	10054	59
3402	12592	227
8035	3342	32
13988	3342	32
13988	23773	329
24534	5734	329
20372	4697	121
19070	4345	327
10055	5948	325
22162	4205	319
23964	16701	32
23964	4561	329
21413	6630	166
15189	16308	208
15189	16308	209
4626	10054	59
4626	12592	227
6239	10054	59
6239	12592	227
2143	14679	221
16959	18176	319
4976	10054	59
4976	12592	227
11005	4266	32
5932	10054	59
5932	12592	227
851	10054	59
2064	10054	59
2064	12592	227
3931	10054	59
3931	12592	227
6845	10054	59
6845	12592	227
7177	10054	59
7177	12592	227
7177	5747	112
7177	5747	112
10193	10054	59
10193	12592	227
24230	17020	164
24230	7452	99
14162	7452	99
11971	19937	32
9215	8839	32
18178	3964	329
15343	10054	59
15343	12592	227
16601	12592	227
17086	10054	59
17086	12592	227
17328	10054	59
17332	10054	59
17332	12592	227
20334	10054	59
20334	12592	227
20768	12994	183
10600	15232	23
23552	8134	147
6549	5596	263
6860	10054	59
6860	12592	227
3469	2438	319
3469	6630	166
2659	4487	157
2659	10606	134
7605	16467	18
7605	16467	19
21348	18854	20
21348	6630	166
21348	19048	180
13398	13898	327
19212	17020	164
19212	7452	99
9294	13039	319
18873	23224	208
18873	23224	209
18873	3879	273
22989	13538	86
19607	17064	221
8957	19913	339
8957	19913	134
19026	20949	94
23488	23425	306
4548	11582	273
4548	14836	18
4548	14836	19
2129	19642	100
3711	10054	59
7138	10054	59
7138	12592	227
6440	10054	59
6440	12592	227
10125	10054	59
10125	12592	227
4394	12592	227
18654	17747	151
7934	10054	59
7934	12592	227
8754	10054	59
14719	10114	32
4357	10114	252
4357	1887	166
4357	3465	166
8849	10054	59
8849	12592	227
5109	5085	19
6018	19956	32
16194	4806	329
16194	4806	189
1438	4697	121
1438	1105	349
1438	6333	349
1438	9635	325
19473	11824	319
1280	4564	329
13127	14721	319
9664	10054	59
9664	12592	227
5805	3697	329
21256	13156	273
11563	22044	58
24621	22286	285
22286	24621	286
20225	2645	273
18164	6140	157
13896	4925	257
24317	19956	32
24317	7020	329
23652	9366	134
19087	9366	134
15037	2919	273
7810	23346	329
7810	2036	329
24075	12994	183
699	10054	59
13741	4426	127
13741	11845	32
1767	13540	32
1767	1419	86
1767	13540	32
6993	23955	262
14454	14586	32
14454	19956	32
14454	7054	329
23714	10289	144
20156	7238	349
21057	5085	262
21057	9366	134
19268	1919	329
19268	22284	329
9861	20911	59
20841	10113	329
20841	16312	329
16674	16221	329
24383	12994	274
13310	12994	32
14747	11824	319
23022	11824	319
15555	16299	329
15555	16312	329
22158	11824	319
15023	3748	273
15023	22092	325
13353	20731	142
10570	18501	32
10570	12452	329
14075	4962	329
2666	23773	329
17045	3721	262
17045	3721	14
17045	9366	134
16200	7627	86
16200	8643	157
862	5064	262
862	16435	205
1894	8134	212
1894	20873	7
11113	6140	157
11113	16666	157
11113	9116	134
11113	9366	134
13864	16	329
6085	12006	32
6085	18881	189
6085	17001	189
22470	14729	286
22470	835	176
9027	14679	221
9027	491	18
15348	4697	121
15348	9984	208
15348	9984	209
13893	693	157
22119	18773	32
20745	14945	86
18218	7027	329
18218	3193	189
11963	19937	32
914	11712	329
10884	6140	157
10884	16666	221
13326	393	245
13326	15114	231
13326	4866	231
14781	8715	201
14781	8715	202
7111	4697	121
8504	4466	273
13653	4564	329
22187	3527	329
22187	12478	329
7731	8134	32
18383	9730	349
3708	7961	59
1826	7961	59
13856	3155	329
13856	6284	329
7744	15419	134
10286	17743	329
18244	16232	329
14785	19937	32
21234	6630	166
4455	12994	274
10657	13272	32
10657	22861	329
24542	19974	174
8339	12194	160
16469	8678	329
16469	4966	329
16469	15139	329
8356	12194	160
8361	12194	160
8329	12194	160
8334	12194	160
8344	12194	160
8328	12194	160
8342	12194	160
8338	12194	160
8359	2921	160
21222	21223	325
15435	24076	128
21223	21222	259
6030	7961	59
6030	5719	59
14238	20651	134
19232	5501	7
18788	24609	86
23482	23455	306
25	4083	319
25	21186	97
25	6630	166
5310	2380	329
8755	7961	59
8088	14650	32
8088	8111	32
8088	8111	283
22983	9366	134
7524	6630	166
7524	21854	325
11519	15115	41
11567	11563	306
23424	19926	58
23461	4353	265
3977	2719	74
8743	24096	329
8743	5734	329
18901	7014	329
8343	15101	160
22351	12994	32
15789	10622	327
20083	12169	58
12515	13451	196
15482	5569	254
8355	19792	160
8357	19792	160
3621	15419	134
8249	23096	86
15229	16090	183
15229	6308	151
8363	18433	160
18445	22900	7
9386	9910	205
8332	24192	160
8347	24192	160
5621	7452	99
5621	16065	112
5621	6671	112
5621	5614	135
5024	17020	164
5024	7452	99
5024	16065	112
5024	6671	112
16767	8134	32
9901	5569	254
9901	8791	127
9901	19956	32
17676	6140	157
17676	6140	157
17676	9116	134
15845	18883	329
21414	10941	319
21414	8491	56
3019	9366	134
3019	18534	273
17962	17020	164
17962	16065	112
17962	6671	112
23027	15796	205
24551	8941	62
22188	23249	157
22188	9366	134
21157	6630	166
4321	4568	329
4321	7140	329
11476	23775	41
11477	11542	306
20428	7027	329
5252	7048	329
5252	7003	329
5252	17398	329
8368	20160	160
20828	20651	134
22863	7967	150
8331	8591	160
8360	8591	160
8352	8591	160
8362	8591	160
8336	8591	160
14402	2218	66
8358	8591	160
8351	8591	160
8369	8591	160
8040	12994	86
8349	8591	160
8348	8591	160
8354	8591	160
653	9366	134
8370	8591	160
8366	8591	160
8367	8591	160
8350	8591	160
8345	8591	160
8346	8591	160
16176	6444	325
4592	2429	329
4592	23773	329
4592	17946	329
6564	4487	157
6564	10606	134
8341	8591	160
8353	8591	160
8365	8591	160
8340	8591	160
8364	8591	160
8335	6103	160
3415	12223	189
8330	12127	160
3861	941	270
3861	11843	270
3861	11991	270
3861	24139	270
17264	13384	68
17264	13384	111
3257	9575	262
742	12994	32
742	18466	329
19632	8134	147
9784	9366	134
21023	10023	134
13546	6140	157
13546	10606	134
22054	3187	329
20270	12994	147
20270	6138	134
1086	434	329
11098	22904	105
11098	22904	106
21625	22126	319
21625	6887	319
19519	13980	329
14850	10114	32
17634	4560	329
7308	4764	35
8083	7444	329
8083	6626	329
8083	7444	189
22886	15114	231
22886	20411	306
3136	12994	74
20106	12743	330
13187	2916	59
13187	13187	112
5279	3486	329
385	5184	134
16199	14524	262
16199	16200	14
17215	24460	122
17215	16210	18
17215	16210	19
8494	6296	243
21900	14363	319
18318	288	134
18318	20673	18
18318	20673	19
6086	7071	329
12900	12843	273
12631	4697	121
12631	15380	259
11590	19556	238
11590	19555	283
11590	22929	7
7098	12385	32
7098	22767	329
17573	8135	189
7391	2163	171
10667	6996	329
10667	10238	329
12217	434	329
14160	4816	270
9520	24460	349
9520	17215	208
9520	17215	209
12812	4371	346
1650	19781	238
22465	4800	94
22465	4800	262
22465	4800	349
22465	13150	205
20153	5184	134
19392	9366	134
5302	6506	319
5302	1957	349
419	2504	26
419	2484	26
13545	17238	270
13545	8134	72
8114	10113	329
8114	3612	329
8114	22745	329
8114	10113	329
17005	3612	329
17005	451	329
17005	12223	329
1694	7027	329
24272	18896	329
5266	7140	329
5266	10117	189
5761	20038	329
5761	7027	329
5761	7003	329
5761	7057	329
5761	7057	189
11438	481	329
516	20884	94
4149	24173	329
2294	4697	121
2294	20522	208
2294	20522	209
11378	7512	329
11378	5061	329
11140	7350	32
11140	7029	329
11140	15746	329
2413	1331	275
12187	2490	26
12187	20836	26
4570	8134	32
14440	18883	329
14440	14266	329
20916	8296	274
21836	18860	262
5209	5734	189
21310	6630	166
21310	348	121
16314	8706	342
21177	8032	94
9808	22522	208
9808	22522	209
16687	12627	325
22995	8134	32
22995	8134	212
22995	8134	321
22995	8134	165
14854	23343	316
24099	15003	121
19928	892	195
23501	23488	306
23501	23425	306
19323	24396	325
17776	1403	339
23391	10862	103
18685	9366	134
18685	1603	18
18685	1603	19
24091	9095	259
2961	11783	260
16138	17020	164
16138	7452	99
6718	2490	26
6129	1690	273
21519	18135	269
19173	9366	134
19107	21803	14
11225	17640	270
11225	18872	270
11225	22603	270
11225	15199	271
13752	8134	32
2111	8134	15
2111	4764	35
2111	23341	22
20697	17157	183
6567	13839	157
18597	8592	147
18597	16202	18
18597	16202	19
13813	23635	275
13813	16560	255
9953	8134	32
9953	8134	321
23509	23775	41
22360	19093	221
16907	9930	32
16907	288	134
18865	3980	162
20476	13156	273
18361	23756	331
20595	747	325
9759	3747	273
6468	4697	121
18355	7027	329
19030	10606	134
1426	3747	273
4746	20439	32
4746	7019	329
12555	7473	134
14984	10054	59
20820	16243	7
2250	7961	59
23485	23775	41
15608	16454	97
5984	10676	281
15603	4697	121
6611	4697	121
24369	6335	273
6789	4697	121
6789	15775	325
9921	7329	166
9921	6630	166
9921	348	121
11481	11579	306
22827	6335	273
13114	3748	273
15775	4697	121
15775	6789	259
11490	11481	306
11490	11579	306
2864	12664	32
11512	11499	306
11512	11511	306
20401	18466	329
13764	16627	32
21261	6630	166
15922	19956	32
15922	18646	329
18063	3748	273
4838	4297	262
24427	11752	329
4378	15185	329
24567	22765	329
24567	17743	329
23388	17477	329
7733	7473	134
3200	1436	32
15869	2825	325
16793	16793	255
16793	15417	233
18000	14679	221
18000	17196	221
22550	22596	32
22550	5061	329
5442	17129	32
5442	22596	32
10184	15888	162
8428	3060	349
8428	19856	325
1146	2036	329
18409	17812	327
6297	19713	326
9006	8134	32
6155	9845	160
6155	9845	230
7348	6021	143
7348	14985	143
7348	1403	339
3052	10606	134
3052	13469	273
20615	18646	329
69	18455	183
3021	8469	18
3021	8469	19
13507	17450	329
11264	13348	32
11264	19484	329
11264	3187	329
17863	18182	144
7252	3726	329
15999	9116	134
3924	17020	164
3924	7452	99
9043	7556	329
9019	1594	327
10998	1113	255
13772	12994	32
13772	9116	134
6232	6231	288
18815	2077	86
7360	15192	259
14541	19834	32
14541	14944	86
5721	23150	329
5482	19345	18
5482	19345	19
7300	3748	273
4564	18915	142
627	5124	86
627	5124	32
2324	17747	151
12918	18097	259
13107	10279	319
21212	2218	215
21534	14333	319
7763	3342	147
17731	20071	94
17731	20810	319
10398	8706	26
21047	3765	319
21047	20992	319
21047	6630	166
10958	9116	134
1956	16924	86
1011	23222	32
1011	7014	329
17969	10063	329
5626	5569	254
5626	19956	32
13968	19722	32
19541	3351	32
9891	8134	32
9891	23039	329
9891	7555	329
9441	22922	105
23731	4487	157
23731	10606	134
5776	2109	329
5776	5660	329
24605	6772	32
24605	14223	329
24605	22685	329
17078	8587	161
551	10606	134
5361	10606	134
5361	3748	273
5361	17469	273
22649	7237	325
12198	19937	32
8931	6691	197
8931	15687	26
8931	8134	32
8931	8134	86
16151	3747	273
1794	10606	134
18849	15238	23
16063	11832	24
15874	20651	134
18022	6140	157
18022	16666	157
18022	3748	273
2230	2163	171
19279	13416	97
10655	5569	254
10655	2120	127
6568	22946	329
6568	4784	329
16005	6630	166
16915	3570	165
760	2490	26
322	12719	339
322	2505	26
322	5964	218
6659	10113	329
3407	18649	329
3407	4557	329
5798	486	329
13105	10029	166
14710	7239	329
1430	13370	72
15641	8134	147
1103	7140	329
647	5184	134
17331	16429	227
18061	15374	325
16731	5218	154
16731	10711	154
17553	15749	329
18386	6630	166
187	17526	81
18440	2514	26
24391	7951	208
18281	6536	349
18281	6536	208
18281	6536	209
3886	7032	329
12917	16887	274
12917	23720	325
16279	6271	334
21080	17569	262
21080	5085	262
21080	17569	14
21080	9366	134
8410	9021	205
1540	19956	86
13476	23760	252
13476	12347	252
13476	10029	166
13476	2371	278
21267	6630	166
6759	8134	32
6759	8134	86
11716	7350	32
11716	5880	329
1439	1436	147
14443	4784	329
14443	2109	329
13840	22904	105
2317	19937	32
16378	19937	32
5326	1354	32
1254	24179	94
1254	5262	319
1254	20992	319
21102	12959	94
21102	12959	349
21331	8503	273
24617	7078	329
15821	6127	19
15494	433	329
8010	14586	32
8010	7043	329
2092	13370	72
19751	1690	273
24473	14945	32
24473	14945	32
18604	6140	157
14908	4386	273
12016	7473	134
10745	13540	246
23991	18328	255
11343	7350	32
11343	12056	329
11279	22742	329
11279	23288	329
2255	5923	325
18328	23991	327
15961	18883	329
11484	11510	41
23851	22221	79
19151	10440	56
19151	6630	166
19975	1039	65
22943	393	245
22943	348	245
6836	12686	238
6282	6283	325
12587	13446	86
12587	8134	86
12587	8134	212
24402	20651	134
11190	3964	329
17252	10545	166
10455	5571	23
18698	4697	121
11653	13572	319
21889	11084	319
21889	4317	103
605	10755	319
9898	21219	282
18278	9366	134
10254	19956	32
10254	18646	329
15073	19956	32
7222	12787	66
1544	18646	329
1544	7010	329
13032	21347	23
23682	22718	325
18415	3964	329
18415	4568	329
16762	19722	32
5625	7444	329
5625	17490	329
7861	23095	46
7861	12004	32
19494	19920	183
325	18578	195
325	2206	133
14997	10606	134
2847	2202	32
14198	4697	121
14198	22297	259
21743	1213	319
15866	10054	59
15866	12592	227
21008	5184	134
9101	22474	349
9101	1657	208
9101	1657	209
9101	381	273
23521	20654	86
6042	5569	254
21092	15071	319
15325	481	329
1899	6354	221
13815	20098	329
1685	17743	189
8505	332	208
8505	332	209
8505	15419	134
952	4409	160
16609	4993	32
16609	4966	329
11909	9360	134
8817	18492	319
8817	6815	319
8817	6630	166
16034	9116	134
19695	6630	166
12711	5924	273
6277	5519	349
18020	18466	329
9770	35	259
19276	19956	32
19276	18646	329
19846	1295	262
7657	19101	329
1206	22522	208
1206	22522	209
1206	19828	259
3059	7473	134
8472	17020	164
8472	7452	99
7303	3554	329
5	9438	349
5	12344	262
13399	7329	166
13399	6630	166
13399	348	121
10065	20550	65
6175	22892	97
15451	12994	32
1546	19956	32
1546	7006	329
1546	7010	329
7255	17337	134
18756	6630	166
18756	7329	166
23472	23456	306
19479	17778	14
19479	6630	166
13494	7473	134
9318	17469	273
9318	4208	325
11511	11499	306
4208	17469	273
4208	9318	259
17851	13935	151
11579	11481	306
18312	19920	32
18312	18870	329
18312	19921	329
23429	3739	58
14684	19951	134
14684	475	273
18832	22679	329
18832	2206	32
13566	9366	134
17719	2004	262
17719	19920	274
6601	17293	134
10457	24176	221
13050	14374	319
13050	3825	111
13050	6516	111
13050	348	121
13050	393	121
5098	13453	58
5098	2464	58
17752	3833	7
17752	22902	7
15141	10054	59
15141	12592	227
8713	9733	329
12353	8487	349
12353	12677	349
14687	23235	319
6039	20339	18
16963	11940	24
22838	6630	166
9625	23219	32
20487	17064	221
1478	19956	32
1478	19956	86
1478	19956	212
17926	19956	32
17926	22679	329
17926	7014	329
17926	7045	189
17926	7014	189
17926	7053	189
13646	22745	329
2565	8243	262
2565	8243	208
2565	8243	209
2565	20651	134
6620	6897	18
6620	6897	19
19066	5571	23
5317	7429	127
6859	3342	147
6859	1773	18
6859	1773	19
3782	17469	273
15218	3964	329
5083	5184	134
5083	3747	273
14024	12994	247
14318	5569	254
9728	15359	79
9728	15359	93
9728	15359	215
9728	348	121
11513	5735	41
1043	7083	329
13736	14770	32
13736	17046	329
13736	4561	329
13736	17625	329
4207	7745	325
7745	17469	273
7745	4207	259
24053	1452	329
21027	9366	134
13192	12994	274
23040	19956	32
23040	7056	329
23040	7010	329
12834	4280	221
16975	15419	134
15611	22591	349
15611	22591	208
15611	22591	209
15611	9366	134
10247	7010	329
918	9980	195
15529	19784	238
21054	23975	319
1829	16525	262
24302	10606	134
24302	17469	273
16346	17415	325
13677	12387	32
3698	22567	94
3698	6095	205
5220	20583	175
5220	5569	254
19190	15326	134
23649	15374	259
3070	13540	32
3070	10606	134
15374	18061	259
15374	23649	325
7936	20361	32
7936	15427	329
1547	19956	32
1547	18646	329
18791	8134	147
637	6630	166
637	23728	166
3880	20905	53
4366	21063	259
4366	3748	273
14591	7085	329
14591	23896	329
9729	7329	166
20766	6630	166
17901	4940	6
17901	9840	349
10624	7027	189
10624	7555	189
3064	5346	154
13978	18516	329
13978	23896	329
8002	17469	273
11768	7473	134
2745	24176	221
2745	20552	134
1673	7681	319
7169	6630	166
1444	10606	134
10702	13090	32
17123	16062	86
16726	3748	273
12566	5855	23
11788	12309	32
10740	9696	329
560	9840	349
19791	13090	147
15379	9840	349
12189	8134	32
20780	6630	166
6233	4697	121
13226	2397	32
13226	2397	86
12885	16498	89
18423	8111	32
18423	8111	283
18423	4652	221
20108	2895	278
6785	19481	134
6785	15652	134
6535	22691	227
6563	8797	127
8893	7329	166
8893	6630	166
8893	348	121
10896	13285	329
23849	12994	147
4265	3517	286
12596	10054	59
13459	5184	134
503	502	306
11363	7042	329
21430	6630	166
23579	8134	86
18588	6140	157
18588	16666	157
18588	9116	134
18588	21068	19
24221	19360	329
15915	19956	32
12574	18883	329
6243	10606	134
21396	9012	56
21396	6630	166
19072	22598	7
19072	8091	10
21079	4297	262
8567	2380	329
24395	4697	121
24395	381	273
19104	981	160
19104	6271	334
5222	15771	283
20036	10872	349
20036	6630	166
12976	348	121
23689	20651	134
6226	6630	166
6226	12115	166
6226	10029	166
6226	3465	166
24620	6271	334
6803	15326	134
6803	9366	134
564	4297	262
9150	12994	86
9150	12994	32
9150	12994	86
21785	6630	166
20390	12994	274
20390	22892	273
13838	2740	32
13838	10606	134
19627	12994	274
5894	24176	221
5894	7845	154
7844	8675	329
15010	7555	329
3413	16312	329
21073	22366	262
4588	10054	59
15535	7078	329
23828	21946	259
23828	2480	325
16052	17020	164
16052	7452	99
21090	12206	24
21090	12206	19
4593	20651	134
22675	4755	134
23817	4376	205
3601	7889	151
327	6635	218
17115	12719	339
17981	10606	134
17981	13695	18
11382	20660	32
24224	22413	262
24224	9366	134
21931	22559	319
21931	6630	166
4957	17020	164
18327	9483	329
17415	16346	259
17415	23082	325
23082	14180	325
22994	8134	32
22994	9116	134
22994	670	18
22994	670	19
4090	2554	86
4090	7027	329
13749	486	329
5261	12539	329
5261	20093	329
21019	15678	349
21019	16760	319
13422	14945	32
13422	14654	232
13275	4966	329
13275	3561	329
12928	6630	166
9609	3342	86
1931	19956	32
1931	7000	329
1931	7038	329
3053	7473	134
2734	1074	329
13196	23095	28
13196	23095	46
13196	12004	32
16014	21723	349
20201	23152	329
20201	7021	329
8103	12994	86
5194	11002	319
5194	8747	319
5194	8103	56
13236	4966	329
9036	11752	329
9036	14223	329
10613	9366	134
3653	693	157
3653	18432	134
21390	9840	349
13592	12994	86
21124	6630	166
12817	12817	54
12817	10977	79
14618	10114	32
14618	10114	86
18551	20407	20
18551	6630	166
18551	20552	180
18551	22168	180
16356	5566	319
16855	5880	329
3887	7518	183
23412	23658	58
23412	23438	306
23412	23469	306
19329	5184	134
10290	13090	32
10290	13090	86
10290	6254	283
7863	17020	164
7863	7452	99
19604	6140	157
19604	16666	157
3669	24173	329
8261	9366	134
8261	24282	325
12019	9366	134
21279	22866	97
779	16884	329
18538	17141	329
6457	19956	32
15192	9116	134
15192	3748	273
15192	7360	325
1151	14586	32
1151	19956	32
16002	10796	122
10235	10798	262
10235	10798	319
10235	10798	205
13096	22520	349
13096	22520	349
13096	22520	262
13096	15419	134
1905	6183	32
1905	1436	86
1905	6183	86
10208	9840	349
10208	9840	262
15355	10054	59
15355	12592	227
3176	3748	273
23887	12043	349
23887	12043	262
23887	545	259
9960	19956	32
9960	23249	157
7109	10063	329
21662	23538	349
20121	14986	183
18035	14202	32
22511	18920	15
22511	20167	35
22511	22513	22
22139	2504	26
13895	4561	329
16491	17895	329
24579	8675	329
9782	3748	273
6875	8134	86
6875	17064	221
6875	8134	212
6875	8134	32
5773	18630	329
5773	22765	329
18802	10243	329
19204	17020	164
19204	7452	99
14341	12994	147
14423	17694	122
7687	13197	32
7687	23288	329
11600	7350	32
11600	7029	329
7185	23777	259
19611	1436	32
1378	9366	134
2588	4465	273
3371	16503	262
3371	17469	273
21793	6630	166
19920	2946	108
19920	2007	108
19920	5036	172
12407	7473	134
12407	10606	134
22669	2454	166
22669	6630	166
22669	20906	230
14074	20039	329
23116	348	245
23116	479	41
6064	6630	166
9512	4558	329
17748	7902	134
7443	2155	329
14434	3115	32
14434	4558	329
7394	12800	262
7394	20823	319
7394	16454	97
406	9287	218
7868	19481	134
1582	4568	329
18224	4568	329
18224	897	329
4611	4568	329
20066	12347	32
20066	22914	7
20066	20550	257
8451	1919	329
8451	11433	329
4812	8134	86
4812	8134	212
4812	8134	321
4812	8134	147
1135	4601	197
1135	8071	23
16321	23192	26
23174	10606	134
9918	20552	134
9918	479	93
9918	4504	319
9942	9366	134
9942	12994	183
17156	6630	166
18394	14775	102
8947	11611	6
19293	9366	134
19293	8503	273
8985	6630	166
8985	3546	66
11444	3263	329
15293	17913	329
15293	3949	329
15293	12994	32
14366	186	26
14366	194	26
6918	19173	6
17454	6140	157
17454	16666	157
18902	3187	329
18902	4966	329
9081	4883	349
9081	1760	259
698	10054	59
698	12592	227
17912	7902	134
13276	17140	329
13799	24173	329
13799	19101	329
13799	9666	329
7205	7822	329
19434	6140	157
19434	3910	18
19434	3910	19
19203	17020	164
19203	7452	99
3460	9116	134
17104	14945	32
17104	14945	283
11521	23775	41
6376	1436	32
6376	12169	283
6376	4652	221
6376	15902	282
18050	6140	157
6707	7003	329
21591	11156	349
8240	19956	32
8240	7014	329
21944	5191	319
21944	6630	166
14063	24176	221
14608	12006	32
14608	15123	329
14608	18881	329
22235	4352	134
16459	23393	255
24535	6630	166
19205	17020	164
19205	7452	99
22165	18860	262
21251	6630	166
21251	1119	349
13727	18666	329
21163	6630	166
21163	20054	180
21163	22168	180
13076	4189	115
13076	11745	23
18344	4487	157
20485	14945	184
9907	19956	32
6383	8678	329
6383	13511	329
6383	1452	329
8575	3301	262
23144	18451	262
23144	17844	262
21575	7473	134
18632	17295	175
18632	215	293
19283	6630	166
6037	4576	33
5564	5191	319
19617	20552	134
21960	22771	273
17965	20884	56
15645	7473	134
19309	19309	325
19309	19309	259
14051	8134	212
20555	3372	160
20555	22724	339
795	10054	59
795	12592	227
22023	17469	273
20290	4697	121
18069	12994	274
547	7902	134
547	9366	134
4901	5443	205
4309	17359	18
4309	17359	19
3174	13039	319
3174	6630	166
23615	14015	349
23615	6630	166
5405	20679	127
18008	2198	32
18008	22893	7
7568	7226	127
6208	4934	189
7253	3187	329
7253	12679	329
7253	3187	189
6366	9696	189
1722	15798	329
7726	8134	32
7726	8134	86
19	8671	134
7615	7020	329
24167	4697	121
6207	20660	32
6207	7555	329
22678	7350	32
19500	19956	32
19500	7014	329
23438	23658	58
23438	23412	306
23438	23469	306
5507	9116	134
5147	17196	221
5268	4487	157
5268	10606	134
10309	17747	151
7382	12994	183
16889	920	339
16889	8134	185
6928	19956	32
17820	5184	134
17820	10606	134
7335	10606	134
7335	4754	134
15666	7021	329
7433	24143	96
7433	24143	95
960	16701	32
13628	4784	329
13628	5661	329
20413	4697	121
20413	9575	262
7336	10606	134
7336	4754	134
3490	15371	319
7004	273	293
22124	20098	329
22124	434	329
292	5184	134
17651	10492	18
17651	10492	19
21233	22275	14
21233	3748	273
4345	19070	255
7458	4396	94
7458	22443	319
7458	8317	319
17223	18395	262
17223	9366	134
13590	4632	212
23989	5866	275
3001	16305	147
3001	9366	134
21684	20651	134
11123	18432	134
23663	9116	134
10111	19926	32
10111	19926	147
17068	16780	20
17068	15400	66
1658	6946	221
9546	9366	134
9546	2991	273
9546	17469	273
8762	20660	32
3551	4695	142
17352	12516	147
17487	6630	166
2348	4697	121
20387	8270	205
20387	11074	205
20387	22892	97
14439	17046	329
10605	17469	273
14022	1919	329
22192	3697	329
19907	22412	273
19178	11661	183
24539	23260	32
4225	20749	32
4225	20749	86
22718	23682	259
22027	2739	205
17505	7081	329
17563	17680	319
17563	1381	319
17563	5646	349
11772	10316	329
14187	3660	26
4244	6630	166
12436	17020	164
12436	7452	99
10543	10545	166
370	2510	26
19206	4633	32
19206	22932	105
5664	22339	142
6590	3561	329
22467	3019	325
21556	5674	319
2474	11926	160
2241	6630	166
10103	443	329
10273	16221	329
21799	8419	97
7492	2163	171
4735	17020	164
4735	7452	99
4031	21015	329
21972	6630	166
8535	12994	32
16955	5967	317
23868	24092	259
23822	17380	6
17243	17232	232
17243	8134	86
10189	16232	329
10189	14655	329
10189	10028	329
20901	6630	166
20901	8917	111
20901	1300	66
20901	2016	121
13917	10606	134
18169	7404	329
10663	19920	32
10663	19920	86
10663	11469	329
10663	19921	329
17208	20339	14
1047	24096	329
1047	10381	329
12722	12994	147
7395	6630	166
6807	10606	134
17049	24282	325
8258	2216	209
8258	9366	134
9458	4305	94
9458	17561	94
9458	13484	319
6927	15798	329
18219	4754	134
18219	13714	157
14704	10114	32
4009	5663	329
12119	15103	329
12119	7043	329
13016	22152	259
14353	11838	32
23057	11615	183
15537	11469	329
8489	19292	329
23356	4697	121
23356	4359	208
23356	4359	209
1084	16917	329
1495	448	329
13648	24559	32
13648	7003	329
13648	7003	189
6658	481	329
10240	6630	166
10240	10545	166
10240	12115	166
10442	1994	86
8838	2580	262
12519	17020	164
12519	7452	99
15562	8134	57
20558	18044	7
20558	3186	7
19794	17020	164
19794	7452	99
23870	21589	183
24506	11463	134
24506	5184	134
24506	13957	221
5654	19956	32
13015	18808	262
14200	2037	329
18199	5855	23
387	17199	72
24608	6140	24
11676	7444	189
11676	20811	189
19115	18535	14
19115	21943	259
7596	8134	32
21835	18501	147
7428	9969	93
150	1610	133
150	1187	26
17460	7857	32
15409	12224	262
15409	12224	208
15409	12224	209
6406	13540	32
6406	2746	154
6406	9472	153
13249	12994	32
3157	19956	32
3157	7043	329
3157	12056	329
10542	10545	166
21943	18535	14
13461	7015	189
9000	897	329
7994	7993	233
13014	23184	262
13014	12289	209
8687	17199	72
8687	24426	218
21517	7473	134
7215	9366	134
22709	19290	6
8616	24076	32
13470	6271	334
24137	10194	227
2928	6494	273
632	17199	32
632	14945	86
4986	8592	32
4986	8592	86
5797	486	329
3963	17398	189
23036	8675	189
23036	3187	189
4425	10054	59
13130	10248	349
13130	10248	262
13130	12994	274
13130	20651	134
1753	7066	329
16286	3772	32
16286	4966	329
16286	8675	329
20584	7473	134
20322	9116	134
12977	5569	254
2453	2454	166
22217	11785	255
1868	10113	329
13019	20632	319
9506	3351	86
7692	10606	134
7692	17469	273
17932	9116	134
5737	8111	147
5737	9366	134
5737	22591	18
5737	22591	19
24521	6630	166
14	5960	325
24319	19956	32
19250	7010	329
23624	10606	134
23624	17469	273
23624	17905	18
23624	17905	19
1626	7099	262
1626	7099	14
1626	7473	134
1158	13348	32
12054	2036	329
12054	3187	329
18567	19956	32
18567	18646	329
79	22729	333
15064	19956	32
14613	8499	32
23457	16954	58
23457	23775	41
7346	9366	134
8810	10117	329
15930	7038	329
15930	19956	32
23679	6630	166
7855	10606	134
14388	434	329
3425	2420	32
3425	21264	19
20980	4006	329
18234	6488	329
18234	482	329
9107	17494	319
1057	14586	86
1668	21015	329
16269	4697	121
16269	6138	134
9397	4697	121
9397	945	262
9397	2618	273
1818	1819	216
15065	7055	329
8080	15238	23
22228	22227	14
22228	7473	134
15130	20087	183
15130	16387	183
15130	24076	183
4914	16090	32
4914	447	329
4914	7512	329
18991	4697	121
21113	20605	14
19172	10731	144
15152	1793	25
16651	17958	261
24259	7444	329
4552	8577	273
11839	6630	166
20659	482	329
300	8134	72
300	6630	166
6643	18641	329
6643	18641	329
6643	8134	32
4443	17869	319
11940	16963	19
19270	18646	329
19270	7020	329
1779	9676	227
9550	9116	134
11403	19956	32
11403	15	329
3040	6271	334
5195	12975	97
5195	6630	166
7803	14945	183
7803	12979	151
7803	13935	151
7803	12979	298
7803	13935	298
19644	12994	86
19249	19956	32
2056	6630	166
2056	22572	66
2056	19755	259
21910	17293	134
2922	3427	189
8233	10606	134
22174	19485	134
22174	22070	134
7601	3697	329
5254	14770	32
18123	8678	329
4742	4351	150
4742	19722	72
13289	19920	32
13289	19920	212
2873	23355	147
3525	6271	334
8174	6271	334
14524	6140	157
8236	23249	157
8236	23249	221
19562	6630	166
19562	22168	180
19562	16634	269
2649	15071	319
2649	10638	319
6530	1952	346
23071	23635	160
9457	7473	134
6898	9841	262
21744	18259	319
21744	2965	319
21744	19091	97
16564	8675	329
16564	3239	189
22116	8135	329
19311	17844	262
4778	2218	66
16777	2695	189
16393	7125	183
16393	19926	183
6806	19481	134
6806	9116	134
6806	13148	134
6806	7312	273
23789	8203	262
9800	9366	134
9800	2297	273
4278	19937	32
15803	7889	151
14182	7473	134
14182	5913	325
5913	7473	134
5913	14182	259
16287	479	79
16287	479	215
24358	1856	273
12281	3561	329
12796	10737	262
12796	10737	14
17552	22892	97
17552	6630	166
16204	12994	184
6936	5365	262
6936	14412	262
6936	15326	134
7122	19926	160
7122	15842	160
18105	7319	6
18105	23847	325
15470	20492	329
19903	4697	121
19903	21140	208
19903	21140	209
22263	17061	269
20725	14770	32
7592	3197	270
7592	11843	270
8858	10114	32
8858	10114	212
5912	7473	134
22135	22925	106
12586	17272	151
16575	19956	32
12904	12994	274
12904	17469	273
23677	23635	274
23677	15652	134
19896	12856	259
14492	18649	329
18729	7838	273
8758	836	59
4799	22921	189
1329	13132	6
3228	3351	147
22536	13273	93
22536	22070	134
22536	15568	69
12337	9483	329
14143	10114	32
1446	7032	329
1446	22884	329
14880	11467	329
14880	23288	329
3030	20651	134
3030	5184	134
7551	9116	134
19513	10873	349
8044	3112	189
21379	16454	97
14150	10114	32
9936	7042	329
14877	10114	32
14877	10114	212
22601	17064	221
22601	31	18
22601	31	19
12481	19937	32
12481	19937	212
12481	19937	321
23213	19956	32
23213	6997	189
667	10054	59
16925	6630	166
20046	10098	263
20046	5544	263
10066	12167	273
2733	8134	32
13882	4639	329
24318	19956	32
24318	18646	329
16489	22917	7
23273	7020	329
23273	7010	329
23273	7016	329
18577	18576	306
6592	18466	329
15894	19209	260
11889	14229	32
11889	8135	329
23901	10196	262
22441	8001	329
10650	14522	32
5015	15020	259
19246	18770	127
20279	9930	32
20279	24173	329
20279	15427	329
19310	17469	273
19310	4155	259
11636	8134	72
11636	2541	26
3201	22898	7
5157	19101	329
6891	7832	273
16594	2427	262
3149	6271	334
12273	473	215
20683	10606	134
7562	12994	86
17827	23151	189
9029	2493	26
9029	2516	26
9029	2482	26
8260	1296	349
12916	5125	273
14510	7961	59
4485	11991	270
4485	24139	270
18098	6630	166
9633	14412	262
19506	2016	245
395	891	64
18601	13532	329
23693	8111	183
23693	348	121
19103	20298	144
6771	8134	72
17076	4985	183
12298	20651	134
20549	20960	149
20549	23586	149
2164	8632	262
20933	18168	94
20933	10647	319
20933	13884	319
18033	2891	115
21547	1700	262
5330	7512	329
5330	2903	329
5330	2903	189
22077	23028	319
10255	7038	329
22049	14284	262
22049	19540	349
22049	17708	319
11995	16140	94
11995	16140	262
11995	16140	349
21911	6630	166
9366	10606	323
9366	6138	90
9366	7902	207
9366	15419	206
1484	4624	269
2240	12021	18
2240	12021	19
2076	8111	160
2076	4661	339
18726	17020	164
18726	7452	99
19546	7708	246
19546	10823	65
24448	24449	160
24448	20163	339
20938	10054	59
17107	24169	325
9968	11003	349
9968	11003	262
9968	11003	208
9968	11003	209
9968	17766	274
9968	1789	273
9968	17169	259
18100	12994	274
18100	22175	259
11789	22790	32
22175	9116	134
22175	18100	325
17654	15175	319
17654	6630	166
23711	2297	273
3858	10023	134
23462	23511	306
2508	15177	246
24433	11469	329
13057	17469	273
23171	12867	32
23171	14752	139
21355	14466	319
22665	22665	220
4163	11168	349
11975	19937	32
17449	14476	122
17449	3748	273
17449	22283	18
17449	22283	19
12509	24182	329
12509	24114	329
9532	17866	274
24064	20638	225
10739	2746	154
10739	18982	154
5656	19956	32
5656	7010	329
5656	22797	329
22626	14341	205
22626	6630	166
16822	19091	97
13049	11863	262
13049	9366	134
5043	23079	329
24111	9366	134
17362	9116	134
17362	3879	273
17362	21206	18
17362	21206	19
17362	1591	19
9917	7016	329
9917	7038	329
9917	7010	329
11236	693	157
11236	22522	18
11236	22522	19
3692	9366	134
19845	18026	14
19845	7473	134
9152	10239	183
9152	9154	263
23262	269	293
19073	4568	329
584	10800	319
10166	8111	147
10166	9366	134
24351	13612	349
20174	1441	208
5293	15765	147
5293	6140	157
5293	16666	157
21515	6630	166
14451	8797	127
17237	7473	134
17237	4754	134
9442	17020	164
9442	7452	99
10050	10054	59
10050	12592	227
11162	6140	157
19672	19626	325
19626	19672	259
2357	23304	349
5412	11988	197
20611	4697	121
20611	8671	134
19512	19512	163
19512	19512	163
17065	7902	134
19520	20298	144
17053	1379	225
18994	3748	273
600	15427	329
3903	7561	205
3903	2029	97
3903	6630	166
15602	8117	94
15602	10835	319
12159	7001	329
11185	17500	329
11185	23288	329
20744	19517	262
17644	5513	262
17644	5513	14
17191	11830	319
1272	4697	121
1272	377	273
16998	7551	273
16998	5695	18
16998	5695	19
21676	7902	134
10791	18466	329
6963	8079	205
9078	14679	221
9078	14945	283
9078	12994	32
16169	7350	72
16169	7350	32
18917	3351	32
21472	12513	262
16536	4023	147
8457	12513	262
8457	21887	325
24514	19956	32
3900	16740	319
453	233	293
6470	6206	160
3418	2035	329
11946	3229	319
10421	7473	134
12269	3705	270
12269	3701	23
12269	7161	83
4330	2418	329
4330	12533	329
558	15497	349
3725	10606	134
12922	19969	325
10504	7003	329
10504	16	329
14251	10054	59
14251	12592	227
14751	10054	59
14751	12592	227
15499	9116	134
7944	17895	329
6726	2490	26
6726	8129	23
22307	18309	255
1995	18688	319
11053	13194	280
3022	6138	134
21898	17469	273
20490	9366	134
5584	7071	329
9224	12994	283
9224	12994	147
9224	1606	282
15858	4697	121
15352	17501	329
15352	17500	329
15193	10054	59
15193	12592	227
23824	5184	134
12448	16882	145
20078	7226	127
16729	1710	329
7703	14945	32
10765	10765	18
10765	10765	19
6542	3697	329
7087	9366	134
7087	21696	259
11850	10054	59
24207	15269	262
5122	4399	20
5122	4399	319
5122	13069	262
11419	10606	134
11419	6138	134
15108	12072	86
14891	17766	274
21823	8117	94
21823	8117	262
15622	12980	97
2218	12994	184
2218	13935	151
19593	20150	32
2562	9366	134
345	19804	273
15183	12994	32
648	648	285
12813	5259	81
12813	10976	81
12813	11444	81
12813	15477	81
21206	1591	122
21206	1591	19
22310	21237	165
10933	1023	154
14031	5816	264
17643	8164	76
14228	1026	273
476	758	69
9262	20295	349
24432	3841	0
16519	7140	329
16519	897	329
12568	19956	32
12568	18202	255
23657	6140	157
1889	1887	166
5469	12994	32
17113	10344	319
13518	23955	94
13518	7604	319
13518	6630	166
22630	7473	134
3582	12266	183
1350	14586	32
1350	19956	32
1350	15124	329
20896	4286	32
20896	4067	329
15627	20308	319
24007	18883	329
24007	14266	329
5555	11843	270
15634	11463	134
15634	307	325
11754	9488	32
10891	22448	262
10891	15419	134
17881	18643	329
17881	1074	189
20161	9116	134
20161	7551	273
11240	24182	329
11240	24114	329
11375	17500	329
11375	17743	329
8122	2541	26
12717	9366	134
12717	10304	273
24134	15260	63
19647	23535	26
19647	4850	32
13697	19870	275
13697	19870	36
1240	6705	94
1240	18000	319
1240	19937	72
1240	6630	166
1240	348	121
22681	5184	134
22681	9366	134
18031	19926	283
2846	3748	273
19789	15750	262
19789	13566	262
19789	7902	134
13128	18413	349
7194	6709	262
7194	6709	319
7194	12338	205
7194	6630	166
7806	19956	32
16040	14769	72
9597	6140	24
9597	16701	147
414	19299	26
414	2504	26
185	5880	329
5436	22765	329
20363	3748	273
10228	6536	262
10228	6536	14
15913	19956	32
21862	6630	166
21717	4739	319
21717	13371	259
16276	10054	59
16276	12592	227
11866	23151	329
16830	7961	59
23009	8706	26
16290	7350	142
17860	17857	190
17860	20167	35
15795	17314	32
9949	7043	329
9949	7043	189
4	4697	121
17737	348	121
11195	12994	32
24590	14770	32
19238	19956	32
19238	19956	57
714	15425	32
10534	3748	273
18771	22259	334
9	1841	349
9	1841	208
9	1841	209
21783	23032	349
21783	6341	25
587	9077	319
170	3964	329
170	176	327
10803	19937	32
5370	16312	329
5370	23288	329
16813	12592	227
23440	23403	306
2527	16303	246
16376	19937	32
19917	23108	155
1117	23318	61
3068	596	32
21118	10606	134
20067	13563	232
1067	19956	32
11475	7518	32
13821	5061	329
73	4295	113
19248	19956	32
19248	7043	329
9479	12113	32
9479	19937	86
2758	9056	259
2758	5096	325
20306	11463	134
15823	1525	319
15823	7779	97
9594	16653	195
9594	16972	26
15391	10606	134
20836	11460	65
22389	10606	134
22389	4754	134
1817	1816	317
15810	15282	32
15810	23695	32
4429	8876	32
4429	16062	32
9662	19937	32
1572	3351	147
10833	3600	18
10833	3600	19
14772	10545	166
8386	1773	349
8386	1773	262
9890	22522	208
9890	22522	209
16580	24096	329
5583	19101	329
9872	12994	274
9133	2541	26
16496	5518	255
17536	18516	329
17536	15102	329
17536	23896	329
5182	6140	157
5182	16666	157
5182	10606	134
5182	6811	221
10873	19513	220
14224	7081	329
14224	7043	329
13765	6220	329
13765	2149	329
5749	23249	157
3606	12160	82
3606	13718	61
3606	13718	55
17996	7024	329
17522	7080	329
17522	7069	329
20918	17099	259
12851	5970	253
12851	3922	282
17266	4697	121
15963	7081	329
14610	15124	329
21511	6341	349
21511	11692	56
12923	9366	134
16301	16221	329
16545	20836	26
8281	17469	273
23958	13937	270
23958	941	270
23958	18872	270
23958	17133	271
8919	8134	32
8919	8134	86
3292	4943	23
7146	16062	274
21107	18815	94
21107	19996	66
1068	19956	32
1068	19956	32
23967	17356	157
13734	1074	329
13734	8135	329
13734	8135	329
13734	8135	329
24519	10544	134
21128	22892	97
21128	6630	166
5256	13348	32
7237	22649	259
14750	10054	59
14750	12592	227
16957	10054	59
16957	12592	227
15825	12592	227
20213	10054	59
20213	12592	227
24490	10054	59
24490	12592	227
22782	12592	227
13759	19722	32
10305	20756	188
8403	11221	94
8403	10342	68
8403	6630	166
8403	3061	262
4063	6630	166
4063	7329	166
4063	7542	306
3881	6630	166
1743	7048	329
5207	3225	7
7104	4386	273
576	9116	134
576	18262	273
576	15369	18
576	15369	19
1058	19956	32
17480	19660	230
11339	6630	166
11339	348	121
2970	11599	262
2970	5822	262
2970	8134	274
22388	3964	329
2974	19722	32
2974	19722	212
8847	20333	147
14244	22685	329
20183	20098	329
20278	19603	16
24193	3951	329
19393	23184	349
19393	1295	262
1118	8134	86
3703	23343	316
3703	3741	1
24328	6630	166
16806	15791	160
19398	2568	6
18083	19031	325
21906	6630	166
21322	15363	215
20664	13588	172
20753	18645	329
16518	8134	32
16518	8134	86
22137	14874	86
17071	17070	142
22654	13980	329
23092	7961	59
23743	8134	32
23743	8134	86
13919	15153	329
13919	11712	329
5159	8740	18
5159	8740	19
12949	5118	349
12949	5118	208
12949	5118	209
12949	17143	259
19458	6986	329
8309	8309	129
8309	9366	134
8309	9366	134
8309	14674	183
24430	19484	329
24430	18645	329
23838	7473	134
19865	9003	319
6036	10606	134
6036	5965	18
6036	5965	19
9972	10098	151
18992	20651	134
8076	18754	329
8646	14070	100
8646	7790	115
1063	8790	127
1063	19956	32
7920	17646	269
12571	1919	329
7191	9366	134
7191	3478	19
19521	16965	270
19521	11843	270
7170	17481	273
5949	17742	325
24569	24569	326
15855	8942	329
14178	15135	32
14178	20098	329
1321	22562	68
12578	10606	134
12578	17064	221
13892	6140	157
13892	16666	157
13892	10606	134
13892	12780	18
13892	12780	19
22673	7114	94
22673	22673	319
23480	23497	306
10828	8129	23
6773	7350	32
13425	434	329
2392	8134	86
19941	13090	320
1405	24151	259
24151	1405	325
16976	13935	151
9380	4006	329
21464	6630	166
21822	9116	134
18485	15427	329
21863	5443	205
11681	7004	189
11681	18665	189
9897	7071	329
12621	12802	208
12621	12802	209
12621	9366	134
12621	5184	134
21828	9366	134
21828	18432	134
11470	17199	32
8184	22146	319
17246	7664	317
17246	7702	86
17246	8134	86
17268	4738	103
12538	8134	72
17218	3748	273
9801	3055	262
18807	2352	32
18807	16965	270
18807	13937	270
18807	23633	270
18807	17785	270
18807	3776	271
18807	13426	271
11308	15263	32
4004	7961	59
23681	5184	134
23681	3748	273
6432	2388	127
626	486	329
8493	6941	259
19343	19956	32
22493	6986	329
16115	10606	134
3776	2926	63
3776	1394	23
5559	17239	304
10267	12940	32
1858	11742	255
1858	17272	263
10052	12994	184
4270	22984	1
6926	4697	121
18572	7991	154
4284	19937	32
21751	16057	144
21751	2855	144
3696	7178	94
21553	9366	134
11460	8134	32
425	42	64
425	15687	26
390	2504	26
17376	9366	134
21574	12994	147
21574	7473	134
21574	21228	18
21574	21636	18
21574	21636	19
1075	4934	329
21631	6630	166
21631	22168	180
7792	2737	262
7792	2737	14
21902	4908	18
21902	4908	19
15767	12994	147
15767	10606	134
10218	5529	319
10218	11202	56
10218	22892	97
10218	6630	166
5071	4695	142
3558	3768	142
3558	4695	142
7980	2389	127
13658	20094	329
20755	4006	329
20755	11712	189
14740	23633	270
14740	1394	23
20861	11955	319
20861	7329	166
20861	479	215
16094	17141	329
463	13887	284
7914	17196	221
20116	19722	32
3238	10054	59
3238	12592	227
4682	17680	319
9111	3289	327
23310	7081	329
23310	7067	329
23310	15126	329
7933	15344	334
7933	15344	334
7933	15344	334
7933	15344	334
7933	15344	334
11260	4632	212
1508	19956	32
7966	19920	72
7966	7710	155
16082	8942	329
20804	11752	329
20804	8135	329
24428	15153	329
24428	13980	329
24428	18645	329
15927	18646	329
15927	7053	329
15927	7055	329
15927	7010	329
1815	3230	32
21469	12943	319
22267	8134	32
21314	1574	319
17835	5786	121
14302	20310	32
12611	7776	32
6384	8678	329
6384	4966	329
138	19548	26
17133	22603	270
17133	2880	84
7933	15344	334
19240	19956	32
1217	19956	32
3577	266	293
14550	15237	238
10014	6311	254
77	7936	81
7063	2163	171
2137	836	59
5387	13272	32
5387	18646	329
5387	23289	329
7796	1436	32
4470	6649	183
18616	19937	32
5433	22667	86
14905	4697	121
14905	19798	325
19798	4697	121
19798	14905	259
6971	16887	147
6971	6653	273
7721	13304	32
7219	17199	32
7219	17199	212
7219	17199	321
5253	16	329
8440	7961	59
3632	7371	134
3632	13040	68
17898	10604	349
17898	13861	349
17898	12994	274
17898	4052	259
1178	19555	32
12081	4006	329
9916	19956	32
15305	18350	221
18166	22916	7
19013	486	329
19013	486	189
9698	24292	329
24440	7473	134
24440	17064	221
6629	23727	278
6629	3358	278
19552	8129	23
7545	393	245
7545	348	245
7545	7541	231
7545	6630	166
2094	8671	134
21841	6630	166
21572	19430	319
13942	436	329
13942	438	329
23540	7350	147
23540	17469	273
4430	18307	273
9183	8129	23
154	8134	147
154	9366	134
16569	18664	189
18817	7473	134
1676	3272	262
1676	10869	208
1676	10869	209
11456	15	329
11456	15	189
15976	21695	325
9793	20550	257
18523	8129	23
18523	8134	32
18523	8134	86
17998	7518	32
17998	21219	282
5142	1436	32
5655	19956	32
5655	18646	329
23720	12917	259
21801	6630	166
21801	22168	180
7469	24323	319
23094	18629	329
23094	7444	329
1840	10981	262
1840	1841	14
1840	10606	134
3821	15749	329
3821	22765	329
321	13050	297
321	3825	349
8728	1919	329
19614	434	329
21854	6630	166
21854	7524	259
4052	10604	349
4052	13861	349
4052	17898	325
4052	6952	325
2780	9366	134
10885	20583	175
5517	9930	32
5517	24114	329
22378	17469	273
22378	14724	18
22378	14724	19
21756	10606	134
3289	9111	255
20864	18682	329
20888	16666	157
20888	10606	134
84	7936	81
84	10991	81
84	5450	81
84	8214	81
3203	2332	273
9652	4336	262
9289	10063	329
15019	7350	147
15019	17293	134
10310	12994	147
5893	19956	32
21808	10606	134
18162	19920	32
18162	9480	270
11188	8678	329
11188	15153	329
5012	9366	134
5012	19906	18
5012	19906	19
22120	12994	86
15557	14945	32
118	4592	81
118	16443	81
118	3791	81
19459	13980	329
17726	10606	134
16977	16977	129
16977	16977	163
14129	10054	59
9768	21214	325
3000	6630	166
14881	6284	329
14881	23079	329
20752	15153	329
9350	6986	329
6498	10114	32
6498	10114	283
24001	4568	329
24001	12018	329
13498	12994	274
22964	10054	59
22964	12592	227
4926	5661	329
24240	10114	183
5116	348	121
16893	10054	59
23106	22616	329
23106	11467	329
20692	17199	147
20692	17356	157
24524	16887	32
24524	20651	134
1970	2109	329
3158	1143	154
6462	23079	329
10220	10342	68
18689	14945	283
9565	9366	134
22527	3011	273
18525	50	197
18525	8129	23
18525	8134	32
18525	8134	86
17186	7081	329
17186	18643	329
12573	17198	32
24279	5406	20
5574	3351	183
5574	2218	66
5574	15966	66
7974	19947	246
7974	9874	65
24568	18883	329
24568	14266	329
20716	2016	245
20716	20715	306
5053	16427	339
5059	7329	166
22624	4386	273
17247	8134	32
17247	8134	86
761	16303	32
18384	1331	252
5812	12006	32
5812	15124	329
5812	7057	329
21325	17577	319
11846	11130	145
11846	11130	183
9134	8827	329
21327	1574	319
21317	21141	14
21317	9366	134
16188	12943	319
16188	976	319
13744	15122	329
11241	6140	157
11241	377	273
6285	8129	23
4275	6419	227
2252	16341	112
1973	4633	283
7526	4268	319
7526	22892	97
21410	9116	134
21410	21482	18
21410	4618	18
21410	21482	19
21410	4618	19
18141	2270	105
18141	22912	7
6087	22395	349
6087	22395	262
6087	22395	208
6087	22395	209
12288	19722	32
14288	23750	7
14288	11812	255
21112	13612	349
21112	4364	144
11449	8134	32
11449	1074	189
1672	2876	262
2368	19937	32
24438	17196	221
20628	8134	72
11249	23151	329
11249	20038	329
26	2522	26
13820	8129	23
13820	8134	32
3146	16502	349
2284	10606	134
12810	13750	81
12810	13644	81
12810	14515	81
12810	18539	81
12810	4829	81
12810	13095	81
12810	23957	81
12810	13703	81
12810	11436	81
12810	24540	81
12810	17856	81
12810	6700	81
12810	5801	81
12810	5424	81
12810	6428	81
10827	8129	23
10827	8134	32
10827	8134	86
6419	20911	59
14600	22740	329
14600	452	329
14600	22740	329
2459	8135	329
6635	5855	23
18486	15427	329
12261	12994	147
3088	19133	329
3088	19133	189
1244	16846	262
24248	15516	329
14715	12169	32
7203	7239	329
4510	1436	147
15944	15	329
15944	8134	32
24580	19484	329
24580	8675	329
24580	22189	329
8702	22241	262
8702	22241	14
8702	5184	134
8702	678	273
4868	6580	208
4868	6580	209
4868	9366	134
9602	12994	32
9602	22904	7
22241	5184	134
22241	10606	134
22241	678	273
4983	20579	84
11954	19937	32
3538	19937	32
5407	6308	115
21509	23574	319
771	19943	26
8887	5184	134
8234	4697	121
6441	3012	262
6441	17690	262
6441	9366	134
11646	19555	32
11646	19556	238
11646	22913	7
13976	15	329
15290	23900	32
15290	2418	329
15290	12533	329
15063	7020	329
15063	7020	189
10586	14770	32
10586	4558	329
21626	8740	262
20681	23896	329
1845	2916	59
1385	20651	134
1385	2821	18
1385	2821	19
21231	7473	134
8374	9366	134
12225	9366	134
17807	12994	183
19912	20651	134
9987	10606	134
889	19937	72
889	6630	166
8522	12994	274
8522	15878	259
17452	9366	134
3890	22892	97
24261	7230	72
1107	24292	329
1107	8675	329
23692	23689	6
16880	7473	323
11243	3964	329
2229	4764	35
2229	2163	171
14570	15568	69
21570	1638	319
22599	10606	134
22133	7021	329
18321	4993	32
18321	3187	329
1975	18794	205
663	12994	147
663	20651	134
663	6140	157
2943	8134	274
20680	18666	329
20680	8134	32
23694	16471	319
1132	9049	32
6911	6936	6
6911	13414	259
16382	19937	32
6755	8134	32
1463	2218	106
19252	19956	32
21030	2405	325
11691	24559	32
16493	5353	18
16493	5353	19
6637	9366	134
12647	12006	32
12647	24559	86
12297	1700	262
24260	15955	329
17944	10054	59
17944	12592	227
17960	10054	59
17960	12592	227
5810	3527	329
5810	17140	329
11781	16666	157
11781	10606	134
11781	10606	134
11781	12372	18
11781	12372	19
23570	8129	23
23570	8134	86
10838	3788	23
22831	16428	273
14400	17569	349
14400	9366	134
13071	6137	14
13071	9116	134
13071	6494	273
7412	15248	6
7412	16725	349
7412	16725	208
7412	16725	209
7412	15419	134
19289	9366	134
22233	14083	32
22233	15	329
22233	8135	329
18738	13085	65
18738	10620	65
9204	18666	329
2924	13329	329
22266	18666	329
21993	19027	273
22134	20708	329
14820	20897	18
14820	5513	18
14820	20897	19
14820	5513	19
14820	24250	157
17715	4695	142
2463	13042	160
12512	10492	18
12512	10869	19
12512	10492	19
15532	4638	329
7723	8129	23
7723	8134	32
7723	8134	86
6458	6458	319
10407	22596	32
6413	9453	32
23573	4943	23
11782	22882	195
22573	17020	164
22573	7452	99
2300	11967	319
2300	19937	72
10364	7040	329
10364	7040	189
10364	1611	189
20486	9116	134
20486	3748	273
2639	18413	349
2639	18413	208
2639	18413	209
2639	5184	134
2639	7368	325
12866	20651	134
7941	20882	327
13630	8675	329
13630	3997	329
13630	3187	329
14519	8675	329
14470	8296	32
14470	13004	329
14470	19101	329
23738	8129	23
23738	8134	86
12167	12994	183
4939	20054	180
4078	5324	7
15531	12850	340
10071	17272	151
513	22232	349
513	20298	144
3280	9619	205
3280	6630	166
6561	9487	23
6561	8134	32
6720	8129	23
6720	8134	32
10400	24096	329
10400	18516	329
22403	7020	329
17511	12994	274
3339	4953	259
13650	8134	32
13650	22745	329
14862	7021	329
8999	19734	221
12414	916	329
12414	8633	329
12414	23079	329
23371	16040	18
23371	16040	19
18527	8134	32
12459	3239	329
5216	17141	329
4102	6630	166
20926	13854	262
23545	4268	262
23545	4268	349
23545	4268	319
12576	7239	329
21798	16481	319
21798	10419	319
3459	14721	144
8532	22904	7
3590	3587	190
3590	4764	35
3590	8977	92
3590	8977	91
10367	10606	134
8877	8177	319
8877	8134	72
70	19920	72
1683	743	227
18852	2493	26
22103	2309	32
11455	15	329
5648	8910	32
5648	8134	32
15577	10114	72
9683	7961	59
6817	22745	329
6817	10243	329
24166	24143	273
6749	4633	32
6749	4633	86
2567	7473	134
11245	23832	238
15227	10098	151
15227	17272	263
21285	9116	134
13183	18879	329
14822	1950	89
24	348	121
24	393	121
20568	23363	32
9657	9366	134
9657	22889	273
12736	10606	134
14189	22520	262
14189	3231	262
14189	9366	134
8705	24480	97
2927	6634	205
13701	7042	329
13701	7042	189
4610	20361	32
11842	7626	183
13622	4943	23
13622	8134	86
15525	17345	208
15525	17345	209
15525	5946	259
1780	10054	59
4956	19842	325
21855	24159	262
13618	17196	221
13618	14679	221
12857	4386	273
9741	8464	256
13522	9366	134
13522	22889	273
13880	24114	329
13880	20093	329
22420	17500	329
22145	12001	212
22145	12001	321
22145	12001	57
9967	5352	349
22849	1841	14
17117	13351	273
3252	4697	121
10390	1452	329
10390	4558	329
947	17277	270
947	4932	270
947	8660	270
947	17308	271
17260	6476	59
3375	15652	134
3375	20013	259
21945	2218	97
21945	2218	215
16985	22936	7
16985	19718	23
582	9366	134
1091	20054	134
1091	2268	105
1091	6308	105
203	3389	50
203	206	175
22941	4541	1
11759	6630	166
6181	16406	259
5757	17020	164
5757	7452	99
12276	6236	97
9185	15	189
24552	19956	32
24552	7060	329
24552	7045	329
24552	7014	329
290	2504	26
5419	24076	32
11	3214	349
11	9116	134
20937	10606	134
5842	20701	306
8622	24067	32
12197	19937	72
12197	19937	32
4447	10194	227
16912	17020	164
16912	7452	99
16912	24536	112
11744	14679	221
11744	13190	32
13414	9366	134
11153	20653	7
15835	20087	147
3087	9197	329
15793	467	349
15793	467	14
15793	16306	274
16344	18595	65
6447	1295	262
17711	3351	32
22583	10606	134
20313	6354	221
13585	16701	32
19267	4557	329
19174	18965	94
19174	18965	349
16867	4628	154
16867	2352	32
5368	24182	329
17856	18629	329
17856	17140	329
1778	7961	59
18846	7003	329
18846	5061	329
3166	7047	329
8394	5719	227
8394	801	112
3573	10098	263
3573	5544	263
19832	6138	134
2132	12994	32
10562	20799	127
10562	20799	329
16235	14770	32
16235	17625	329
19743	13141	325
2410	12994	147
2410	7473	134
2410	5184	134
14889	3902	66
2817	20651	134
2648	7961	59
10207	5416	349
10207	1999	208
10207	1999	209
10409	19926	32
2679	13090	32
13871	13090	283
13871	3755	196
9225	22930	7
9225	11672	255
21985	12041	94
21985	1296	205
17575	22921	7
20315	10054	59
20315	12592	227
4094	2887	263
15731	17469	273
11620	8134	183
15569	7862	160
11089	13090	32
11089	22870	282
16296	12067	32
10528	20139	297
10528	22557	346
10528	11930	346
10528	20142	169
5527	22915	7
5527	22921	7
7682	2270	7
8897	20654	32
1348	4712	32
1348	1898	329
19895	19937	274
22172	12592	227
11014	2490	26
23120	10054	59
23120	12592	227
5138	17886	339
8879	8134	274
6409	1606	282
9454	6630	166
9454	6422	273
9454	6613	325
6812	11467	329
18793	3351	160
5843	24480	233
7380	13591	163
16024	9366	134
16517	469	18
16517	469	19
11262	17064	221
11216	1880	54
14309	8134	32
14309	8134	212
14309	8134	321
8928	8129	23
7224	15718	32
7224	2833	281
7224	12994	32
8268	10606	134
8268	6335	273
4402	3538	144
4402	11353	144
24300	13877	262
10899	3571	329
11478	11527	306
11478	11544	306
11966	19937	32
11966	10381	329
9148	1436	32
21085	17293	134
5357	22448	262
12741	2352	32
12741	8091	257
21067	23237	93
21067	23237	20
24602	7078	189
21533	12994	183
1108	8134	283
9242	19937	32
9242	19937	147
20258	17020	164
20258	7452	99
20258	13503	112
5475	15678	20
5475	15678	94
5475	3444	319
2210	10054	59
2210	4886	112
2139	10054	59
2139	12592	227
2139	4886	112
3190	10054	59
3190	12592	227
3190	4886	112
2065	10054	59
2065	12592	227
2065	4886	112
12500	12499	259
12682	7961	59
12682	12683	112
20902	7702	147
20902	8134	147
20812	14223	329
20812	2155	329
23801	13050	297
23801	3825	349
23801	11956	144
6821	7961	59
6821	5719	227
6821	799	227
12683	7961	59
5289	18302	329
5289	17476	329
15031	7599	319
22253	9427	6
22253	15297	349
22253	1690	273
22181	20194	300
11877	7517	127
21675	7473	134
21436	5184	134
10666	475	273
4911	10054	59
4911	12592	227
4911	4886	112
4782	10054	59
4782	4886	112
5815	10054	59
5815	4886	112
17501	3733	142
2953	9059	262
2953	9366	134
24417	19956	32
10626	10606	134
10626	9366	134
8056	2824	32
2739	17356	157
2739	7473	134
8078	2418	329
3970	23006	273
1586	20150	147
12430	2429	329
11660	19956	32
11660	7035	329
7795	10054	59
7795	12592	227
7795	4886	112
8294	10054	59
8294	12592	227
8294	4886	112
8327	12592	227
8327	4886	112
3638	17293	134
13141	19743	259
20140	16310	93
20140	22070	134
20140	7371	134
17707	19943	26
20504	22727	325
1390	10604	349
1390	10604	262
1390	20651	134
22727	20504	259
10200	2036	329
10200	16221	329
5183	1961	115
22869	920	339
22869	8134	183
11984	9366	134
9499	10054	59
9499	12592	227
9499	4886	112
9295	10054	59
9295	12592	227
9295	4886	112
9243	10054	59
9243	12592	227
9243	4886	112
17363	7779	97
17363	6630	166
20465	4697	121
20465	9116	134
15265	2206	32
15265	19956	32
9303	10054	59
9303	699	112
4675	15209	14
4675	12994	274
17436	17640	270
14350	3748	273
22256	348	245
22256	23769	40
19925	9366	134
18257	23635	147
18257	10023	134
18257	2645	273
18257	23635	32
309	6011	349
19372	3748	273
9623	1452	329
9623	4560	329
4132	4131	280
23561	16198	221
14232	8134	72
14232	9366	134
14232	8134	183
22125	5816	221
3790	16198	221
3790	13937	270
11729	17196	221
11729	12994	283
11729	4060	106
14235	10054	59
14235	12592	227
14235	4886	112
14403	10054	59
14403	12592	227
14403	4886	112
15327	10054	59
15327	12592	227
15327	4886	112
16099	10054	59
16099	12592	227
16099	4886	112
13157	10054	59
13157	4886	112
15735	10054	59
15735	12592	227
15735	4886	112
15656	10054	59
15656	12592	227
15656	4886	112
15829	4886	112
16451	10054	59
16451	12592	227
16451	4886	112
16956	10054	59
16956	12592	227
16956	4886	112
16901	12592	227
16901	4886	112
17612	10054	59
17612	12592	227
17612	4886	112
19142	10054	59
19142	12592	227
19142	4886	112
20856	10054	59
20856	12592	227
20856	4886	112
22722	10054	59
22722	12592	227
22722	4886	112
22574	10054	59
22574	4886	112
22788	10054	59
22788	12592	227
710	10054	59
710	12592	227
3096	10054	59
3096	12592	227
18387	6630	166
2186	18814	94
2186	3831	319
2186	10766	319
770	19943	26
5145	3170	142
8625	16312	329
8625	15121	329
9539	3884	349
9539	18473	325
4776	10054	59
4776	12592	227
24488	12592	227
14425	8134	147
14425	9116	134
12671	9117	32
1652	7350	32
22641	18395	262
19536	13345	86
6433	10054	59
6433	12592	227
6538	12592	227
23674	20123	14
23674	9366	134
16881	12592	227
17322	10054	59
17900	10054	59
18467	10054	59
18467	12592	227
19539	12592	227
20027	10054	59
5354	9666	329
20499	10054	59
20499	12592	227
22526	7358	205
2822	17293	134
2822	9116	134
12632	23132	349
21872	13643	94
21872	13643	349
21872	18537	103
7501	10054	59
7501	6252	227
19959	348	245
19959	12397	72
19959	12397	40
21062	10606	134
11186	4632	275
11459	8134	32
12279	10054	59
12279	12592	227
21029	511	259
17950	10054	59
17950	4269	112
16368	10054	59
16368	4269	112
9020	19101	329
9020	15421	329
12788	10054	59
22571	10054	59
22571	4269	112
18712	10054	59
18712	4269	112
15597	18432	134
15597	15973	259
14840	13207	23
5201	20651	134
11237	3949	329
5851	22724	339
16455	4966	329
22809	8134	212
22809	8134	321
22809	22933	105
3079	4847	32
8665	7312	273
23753	7902	134
8461	20651	134
14834	10054	59
14834	3506	112
8738	10054	59
8738	4269	112
8480	17398	189
16747	2541	26
6582	11166	319
6582	18176	319
13284	10606	134
18124	8134	183
11158	19926	86
11158	4048	264
23591	7821	329
2197	6931	329
4750	19481	134
7354	23249	157
7354	4754	134
7354	20225	18
7354	20225	19
8009	6997	329
8108	7043	329
16788	19515	32
16788	24173	329
5277	17729	283
5277	17729	32
6644	7046	329
5155	17074	329
22523	3113	134
16928	23143	273
4058	16303	72
5396	16303	72
17342	7961	59
21392	5287	66
21392	5287	97
15253	16303	72
4654	16303	72
21917	6630	166
21917	2218	66
21762	348	121
12989	3342	32
12989	3342	147
12989	3748	273
12989	13883	18
12989	13883	19
12989	3342	32
13987	5569	254
9368	17020	164
9368	7452	99
24540	4974	329
24540	7010	329
2022	4798	349
16758	9355	7
16758	6308	115
8965	18927	270
8965	4042	270
8965	11843	270
4988	1157	18
4988	1157	19
23912	22369	262
23912	9116	134
20540	6556	18
20540	6556	19
12114	4386	273
18912	10747	310
18912	10747	311
842	5121	157
6371	22657	262
12332	4697	121
12332	22657	262
12332	22328	259
1092	16551	349
1872	9366	134
1872	15195	18
1872	15195	19
9393	2446	183
22535	22535	24
22535	22535	24
22535	22535	24
22535	6943	18
22535	6943	19
21286	11773	20
21286	10545	166
20646	10054	59
20646	4269	112
6943	22535	18
6943	22535	19
24093	6138	134
24093	12895	259
16419	3041	329
16419	3527	329
16419	22741	329
14825	8990	319
24418	19956	32
24418	7039	329
24418	7039	189
18580	8082	319
18696	10606	134
10767	15427	329
18509	17020	164
18509	7452	99
9431	20167	35
1282	16683	275
11443	3187	329
22240	23773	329
7652	1291	275
11633	7830	329
12201	19937	32
12789	10054	59
12789	9676	227
3219	5816	221
15061	10054	59
10625	17418	127
640	2350	32
1663	10054	59
5720	6630	166
21036	348	245
23177	19956	147
23177	7473	134
24305	7056	329
3655	10054	59
1470	19956	32
1470	23249	157
1470	23249	221
20384	3452	6
15635	16666	157
2433	22790	32
2433	22790	212
2433	22790	321
2433	22790	283
2433	22790	57
20242	22790	32
20242	22790	212
20242	22790	321
20242	22790	283
20242	22790	57
20242	22790	86
23270	7059	329
23270	7038	329
16051	17284	273
16228	6630	166
16228	348	121
20538	10114	32
20538	13428	18
20538	15662	18
20538	13428	19
20538	15662	19
11832	16063	18
11832	16063	19
20529	20978	151
1824	23900	86
1824	18465	329
14937	9366	134
14937	13351	273
9505	19101	329
9505	3337	329
9962	14945	32
9962	23295	281
5587	11046	129
5264	13090	32
5264	13090	283
23018	14775	102
23018	18770	127
23018	19956	32
10419	24136	86
21243	2848	9
21243	19572	297
13156	20605	129
12232	6630	166
30	1847	287
30	1847	288
15621	3380	6
15621	13791	262
11867	17736	329
11867	8866	329
14662	8134	72
14662	14662	99
17287	10054	59
18407	18664	329
18657	19481	134
11024	20492	329
11024	15427	329
10365	8144	32
17880	5569	254
17880	11656	127
9163	9116	134
14270	3614	183
11811	13532	329
6287	8134	212
6287	8134	321
19828	11236	208
19828	11236	209
19828	22522	208
19828	1206	325
533	13053	325
6298	12561	14
12911	10606	134
18964	15696	32
17306	20911	59
18473	9539	259
1642	18372	154
7427	15568	69
20274	2174	329
21466	9883	6
8449	7821	329
15479	3342	32
15479	16100	32
6663	20911	59
11392	20911	59
20253	8706	26
16418	8134	32
16418	8135	329
4292	2178	319
4292	4292	319
4292	14945	183
4292	348	121
22456	23184	349
22456	23614	259
20491	21787	6
10328	5569	254
10328	20081	127
13460	19956	32
10937	12994	86
23266	7043	329
12068	19937	32
14928	17199	32
14928	16273	165
14928	17361	32
7597	15749	329
1049	7043	329
12997	4607	319
12997	19265	205
17365	6630	166
5381	19133	329
2732	8134	32
2732	8134	283
12724	4697	121
12724	9438	349
14682	393	121
2628	8653	93
2628	15568	69
2628	20638	69
13307	22907	7
17426	4718	6
20117	19956	32
19852	19937	32
20623	12994	86
9931	19956	32
9931	2206	32
16682	15319	329
16682	19101	329
13213	2490	26
13213	15687	26
14196	22790	160
15973	7473	134
15973	15597	325
17430	22222	319
13664	3400	329
10699	11794	18
10699	11794	19
12369	22889	273
18739	22724	339
21567	18152	262
21901	6630	166
21901	17646	269
13678	22921	7
13678	5816	264
13678	8091	257
8399	18617	319
15632	17469	273
21938	16550	319
21938	3351	183
13886	20911	59
7156	7156	20
7156	3714	346
7156	7156	111
20981	19484	329
20981	15153	329
1665	10054	59
11304	18096	32
1711	12592	227
1853	10054	59
1853	12592	227
2044	10054	59
2044	12592	227
20524	957	262
7629	3846	329
17308	17276	270
17308	23633	270
1624	17293	134
1624	20474	273
6345	2618	273
7144	13867	262
7148	17469	273
16406	6181	325
4194	19360	329
11631	7011	329
11631	7043	329
23708	2618	273
6577	23249	157
22248	2352	32
22248	18870	329
15045	9366	134
4332	18881	329
4332	18870	329
4332	19133	329
4332	3697	329
23296	541	259
541	23296	325
2545	5012	262
18645	19445	50
21132	972	262
21064	10606	134
12929	7473	134
12929	475	273
23058	9820	205
23058	3847	144
23378	7020	189
23378	7014	189
9326	12994	183
11473	2382	32
11473	17199	32
3844	13690	232
2360	10098	263
5760	23039	189
21916	18436	319
21916	6630	166
15554	19920	32
15554	18302	329
13137	3748	273
1072	19956	32
16471	22931	7
19511	14945	32
19537	15749	329
19537	19101	329
19537	12452	189
5882	7043	329
15047	22004	259
12708	3360	319
12708	3351	183
7496	4764	35
7496	10384	279
24184	4841	221
24420	14586	32
7807	8675	329
22063	6630	166
22063	17061	269
18079	23547	147
2838	20081	127
23311	7043	329
22004	12994	274
22004	15047	325
2133	7918	32
2133	12516	32
24311	7043	329
1065	7043	329
12583	8675	329
7183	10117	329
23876	10606	134
13589	20418	329
43	2510	26
43	19145	26
2396	9366	134
2004	7473	134
2004	20651	134
16618	10606	134
16618	23249	221
15091	3527	329
21018	22413	262
21018	9366	134
21018	22889	273
5240	24076	32
11882	24173	329
16443	18466	329
16443	3400	329
2285	16597	14
12832	5887	81
12832	23290	81
12832	3722	81
12832	3107	81
12832	19274	81
12832	5881	81
12832	15879	81
12832	13495	81
12832	16234	81
12832	17535	81
12832	12014	81
12832	19248	81
12832	1413	81
12832	19247	81
12832	5890	81
12832	7290	81
20516	24347	262
19568	4042	270
19568	17239	141
5250	9110	327
18347	7473	134
9240	2522	26
9905	6997	329
9905	6997	329
1513	7043	329
24308	7043	329
22586	17020	164
22586	7452	99
13996	3351	32
9570	22520	262
9570	9059	262
9570	9366	134
9570	7902	134
1507	7043	329
1507	7043	329
1507	7036	329
4089	2532	26
4089	14769	23
5886	12218	329
22570	20651	134
22142	6140	157
22142	19018	18
22142	19018	19
4398	9366	134
23047	19956	32
5658	12994	145
5658	12994	183
18054	17476	329
18575	5855	23
24036	3964	329
13970	7048	329
13970	7021	329
20030	704	134
20030	15568	69
20776	19873	273
1316	9366	134
1316	7902	134
6212	13090	32
10693	18466	329
10105	18646	329
10105	18646	329
16241	12696	32
16241	17064	221
20939	8548	270
9273	22870	282
8241	7066	329
8241	7026	329
19257	7038	329
2686	13090	147
12102	18644	329
12102	7010	329
20985	17020	164
20985	7452	99
18494	23723	32
18494	23723	32
1324	13090	32
1324	13090	86
1324	13090	283
15924	7006	329
16185	3598	327
16185	18858	255
14895	20098	329
14445	18385	329
8008	7007	329
14110	2290	263
11125	20730	349
11125	21141	208
11125	21141	209
6445	6278	6
13608	3554	329
13608	19970	329
6200	7033	329
17341	17020	164
17341	7452	99
17341	7113	227
17734	20651	134
11559	11562	306
21746	23543	256
21746	15363	215
10110	19871	205
697	17020	164
697	7452	99
4215	16120	15
2809	3063	262
2809	8111	274
22082	4697	121
22082	16037	259
7359	6630	166
19728	4697	121
19728	3063	262
19728	8111	274
16037	4697	121
16037	22082	325
24315	18646	329
9226	12994	147
3248	6630	166
3928	17020	164
3928	7452	99
3928	16065	112
3928	6671	112
16366	10054	59
13563	20067	54
374	2510	26
2405	10700	262
2405	21030	259
4699	17020	164
4699	7452	99
4699	6671	112
19242	19956	32
17446	3747	273
2361	10098	263
17637	514	32
5616	17020	164
5616	7452	99
5616	16065	112
5616	6671	112
5616	5614	135
19034	17020	164
20532	17020	164
20532	7452	99
10150	8111	147
10150	9116	134
5619	17020	164
5619	7452	99
5619	16065	112
5619	6671	112
5619	5614	135
5617	17020	164
5617	7452	99
5617	16065	112
5617	6671	112
5617	5614	135
5620	17020	164
5620	7452	99
5620	6671	112
5620	5614	135
6081	17020	164
6081	7452	99
6081	6671	112
6082	17020	164
6082	7452	99
6082	16065	112
6082	6671	112
1377	7715	329
1377	4457	329
23324	17194	263
23324	3567	231
18562	1874	270
18562	13937	270
16969	17020	164
16969	7452	99
16969	16065	112
16969	6671	112
6694	17020	164
6694	7452	99
6694	16065	112
6694	6671	112
6693	17020	164
6693	7452	99
6693	16065	112
6693	6671	112
19031	18083	259
19031	5666	325
8436	17020	164
8436	7452	99
8436	16065	112
8436	6671	112
8434	17020	164
8434	7452	99
8434	6671	112
8546	17020	164
8546	7452	99
8546	16065	112
8546	6671	112
20437	8134	147
10323	5858	339
14590	22271	319
14590	19956	72
14590	6630	166
6382	7473	221
12300	17020	164
12300	7452	99
12300	16065	112
12300	6671	112
2412	1680	32
12591	17020	164
12591	7452	99
12591	16065	112
12591	6671	112
21088	10680	319
21088	17257	103
21852	18495	262
13562	13431	281
18857	2513	26
18857	22525	26
21007	9366	134
14066	17020	164
14066	7452	99
14066	16065	112
14066	6671	112
9496	16174	208
9496	16174	209
14542	17020	164
14542	7452	99
14542	16065	112
14542	6671	112
20469	22902	7
4587	10054	59
4587	4588	112
15857	22922	7
17150	12979	263
15847	17020	164
15847	7452	99
15847	16065	112
15847	6671	112
15848	17020	164
15848	16065	112
15848	6671	112
15849	17020	164
15849	7452	99
15849	16065	112
15849	6671	112
15859	17020	164
15859	7452	99
15859	16065	112
15859	6671	112
15860	17020	164
15860	7452	99
15860	16065	112
15860	6671	112
15982	17020	164
15982	7452	99
15982	16065	112
15983	7452	99
15983	16065	112
15983	6671	112
15984	17020	164
15984	7452	99
15984	16065	112
15984	6671	112
10866	15425	32
24421	19956	32
1037	4632	212
932	9116	134
4253	4697	121
18261	4697	121
6098	23560	262
6098	13972	319
6098	18408	56
6098	2029	97
6098	6630	166
6497	2748	329
6497	7404	329
6497	7084	329
6497	983	329
15665	4688	186
15665	8134	32
18983	14770	32
9268	836	59
2794	14964	319
8066	2513	26
8066	2713	86
2769	9366	134
16559	23288	329
11707	8134	32
23224	17702	24
23224	3879	273
24564	2082	329
5448	14266	329
6673	17020	164
6673	16065	112
6673	6671	112
22220	20028	147
72	14223	329
1750	15250	115
1750	6000	154
1750	10597	154
9530	6630	166
15985	17020	164
15985	7452	99
15985	16065	112
15985	6671	112
2115	348	121
5573	13789	262
19990	9366	134
15986	17020	164
15986	7452	99
15986	16065	112
15986	6671	112
15987	17020	164
15987	7452	99
15987	16065	112
15987	6671	112
7987	20235	319
7987	15220	205
7987	6630	166
7987	10545	166
12871	23574	262
12871	23574	319
12871	16853	56
12871	22892	97
18923	3115	72
2642	6630	166
2642	3922	282
14427	17743	329
14427	19970	329
18201	19093	221
17995	8134	32
17995	8134	86
8476	486	329
751	17476	329
6783	3747	273
13078	20581	284
8540	15427	329
6107	15568	69
14171	16525	232
21167	3879	273
18322	14770	32
16898	17020	164
16898	7452	99
16898	16065	112
16899	17020	164
16899	7452	99
17023	17020	164
17023	7452	99
17023	16065	112
23376	14586	32
23376	7048	329
23376	7054	329
1349	7050	329
1349	7030	329
6522	12237	329
9193	14586	32
9193	18646	329
17908	17020	164
17908	7452	99
17908	16065	112
17908	6671	112
3095	1555	136
19014	7078	329
19014	7078	189
3160	19956	32
18981	17020	164
18981	7452	99
18981	16065	112
9994	10798	262
23024	941	270
10993	2352	32
19229	17020	164
19229	7452	99
19229	16065	112
5304	17221	32
5304	7077	329
5304	7444	329
5304	7077	189
4522	17779	58
4522	17779	201
4522	17779	202
7906	20651	134
1233	7011	329
1233	7011	329
1233	22679	329
3927	17020	164
3927	16065	112
3927	6671	112
6404	22870	282
4068	4457	329
4068	9483	329
16709	15798	329
2173	14958	339
7369	17199	32
24419	7054	329
24419	7054	329
19241	19956	32
843	2206	32
843	19956	32
1069	19956	32
20112	17020	164
20112	7452	99
20112	16065	112
20112	20111	135
20113	17020	164
20113	7452	99
20113	16065	112
20113	6671	112
18851	7555	329
14418	3981	276
20114	7452	99
20114	6671	112
20114	20111	135
20115	17020	164
20115	7452	99
20115	16065	112
20115	6671	112
20115	20111	135
20210	17020	164
20210	7452	99
20210	16065	112
20210	6671	112
22575	17020	164
22575	7452	99
22575	16065	112
22575	6671	112
3119	4947	310
3959	8581	307
3367	19927	275
3367	8581	307
6068	8581	307
14793	8581	307
6157	8581	307
7907	8581	307
12879	2441	307
22580	7452	99
22580	16065	112
22580	6671	112
22578	17020	164
22578	7452	99
22578	16065	112
22578	6671	112
22579	17020	164
22579	7452	99
22372	19927	275
22372	24061	339
24125	8581	307
11219	7896	275
86	14223	329
2587	20998	205
5952	2876	349
5952	7238	349
5952	9575	262
5952	7238	208
5952	7238	209
5952	2545	6
1509	19956	32
19868	10606	134
1345	20605	262
1345	18152	262
1345	20605	208
1345	20605	209
1345	13156	273
4421	10054	59
4421	4420	135
5748	10054	59
5748	12592	227
17425	1704	349
17425	1704	262
17425	1856	273
9894	7007	329
23206	19956	32
23206	6997	329
19867	10606	134
19867	17469	273
5883	6997	329
5883	7002	329
5883	15103	329
23268	16290	329
6339	19956	32
6677	10054	59
6677	12592	227
6828	10054	59
6828	12592	227
12138	10054	59
12138	12592	227
13023	10054	59
13023	12592	227
14236	10054	59
14404	10054	59
20103	13579	112
19245	7041	189
9510	3528	189
1416	7075	329
15920	19956	32
15920	7020	329
15920	18646	329
15920	12981	329
15921	18646	329
15921	18646	329
15921	18644	329
15921	18646	189
6388	22881	105
16997	6140	24
3209	10054	59
22249	10054	59
22249	20262	112
22602	10054	59
22602	12592	227
22602	17952	112
2375	10098	298
3913	6630	166
18235	5855	23
11791	19555	32
11791	7031	329
1362	10054	59
1362	12592	227
9304	10054	59
9304	12592	227
6727	10054	59
6727	12592	227
9871	10054	59
9871	12592	227
10124	10054	59
14161	12592	227
9415	10054	59
9415	12592	227
7695	17558	6
7695	9116	134
744	17020	164
744	7452	99
4583	7452	99
4948	17020	164
4948	7452	99
23091	19956	212
24210	17020	164
24210	7452	99
8788	19722	185
8788	19722	72
10583	22284	329
2966	17020	164
2966	7452	99
2966	2966	30
12593	17020	164
12593	7452	99
12593	12593	30
5244	1452	329
5244	22284	329
17082	17020	164
17082	7452	99
17082	17082	30
20900	17020	164
20900	7452	99
20900	20900	30
2162	16174	208
11566	22885	41
12358	17020	164
12358	7452	99
12358	12358	30
10845	17298	221
9068	22897	7
7460	7824	122
16607	16701	32
16607	2084	329
4671	10606	134
17339	7961	59
3401	16303	32
14502	19956	86
14502	19956	32
21584	12843	273
5719	7961	59
799	7961	59
16906	7961	59
19638	7961	59
24214	7961	59
12884	7961	59
18821	6627	329
21879	6630	166
6920	13049	6
6920	9366	134
1149	7043	329
1149	7062	329
1149	7062	189
19160	16750	94
6874	1436	32
14975	2016	245
22817	9366	134
22817	10606	134
14431	1611	329
15786	8678	329
15788	2109	329
2635	10054	59
2635	12592	227
15962	22938	7
15962	2002	257
21978	5545	97
21978	348	121
18371	19956	32
18371	7053	329
18371	7010	189
6840	7961	59
6840	17339	227
11610	12994	274
11610	581	325
23210	18644	329
9747	13955	259
23025	2036	329
1359	5880	329
10046	13549	32
1763	7043	189
6802	3450	32
16070	16417	246
16070	7708	246
13533	13532	330
18824	7555	329
15548	11435	327
11635	8134	72
9824	11610	6
5175	16666	221
23594	17933	6
20004	10054	59
13905	6216	280
19097	15464	319
12570	2083	329
12570	22284	329
23046	19956	32
13748	6856	23
13748	1393	23
13748	24163	23
13748	16351	86
15651	19523	14
15651	20651	134
24195	805	115
497	2016	245
1811	23095	28
1811	23095	46
10264	19956	32
19237	19956	32
14067	19956	32
29	2515	26
5863	6630	166
3907	6630	166
20369	10920	68
20369	964	262
20685	16377	24
20685	19937	147
20685	11463	134
20685	12843	273
2996	6630	166
5508	22113	94
359	5445	94
20324	5184	134
13231	9394	329
13231	18635	329
18323	3530	329
18323	4784	329
21402	18018	319
10529	7350	32
10529	23015	329
2266	7961	59
20701	5842	306
24603	7073	329
24603	7082	189
15022	22657	262
19217	6630	166
19217	22168	180
22138	6998	189
18854	15274	23
11808	2714	32
11808	2714	86
9859	15046	325
19231	11752	329
15157	16303	32
11485	348	245
11485	19937	185
11485	19937	72
1677	9116	134
10392	8678	329
10392	7077	329
21780	15419	134
1968	7015	329
1968	6999	329
16695	19780	134
17630	10063	329
1969	19956	32
20262	10054	59
20262	12592	227
4711	20651	134
14014	23638	189
24238	7556	329
14606	10114	72
19277	19956	32
19277	18644	329
19277	7062	329
19277	18646	189
20678	7064	175
4521	20028	184
4521	23635	184
15171	5752	319
17192	17199	32
6594	348	245
6594	6630	166
6594	815	40
5565	20295	262
906	7071	329
7440	2155	329
14726	7961	59
14726	22638	112
23077	7961	59
17927	16725	14
6833	14296	255
17870	14679	221
20386	7961	59
4643	7961	59
21191	13360	269
6984	12522	254
15978	13186	349
20057	16221	329
22651	6652	134
9825	5530	6
22435	2418	329
22435	2418	329
8130	19956	32
21845	19481	134
19866	10606	134
21377	4750	14
21377	9885	325
5793	434	329
5793	18635	329
2045	10054	59
5915	10606	134
5915	9116	134
1383	10054	59
1383	12592	227
1070	6997	329
1070	7059	329
3303	3964	329
3303	7140	329
5146	10054	59
7894	10054	59
14175	10054	59
14175	12592	227
11760	10054	59
11760	12592	227
17031	12592	227
16681	12592	227
24527	10054	59
24527	12592	227
2157	10054	59
14821	17272	151
15311	2109	329
15311	5661	329
15311	4784	189
3837	9256	94
3837	9256	262
3837	13972	319
21658	4386	273
1044	10113	189
9957	19956	32
13113	20651	134
21614	14284	262
17457	14945	184
19029	8134	72
19029	5332	53
10432	22931	7
16988	10054	59
16988	16989	112
75	4295	113
75	4295	116
4053	7473	134
21131	18212	94
21131	18212	262
21131	1300	66
11737	14335	262
11737	4352	134
13651	13348	32
13651	11712	329
13651	15140	329
18585	7012	329
4918	22264	32
4918	482	329
4918	16917	329
4918	18385	329
24011	14986	32
24011	5816	221
6744	7444	189
18220	12994	32
5891	15756	32
1822	23864	329
15222	23832	238
13133	14380	349
13133	14380	262
909	19956	32
909	7045	329
15619	6630	166
11018	2418	329
11018	24173	329
13243	24173	329
11841	12043	262
11841	17469	273
9291	20023	66
9291	20023	66
9291	14783	66
16542	17199	32
16542	9978	7
16542	730	23
6683	6681	258
15934	19956	32
15934	19956	212
15934	19956	321
15934	8816	283
7677	8134	32
7677	8134	86
10761	13090	183
10761	2352	183
18332	9319	329
1900	7044	329
9981	5786	121
5128	14663	349
5128	14663	262
5128	13922	262
5128	12843	273
11497	4353	265
7410	3351	268
689	17020	164
689	7452	99
13062	17020	164
13062	7452	99
13062	23987	31
11028	17730	127
14041	22745	329
21098	22892	97
21319	22892	97
18023	10062	336
23202	3351	32
3107	7075	329
3107	7071	329
10842	9598	32
11314	3557	329
11314	17501	329
11322	5071	329
11322	9696	329
3793	23943	18
3793	23943	19
24168	11469	329
17498	11469	329
13246	18466	329
13246	6284	329
130	16882	246
130	20719	65
18149	17272	151
21983	22534	14
11296	3055	262
11296	9575	262
11296	11139	262
11296	22392	262
11296	7238	14
13063	17020	164
13063	7452	99
13064	17020	164
13064	7452	99
6367	18095	329
6367	4966	329
6367	2036	329
13256	17020	164
13256	7452	99
14396	10054	59
14396	12592	227
14396	6117	112
14396	6118	112
22977	10054	59
22977	6117	112
22977	6118	112
21099	16534	319
21099	7561	205
13257	17020	164
13257	7452	99
9232	13090	86
9232	13090	283
9232	13092	7
19228	23969	94
19228	6630	166
1925	15153	189
8623	3964	329
19764	6634	205
19764	962	103
11409	9554	349
11409	9554	208
11409	9554	209
23712	11938	319
997	12994	32
8405	6121	319
21130	20227	319
15715	19711	285
1361	9366	134
17372	13522	6
17372	22889	273
3309	3868	32
4814	23015	329
13258	17020	164
13258	7452	99
13259	17020	164
13259	7452	99
13260	17020	164
13260	7452	99
17842	18302	329
17842	10113	329
21450	15269	262
21450	6630	166
1512	7074	329
20566	15123	329
20240	14679	221
20240	12994	32
13261	17020	164
13261	7452	99
21796	5055	68
21796	5055	262
21796	5055	14
21796	15326	134
21796	6630	166
13262	17020	164
13262	7452	99
23141	6546	151
15294	8304	32
24385	12878	208
24385	12878	209
24501	23151	329
19362	704	134
24409	14654	319
2398	3748	273
446	233	293
9464	17592	94
9464	17592	319
9464	6630	166
13005	6634	205
9533	10046	14
16769	23039	329
16769	6626	329
12034	4237	14
6850	7242	227
931	19171	142
2450	22787	184
21817	23560	262
21817	2029	97
21817	6630	166
12740	12994	86
4833	4697	121
4833	15614	259
16908	10054	59
16908	12592	227
1156	24076	147
1156	7473	134
21536	19990	349
21536	19990	262
21536	19990	208
21536	19990	209
21536	9366	134
21536	9366	134
16714	20800	62
16714	11845	62
16714	20799	62
15614	3747	273
15614	4833	325
14197	19722	276
14197	22790	276
2590	2152	166
6674	17020	164
6674	7452	99
6674	16065	112
6674	6671	112
16500	15687	26
16500	19943	26
23374	12166	32
23374	7404	329
5999	11472	349
5999	9366	134
5999	3747	273
4618	20927	273
1490	10114	72
7977	12474	212
19251	7061	329
20127	19299	26
19022	6630	166
11367	7473	134
7992	17272	151
19508	12444	205
19508	9807	205
18143	18785	58
18143	22975	58
18143	2364	58
18143	2364	287
14759	4697	193
15488	16917	329
15488	10243	329
8388	12878	208
8388	12878	209
10819	6627	329
9893	18644	329
6479	20475	329
9439	5184	134
6393	12364	32
13316	23147	58
12960	9833	349
7096	20492	329
7096	10243	329
9062	18241	65
59	9062	161
59	18241	65
15324	23151	329
12620	12558	94
12620	12558	262
12620	8065	349
12620	8065	205
6144	17020	164
6144	7452	99
21254	22168	134
21937	13843	94
415	17199	72
415	13346	26
6293	19777	238
1936	15749	329
1936	6626	329
1185	7048	329
1185	7404	329
13615	7429	127
5846	9116	134
207	20492	329
207	15443	50
207	206	254
7361	7528	259
19176	5588	329
5101	5342	58
1972	6996	329
13462	7017	329
12714	12516	147
12723	11227	349
24529	15123	329
10042	19937	72
10042	12115	166
10042	15086	215
14555	18977	58
10354	12994	86
13168	451	329
16909	7961	59
16909	5719	227
16909	799	227
3037	6634	205
6656	18769	325
13601	836	59
17483	2016	245
10320	348	121
3819	18630	329
14738	5408	14
14738	10606	134
14250	10054	59
17757	5571	23
14206	4764	35
14206	7726	92
14206	7726	91
17188	21777	325
18805	12474	212
18805	12474	321
18805	4356	282
21087	1248	325
209	8134	72
209	9411	183
209	9410	183
209	8134	183
1054	19956	32
19285	6652	99
17671	14039	32
3111	16258	335
21777	17188	259
18250	8134	32
11915	10114	72
16724	1595	52
7528	7361	325
4479	23635	32
15154	7329	166
15154	479	215
4752	16303	32
4752	17064	221
13855	5639	329
20432	2085	329
1623	2016	245
19881	1680	86
782	14770	32
9665	10054	59
9665	4417	112
23234	19722	86
12548	11469	329
19021	4739	319
19021	12829	262
4106	12994	86
10893	6140	157
10893	9116	134
20728	10606	134
24030	13980	329
7399	10606	134
12582	19956	32
12582	7473	134
19891	17020	164
19891	7452	99
22604	17020	164
22604	7452	99
11169	7350	32
5415	15626	23
5415	15238	23
5081	6138	134
5081	14679	221
5657	2085	329
21912	17272	151
19630	10606	134
8525	13351	273
9074	19143	26
6924	4697	121
6924	13090	274
10537	7350	32
10537	23015	329
22092	3748	273
4164	7518	147
16973	9117	160
10805	9117	160
7649	6798	32
1303	17020	164
1303	7452	99
8482	2418	329
22047	17020	164
22047	7452	99
22047	22047	30
6695	17020	164
6695	7452	99
6695	6695	30
6827	17020	164
6827	7452	99
15609	4697	121
5819	17020	164
5819	7452	99
5819	5819	30
6607	22685	329
2825	15869	259
6826	17020	164
6826	7452	99
5114	17020	164
5114	5114	30
10540	7350	32
9088	11863	349
9345	10600	94
9345	10600	349
8695	6140	157
8695	818	134
9933	16299	329
9933	5734	329
22283	10023	134
22283	17449	18
22283	17449	19
14742	22931	33
14742	22856	33
20002	7452	99
20003	17020	164
20003	7452	99
17396	3748	273
22121	15595	197
23211	7074	189
23215	12218	329
10864	24173	329
11983	22657	262
14693	4712	32
14693	20098	329
14693	7044	329
22473	9366	134
4761	4707	163
752	9366	134
10359	17020	164
10359	7452	99
10359	10359	30
15989	17020	164
15989	7452	99
15989	15989	30
18583	17020	164
3468	18432	134
12460	22892	97
11440	8678	329
21077	1910	262
21077	17469	273
19969	23347	6
19969	12922	259
1263	7473	134
1263	10606	134
16704	16703	32
22064	10606	134
8019	4943	23
1793	17606	319
16937	11466	329
16937	3193	329
22510	20167	35
6613	6421	14
6613	6422	273
6613	9454	259
11224	22911	7
2859	3964	329
2859	24173	329
2859	20492	189
15483	4824	329
1884	17670	262
1884	9366	134
1860	7042	329
23366	17020	164
23366	7452	99
5133	17747	298
5133	9092	298
5666	19031	259
400	404	306
8937	17361	32
10852	4568	329
3750	3751	227
23364	17020	164
23364	7452	99
7846	2397	32
22826	10606	134
20196	10243	329
19161	13634	325
6899	16198	221
16530	18385	329
10215	7329	166
10215	479	53
10215	348	121
20474	9116	134
11351	12257	283
11351	3115	283
11351	3115	212
11351	6811	115
5196	17736	329
5196	17744	329
5196	22765	329
5196	10113	329
14441	22765	329
1892	12385	32
1892	22765	329
19264	2397	32
20399	276	293
13605	19956	32
10461	4467	32
1751	14945	147
6569	22411	32
13977	18646	329
21623	5184	134
20348	12994	274
10634	4712	32
13571	16299	329
13571	10113	329
20574	10054	59
20574	12592	227
6570	3556	329
2682	5791	86
2682	6416	139
18620	7307	26
4929	14655	329
8819	2834	94
8819	9968	205
19170	6121	319
19170	12767	319
19170	6630	166
15804	24584	262
15804	24584	262
18119	19956	32
1306	23122	93
1306	23122	215
1306	1425	259
6374	17500	329
6374	17501	329
6374	9696	329
6374	19970	329
11256	14556	32
11180	19970	329
19844	21610	18
19844	21610	19
6703	15749	329
15011	8660	270
15011	3596	84
8212	2397	184
17530	17715	329
17530	7014	329
11450	8134	32
18517	17196	221
10627	15671	32
15086	348	245
8178	4697	121
8178	7910	259
2346	7473	134
2346	17469	273
7323	6630	166
21192	12739	20
21192	6630	166
14815	9366	134
3816	10063	189
20454	9366	134
4949	10901	136
6380	3553	329
2632	17469	273
8975	9366	134
1145	693	157
3169	22765	329
3169	2082	329
3169	17715	329
3169	18649	329
9991	11112	349
9991	16892	273
12935	6630	166
17197	17197	255
22214	7452	99
6672	17020	164
6672	7452	99
6672	16065	112
10281	17743	329
10281	3556	329
968	3949	329
968	3949	189
13245	4815	147
13245	7473	134
13245	13245	18
13245	8735	18
13245	13245	19
13245	8735	19
13682	7961	59
16673	10054	59
16673	12592	227
10192	10054	59
10192	12592	227
3889	12994	147
15137	17743	329
15137	22765	329
15137	3556	329
13816	12607	32
20006	10054	59
20006	12592	227
2244	14873	160
2244	6271	334
9673	10054	59
9673	12592	227
15587	20654	32
11921	2270	105
18442	16954	86
18628	9366	134
18628	13354	273
18628	23821	259
8140	13090	86
15511	8692	283
15511	22904	7
14718	10114	32
3009	16540	319
3009	18233	56
12032	3497	262
12032	5983	25
12032	6381	25
16353	7473	134
10712	13328	18
10712	13328	19
22216	17020	164
22216	7452	99
17153	14284	262
2204	10114	72
13712	15124	329
5673	7961	59
20711	8134	183
10904	8134	212
10904	22910	7
10904	8134	32
3745	7961	59
3745	5719	112
3713	7961	59
3713	5719	227
3713	799	227
3713	801	112
13709	6627	329
17296	6498	319
17296	10114	72
6889	10606	134
6889	9366	134
23582	19149	26
12180	17314	32
12180	1301	86
21184	9366	134
21184	7902	134
11441	7027	329
11441	8633	329
11388	3702	23
7747	9366	134
7747	7473	134
11149	12994	32
11149	4076	86
11149	12994	86
5906	18822	209
5906	12994	274
20411	2016	245
20411	12397	185
20411	19920	185
20411	12397	72
20411	19920	72
20411	6630	166
20411	12397	40
10818	19937	147
10818	11463	134
15755	7473	134
6994	5865	175
6994	5865	254
21094	7886	349
21094	7886	349
21094	2029	97
10898	20098	329
13930	9366	134
1124	7373	26
1124	19956	86
6608	18938	188
6608	5865	175
6608	5865	254
24314	7020	329
24314	19956	32
11542	11477	306
7145	10049	68
23526	6630	166
9475	20167	35
9475	501	171
7465	22062	262
7676	2305	32
7676	2305	86
1367	5719	227
1367	799	227
1367	801	112
17527	3419	329
17527	18095	329
17527	3997	329
17527	23346	329
6952	10604	349
6952	13861	349
6952	13861	262
6952	4052	259
6923	17469	273
18390	7081	329
17885	10563	349
21695	21695	349
21695	15976	259
13013	9366	134
13013	2297	273
14376	2697	160
22210	17020	164
22210	7452	99
23696	12994	86
23083	17141	329
10222	4200	349
9993	10606	134
14308	7510	32
5603	10054	59
1590	3747	273
20767	15972	6
11242	9387	329
12606	22724	339
7802	8944	259
5120	17293	134
9810	22516	319
6016	7099	18
6016	7099	19
19443	12843	273
1775	9116	134
11151	3749	32
11151	17743	329
17173	17199	32
17173	14945	86
17173	14945	283
17173	22902	7
17173	14945	86
7727	12397	115
14890	10606	134
943	12214	327
68	18401	81
68	5672	81
20065	6630	166
15489	9394	329
15489	4824	329
4478	22554	349
4478	9366	134
17139	10606	134
1649	596	32
1649	3981	32
3179	3192	86
15024	22358	319
15024	7329	166
15024	6630	166
15024	479	215
15024	348	121
15187	19002	317
23873	15463	14
23267	7036	189
14875	22554	349
14875	9366	134
13743	17118	32
3144	9366	134
11720	4067	329
19106	16090	183
19106	16090	276
19106	24028	276
19829	22902	7
19829	2270	7
18277	17705	14
21908	10606	134
654	12994	58
654	12994	40
7636	8134	57
7636	22904	7
7322	14068	42
15341	17020	164
15341	7452	99
15342	17020	164
15342	7452	99
1951	13346	26
15868	574	18
15868	574	19
333	4369	349
15721	2152	166
9443	11070	349
8576	10606	134
8576	9261	259
9261	10606	134
9261	8576	325
494	6137	19
22147	3702	23
22147	3700	23
17963	10054	59
14296	6833	327
14296	1291	275
22123	1291	275
22215	17020	164
22215	7452	99
22840	19265	349
22840	19265	262
23365	17020	164
10839	23857	109
12036	9145	319
20830	7961	59
14367	2500	26
8801	17020	164
8801	7452	99
8801	16065	112
11179	4568	329
11179	7140	329
4326	5569	254
7306	6630	166
7306	22168	180
23367	17020	164
23367	7452	99
21955	3710	319
18263	14345	346
12580	7048	189
6067	23766	26
20145	15568	69
13570	18000	319
13570	7329	166
15589	14092	255
15301	22921	105
9214	5001	281
11181	16221	329
11181	2174	329
14543	12994	183
1115	8750	327
1115	8750	255
23307	7058	189
24310	15837	32
3408	7557	189
20805	12679	329
20805	12679	189
2869	6258	275
19745	16215	94
19745	16215	349
9715	9366	134
6007	17062	112
6007	17062	112
6007	18836	112
24239	2356	32
24239	3576	329
17979	8592	32
24366	9366	134
788	19288	263
13111	17469	273
1152	8792	127
1152	8791	127
1152	19956	32
1101	4352	134
22444	20081	127
3893	6296	243
17865	12994	147
17865	8671	134
13841	12339	275
8889	18152	262
18280	21317	6
18280	20730	349
18280	7278	349
18280	21141	208
16189	22222	319
16189	1660	319
16189	22222	262
16189	1660	262
16189	4649	66
6900	14060	262
6900	20651	134
22712	22707	259
17378	9366	134
17378	1250	325
10458	8988	327
18825	10606	134
10741	20651	134
10741	1856	273
11369	23187	6
11369	1856	273
16109	11652	208
16109	11652	209
13378	8082	319
19830	4137	262
19830	4137	208
19830	4137	209
19830	17469	273
18776	17199	32
18776	15809	7
22622	22052	259
10643	1422	319
14992	1585	319
14992	19363	300
14992	14945	183
2801	8572	84
22040	4144	349
22040	4144	208
22040	4144	209
22040	17469	273
8284	7014	329
1783	2016	245
1501	20094	329
1501	18449	329
14390	12994	32
202	15006	188
13233	4993	86
13233	3922	282
19918	8902	18
19918	8902	19
7538	6630	166
7538	19937	40
7538	20136	306
7538	20148	306
7538	15203	306
7538	15202	306
7538	7542	306
8514	19920	72
15486	449	329
8890	4697	121
678	5184	134
678	10606	134
678	22241	163
10	3060	349
10	1295	262
10	475	273
18373	11843	270
22421	7021	329
7160	10028	329
7160	20960	32
18890	10114	142
16420	9736	329
24254	9483	329
2823	2016	245
339	19973	195
4271	13473	32
4271	13474	329
7288	17500	329
19258	22765	329
9924	3993	312
20934	10023	134
23938	10023	134
23938	20934	259
6968	6968	122
6968	8111	147
18093	3823	94
18093	18811	349
17692	1436	147
17159	348	121
12335	19934	312
13940	434	329
10293	4622	7
18157	1436	32
12836	14535	81
12836	14673	81
12836	23374	81
12836	2975	81
12836	3107	81
12836	6835	81
12836	6090	81
12836	20189	81
12836	1046	81
1051	19956	32
1051	22168	134
1051	4652	134
15038	17469	273
21358	11886	262
21358	4700	274
21358	9116	134
16621	7961	59
16621	5034	112
9231	18896	329
9701	19748	325
1042	3041	329
4401	24054	205
6186	7080	329
16604	7961	59
16604	5034	112
7189	12994	274
7189	13148	134
3215	22939	7
16677	17020	164
16677	7452	99
1927	9562	6
1506	5569	254
3260	9366	134
9771	3447	262
11384	19970	329
19922	19920	128
19922	19920	185
19922	19920	276
19922	18147	151
5046	22764	329
19418	16429	227
19418	16429	112
13017	10351	349
408	2504	26
11718	11719	160
3026	10606	134
10836	17064	221
22211	17020	164
22211	7452	99
222	2633	73
17613	22284	329
14415	17469	273
16411	3447	262
6279	10606	134
13139	22069	262
13139	22069	14
1258	17469	273
21386	22069	14
22213	7452	99
2939	17472	96
2939	17472	95
19025	10054	59
19025	12592	227
6915	19084	14
11138	9116	134
11138	9519	134
11320	12385	32
1844	12592	227
3596	17278	270
9814	3748	273
17814	3383	250
5331	5331	122
5331	4466	273
6731	24096	329
22262	6191	255
8286	9366	134
22288	10054	59
1747	17134	32
1747	17140	329
1747	17141	329
10225	7393	349
10225	7393	208
10225	7393	209
832	23574	319
7633	8134	212
139	19299	26
139	2504	26
7334	6630	166
12945	4465	273
21451	6630	166
8809	12592	227
13932	10114	32
13932	10114	86
13932	10114	57
17292	10054	59
17292	12592	227
6080	24449	32
14681	12043	349
19435	13090	32
985	8111	58
23596	8134	72
20357	20238	262
20357	20651	134
13184	18648	329
1035	20651	134
17933	11463	134
7864	18611	283
7864	2695	7
6896	17196	221
22067	17742	259
17200	6361	7
15442	3197	270
15442	11842	270
6914	10606	134
24205	9366	134
24205	24107	18
24205	24107	19
21644	17469	273
2930	5671	122
13022	9366	134
8891	10287	349
8891	3447	262
10327	23773	329
10327	7140	329
1773	6859	122
1773	3342	147
22794	10606	134
21775	9116	134
7738	13090	32
8524	8134	274
8524	13090	274
8312	17670	262
8312	17670	14
13176	7027	329
17321	10054	59
17321	12592	227
19721	12006	32
19721	7108	7
5903	5903	319
19788	17501	329
15826	9116	134
15949	16312	329
12875	9867	275
12875	9867	203
17184	2270	7
17184	19720	327
22186	23221	32
22186	7010	329
18291	17469	273
16334	23039	329
15640	10054	59
15640	12592	227
16623	10054	59
16623	12592	227
15309	17141	329
15332	17020	164
15332	16065	112
15332	6671	112
15332	15332	30
13292	17020	164
13292	7452	99
13292	16065	112
1346	10531	208
1346	10531	209
20441	13854	262
2042	10054	59
2042	12592	227
16311	10054	59
16311	12592	227
15329	10054	59
15329	12592	227
19981	10054	59
17390	10054	59
17390	12592	227
21033	17905	208
21033	17905	209
18153	9116	134
9714	21760	6
13787	19937	32
13787	22903	7
2857	6696	18
2857	6696	19
4563	23036	188
15468	8671	134
15468	9116	134
15726	20379	121
15726	13354	273
14334	8134	32
22687	17469	273
1825	10054	59
1825	12592	227
20055	20055	326
20055	20055	326
3672	23095	46
24371	2146	349
577	17905	208
577	17905	209
577	2811	325
10414	8671	134
10414	3748	273
646	13598	325
4492	20865	262
4492	3748	273
15027	14117	97
19009	9366	134
8439	7961	59
4382	7961	59
4384	7961	59
4383	7961	59
8441	7961	59
4385	7961	59
8442	7961	59
18678	3420	44
18678	3543	1
7756	1331	32
14405	10054	59
14405	12592	227
16658	2397	32
16658	3562	329
16658	2082	189
17355	6602	97
9880	4729	208
9880	4729	209
9880	17469	273
1553	7020	329
1553	7027	329
10925	23602	26
2886	9366	134
11309	1452	329
11309	19360	329
6356	8866	329
16350	10054	59
16350	12592	227
8732	4632	212
1250	9366	134
1250	17378	259
1250	23716	325
7997	707	195
7997	16652	64
7445	5061	329
20957	10054	59
20957	12592	227
14179	22914	7
18381	10054	59
18381	12592	227
11898	22907	7
12642	20911	59
12642	16137	227
22364	5145	329
5733	6630	166
793	17020	164
793	7452	99
8469	22790	147
8469	3021	18
11072	8111	283
24618	20038	329
16370	8134	72
16370	8134	133
24487	8134	72
24487	8134	166
6434	3747	273
14136	693	157
14136	7473	134
22773	19085	259
22367	3597	329
22367	24173	329
2934	19920	72
2934	2934	308
2934	19920	309
13604	19956	32
7095	16917	329
7095	432	329
7095	447	329
18488	12994	32
9799	17469	273
8976	17469	273
7943	9666	329
7943	12350	189
9711	19771	325
23847	18105	259
20481	6630	166
145	10120	72
145	8706	26
20198	18635	329
1732	438	329
1732	481	329
1732	18635	329
21881	20727	121
2766	6630	166
1737	4824	329
19771	9366	134
19771	9711	259
11960	19937	32
11960	19937	86
2444	23288	329
1276	9366	134
24528	17450	329
5246	435	189
5246	447	189
24425	19956	32
6005	5065	349
2277	21378	208
2277	21378	209
9014	8134	86
15453	6140	157
15453	16666	157
15453	9116	134
6336	9366	134
2814	9366	134
2814	7902	134
24380	7588	94
18251	23033	32
18251	18635	329
16847	12466	329
16847	1309	329
16847	15427	329
9829	8158	18
9829	4865	18
9829	8158	19
9829	4865	19
20132	14371	256
20132	5642	256
22305	1074	329
2637	12850	340
2638	12850	340
6610	10013	238
23243	18635	329
23748	9366	134
23748	10606	134
23748	13957	221
23748	10311	18
23748	10311	19
12361	8876	183
10646	3826	154
1831	7961	59
6174	2016	245
10311	9366	134
8688	18635	329
8688	3612	329
1580	5569	254
569	10756	319
16953	16953	199
8272	14680	32
24165	7473	134
14115	13090	283
8266	23095	28
8266	23095	46
19893	7048	329
10577	482	329
10895	1436	32
10032	17356	157
10032	9366	134
10180	10114	145
10180	10114	72
20376	10054	59
3760	7473	134
4766	14284	262
4766	8771	56
4766	6236	97
4621	1012	94
4621	1012	262
4621	1012	349
4621	6630	166
13060	3186	7
2256	6796	18
2256	9876	18
2256	12803	18
2256	6796	19
2256	12296	19
2256	12803	19
17461	23635	283
17461	3613	165
17461	22905	23
2322	19956	32
20842	16435	205
10349	12861	32
5729	754	262
20788	8678	329
20788	18645	329
2232	8134	15
2232	22339	15
2232	11612	15
2232	20167	35
2232	2163	171
6640	481	329
9223	11843	270
9434	20651	134
14607	16917	329
14607	432	329
14607	22745	329
7243	7961	59
11397	2075	329
1924	19956	32
314	314	24
314	14586	147
314	2633	147
18247	16917	329
21560	13050	297
21560	8541	349
21142	8134	183
8190	18635	329
8190	4824	189
8190	438	189
8190	8202	189
2667	21219	282
5185	20651	134
5185	4697	121
16023	19970	329
16023	17743	189
4234	16198	221
4234	11843	270
7301	481	329
22454	7329	166
22454	6630	166
22454	479	215
22454	348	121
821	2946	278
19769	9366	134
24286	19956	32
24286	22797	329
1514	19956	32
6350	23221	32
15197	23288	329
15197	23288	189
19140	438	329
19140	481	329
19140	3612	329
17872	438	329
16375	4802	349
16375	4802	262
16375	4802	208
16375	4802	209
16950	437	329
19605	7473	134
1728	2397	86
1728	9696	329
1728	9696	189
19498	492	231
8226	7790	165
8226	16049	165
3510	12843	273
23284	12223	329
23284	22745	329
20391	6140	157
20391	9366	134
2742	12994	32
5653	7020	329
5653	22797	329
8061	6626	329
5850	6630	166
11159	13285	329
11159	15720	329
6556	3748	273
6556	23922	18
6556	18521	18
6556	23922	19
6556	18521	19
6396	1651	232
22074	22074	163
22074	15109	163
9922	13190	32
7954	9666	329
8443	10054	59
8443	12592	227
1739	438	329
4464	12994	183
8028	8132	26
8028	8134	32
5422	12994	32
5422	5816	221
23494	23775	41
1456	2218	66
6333	9116	134
16766	19956	32
14003	434	329
8690	22745	329
8690	10243	329
8690	22745	189
8739	14945	183
16327	12223	329
1497	435	329
1497	432	329
1497	22745	329
1497	18635	329
1497	6985	329
9269	14655	329
8952	8132	26
8952	2530	26
8952	2543	26
4506	432	329
4506	453	329
4506	10243	329
9282	8134	32
21342	17293	134
21342	9098	18
21342	9098	19
16742	8134	86
13325	14654	319
4577	3718	339
20394	977	262
20394	2051	262
4503	7329	166
4503	13419	278
23843	969	262
1315	20391	349
1315	20391	262
1315	20391	208
1315	20391	209
7173	9366	134
6721	19549	26
6721	8134	32
6721	8134	86
16377	19937	32
16377	14679	221
19661	16006	259
12831	19956	32
21909	3748	273
21909	17469	273
1289	19943	26
8030	8134	32
21840	5528	259
8192	4823	329
16515	8706	26
16515	5571	23
4830	18385	329
4830	7005	189
12380	17293	134
12380	8671	134
14038	17736	329
18529	8132	26
18529	19549	26
18529	13278	26
18529	2543	26
17325	10054	59
17325	12592	227
9276	23280	26
9276	8910	32
9276	8134	32
9276	8134	86
12042	12042	319
1661	17293	134
1661	6238	273
20041	9366	134
20291	3351	32
20431	6138	134
2295	4697	121
4403	11022	319
19461	8253	329
13971	11548	329
13971	11548	329
11465	13090	32
11465	12761	283
11465	13090	283
11465	13094	7
11465	22870	282
12409	485	329
19616	12994	274
20479	12771	319
20479	11669	319
10011	9366	134
7234	9366	134
11560	22703	183
3184	15750	262
3184	9366	134
20185	18516	329
20185	10381	189
21588	8783	349
11258	22774	189
11258	22767	189
14078	22761	329
21592	13483	319
21592	6236	97
1537	5324	7
15650	19937	32
21183	14284	262
2664	19101	329
15062	19987	23
22180	4697	121
20943	5795	205
19330	10114	32
19330	7479	329
19330	13353	329
2112	10044	147
2112	9366	134
8658	10474	262
8658	10474	208
8658	10474	209
18813	24173	329
17937	20781	262
17937	9366	134
17229	9366	134
11965	19937	32
11965	17294	221
7622	51	340
9950	7054	329
6714	8132	26
6714	8134	86
23739	2481	26
23739	8134	32
23739	8134	86
20565	5569	254
20565	5701	127
8473	17199	32
19220	19937	32
3254	14060	262
5971	10606	134
2456	14958	339
2456	3735	47
2456	4854	214
20562	10606	134
6496	9366	134
6639	9394	329
10846	8134	32
9169	2297	273
21203	13526	14
9067	2029	97
16245	2860	349
4874	3351	32
572	573	325
17497	3342	32
17497	12517	329
17497	6627	329
23498	19191	58
4998	19549	26
4998	8134	32
4998	8134	86
17512	5786	121
11035	15957	86
9940	7052	329
14104	7028	329
14104	22884	329
19069	7473	134
5337	10054	59
5337	12592	227
7719	14284	262
7719	17592	319
7719	3278	205
5947	4674	6
17610	929	329
17610	13420	329
16719	10606	134
23926	8132	26
23926	8134	32
23926	8134	86
12981	7350	142
8123	8134	32
8123	8134	86
5693	2736	20
5693	2736	94
5693	10443	319
5693	6630	166
5693	2736	111
9031	19665	270
6660	7961	59
20967	1877	32
17917	6630	166
22160	10858	319
22160	6630	166
11562	11559	306
211	18248	188
15271	5463	327
15271	8091	257
10501	3748	273
10501	21470	18
10501	21470	19
1888	8813	324
23742	8132	26
23742	8134	32
23742	8134	86
22519	16090	147
22519	9366	134
22166	348	245
22166	6630	166
4734	19325	66
4734	348	121
3719	20651	134
323	2529	26
323	2510	26
17854	481	329
17854	3612	329
5974	13351	273
5028	7961	59
3231	10606	134
3231	5085	18
3231	11872	18
3231	11872	19
8303	5816	115
20563	7961	59
20563	3708	112
20563	3708	112
9963	7961	59
19696	22892	97
11756	8712	32
4969	7961	59
2591	12038	325
3432	7961	59
3432	9513	112
4542	7961	59
23854	10023	134
23320	7080	329
24553	4934	329
739	3612	329
739	3612	189
55	2525	26
20239	9058	7
20239	15238	23
4494	7961	59
13551	7961	59
14717	7961	59
14717	3430	112
4653	7961	59
4653	3430	112
6869	7961	59
6869	3430	112
10263	19956	86
10263	5816	264
12763	18078	327
15186	17385	86
3608	12477	32
1055	19956	147
1055	19956	32
7892	23623	208
7892	23623	209
7892	9366	134
4827	7961	59
45	15886	195
45	328	64
24457	7961	59
18943	5544	263
9191	7961	59
1407	7961	59
17085	7961	59
1839	7961	59
875	10316	329
10546	10545	166
4923	435	329
5067	23260	58
5067	23375	58
5067	23375	288
3403	16917	329
3403	18632	329
3403	18635	189
3403	432	189
3403	16917	189
11510	23775	41
3736	7961	59
8916	8134	86
10494	12994	32
10494	6284	329
10494	6284	329
21977	6630	166
21977	7329	166
21977	479	215
9184	8134	32
9184	8134	86
6031	15852	112
15941	24067	86
1387	3612	329
3180	6140	157
3180	16666	157
3180	10606	134
3240	22902	7
22690	14732	263
17972	6799	329
23148	7961	59
1175	10966	255
12828	23071	32
872	8970	329
9384	7961	59
9384	14973	112
15572	7961	59
15572	14973	112
16911	7961	59
16911	14973	112
19016	14973	112
19199	7961	59
19199	14973	112
9608	3846	329
15523	9116	134
15523	3748	273
18102	13415	259
12829	16062	32
12829	18773	32
12829	3615	32
13415	3351	274
13415	18102	325
12830	20028	32
740	7961	59
740	23348	112
740	23348	112
16676	7961	59
5640	12994	32
9831	2418	329
320	2510	26
14760	9116	134
3683	2370	325
19660	3975	276
19660	19923	276
9798	15419	134
9798	9366	134
17473	6630	166
14004	18635	329
14601	18635	329
14601	10243	329
11766	10606	134
6160	4966	329
6160	7020	329
6160	8675	329
20991	6986	329
20991	19484	329
8814	18646	329
1229	19926	274
1229	9366	134
6562	19676	134
12398	7961	59
2314	5065	349
2314	12147	319
13944	481	329
13944	10243	329
14369	8942	329
10794	15668	18
10794	18808	18
10794	15668	19
10794	18808	19
5247	12223	329
6088	19668	32
13824	8135	329
13824	8135	329
13649	8134	32
13649	1074	329
13649	7021	329
1150	19956	212
12272	3748	273
23774	17465	32
23774	15957	86
23774	15957	34
23242	3612	329
23242	22740	329
23242	18635	329
1087	18635	329
1087	22740	329
21168	20651	134
21168	17469	273
10053	7961	59
7656	20969	18
7656	20969	19
13169	23262	329
15291	3342	32
19735	7961	59
21290	2687	349
20467	15647	14
20467	20467	325
21504	11037	349
21504	16162	103
9970	10114	32
23110	17293	134
23110	6238	273
4062	13972	319
4062	4744	319
4062	6630	166
8186	481	329
23499	20040	134
198	7480	175
14287	13090	32
17832	8134	32
17832	1074	329
17832	8135	329
22829	6766	319
8786	13090	32
8786	13090	86
8786	22870	282
4927	4784	329
4927	3530	329
18765	11630	6
18765	491	208
18765	491	209
18541	23288	329
18541	7042	329
597	5190	329
8187	433	329
16128	8134	32
16128	8134	86
2019	4798	349
22329	7473	134
11758	6140	157
5472	16848	329
16148	6476	59
12673	19360	329
12673	12679	329
7616	22879	23
9061	6630	166
9061	11514	53
9061	348	121
14851	16586	329
12080	7702	32
12080	8134	147
12080	23249	157
12080	23249	221
12809	5386	81
12809	10260	81
12809	14879	81
12809	17527	81
12809	19593	81
12809	1722	81
12809	6927	81
12809	5910	81
12809	10262	81
12809	14447	81
18303	8000	230
11311	6140	157
11311	10606	134
11311	14996	221
5803	13264	329
8649	19956	86
14139	10114	32
18926	8633	329
15661	19369	298
21338	10664	111
7724	20661	32
7724	8134	86
16320	10113	189
16320	16931	189
15075	11202	56
15075	22892	97
15032	9619	68
15032	6630	166
4642	7961	59
5068	6130	288
5068	5069	287
9396	11463	134
13525	4398	262
13525	22889	273
13525	13522	259
3255	7355	319
5528	21627	259
5528	21840	325
18522	8132	26
20622	3342	86
22793	2352	252
22793	20087	252
22793	22524	282
1041	7073	329
1041	7074	329
20365	9366	134
12161	735	329
12161	13043	329
12161	6627	329
422	2510	26
23093	10018	7
21347	13032	349
16796	22385	56
23962	2603	86
22385	12006	32
2209	22738	329
13875	15757	32
10724	13090	32
10724	13090	86
16962	9366	134
4026	1354	32
24372	18395	262
11627	22320	262
11627	22320	97
8680	17020	164
8680	7452	99
8680	16065	112
23172	20097	86
17541	14945	86
17541	9360	134
20514	7902	134
21994	8134	183
24495	8134	228
24495	12835	190
19719	15123	329
11790	12128	183
13492	12265	32
18273	19913	339
18273	8178	259
307	11463	134
307	6630	166
307	12115	166
2303	19937	72
2303	12115	166
17826	8134	32
17826	8134	86
1910	5184	134
14861	23857	109
14861	3994	7
10814	10606	134
2059	7047	329
19613	18635	189
12100	8134	86
6841	17472	96
6841	17472	95
6841	9116	134
18961	18961	319
6523	6510	327
5465	22790	32
5465	22790	212
5465	22790	321
5465	22790	283
5465	22790	57
1180	21219	282
13948	9366	134
3526	16886	262
14475	3342	32
14134	1627	155
20307	8706	26
17515	6630	166
1423	2285	6
1423	5786	121
1423	16597	208
1423	16597	209
23646	6630	166
17212	16615	304
24115	19549	26
24115	8134	32
24115	8134	86
23871	9366	134
23871	1252	259
9372	7961	59
9372	9371	112
6623	17020	164
6623	7452	99
14184	13090	183
17830	8134	32
16511	2490	26
1526	2524	26
7157	10606	134
7157	6481	325
18476	18477	288
2408	6138	134
23248	10541	262
23248	23248	325
23248	23248	259
22429	5880	329
3222	13935	151
19214	17020	164
19214	7452	99
9367	20650	112
6758	2490	26
6758	15687	26
21194	17646	66
21194	348	121
19502	9841	349
19502	2954	349
19502	9366	134
19502	12961	325
22587	5108	262
22587	21351	262
700	6630	166
11683	2490	26
11683	8134	32
11683	8134	86
12153	19930	7
13990	9387	329
13990	12994	32
16968	16967	160
5010	19092	298
5073	12994	147
5073	6138	134
1369	1368	262
1369	1368	14
12329	12146	319
5522	12994	32
5522	9197	329
3103	10054	59
3103	12592	227
3103	15347	112
17725	7434	24
17725	17293	134
17725	15527	18
17725	15527	19
3738	10606	134
11569	6630	166
11569	23775	41
5156	24182	329
5156	3155	329
24295	12994	274
8624	8134	32
8624	8134	86
4084	15592	197
4084	12994	32
8373	10054	59
8373	12592	227
7814	3249	32
7814	3561	329
9251	19549	26
9251	8134	32
21856	15512	262
10688	4649	66
10688	348	121
10688	393	121
20421	10054	59
20421	12592	227
16302	16221	329
13339	2509	26
15277	17020	164
21858	8082	319
22112	23249	157
21457	8829	262
21457	22892	97
5471	436	329
6385	4993	32
17673	14945	184
7472	6140	24
13204	8134	32
13204	8134	86
11657	16841	349
11657	16841	262
11657	16841	208
11657	16841	209
22496	17469	233
22496	17469	96
22496	17469	95
5950	11670	209
16441	6728	127
20297	12774	189
2655	10054	59
2655	12592	227
1437	1436	160
14389	15956	329
1764	17140	329
14096	9366	134
17593	22921	7
13634	19161	259
19138	5569	254
19983	17239	141
4596	14011	319
9708	5184	134
5026	7961	59
1266	12994	274
11617	10272	14
23937	8986	157
23937	10023	134
10171	13090	32
10171	16920	157
10171	10606	134
10171	20651	134
10171	7127	157
2616	16057	262
2616	16057	319
2616	6630	166
19898	22910	7
12605	15425	32
14209	8134	15
14209	2163	171
14209	501	171
14209	14207	279
20453	10921	262
20453	8671	134
13669	15103	329
5711	22892	97
20190	19143	26
24031	8134	32
24597	6435	32
24597	10114	86
13652	7996	329
13652	4558	329
4920	4560	329
18237	12761	32
18237	13090	32
18237	13090	86
18237	12761	284
18237	13094	7
2185	19740	319
24607	10381	329
24607	18516	329
24607	17074	329
13842	17782	283
13842	13090	283
13842	5816	221
19633	16633	246
18970	21358	6
18970	11886	262
18970	4700	274
18970	9116	134
9834	15719	329
4507	7048	329
9130	15687	26
9130	8134	86
15993	3748	273
10276	10023	134
184	7663	50
184	20092	146
184	20092	142
19657	9116	134
19053	7452	99
12038	14000	208
12038	14000	209
12038	15326	134
12038	6138	134
12038	2591	259
13599	5064	262
12970	13351	273
5934	7961	59
15585	7961	59
17288	12686	238
19767	9366	134
21228	12994	147
21228	7473	134
21228	21574	18
21228	21574	19
121	13627	188
21059	12994	147
21059	10606	134
11861	4426	127
11861	22202	254
14092	22904	7
14204	15243	238
869	12472	175
19505	13867	349
19505	13867	262
19505	20651	134
23218	17317	160
8773	8134	32
4551	4802	349
4551	4802	262
4551	4802	208
4551	4802	209
4551	10606	134
4551	16375	259
5497	19291	128
5497	13945	151
6757	8132	26
6757	15687	26
6757	8134	86
4431	10512	319
4431	13861	68
4431	10604	68
17261	14945	184
17513	5184	134
305	9745	64
15295	16249	7
15295	13936	165
22031	1680	32
22031	8134	32
22031	8134	86
19682	703	325
6446	10802	262
13941	10243	329
7661	20075	32
18844	2036	329
1019	18883	329
1019	14266	329
23583	8134	86
1499	8134	32
10507	7038	189
18962	15243	174
18962	6271	334
18346	23280	26
18346	8134	32
18346	8134	86
15060	17199	32
16251	17020	164
15163	6138	134
12264	1464	14
9811	12994	274
9811	6138	134
2362	18432	134
23920	14557	6
23920	6974	325
8072	19956	321
8918	8134	32
6699	14686	204
11385	23220	32
21225	18015	68
23088	19956	212
23088	19956	321
210	24592	81
210	13230	81
210	19263	81
16022	14945	183
2470	6296	243
15392	8134	183
1791	12994	183
10966	1175	327
12838	10577	81
12838	13658	81
12838	7684	81
12838	22678	81
12838	5204	81
12838	7687	81
8736	22264	32
6438	4697	121
6438	3306	262
16252	17020	164
16252	7452	99
10104	19956	212
10104	19956	321
7910	8178	325
11410	348	121
13038	10243	329
10026	10029	166
10026	348	121
10026	393	121
24601	12590	14
24601	7473	134
7475	7902	134
12136	20651	134
21725	14013	319
21725	18176	319
21725	22562	68
21725	8134	72
21725	14888	215
18614	15153	329
11099	10096	221
16253	17020	164
16253	7452	99
22091	22090	6
22091	22648	259
16254	17020	164
16254	7452	99
13899	8653	93
13899	13898	97
13899	15568	69
21441	8377	319
21441	19937	72
21441	12115	166
21441	11485	53
13161	7556	329
15495	15	329
9786	14384	262
9786	9366	134
21792	9016	205
21792	9021	205
18957	10114	183
22887	348	245
22887	15114	231
3507	11592	349
3507	11592	208
3507	11592	209
4499	483	329
21493	6236	97
21493	6630	166
22520	9366	134
22520	15195	18
22520	10680	18
22520	10680	19
11853	10114	128
11853	10114	183
23567	8134	32
10394	14655	329
10394	10028	329
17914	8082	319
17914	11238	319
17914	10732	319
17914	348	121
16181	6630	166
1477	19956	212
1477	19956	321
14518	24533	260
6022	23631	32
14444	19956	212
14444	19956	321
21873	3748	273
5939	15124	189
15298	6140	157
6378	4629	26
4945	14716	94
12091	3526	6
12091	16886	349
12091	16886	262
12091	5184	134
12091	16886	273
458	6319	32
458	6319	283
18613	7865	329
18613	8253	329
18613	13980	329
16288	10054	59
16288	12592	227
20045	20651	134
22475	17293	134
10253	15798	329
9684	7961	59
16270	22691	227
22552	12994	32
22552	12994	147
11697	8134	32
6509	8991	317
24477	11926	147
5870	10054	59
5870	12592	227
12027	9116	134
23584	8132	26
23584	8134	86
12599	19056	227
18167	12994	283
17459	6630	166
17459	5165	111
17459	3351	183
23299	6946	163
13355	8543	32
13355	12478	329
13355	22770	329
13355	10381	329
109	20092	146
109	20092	142
109	105	255
19226	7961	59
6342	19956	32
105	20092	142
105	102	255
105	109	327
8401	7961	59
23994	5817	264
23994	19937	72
22987	12994	274
22987	10545	166
9685	7961	59
16218	4033	275
16218	464	255
2896	4333	205
12820	22285	81
12820	11907	81
12820	5657	81
12820	17833	81
12820	15180	81
12820	20432	81
12820	22335	81
12820	10744	81
23894	2029	97
13045	3747	273
15969	22581	209
21661	15909	94
21661	15909	349
21661	10811	349
21661	14533	319
48	2510	26
13519	6923	14
23546	12994	274
15345	17020	164
15345	7452	99
15345	1505	31
1355	12308	160
1355	12255	160
3130	8447	160
12116	18990	160
7340	17394	24
7340	17800	18
7340	17800	19
1851	20898	327
1851	20898	317
2358	5700	330
12188	8134	32
12188	8134	86
5849	19722	40
13173	20039	329
13173	10063	329
13173	10014	329
11751	2418	329
22725	19056	227
16313	22691	227
4077	7124	32
23277	8790	127
21721	9366	134
21721	7902	134
5328	20550	257
22726	19056	227
14140	10114	32
3503	3393	319
1963	19956	32
8647	17219	221
22272	22934	7
9789	9790	259
161	137	255
431	15190	142
431	6294	175
431	247	293
12978	10114	183
19859	8111	147
19260	10063	329
12627	2581	262
12627	19831	14
12627	16687	259
4238	4238	319
4238	7829	97
1248	10023	134
1248	21087	259
23563	2490	26
14741	6630	166
21316	21298	18
21316	21298	19
16124	8134	32
16124	8134	86
137	161	327
1396	6630	166
16425	9366	134
4397	18919	86
4509	7961	59
1556	8134	32
9445	4898	6
22392	9116	134
12239	4697	121
12239	14060	262
18006	4487	157
18006	9116	134
24388	9332	6
21615	7931	319
11234	5569	254
1483	10054	59
2594	9707	6
8115	13090	86
8115	12257	32
1116	19956	86
14511	10114	32
12629	9547	6
12629	3879	273
9278	1074	189
6132	6630	166
3477	14636	325
15560	8135	329
13613	8134	32
13613	8135	329
11401	15103	329
18034	4841	221
9182	2490	26
9182	15687	26
9182	8134	32
4002	836	59
7356	23249	157
7356	5184	134
8029	2490	26
8029	19549	26
8029	8134	32
8029	8134	86
13283	8609	32
13283	24114	329
13283	7140	329
13283	19101	329
13283	14776	329
12961	6460	208
12961	6460	209
11437	7002	329
5199	450	329
3787	12690	319
3787	19583	319
3787	1410	259
8057	12994	32
8057	15427	329
17679	9366	134
20920	9486	6
212	8134	72
212	8134	183
19169	9366	134
219	8134	72
219	9411	183
219	9410	183
219	8134	183
17517	17469	273
14085	491	18
14085	491	19
17034	1296	349
11942	467	349
11942	467	262
11942	467	14
11942	16306	274
11942	19913	134
10554	9116	134
1625	2016	121
128	124	255
13006	17469	273
23522	10606	134
20448	20651	134
20448	5184	134
20448	20449	325
2452	2900	32
20178	20295	349
20178	18432	134
20178	19763	325
23626	9116	134
15758	10606	134
15904	16140	94
15904	16140	262
15904	8783	349
15904	1945	349
15904	1945	319
15904	6630	166
21458	10492	262
21458	10492	14
8475	12072	32
6460	14218	134
6460	13509	134
4921	14770	32
4921	17046	329
9938	17221	32
9938	7077	329
4097	2418	329
4097	7555	189
18039	2530	26
18039	8134	32
18039	8134	86
13115	16502	349
17952	10054	59
17952	12592	227
22597	8111	320
3498	8708	325
12907	17293	134
23322	7038	329
23322	22797	329
19298	12994	183
13166	6854	32
17136	17020	164
17136	7452	99
23272	22797	329
12207	3868	32
12207	4187	329
21040	5985	20
21040	23665	76
21040	5072	269
5683	10054	59
12103	19956	32
12103	15626	23
3474	13489	286
19802	10606	134
20434	4884	319
9435	10191	349
9435	6630	166
3667	4851	183
15040	10606	134
15728	9366	134
21731	19911	259
5154	17074	329
1351	11750	319
1351	6630	166
1351	479	215
1351	348	121
20016	10606	134
23614	22456	325
23216	8134	86
8935	8134	86
23736	8581	307
21810	2425	319
21810	6630	166
14927	16232	329
12071	24570	327
2553	14144	198
5714	23262	329
5714	438	329
787	20651	134
787	9116	134
787	9366	134
16878	10054	59
16878	12592	227
22631	17469	273
13598	646	259
10340	2420	32
18127	8744	94
11684	8134	32
11684	8134	86
15995	17380	6
15995	23822	325
18925	17970	262
18925	17970	14
18925	19873	273
9709	7163	208
9709	7163	209
208	17393	146
208	17393	142
22058	23346	329
22058	8678	329
2280	14105	325
15008	11752	329
18704	23249	221
4414	7520	329
4414	16154	329
4414	12087	329
23729	24217	32
1745	4934	329
12268	20651	134
8046	13090	86
8046	19946	282
13713	9645	283
13713	19946	282
5937	1529	262
5937	1997	319
5937	14819	319
4060	2016	245
18574	20698	329
16572	7042	329
20268	15114	33
2935	18106	273
1153	19956	86
13626	2036	329
13626	8678	329
3410	4006	329
3410	22945	329
20321	9366	134
20241	6140	157
20241	16666	157
20241	9366	134
20241	5184	134
21774	14284	262
21774	3535	262
17618	221	293
2424	680	329
8180	9876	319
8509	13278	26
8509	2543	26
8509	8134	86
2073	17199	32
24312	19956	32
5411	19778	18
5411	19778	19
24154	5985	20
24154	6630	166
20295	12561	18
20295	12561	19
4424	4652	264
11849	19515	32
21401	8783	349
21401	11022	319
21401	6630	166
149	2484	26
23109	12994	274
3284	15425	32
3284	20492	329
14972	4178	86
14972	4178	34
16692	251	293
13241	10028	329
131	17214	146
131	17214	142
5998	20651	134
20283	20257	18
2811	17905	262
2811	17905	208
2811	577	259
8049	13090	86
8049	13090	283
1382	12592	227
9055	519	262
9055	519	208
9055	519	209
11493	10098	263
11493	5544	263
14316	22798	212
11632	19956	32
11632	12218	329
11632	15575	329
913	10098	263
913	5544	263
19456	20651	134
18221	15123	329
18221	7078	189
18204	7518	32
11492	10098	263
22300	19587	278
18397	12994	32
8506	18975	325
18975	8506	259
2278	9366	134
12707	6241	262
12707	6241	14
7262	7263	216
4202	3434	183
9478	19937	32
8413	12994	32
3724	17469	273
3435	3231	262
3435	5085	262
8933	8134	86
388	2504	26
388	2515	26
16599	3997	329
16599	7512	329
20597	10606	134
12892	17496	144
13170	22745	329
13170	16917	329
14360	17477	329
14360	18516	329
167	172	327
22834	19091	97
20249	17064	221
171	166	255
11197	24096	189
11197	7024	189
19899	17293	134
19899	9116	134
3038	12115	166
7372	10098	263
10314	8839	147
10314	9366	134
7283	7044	329
7283	8633	329
23719	9116	134
16392	10054	59
16392	12592	227
16372	10054	59
16372	12592	227
6844	10054	59
6844	12592	227
1962	10054	59
1962	12592	227
17297	17020	164
17297	7452	99
5796	20171	327
989	8134	32
8458	15737	259
1337	4151	327
2166	19481	134
11238	16887	32
1104	8681	32
6548	432	329
6548	16917	329
5531	17469	273
1252	15326	134
7094	2218	66
22728	6326	319
19493	16675	263
12681	10545	166
12681	7771	215
14071	8134	32
14071	8134	86
9992	9965	6
9992	17469	273
13565	18889	319
7263	7262	258
19543	19543	246
12910	17449	14
5271	18302	329
11680	8134	32
11680	8498	86
1109	15907	32
919	16328	256
919	7329	166
17032	10054	59
23576	10606	134
13640	24096	329
13640	24096	329
13640	12478	329
8285	20651	134
800	7961	59
800	5719	227
800	799	227
800	801	112
23741	8134	32
23741	8134	86
8385	8111	147
9561	11141	256
9561	2016	121
10152	9116	134
19748	3447	262
19748	9701	259
24370	3447	262
2731	2633	86
8599	2876	262
8599	24054	14
1562	4632	212
19234	2320	32
19234	16691	329
8696	4632	212
11703	221	293
23034	4657	339
2755	21141	205
2755	18280	205
2755	12799	144
2755	18899	144
8037	12001	212
11641	7473	134
10734	12994	32
22419	7350	32
22419	23015	329
22419	7029	189
17765	8784	24
17765	7350	147
8255	9366	134
1882	4632	212
10793	3922	282
20686	19937	147
20686	11463	134
2477	19144	26
2477	2497	26
20973	12994	32
6974	14557	6
6974	23920	259
13174	18096	32
13174	2036	329
13174	931	329
21109	6630	166
15134	14654	319
22584	17020	164
22584	7452	99
13300	14564	329
13300	8675	329
8501	10606	134
22585	17020	164
22585	7452	99
10769	7518	32
10769	21000	7
7560	434	329
7560	22745	329
7548	14945	184
4505	14770	32
14987	10606	134
10209	7473	134
19384	5589	273
3808	435	329
3808	434	329
3808	18635	329
11389	12686	238
6762	8134	32
6762	8134	212
6762	8134	86
1165	8134	86
5341	5027	155
20639	10553	24
20639	7350	147
20639	17293	134
20639	6897	18
20639	6897	19
687	10054	59
4656	10054	59
6934	10054	59
10777	6284	329
2711	8675	329
16984	10054	59
1720	19549	26
20898	1851	255
20898	1851	317
19986	11071	144
19453	17469	273
15570	16335	263
5630	22745	329
14073	14770	32
14073	17625	329
14672	20319	255
16823	16461	319
11043	12994	32
12216	19956	86
15087	18894	112
10058	16454	97
6266	19477	144
1785	9366	134
13814	11467	329
21706	12994	147
5784	17293	134
18368	5569	254
18368	18770	329
18368	8791	127
18368	19956	32
20537	16303	183
1893	2490	26
8932	2490	26
8932	15687	26
13756	18516	329
23744	2490	26
12824	1061	81
12824	13464	81
12824	23019	81
12824	19241	81
12824	9895	81
7883	2050	115
7883	15251	115
17029	17293	134
4758	10606	134
20166	13560	270
6733	8675	329
8984	2541	26
8984	8839	32
18324	23346	329
11679	10378	197
11679	2490	26
11679	8134	32
10258	16214	94
10258	16214	349
21028	18808	349
21028	18808	208
21028	18808	209
21028	17469	273
13302	51	340
21968	5972	262
20889	12994	86
5824	8134	32
22823	14212	259
16021	18666	329
14416	10606	134
17180	10606	134
19698	21065	6
19698	19697	208
19698	19697	209
19698	18553	259
9333	23955	94
2730	4966	329
2730	4966	329
15089	8675	329
21329	3748	273
12670	6221	273
18795	22905	189
13237	4565	329
17658	2799	151
17658	2799	263
21110	6630	166
21108	6630	166
21108	17061	269
19475	3041	329
4018	17349	59
3028	10606	134
13382	5435	319
24408	13348	32
10061	6630	166
8004	10606	134
1698	8602	86
8507	17469	273
23686	17469	273
21630	4193	94
21630	4193	262
21630	4193	349
21630	24500	319
23285	481	329
23285	4824	329
6754	10379	197
6754	24177	32
6754	8134	86
22381	22380	297
4997	8134	212
4997	8134	321
4997	8134	72
24423	18646	329
24423	7010	329
21877	19571	325
6723	2490	26
6723	8134	32
14634	393	121
1183	10062	105
13317	8134	183
13317	13723	151
14924	14655	329
14924	10028	329
20613	16690	329
20613	16232	329
20613	10028	329
6883	4632	212
9139	19956	32
16363	10054	59
16363	12592	227
2656	10054	59
2656	12592	227
1693	8816	32
1693	22893	7
19806	10054	59
773	14679	221
4185	22691	227
9738	12979	151
15340	10054	59
15340	12592	227
10229	10606	134
10229	17469	273
10229	1856	273
3010	6630	166
3010	16634	269
5140	20492	329
5140	15749	329
23305	10113	329
23305	916	329
12798	6975	18
12798	6975	19
8881	1436	183
8881	6946	163
8881	22301	263
8881	13808	99
10902	2490	26
10902	8134	32
10902	8134	86
12446	6140	122
12446	6483	18
12446	6483	19
11893	12128	32
11893	7239	329
11893	22738	329
22377	5734	329
19235	15185	329
11920	22904	7
11050	17503	329
17475	5060	134
23737	2490	26
23737	8134	32
23737	8134	86
7425	19693	273
24035	2418	329
24035	19101	329
3269	8134	185
21461	4608	144
14474	19101	329
13730	22551	32
8060	12350	329
8060	17503	329
15929	7020	329
23023	2206	32
23023	19956	32
23023	9931	257
12622	348	121
23571	13090	32
23571	13090	86
36	12719	339
8126	8134	32
8126	15	329
9746	16295	349
9746	4386	273
9746	23913	325
8948	12115	166
19585	3530	329
3814	4632	212
3814	6883	327
3814	16701	72
10256	5569	254
10256	18770	127
1154	19956	32
14501	19956	32
1912	1898	329
5993	22903	7
8455	23797	6
8455	4386	273
11213	19956	32
11213	6811	115
22422	13253	6
14384	24491	18
14384	19759	18
14384	24491	19
14384	19759	19
19198	18325	32
24505	14679	221
24505	9117	32
11326	14770	32
24145	17293	134
17455	13090	86
17455	13092	7
20102	12994	147
9275	8134	32
9275	13446	86
9275	8134	86
6141	17785	270
6141	3197	270
6141	17239	141
3909	4697	121
3909	22241	349
3909	22241	262
3909	22241	208
3909	22241	209
3909	5184	134
3909	678	273
11809	23892	32
10780	5855	23
18197	13090	283
1237	14379	122
1237	12994	147
1237	10798	18
1237	10798	19
21484	4697	121
17101	6630	166
4298	3341	329
4298	2149	329
1519	19956	32
5692	2422	103
3172	12994	274
11969	19937	32
11969	13957	221
23823	9366	134
365	19956	72
7561	12994	86
16949	16133	32
16949	4475	18
16949	4475	19
11979	15692	32
11979	19937	32
6332	10606	134
6332	2051	18
6332	2051	19
20825	4824	329
4380	10054	59
3583	10054	59
866	20654	32
866	937	329
10284	24292	329
10284	3576	329
16990	10486	281
22201	20040	134
376	15363	215
376	21746	325
14612	5569	254
14612	19722	32
16329	14770	32
2227	11463	134
2227	5184	134
2227	12115	166
1288	4487	157
1288	10606	134
19763	20295	349
19763	20295	262
19763	20178	259
16239	14770	32
16239	17625	329
7930	10606	134
7930	1632	18
7930	1632	19
15536	7078	329
15536	7077	329
15536	7078	189
11176	2900	32
11176	11469	329
11176	24182	329
5205	24173	329
10843	16702	329
22998	8970	329
22998	12169	32
13737	19136	18
4781	19920	252
4781	6630	166
10690	5184	134
18330	6308	115
18330	6307	115
4641	4229	208
4641	4229	209
2239	3465	166
87	9185	188
1133	12994	32
1133	24076	86
15132	19937	32
23716	7902	134
23716	9366	134
23716	22889	273
23716	3478	208
23716	3478	209
23716	7902	134
23715	9190	274
23715	12167	273
21899	20400	262
10146	19481	134
24129	9366	134
18084	22168	134
125	23037	146
125	23037	142
15009	14694	327
16770	8839	32
19571	21877	259
2128	2397	32
23217	8134	86
15088	6939	24
12231	9203	184
17411	5941	262
1604	17469	273
16989	10054	59
8774	8134	86
205	23037	146
205	23037	142
20621	2490	26
6114	3795	349
6114	6630	166
21302	24054	349
21302	24054	208
21302	24054	209
20866	11472	262
4143	19093	221
8851	19093	221
20135	14945	145
11701	8132	26
11701	2543	26
11701	8134	32
11787	5569	254
11787	3351	32
10295	5569	254
24479	6138	134
24479	6138	134
12185	8134	86
2329	9463	263
11387	20651	134
6288	23280	26
10804	3104	32
4619	11648	160
10910	8134	32
19221	19937	32
11411	6630	166
5074	14945	183
5074	17747	151
10176	8816	147
9903	19956	32
9903	19956	212
9903	7989	115
1532	13090	32
13145	2645	273
8836	7627	147
8836	19481	134
1094	6580	18
1094	7600	18
1094	21643	18
1094	21643	19
7962	17625	329
16824	9116	134
3877	12994	183
7383	1419	246
7383	3967	65
9450	20651	134
5439	4467	32
20496	19937	32
20496	8091	257
1834	7081	329
24342	19937	32
24342	19937	147
24342	11463	134
24342	9366	134
9398	10596	349
9398	10596	208
9398	10596	209
24276	19937	32
2874	3651	127
3647	17020	164
3647	7452	99
4252	20818	183
13375	13373	297
13375	20040	134
19306	21463	259
13117	9116	134
18477	18476	288
8689	23348	165
21578	6896	319
15779	9256	94
15779	9256	262
12426	22350	319
12426	14269	319
2116	7734	297
9359	10606	134
9359	7473	134
16222	12	69
16222	6630	166
16222	10545	166
5631	15698	32
3191	7734	297
3191	22592	144
3191	14304	144
4166	2539	26
2683	693	157
10017	6630	166
1959	6140	157
6760	8134	32
23564	8134	86
5560	17199	32
22894	3351	160
7281	17020	164
7281	7452	99
10164	2048	32
803	4697	121
803	10047	325
20758	18977	32
19312	4712	32
19312	17398	329
16437	5041	53
16437	2016	121
380	23766	26
11405	7350	32
11405	12056	329
23416	22968	265
11404	20775	94
11404	20775	349
11404	10545	166
15538	12994	32
3442	6630	166
21248	11348	319
3325	22892	97
6074	9366	134
17471	18536	175
11495	18918	183
11495	18918	184
4518	8111	320
179	177	293
16163	8134	86
4759	19485	134
4759	7891	69
6764	19039	86
23165	17196	221
1689	13527	151
15583	17472	96
15583	17472	95
106	950	332
1310	24559	32
7791	2034	1
22508	1525	319
4896	12442	349
4896	12442	262
24365	7350	274
18631	19937	147
18631	11463	134
981	6271	334
18446	4036	273
10601	17199	32
16105	12085	262
16105	20069	319
2933	6630	166
5404	19093	221
3344	15362	230
24401	4697	121
17687	8678	329
13903	1738	319
13903	8134	72
15388	19481	134
2097	15652	134
12676	4850	32
14131	19062	329
4609	12994	32
4609	3155	329
23490	2352	40
23531	8671	134
6930	5569	254
6930	2623	329
16792	19722	32
9899	7002	329
4377	16931	329
4377	16312	329
15885	6630	166
15885	348	121
1046	18642	329
1046	7073	329
18468	10054	59
18468	12592	227
4553	4552	6
4553	4697	121
4553	20651	134
14481	8792	127
13975	13251	221
6781	17020	164
6781	7452	99
6781	6780	135
6690	7961	59
6690	14973	112
8723	20836	26
19615	18635	329
573	572	259
21367	12994	147
15070	17020	164
15070	7452	99
15070	16065	112
20461	16471	319
20461	16471	262
16157	8134	32
16157	8134	86
7325	2623	127
4740	9366	134
3164	24600	32
3164	19722	32
3164	19723	329
22854	10098	263
22854	5544	263
22824	22339	183
11575	11551	306
19023	15326	134
23302	815	276
13745	4934	329
24121	8134	32
24121	8134	86
9846	7329	166
23295	14945	32
23295	9962	281
4727	9366	134
22114	19027	273
22114	475	273
22114	17481	273
21682	1445	319
23294	12776	166
19906	5012	24
19906	10606	134
7736	8134	32
7736	8134	86
213	20557	146
213	20557	142
1895	13392	262
1895	15750	262
1895	9366	134
2055	6630	166
20449	20651	134
20449	20448	259
15508	2397	283
24267	7865	329
22025	17488	319
6286	8134	32
620	15003	115
620	6140	157
19559	10038	319
19559	18618	215
8148	2397	32
17704	20492	329
15475	348	245
15475	6630	166
15475	7329	166
14951	17020	164
14951	7452	99
23812	6630	166
8495	20336	259
21959	19127	94
21959	19127	92
21959	19127	349
6775	11022	319
6775	6630	166
13606	10606	134
6355	8675	329
18609	9736	329
20109	10098	263
20109	5544	263
2790	18972	319
2790	18637	319
2790	7823	205
5727	10598	319
24410	19956	86
8674	18096	142
7513	6630	166
7513	9592	278
10644	23635	32
10644	23635	283
10644	14477	327
24498	17523	14
24498	10545	166
10894	9366	134
21496	11235	319
20590	17469	273
15315	12994	32
15315	12994	86
20020	8431	18
20020	9066	18
20020	8431	19
20020	9066	19
20729	5974	6
20729	13351	273
10210	2145	349
10210	18243	319
10210	3278	205
10210	6630	166
135	15153	329
135	11303	188
164	24270	188
165	19141	188
162	4006	329
162	11303	188
9740	9740	205
9063	12516	147
19006	17469	273
19836	19835	58
1096	5061	329
7775	7961	59
7775	23348	112
19706	20226	349
5255	18302	329
5255	17140	329
8853	20180	263
166	171	327
16657	467	205
15790	22946	329
16402	16403	325
16403	12025	325
12025	16403	259
594	2739	205
18760	6630	166
2400	10098	263
21737	7473	134
21737	9116	134
21737	10606	134
21737	9366	134
612	8503	273
1227	21317	6
1227	21141	349
1227	21141	14
1227	9366	134
16385	23635	32
16385	17293	134
20473	14945	32
8456	6630	166
8456	19325	66
8456	14888	215
8627	2352	32
8627	2352	86
173	20492	329
173	14383	188
10467	13090	32
10467	13090	86
10467	13092	221
10467	23065	7
10467	13092	7
17656	15568	69
17656	13040	68
19373	2224	165
17588	12994	86
19842	20651	134
19842	4956	259
12901	17293	134
12901	9116	134
14138	7140	329
14138	14831	329
3581	24107	14
3581	9366	134
20817	19776	229
23199	14654	281
23199	17280	317
8802	19919	32
20326	17020	164
20326	7452	99
8822	2824	160
5134	19937	147
5134	11463	134
22143	12937	201
22143	12937	202
9743	7473	134
153	8134	72
6224	9366	134
16147	7961	59
9959	7038	329
9959	22797	329
1832	22913	7
21503	20651	134
4965	20651	134
18267	14012	262
10934	24173	329
6583	16090	283
2496	1726	65
3781	2916	59
6870	2916	59
22973	18649	329
22973	3556	329
21861	10606	134
5586	24076	32
5586	7473	134
5779	7018	329
5779	1074	329
23747	5569	254
6730	18449	329
22540	19968	262
22540	19968	14
175	8145	188
18810	3453	329
18810	13004	329
21060	9116	134
11372	14770	32
11372	4557	329
16379	19937	32
11032	15516	189
19904	15326	134
8101	18385	329
11835	13401	32
11835	4603	329
11835	4603	189
4281	19937	32
5933	10054	59
5933	5933	112
20695	17562	198
13385	8111	147
13385	1214	18
21984	20651	134
16668	13090	32
11371	4632	212
21207	393	121
10522	12994	183
4069	2445	316
4069	23343	316
8018	1436	32
8018	17476	329
10717	13090	32
10717	10606	134
21673	22126	319
21927	18703	14
21927	10606	134
21927	17469	273
24291	17272	263
16856	23631	32
7683	22790	32
7683	22790	283
7683	22790	57
9260	10496	262
23102	2339	94
23102	22074	262
23102	2339	349
15884	9366	134
15884	9366	134
19297	9366	134
19297	24205	18
19297	6580	18
19297	22713	18
19297	24205	19
19297	6580	19
19297	22713	19
17524	17523	14
17524	10545	166
17524	6630	166
3349	1988	183
9461	20408	325
18639	17199	147
18606	17347	165
18606	15957	283
19388	9366	134
19388	20651	134
19388	24205	18
19388	7831	18
19388	24205	19
19388	7831	19
20	17496	144
20	17819	144
783	7002	329
783	15103	329
14459	22333	127
14459	11643	32
8483	5855	23
3246	3246	319
3246	348	121
3246	20793	278
903	491	208
903	491	209
15776	3527	329
15776	10381	329
1947	13348	32
1947	13348	32
22680	7961	59
18196	22913	7
18196	15114	106
14521	23752	32
14521	15427	329
11128	5184	134
214	14181	146
214	14181	142
10486	2714	32
10486	16990	281
21905	1213	319
15308	17629	94
15308	17629	349
8862	10114	32
18988	2965	319
18988	11084	319
18988	10862	103
18988	22892	97
16264	5375	262
1479	19956	32
1479	7010	329
1479	7010	189
10317	7350	147
10317	9366	134
11958	19937	32
13642	19079	238
2989	11463	134
1622	11843	270
1622	668	84
16547	3342	32
16547	7473	134
3208	19722	212
3208	19722	321
19478	9366	134
20124	5869	319
20124	7548	97
21394	6630	166
11063	4386	273
11063	10048	18
11063	10783	18
11063	10048	19
11063	10783	19
3368	6630	166
17953	10114	72
23394	4894	32
23394	13090	86
23394	13092	7
23394	22870	282
15945	12312	127
15945	8797	127
10434	693	157
11602	14039	32
21668	6630	166
6058	16840	319
18431	348	245
18431	6630	166
813	9116	134
813	17304	18
813	17304	19
22298	24140	94
22298	24140	349
22298	24140	319
22298	14118	97
4141	15687	26
13001	11463	134
1948	12994	86
2182	22168	134
2182	14353	319
2182	10664	111
21364	12994	274
21364	10606	134
16118	2083	329
9878	10931	208
9878	10931	209
22990	12850	340
1601	51	340
22802	22800	282
21896	2218	66
21896	2218	97
17666	23627	58
17666	23627	44
19124	10606	134
19124	8039	18
19124	7911	19
19124	8039	19
6776	6766	319
5847	348	121
5847	393	121
15455	7517	329
15455	20619	127
13766	17293	134
13766	6494	273
3801	151	197
3801	8134	32
3801	8910	86
3801	8134	86
12735	9366	134
12735	10894	18
12735	10894	19
17120	13808	221
22045	2240	262
22045	2240	14
16499	2418	329
16499	2418	189
12014	7041	329
1819	1818	258
19357	5569	254
15856	3810	319
12528	15568	69
2118	8134	32
16401	13090	32
16401	21700	18
16401	21700	19
22594	22596	183
22594	22594	263
16759	8134	147
16759	10606	134
18499	941	270
18499	6603	304
23544	17469	273
12494	19937	32
20381	24349	262
20347	12878	208
20347	12878	209
10173	8215	184
12667	9712	325
12942	3125	18
12942	22606	18
12942	3125	19
12942	22606	19
12856	19896	325
13020	7473	134
13020	12994	183
17489	348	121
16431	6630	166
9646	14770	142
14711	3041	329
5486	14279	210
20252	6140	157
8717	7329	166
8717	479	215
23085	7052	329
24464	24176	115
178	172	255
16981	7329	166
16981	6630	166
16981	348	121
5536	20654	32
5536	20654	86
5536	20654	321
5536	20654	283
13692	22790	32
13692	22790	212
13692	22790	321
13692	22790	283
13692	22790	57
13692	1606	282
11863	9366	134
7065	6217	93
7065	20040	134
8454	17756	319
216	235	327
1141	20098	329
1141	7556	329
17753	22790	32
17753	22790	283
6756	8132	26
6756	2490	26
6756	8134	32
6795	22946	329
14203	12850	340
16456	6229	127
1251	9366	134
1251	3748	273
17596	2490	26
17596	2305	32
17596	8134	32
17596	8134	86
19236	7061	329
19236	7017	329
23143	7473	134
6250	17469	273
12391	6138	134
195	197	327
11315	4632	212
4151	1337	255
21732	11357	144
21732	4546	144
21732	13800	144
21732	11195	144
21732	6543	144
21732	12781	144
14507	15	329
21568	9116	134
17370	15326	134
9013	22070	134
9013	15568	69
5298	20605	262
5298	20605	208
5298	20605	209
5298	13156	273
5371	3552	189
16523	1436	32
24588	15444	32
6636	13090	32
6636	13090	86
6636	13090	283
6636	13092	7
9279	2490	26
9279	8134	32
9279	8134	86
8393	3919	319
8393	467	205
22208	24107	349
22208	9366	134
11834	18868	329
3147	10194	227
20202	6140	157
17754	12994	32
20617	7473	134
20617	10606	134
9026	2490	26
9026	8134	32
820	6630	166
3067	17001	329
116	16152	188
14467	16725	18
14467	12261	18
14467	16725	19
14467	12261	19
15900	11698	0
15900	8134	212
8770	19549	26
8770	8134	32
8770	8134	86
20443	11896	65
671	7999	163
671	10098	263
671	5544	263
4442	10545	166
4442	6630	166
9578	2585	270
9578	811	270
9578	19216	270
9578	23633	270
9578	20798	270
9578	3197	270
10356	13563	319
6198	5403	18
6198	5403	19
9069	7840	53
23373	4013	32
23373	15125	329
11630	491	14
12086	491	14
12086	5184	134
12086	9366	134
9733	2901	142
7143	4697	121
7143	20651	134
12110	8134	32
12110	8134	86
22748	19416	288
8912	8134	32
8912	8134	86
15578	3041	189
11085	20685	14
17083	10054	59
22589	10054	59
7739	8134	86
11709	6140	157
8047	24158	18
8047	24158	19
19278	7055	329
19278	7062	189
2008	16272	26
2008	19413	32
18453	11077	319
10687	5085	262
10687	9366	134
10687	9366	134
20576	1403	339
8375	13867	262
6265	10606	134
5598	8134	274
6761	8134	32
6761	8134	86
18447	23514	215
18447	348	121
19331	10114	212
19331	10114	321
19331	3351	221
13402	4697	121
13402	20651	134
13402	24130	325
4250	2016	121
4250	2016	121
13441	14654	319
4655	19937	185
22425	19484	189
19183	15326	134
19451	19910	298
19451	19451	326
19451	19451	326
19884	24076	32
19884	24076	32
16155	8134	32
16155	8134	86
16079	6296	243
13065	17020	164
13065	7452	99
12035	8039	349
12035	9366	134
17324	10054	59
17324	12592	227
6661	10054	59
15399	10606	265
11298	17766	274
11298	3748	273
22424	9536	208
22424	9536	209
2843	11670	18
2843	3512	18
2843	11670	19
2843	23565	19
2843	3512	19
20506	14379	262
11379	2490	26
11379	8134	32
2629	12072	32
2629	14945	283
6188	12006	86
6188	17064	221
6188	12006	212
19492	348	245
7800	7329	166
7800	6630	166
7800	348	121
23330	16	329
20570	9366	134
12106	13346	26
21495	20651	134
17537	24096	329
17537	481	329
17537	17074	329
4708	9366	134
4708	10750	259
5607	743	227
7725	8132	26
7725	2530	26
7725	19549	26
17789	19048	134
17789	23903	319
19077	10098	263
5958	18349	349
5958	13861	262
24381	9116	134
1989	10054	59
18109	15291	262
10813	5569	254
10813	19043	329
10813	12312	127
10813	8790	127
7397	19449	319
7397	19937	72
3334	19920	32
21782	6630	166
14936	17361	32
4405	20653	7
4405	639	260
217	237	327
12510	4568	329
1965	12843	96
1965	12843	95
24429	17680	319
13870	8134	32
13870	8134	86
12852	10874	122
7264	7265	216
23186	20651	134
3938	780	32
8585	22790	252
8585	6630	166
8585	9661	278
19553	8134	32
15246	19333	282
15502	434	329
23450	23775	41
20887	19645	259
3774	6476	59
22356	13090	283
22356	13092	7
10216	20340	39
13026	12994	58
23548	24143	273
16144	9010	349
16144	9366	134
17904	20605	262
17904	20605	208
17904	20605	209
17904	13156	273
11937	15749	329
24013	23857	109
9875	9875	300
9875	393	121
5173	4842	270
5173	17640	270
5173	2343	270
5173	18886	270
8812	10114	32
12483	19937	32
6645	3549	329
5498	2352	147
5498	9366	134
5498	20781	18
5498	20781	19
9826	3748	273
10285	11310	198
16874	6140	157
6606	8135	329
1081	10243	329
6725	8134	32
15725	10114	32
15725	10117	329
16706	23363	32
19476	9540	325
17485	6630	166
3198	10512	94
3198	10512	349
3198	14363	319
3198	10512	319
23562	7467	32
11324	2109	329
7342	7575	65
17013	4697	121
17013	3748	273
7201	7761	232
5281	10114	32
6418	14964	349
6418	14964	319
6418	15576	319
6418	15083	319
6418	8475	205
4367	8135	329
9313	3748	273
9313	3509	259
7887	10114	72
9869	5065	349
1196	15406	329
1196	15406	329
5150	6419	227
8915	8134	32
3159	18641	329
18787	7350	72
18787	6271	334
12204	23249	157
12204	9366	134
12204	19920	32
20673	20651	134
8644	11467	329
2793	2824	32
23063	1861	94
23063	1861	349
23063	2103	319
8776	2238	177
9551	18259	319
9551	15371	319
9551	12151	319
9551	14731	319
9551	18259	111
9551	2352	183
9551	15360	97
9551	15360	53
2586	18687	349
2586	10619	205
2971	5184	134
5479	20654	32
5479	20654	86
5479	20654	72
5479	8706	26
15892	3427	329
13995	5569	254
17974	3678	32
4919	1452	329
1655	8134	32
1655	8134	212
18871	10272	14
9401	778	349
9401	778	262
9401	20651	134
12759	10606	134
12759	14485	18
12759	14485	19
11640	5184	134
4885	24114	329
16211	5639	329
5809	3419	329
19150	2254	319
19150	17178	103
197	18487	188
197	196	254
197	195	255
14636	3477	259
14636	5831	325
5831	14636	259
12604	9366	134
24357	10606	134
23130	19062	189
19156	20295	262
19156	20667	262
19156	20651	134
3411	8134	32
3411	2307	86
3411	8134	86
8861	13353	329
8861	10117	329
8861	10117	189
12560	22914	7
4197	22889	273
19295	19937	147
19295	9366	134
12876	15461	349
15487	3613	115
9331	15425	147
14111	499	329
5942	434	329
8478	7075	329
8478	7026	329
17441	10590	205
12641	16846	262
12641	6431	262
17570	17238	270
21135	15363	79
21135	15363	215
9271	6140	157
9271	16666	157
9271	10606	134
9271	16666	221
17645	16090	147
13611	17450	189
2669	9116	134
2669	8973	18
2669	8973	19
12495	19937	32
14847	12022	32
17864	1771	161
17864	6571	65
14816	20159	306
16902	22691	227
16902	23929	31
19851	19937	32
18963	8135	329
16223	6630	166
16223	348	121
20187	14769	32
20208	12994	32
15648	491	18
15648	491	19
20188	16225	329
20188	7047	189
19005	5184	134
19005	6630	166
14062	3351	32
2993	883	259
24359	14275	349
12616	21589	183
12202	15237	327
20773	22890	96
20773	22890	95
1921	10114	72
23244	3678	32
23244	3527	329
21552	23178	319
9375	10114	72
13586	17450	329
17940	6348	160
17940	16827	160
7926	10545	166
6163	19481	134
6163	15652	134
22506	6296	243
22506	6295	227
9654	8855	32
9654	10114	32
9654	17064	221
21990	23097	134
40	6815	14
40	6815	244
40	10606	134
15550	10113	329
9513	7961	59
15581	13090	32
15581	20074	283
15581	13090	283
444	10606	134
24476	13540	32
19897	17790	262
8782	22976	154
9425	17277	270
9425	20350	141
15800	10023	134
15800	23153	18
15800	23153	19
1261	4697	263
21650	18935	319
17829	13872	154
15873	20710	53
2722	1953	327
19590	19589	279
14617	6138	134
9057	21871	14
9057	21871	244
13584	12223	329
15284	10755	319
15284	18823	319
13206	8134	72
12205	16090	147
12205	12205	18
12205	12205	19
10162	19970	329
10015	14679	221
21864	10423	319
5582	17020	164
5582	7452	99
19779	13843	94
19779	13843	262
20852	15041	6
23883	9366	134
11695	17895	329
20625	14945	32
20625	14945	86
18978	6630	166
4180	10114	72
18545	10114	72
15814	12592	227
19040	8134	72
15376	10737	14
21476	9366	134
21476	18655	18
21476	18655	19
22349	20275	18
22349	8641	18
22349	11777	18
22349	1997	18
22349	10869	18
22349	20275	19
22349	8641	19
22349	11777	19
22349	1997	19
22349	10869	19
5768	3554	329
1111	5569	254
1111	19956	32
24405	8706	26
24405	14696	327
20647	7371	134
15751	18466	329
11420	4697	121
17040	10606	134
7462	3187	329
11321	17743	329
19282	14958	339
124	128	327
1647	19062	189
12747	6630	166
21497	17463	262
21497	20651	134
11342	5012	262
11342	10310	14
21138	21938	297
2931	2445	316
11767	10788	262
16577	878	32
16577	16312	329
15524	12799	319
15524	23575	68
23253	8243	349
15212	14226	126
22608	23249	157
12701	11462	208
12701	11462	209
12701	15326	134
7114	14945	32
9889	6630	166
4391	10054	59
4391	12592	227
15159	10098	151
13974	9366	134
7593	21000	7
7593	17747	221
7916	6630	166
9712	12667	259
16219	12072	86
18667	13591	111
18667	7542	215
19280	9366	134
6664	10606	134
10106	18385	329
4630	51	340
8191	16701	32
14170	20677	147
3723	18262	273
3723	14956	18
3723	14956	19
8513	12994	147
8513	2787	134
5904	1841	208
5904	1841	209
126	122	255
23809	4697	121
20527	20527	24
20527	12516	147
785	13468	32
785	19722	32
3033	10606	134
14917	10606	134
18512	7473	134
22698	17472	273
20826	9366	134
5466	10606	134
884	12375	262
10008	4243	134
10008	11955	319
10008	7329	166
10008	479	215
10008	13600	278
10428	22904	7
15844	7042	329
15844	14223	189
22822	17551	111
22822	17551	215
3412	7821	329
3412	18630	329
18720	915	32
14705	1419	32
1765	23225	32
1765	3554	329
3329	10606	134
22355	1961	115
22697	10606	134
2184	6630	166
7584	2320	32
7584	2320	86
23128	19956	32
1056	14586	32
1056	2633	32
15967	19956	32
18375	7060	329
2572	7525	129
13131	7700	349
13131	7700	262
13131	7700	208
13131	7700	209
13131	12994	274
886	4697	121
886	6580	262
886	9366	134
9321	16852	319
9321	2218	215
11141	9561	165
7277	20660	32
972	12994	32
129	11013	50
1982	16272	197
15964	10114	32
15964	10114	221
12914	10606	134
12914	6630	166
13212	18651	329
21483	21393	19
12858	4604	273
15883	4604	273
15076	10054	59
15076	12592	227
2282	16490	20
11318	4632	212
2011	12169	183
2011	348	121
14274	15004	157
14274	23097	134
24389	13342	6
24389	24107	349
24389	24107	208
24389	24107	209
511	5519	349
511	19394	259
511	21029	325
1360	2455	150
1360	2455	150
172	167	255
172	178	327
11131	22333	127
12628	9509	56
12628	2029	97
14982	1419	32
11793	13469	273
18938	4167	32
18938	6608	329
18938	7557	329
18938	6608	189
23283	4823	329
22646	11949	6
12769	20797	125
192	190	254
1675	9366	134
1675	23716	259
1675	17213	325
21953	1498	300
21953	14286	300
21953	8134	166
21953	348	121
12314	2397	32
12314	3565	127
14496	19956	32
14496	19956	57
12195	11642	53
9961	9366	134
8565	8636	292
12492	19937	32
24360	8206	94
24360	8206	349
2104	18895	327
1193	4712	32
12024	17110	262
12024	17110	14
18895	2104	255
14553	9116	134
24398	9366	134
16749	4189	115
9919	7329	166
9919	479	215
21957	6630	166
218	238	327
14910	14117	97
2180	3596	84
7250	3726	329
7250	2035	329
18319	8675	329
18319	2036	329
18319	4966	329
19957	22921	7
2820	5184	134
22784	17199	32
24017	21000	7
18622	7473	134
22461	9312	256
19359	5174	349
24203	2501	26
24203	2522	26
18357	2448	32
18357	7003	329
10266	12006	32
10266	4936	195
10266	7586	260
17532	4632	212
17581	3351	283
23358	6630	166
336	2537	26
464	16218	327
13061	17020	164
13061	7452	99
16678	17020	164
16966	9366	134
938	20654	32
10446	12994	86
21345	5217	319
7432	4697	121
15289	9360	134
18268	12994	274
18268	20651	134
23275	19956	32
23275	19956	72
9973	9776	325
18228	18641	329
18228	7089	329
8553	2926	63
24130	15338	273
24130	13402	259
7642	15427	329
23021	19956	32
5747	10054	59
5747	12592	227
5452	856	32
23793	9366	134
3786	10054	59
3786	12592	227
21387	5516	319
21387	3351	183
21387	8846	66
10313	17196	221
10567	5061	329
10567	8001	329
6737	8797	127
6737	7350	32
19337	20651	134
19337	381	273
14994	348	245
19162	12410	144
13342	24107	262
13342	19913	339
13342	24107	14
13342	9366	134
13342	5924	273
1220	10114	32
1220	10117	329
16593	3342	283
16593	9742	33
9586	10747	183
9586	2824	183
18150	6630	166
20688	10680	208
20688	10680	209
20138	24453	319
1559	10606	134
1559	1696	19
14020	19061	329
23345	18646	329
6969	6634	205
4586	10054	59
22046	9575	262
14513	20651	134
6753	2490	26
6753	8134	32
9142	7473	134
9142	12994	183
1901	12850	340
298	8134	72
14176	15675	270
20774	8253	329
20774	19484	329
12822	8241	81
12822	24264	81
12822	15322	81
12822	18709	81
12822	14704	81
12822	14719	81
7712	5131	94
7712	24491	319
6475	10054	59
6475	12592	227
18086	15652	134
18086	19481	134
6222	9366	134
2353	18924	188
14860	16886	349
14860	16886	262
14860	5184	134
2125	7022	329
2125	7520	329
15908	16323	197
15908	12527	32
15908	8134	32
15908	8910	86
15908	8134	86
1935	3804	32
15273	7080	189
7213	7044	329
44	17199	195
22176	23195	319
17492	22902	7
22327	19956	32
16033	4364	144
15778	19956	32
15778	20751	32
413	13278	26
413	8028	218
180	177	254
14157	22489	147
14157	3356	147
14157	5184	134
15377	8748	349
15377	9612	319
15377	8747	319
22700	20651	134
6992	15493	129
11359	8134	32
11359	8135	329
8980	18465	329
1766	9366	134
1766	11340	18
1766	16186	18
1766	11340	19
1766	16186	19
14739	10054	59
14739	12592	227
6111	5174	349
14648	3951	329
18775	11654	32
6937	8591	32
12874	10045	103
21545	20186	94
21545	6630	166
18709	10114	32
19768	9366	134
9628	2824	32
6715	8134	86
10377	18747	274
4477	10319	208
4477	7902	134
9179	8132	26
9179	8134	32
7659	1074	329
5585	6308	264
1174	8134	32
220	240	327
14714	22738	329
14714	8970	329
13250	3064	20
13250	7329	166
17810	22878	64
17810	8706	26
13792	5569	254
13792	22333	127
14508	11750	319
14508	19232	319
16122	10114	72
4248	15448	205
1099	3964	329
3202	3202	18
3202	3202	19
22085	8065	349
22085	23233	319
3493	1574	223
3493	1449	262
14901	8839	183
22662	19873	273
4162	17730	329
4162	2120	127
6473	17196	221
19584	6886	39
16256	19937	72
16256	12115	166
1460	7473	134
6487	9366	134
6487	6138	134
7265	7264	258
3494	4729	208
3494	4729	209
3494	17469	273
9702	4729	349
9702	4729	208
9702	4729	209
9702	17469	273
11312	17350	275
2178	14945	32
2178	4292	165
2178	14945	283
12825	18119	81
12825	23319	81
12825	13464	81
12825	5213	81
13091	4729	208
13091	17469	273
1599	846	329
7752	10679	349
8648	10113	329
8648	10113	329
5959	5977	349
10288	14945	86
17555	11150	94
17555	24072	319
966	10027	329
2839	10606	134
19861	2016	245
19861	6630	166
19861	14945	145
16183	9116	134
901	4846	32
901	17196	221
8850	22934	105
791	8134	276
791	19920	276
24373	12043	349
13363	7961	59
13363	23077	112
11348	17070	32
17560	23379	319
21440	22892	97
6804	16089	319
14842	18576	306
14842	18577	306
19262	10063	329
22033	10728	18
22033	10728	19
19452	23789	259
23826	5184	134
10395	7716	329
9636	9636	23
8523	14167	144
6667	12592	227
23135	19822	273
23135	16892	273
225	4568	329
6646	5664	329
6646	24466	329
7231	17046	329
24264	19956	32
24264	7066	329
24264	7239	329
13662	5880	329
13662	22616	329
201	12008	146
201	12008	142
201	15236	175
20914	10054	59
20914	12592	227
7442	20098	329
13313	5324	7
9302	10114	72
4733	24173	329
4733	19101	329
21656	20651	134
20761	10869	208
20761	10869	209
19717	17472	273
23214	6784	329
23974	3357	23
6004	20435	94
21252	22677	349
21252	15527	208
21252	15527	209
21252	24577	325
14493	19956	86
1027	10054	59
6825	10054	59
6825	12592	227
2980	2980	129
11978	19937	147
11978	19892	273
123	11013	50
20702	8111	276
6572	9366	134
17388	10054	59
17388	12592	227
16637	13311	319
5579	10114	72
7923	1421	183
7923	10114	183
7923	20978	298
16101	6630	166
18345	8134	32
6871	10054	59
6871	12592	227
11356	10606	134
2984	18955	144
8193	6931	329
2786	457	94
2786	457	103
2786	457	349
7998	16260	32
5908	7473	134
5908	10606	134
19579	6630	166
21459	17990	319
1852	4652	221
1852	17064	221
1852	15084	134
8090	18290	283
20398	7473	134
20398	10606	134
12451	1874	270
8380	17239	304
8380	12451	83
5007	16174	14
20442	7473	134
15704	4183	184
9255	8692	32
16380	19937	32
6618	7734	297
6618	16089	144
22359	3964	329
13660	17469	273
18410	15414	195
18410	15687	26
16408	22889	273
2608	7681	319
2608	13039	319
2608	6630	166
21981	5751	94
23788	14562	208
23788	14562	209
21485	1748	205
21485	16036	97
21485	22892	97
14082	14562	209
10019	3351	320
17655	9003	319
17300	10054	59
2070	2069	258
340	10606	134
4667	20593	6
13426	23633	270
19900	19937	72
19900	12115	166
6152	9366	134
23317	12006	32
23317	2270	7
2319	19937	32
13280	19937	32
8639	4691	238
9853	18811	349
9853	19129	319
9853	11328	319
9853	6630	166
23282	9116	134
23684	23184	349
23684	19876	259
24343	19937	32
1770	16303	147
1770	13351	273
13297	7052	329
13450	10114	32
828	8851	349
15110	8134	185
2749	12410	144
8247	3922	282
24513	10114	72
5283	10114	72
3121	10114	72
7333	1436	145
14053	8134	86
15553	16312	189
9620	3529	329
9620	17140	329
3542	24136	274
3542	22412	273
13376	13373	297
13376	20040	134
5689	23122	262
5689	23122	215
17344	4502	319
17344	15363	215
9766	3748	273
18078	19956	32
18078	12763	255
21388	9106	325
20320	7961	59
2113	9366	134
3324	16380	319
3324	19937	72
3324	12115	166
23653	17381	325
18973	12191	319
5633	15125	329
13472	10114	72
816	10114	72
21890	6630	166
13002	7473	134
17400	10114	72
13364	10054	59
3047	481	329
3047	434	329
21281	16540	319
13036	4632	212
20444	13431	281
20444	13562	281
21066	15568	69
24257	1436	32
23980	8111	32
14215	3879	273
19796	6296	243
7850	2109	329
20915	10606	134
12895	24093	325
876	22657	262
21003	17469	273
1545	19956	32
1545	6001	7
571	12985	319
16964	10054	59
16964	12592	227
10560	7328	321
9543	16887	147
9543	9366	134
9543	5184	134
23944	23832	238
23944	5324	7
23475	6630	166
7542	348	245
5615	17020	164
5615	7452	99
5615	16065	112
5615	6671	112
5615	5614	135
18038	16100	32
4539	17469	273
5713	13612	79
4003	17020	164
14133	12592	227
3965	5397	262
3965	12396	166
17357	17357	319
1201	10114	32
1201	10114	212
9417	9116	134
7244	7961	59
22845	849	94
3593	7961	59
16600	7961	59
8845	7961	59
9590	4934	329
4895	10606	134
13003	2897	262
13003	9366	134
13003	17469	273
5491	17293	134
1030	7961	59
3592	7961	59
1031	7961	59
7298	7296	255
2058	7961	59
7199	3538	144
7199	12406	144
10318	9366	134
10318	24107	18
10318	24107	19
12441	24559	86
23939	13090	147
23939	9366	134
24596	7473	134
19985	10800	319
19985	5869	319
10035	17800	18
5460	8499	32
7770	429	66
20319	14672	327
14027	17625	329
11423	2212	63
3650	14679	221
160	5347	188
15509	22895	7
11608	24294	32
14276	9366	134
22640	20651	134
6489	11166	319
4395	4457	329
4395	4457	189
18532	19062	329
8167	10114	183
14995	6697	349
14995	15646	349
16409	12994	274
6230	19937	147
6230	11463	134
10335	10335	274
6379	8134	86
21447	10606	134
4634	15675	270
17735	11463	134
17735	12115	166
16958	15316	94
11390	19937	32
11390	19937	147
11390	9366	134
11390	11463	134
1222	1353	319
1222	5058	223
1222	5058	107
1222	10029	166
16029	20167	35
23785	21941	6
23785	20709	274
17105	10023	134
17105	2645	273
13647	18635	329
17547	10114	72
18094	3823	94
7583	18071	32
14925	11926	32
14925	11926	86
14925	22923	7
12552	12537	127
3014	2645	273
3014	1965	273
12175	10114	72
24508	10114	72
16960	20461	297
18809	19734	221
2519	1419	246
20197	20038	329
20197	22745	189
7789	17285	208
7789	17285	209
7789	9366	134
6044	8910	32
3217	5569	254
601	9122	329
538	4364	144
21297	15195	349
21297	5108	262
21297	15195	208
21297	15195	209
21297	9366	134
12164	19920	72
12164	19920	309
12164	19920	200
9927	10114	72
8709	14945	86
21380	6630	166
21380	21197	325
4787	23122	215
4787	348	121
4363	22790	32
4363	22790	212
4363	22790	321
4363	22790	283
4363	22790	57
16367	10054	59
16367	12592	227
22617	9366	134
767	7790	115
23808	24506	319
21819	23969	94
21819	18243	319
10555	7350	32
7714	8134	185
690	3552	329
3168	16221	329
17768	20911	59
10334	24559	147
21718	19064	144
12703	10893	262
23045	19956	32
7088	9519	134
3162	24595	329
23878	5446	319
10532	8134	32
10532	8135	329
3083	10606	134
3083	3748	273
23287	23286	142
13897	13898	97
13897	758	132
22839	23514	215
22839	348	121
234	232	175
19786	15237	238
10045	18042	86
13947	24107	18
13947	24107	19
17256	10054	59
17256	9676	227
6172	7518	32
21581	13487	94
3852	12994	183
15013	6140	122
7937	8292	329
10408	10114	72
10408	20899	160
11677	10114	72
11677	20899	160
8213	10606	134
10403	20899	160
22816	5063	232
11196	21728	18
11196	21728	19
1311	11463	134
1311	5184	134
1311	12115	166
18768	5816	264
18768	2002	257
11486	19937	40
11486	11463	265
12203	15237	327
18064	7473	134
21670	15363	53
11381	8135	329
3939	18920	58
12420	10114	72
12420	20899	160
12420	19428	160
2684	2307	32
5321	22596	32
5975	13351	273
5975	5974	259
9627	15720	329
17732	348	121
17283	17282	297
17283	20040	134
3609	17020	164
3609	7452	99
24338	19937	32
11634	19956	32
15481	23163	18
15481	23163	19
9943	9059	262
9943	9059	208
9943	9059	209
12124	18647	329
12124	15	329
6650	4800	94
6650	14352	319
729	20098	329
7925	10114	72
7574	17064	221
17416	24324	259
8378	22968	134
834	10054	59
16544	5184	134
5152	10114	72
24306	19956	86
24306	7020	189
17259	24241	319
17259	4059	53
17369	20651	134
665	10054	59
16039	2399	144
2291	10606	134
5790	17559	262
5790	17559	319
8424	10114	72
6830	10054	59
6830	665	112
8725	18516	189
6876	21728	18
6876	21728	19
229	19076	175
5504	17970	349
5504	17970	262
5504	17970	208
5504	17970	209
22642	4614	319
22642	6630	166
22642	12994	183
14778	16488	144
17381	23653	259
23241	481	329
23241	481	189
13343	9366	134
316	24454	262
316	8926	319
316	11399	205
316	5382	103
12811	24248	81
12811	8450	81
12811	4379	81
12811	18541	81
12811	16094	81
12811	5797	81
12811	12571	81
12811	15580	81
12811	23957	81
12811	11363	81
12811	6428	81
12811	20208	81
12811	13869	81
12811	1159	81
12811	7808	81
12811	16567	81
12811	24326	81
12811	1032	81
12811	5042	81
12811	15551	81
12811	3157	81
12811	14879	81
12811	8860	81
12811	9828	81
12811	4829	81
12811	20056	81
12811	14515	81
12811	13834	81
12811	14359	81
12811	12159	81
12370	18432	134
15899	2541	26
23309	19956	212
23309	143	26
5037	17020	164
5037	7452	99
18155	10606	134
7186	10114	72
7186	19936	160
7186	3983	160
2384	10114	72
2384	19936	160
2384	3983	160
21506	10606	134
11317	16701	32
11317	20037	329
11317	5662	329
12064	4697	121
11491	10098	263
21742	8924	205
12619	13885	300
5806	17469	273
10584	16701	32
10584	4561	329
5537	15754	325
9285	8134	32
9285	8134	86
9285	8134	212
9285	8134	321
19837	6815	349
19837	6815	208
19837	6815	209
1918	5445	111
1615	13027	26
13740	5660	329
21705	23217	319
18185	9978	7
369	9116	134
369	17293	134
2723	2541	26
2723	19813	26
2723	6856	23
2723	24163	23
2723	16701	23
2723	19926	32
15754	5537	259
12256	24448	183
12256	17432	183
21764	10606	134
17957	15669	94
17957	13054	325
1197	10114	72
1197	19936	160
1197	3984	160
17667	10114	72
17667	19936	160
14897	10319	129
14897	9366	134
235	7480	175
235	216	255
223	19600	188
7975	10114	72
7975	19936	160
10308	19937	147
10308	11463	134
2158	10054	59
16358	10054	59
16369	10054	59
15333	10054	59
15334	10054	59
15334	15333	135
3074	7867	23
17531	5184	134
22812	5012	262
22812	5184	134
23101	14686	204
1260	7627	147
1260	7473	134
10580	9696	329
9127	23969	319
15336	10054	59
15336	15333	135
15335	15333	135
20214	10054	59
1209	16887	147
1209	9116	134
14806	10054	59
22985	12592	227
12117	5699	127
14808	10054	59
14807	10054	59
14810	10054	59
14809	10054	59
14811	10054	59
1614	23602	26
1614	1615	280
14812	10054	59
14812	8038	31
12037	3521	6
14813	10054	59
14813	8038	31
9529	10054	59
14798	10054	59
14798	8038	31
14797	10054	59
24016	6957	165
24016	23532	7
14814	10054	59
2782	11156	349
2267	17020	164
2267	7452	99
18592	8134	32
18592	8134	86
12049	8134	32
12049	8134	86
12049	8134	212
12049	8134	321
1828	920	339
1828	16675	151
12821	14140	81
12821	9041	81
12821	14701	81
12821	8812	81
12821	14142	81
12821	1878	81
12821	14139	81
12821	9970	81
12821	14700	81
12821	13819	81
12821	12654	81
12821	7183	81
12821	7247	81
12821	14704	81
12821	14700	81
12821	14150	81
12821	19330	81
12821	24264	81
12821	15322	81
12821	8241	81
12821	6291	81
20620	5513	18
20620	5513	19
8771	12994	86
12903	12994	274
3312	5880	329
15288	10114	72
15288	19936	160
5690	7371	134
12291	17064	221
12291	8431	18
12291	8431	19
5981	4413	18
5981	4413	19
4289	10054	59
3210	10054	59
3211	10054	59
17763	5603	112
23925	8134	32
23925	8134	86
5553	348	121
17006	10054	59
15840	10054	59
5919	10054	59
20816	10054	59
1669	10054	59
17435	10054	59
15784	10054	59
20221	10054	59
4389	4556	15
4389	20167	35
183	12008	146
183	12008	142
10568	3063	18
10568	3063	19
2803	19937	72
2803	12115	166
2803	19937	183
16838	15424	7
224	1074	329
3607	22875	175
19167	10114	72
19167	19936	160
13556	15664	319
4498	23601	26
17022	17020	164
17022	7452	99
17022	16065	112
230	6792	146
230	6792	142
9422	17469	273
9187	17481	273
23105	20810	319
2193	10114	72
2193	19936	160
14628	17293	134
14628	20474	273
14628	1624	18
14628	1624	19
20351	2218	97
19685	6630	166
6769	10054	59
8372	10054	59
20984	10054	59
6529	15368	115
9440	12994	32
9691	16701	32
6415	1436	32
6415	18302	329
2945	20552	217
7206	7961	59
7206	5719	59
7206	801	112
3044	13828	32
16127	8134	86
10475	2270	105
18521	6138	134
18521	19623	18
18521	19623	19
18521	6556	19
9511	14770	32
14665	6630	166
1029	10054	59
23468	4333	349
23468	4333	262
17047	4697	121
17047	9366	134
15763	20651	134
2069	2070	216
11774	11624	329
20618	10054	59
14536	24538	32
2376	22790	183
2376	10098	263
17291	10054	59
579	17970	349
579	17970	262
579	17970	208
579	5504	325
13301	13351	273
9378	19484	329
9378	18645	329
19818	10114	72
4668	11239	349
317	20651	134
17407	10114	72
17407	8492	160
3682	10054	59
3682	3682	135
23879	17481	273
14756	13484	262
7331	438	329
10376	10377	6
10376	10832	349
10376	18747	274
6768	10054	59
5005	10044	147
5005	9366	134
24493	10054	59
20261	10054	59
8856	10054	59
10374	10114	72
22000	10698	319
22000	519	205
306	6138	134
306	6138	134
19448	20654	72
19054	10054	59
19054	22619	112
3770	10054	59
12597	10054	59
12597	665	112
6038	3351	32
6038	3351	86
7979	12474	321
7979	7978	281
18074	17277	270
18074	17278	270
5676	10054	59
5676	665	112
840	4658	304
6908	15643	349
6908	15643	262
7878	7452	99
22097	24050	283
1671	10606	134
22537	10639	94
22537	14317	144
5677	10054	59
5677	665	112
21528	4702	134
21528	348	121
21528	393	121
14249	10054	59
14249	12592	227
1630	10054	59
1628	10054	59
1631	10054	59
4828	10054	59
1629	10054	59
797	10054	59
808	10054	59
1371	10054	59
2547	10054	59
1492	10054	59
1491	10054	59
15328	10054	59
2546	10054	59
3999	10054	59
4955	10054	59
5601	10054	59
16485	10054	59
6735	10054	59
5600	10054	59
6734	10054	59
4975	10054	59
6545	10054	59
7890	10054	59
6654	10054	59
6736	10054	59
6655	10054	59
6544	10054	59
14246	10054	59
14247	10054	59
16207	10054	59
14255	10054	59
16811	10054	59
24227	10054	59
1670	10054	59
17327	10054	59
20000	10054	59
20216	10054	59
20216	20215	135
19112	5900	31
20001	10054	59
5063	22816	54
17624	9696	329
17624	9696	189
7175	10114	72
20217	10054	59
15797	19863	58
7729	8134	32
7729	8134	86
22563	21335	18
22563	21335	19
14372	23635	32
14372	22761	189
11819	14578	21
11819	23343	316
11819	22169	316
4951	19937	147
4951	11463	134
19488	20651	134
9583	10114	72
17890	18022	349
16266	10114	72
2899	17178	103
22207	19074	144
16992	10114	72
9419	10114	72
22517	10054	59
24494	10054	59
24494	24493	135
12751	1235	208
12751	1235	209
13512	18582	26
22801	3922	282
22801	22799	278
22801	22803	278
22801	22798	278
23069	19659	327
23069	9689	184
23069	7350	185
23069	12093	231
2419	10114	72
21407	15354	319
21407	14896	68
13582	19970	329
20424	24172	349
20424	24172	208
20424	24172	209
20424	3748	273
9885	4750	14
9885	21377	259
11292	19143	26
11292	13346	26
19395	4697	121
1476	10054	59
5862	17469	273
20790	19917	339
20790	16009	155
15617	23240	349
15617	20651	134
12661	12994	147
12661	1447	18
12661	1447	19
10826	8132	26
10826	2490	26
10826	8134	32
10826	18772	86
10826	8134	86
13725	4937	238
3936	12994	32
17391	17020	164
17391	17089	112
3640	10054	59
3643	10054	59
3642	10054	59
3644	10054	59
3641	10054	59
19272	19956	32
19272	7020	329
20335	10606	134
15792	16429	227
15200	10114	72
15200	11923	160
5295	15125	329
2561	4243	134
2561	10853	319
2561	10853	223
2561	479	215
2561	348	121
15069	10054	59
14370	9946	7
18103	4111	349
5239	20677	147
5239	15002	157
14676	5184	134
16982	7329	166
16982	6630	166
16982	479	215
23860	16845	18
23860	16845	19
10851	2201	32
10851	3342	86
17161	381	273
17795	21219	282
22230	12364	32
22230	12364	32
22688	6138	134
20988	10054	59
20989	10054	59
20990	10054	59
20218	10054	59
20219	10054	59
20220	10054	59
20945	3422	79
12726	19750	349
12726	19750	262
12726	20651	134
5080	9366	134
226	6452	146
226	6452	142
226	242	327
3142	10596	349
14998	9366	134
14998	8209	325
8209	9366	134
17424	21499	18
17424	21499	19
17408	6630	166
17408	17408	325
17408	17408	259
17408	17408	325
17408	17408	259
17408	17408	325
17408	17408	259
17408	17408	325
17408	17408	259
15926	7006	329
15926	7010	329
15926	7038	329
12651	6630	166
12651	3620	325
24363	20651	134
7216	10114	72
7216	15577	160
319	5184	134
3766	3869	151
3766	3869	263
3766	3869	298
1211	19555	32
1211	19555	86
1211	19555	212
13690	3748	273
19466	10114	72
18181	8132	26
8863	10114	32
227	7021	329
227	8134	146
227	8134	142
16904	10054	59
11685	8134	32
21686	20651	134
15136	16666	157
21638	2167	273
12215	18651	329
12215	18651	189
228	20666	188
4226	14918	320
4226	6630	166
12454	7003	329
12454	10014	329
5512	7312	273
10527	10114	72
21857	10606	134
9102	11933	6
9102	22730	349
14087	10114	72
7755	10114	72
24080	19572	297
14446	19956	32
14446	7043	329
17406	15438	32
17867	19778	18
17867	19778	19
2176	4310	319
2176	9876	319
12511	19937	32
6464	5118	262
6464	5118	14
19581	17293	134
6622	16692	329
6622	10028	329
19841	7931	319
2068	7473	134
4256	2006	278
18403	17364	7
6951	17293	134
9178	8134	32
9178	8134	86
22786	24559	32
15292	2429	329
1	6630	166
12249	9366	134
4971	7473	134
4971	10606	134
4971	16671	221
23406	23442	306
23406	23452	306
24068	5184	134
9404	18808	14
9404	17469	273
11901	10114	72
23683	3944	262
7882	16692	329
7882	10027	329
7882	10028	329
15539	7108	7
236	23152	329
236	8134	146
236	8134	142
231	18664	329
231	8134	146
231	8134	142
2657	704	134
5291	4934	329
8825	18630	329
2337	10114	72
12508	19937	32
20316	8839	147
19608	11703	329
11878	10139	270
9795	11962	319
9795	19937	72
9795	12115	166
13564	17361	32
13564	17199	32
13564	14945	86
12480	10028	329
7603	7021	329
7603	8135	329
1059	2633	32
94	95	327
24324	17416	325
3258	9615	349
16277	10054	59
16277	6852	112
95	94	255
3863	15644	335
7197	19887	319
1515	2910	32
1515	18385	329
14830	8134	252
14830	20451	282
4554	17469	273
12155	12994	86
3426	7350	32
3426	9366	134
10275	4934	329
21769	6630	166
21769	20054	180
21769	22168	180
9929	19956	32
4000	10054	59
4000	12592	227
10030	10027	329
15970	9366	134
1878	10114	32
14517	24600	32
14517	7002	329
14517	7002	329
14517	7002	189
22632	17469	273
17590	19294	157
17590	10606	134
17590	15270	18
17590	15270	19
11905	10114	72
2096	17020	164
2096	7452	99
622	8706	26
622	19618	26
622	14696	255
2095	3539	262
13410	7688	32
13410	22616	329
19213	17020	164
19213	7452	99
12382	15749	329
12094	16351	147
17373	7131	65
11373	16701	32
5864	287	216
20740	287	216
6684	287	216
5180	12994	32
1095	6220	329
1095	2149	329
902	22657	349
902	12097	325
9553	9116	134
20468	12147	319
20468	18794	205
1216	6630	166
482	266	293
5709	2088	94
5709	20244	319
5709	6500	319
4334	7447	329
9618	17715	329
18933	10114	72
18933	18932	160
9138	8132	26
15897	15097	32
15897	23249	157
15897	10606	134
15897	10610	273
18520	19956	32
17650	22222	346
21800	2451	273
12354	10195	93
12354	10195	269
12354	10195	97
5634	1074	329
5634	1074	329
10701	1436	32
10701	17476	329
9679	15636	68
16854	8134	32
1998	693	157
14789	12143	84
19314	10114	72
15158	10114	72
5468	22934	105
7008	1436	142
8421	23697	276
8421	10098	263
5578	10114	72
5578	9925	160
7722	8910	86
7722	8134	86
13577	20654	86
13577	20655	212
13577	20654	32
8615	8692	32
8615	9116	134
8615	3635	18
8615	3635	19
1176	8134	86
21964	6580	349
16776	7274	280
16776	24559	32
16776	8134	86
9700	11287	208
9700	11287	209
18080	4754	134
14398	7452	99
14398	16065	112
14398	6671	112
1504	16931	329
9143	10114	72
14946	14946	319
14946	14946	319
22542	410	262
22542	410	262
22542	9366	134
6358	2050	115
6358	12994	32
23861	20079	184
24489	10169	319
24489	10867	319
11009	15626	23
19955	10114	72
2622	10114	32
17041	6630	166
18830	14679	221
2712	693	157
2712	20153	273
10174	6140	157
14509	9366	134
22636	23136	195
22636	2516	26
22636	2482	26
22636	2494	26
8777	12952	262
8777	12952	14
8777	9366	134
17124	348	121
17124	12694	325
13806	5792	144
14358	19722	32
19364	5569	254
19364	7517	127
23825	20651	134
22538	10606	134
22538	7473	134
5892	19956	32
375	15414	195
375	15687	26
21161	1073	349
21161	7350	166
16131	18915	32
22576	10054	59
7435	19481	134
23340	20167	35
8911	8134	32
8911	8134	86
9966	9270	262
9966	10606	134
21481	9374	208
21481	9374	209
21520	4433	319
21520	14043	68
15559	8134	32
15559	8135	329
15559	8135	329
15559	8135	329
20193	8134	32
7913	13090	160
7481	20040	134
22842	15363	97
22842	15363	215
7950	2606	329
7950	4847	32
2462	7741	122
2462	20562	122
2462	10606	134
2462	16666	134
15752	9366	134
15752	559	325
13755	18516	329
13755	23896	329
14371	17196	221
6862	10054	59
6862	16649	112
7403	7070	329
13205	23603	26
6056	498	329
6426	5659	329
5165	19509	221
13054	17957	259
3684	15195	349
3684	2297	273
11269	22764	329
5613	9366	134
21482	21654	18
21482	6483	18
21482	21410	18
21482	21654	19
21482	6483	19
21482	21410	19
24253	20501	319
19908	9366	134
19908	2950	18
19908	2950	19
20770	4336	262
20770	20651	134
19438	19361	329
12063	6153	173
12063	20608	160
12063	20608	339
10656	22667	32
16531	13004	189
3183	9732	329
3183	5880	329
3183	9732	189
1182	12994	86
1182	22893	7
2081	10606	134
2081	10610	273
20600	3922	282
20600	20601	278
15534	24538	32
7327	18630	329
522	10606	134
19618	622	65
19618	14696	65
5095	11139	262
2466	22168	134
2466	3825	93
2466	3351	183
14355	15121	329
8939	10114	72
136	8134	146
136	8134	142
19254	9366	134
7893	22417	319
7368	18413	208
7368	18413	209
4458	16804	279
20312	9366	134
17499	14831	189
3620	6630	166
3620	12651	259
21860	11967	319
21860	24415	319
21860	19937	72
21540	11967	319
21540	19937	72
21540	12115	166
23740	8134	86
3914	19937	274
3150	10114	72
20430	19937	147
20430	15004	157
20430	19937	32
965	22904	7
9582	10114	72
9347	9366	134
11416	9366	134
22053	13980	329
22278	23261	151
6961	10606	134
9341	20295	262
9341	21706	14
9341	12994	274
9341	15748	274
5108	9366	134
1448	15326	134
1448	10606	134
18260	8134	32
18260	8135	329
8198	16312	329
23205	19956	32
3652	13081	327
3652	11064	327
16258	10139	270
16258	3111	271
5490	3570	325
6767	17020	164
6767	7452	99
1432	9366	134
17724	11886	262
17724	9575	262
17724	24460	262
17724	14000	262
17724	9116	134
23353	19873	273
23353	4696	325
13443	7180	288
10195	12354	263
4835	17020	164
4835	7452	99
4834	17020	164
4834	7452	99
12031	20306	262
23818	11193	144
12275	4351	150
16528	9978	7
6884	4697	121
17335	7153	273
17018	10081	6
1192	19555	32
1192	7031	329
1192	5880	329
9390	9366	134
21765	7734	297
21765	8541	349
21765	14317	144
9525	8132	26
8844	9366	134
8913	19549	26
8913	24164	26
8913	8134	32
8913	8134	86
9274	19549	26
9274	8134	32
6794	3747	273
14633	3227	349
21505	10606	134
17044	11472	262
20133	7371	134
10322	467	14
10322	16306	274
10322	14945	274
10322	19913	134
10322	11587	325
15007	11891	329
21966	3012	349
21966	20651	134
2575	15097	32
2575	10606	134
2575	10610	273
7068	268	293
20192	8134	32
11171	24182	329
6507	17293	134
14906	9366	134
3046	1709	238
3568	12247	120
23931	8134	32
23931	8134	86
14909	15363	215
14909	393	121
22979	6419	227
303	373	64
3277	15698	283
14100	14100	319
2451	17293	134
11959	19937	86
11959	19937	32
3841	24432	219
1190	13301	6
1190	13351	273
1221	10114	32
559	9366	134
559	9366	134
559	15752	259
410	9366	134
17717	17199	32
6716	3523	32
6716	8134	32
6716	8134	86
20793	348	121
20793	3246	278
5313	2429	329
21224	5977	349
3359	19913	134
10123	17293	134
10123	7434	18
10123	7434	19
11451	10606	134
11451	17293	134
11451	10610	273
9379	20651	134
6763	8134	32
6763	8134	86
2189	19873	273
12946	7075	329
12946	7828	189
12946	7075	189
7778	9662	319
7778	16380	319
7778	19937	72
3463	16009	155
15663	10682	349
15663	4276	144
15663	9748	325
9748	4276	144
9748	15663	259
19193	9366	134
19193	13379	259
5794	13351	273
5794	10280	273
23784	4697	121
9996	10606	134
17213	9366	134
17213	1675	259
13773	14245	32
13773	13090	32
13773	13092	7
13773	21219	282
14072	4557	329
22179	9366	134
18142	12994	128
18142	12994	184
7741	10606	134
12184	8132	26
12184	7373	26
12184	13278	26
12184	8134	32
16800	10606	134
23338	14674	183
9884	19220	319
9884	8377	319
9884	19937	72
9884	12115	166
11628	22320	262
237	217	255
237	250	327
12839	12839	346
12692	4350	238
4299	2900	32
10770	19101	329
12488	19937	32
12488	11463	134
12488	10606	134
18708	10114	32
18708	7043	329
18708	10117	329
23303	17178	103
17146	10114	72
5581	10114	72
6686	10114	72
7986	22264	32
7986	488	329
7986	18385	329
7986	22264	32
12998	11740	255
12554	8132	26
12554	8134	32
12554	8134	86
12013	20333	32
5391	23068	283
5391	22921	7
18519	10114	72
24278	14253	349
18378	2633	32
18378	7030	329
6442	22653	6
6442	491	208
5450	24173	329
20892	14506	319
20892	14506	68
20892	7329	166
20892	6630	166
2390	1873	147
21263	6140	157
21263	8902	18
21263	8902	19
2640	9366	134
7765	13003	6
7765	9366	134
7765	17469	273
13035	8134	32
13035	8134	86
3789	8134	32
3789	8134	86
21827	6983	18
21827	6983	19
22194	6138	134
5771	1452	329
3785	4574	147
19750	5090	157
19750	9366	134
12029	20651	134
12029	5184	134
5898	7020	329
5898	22797	329
24045	8134	86
15420	12043	349
15420	10589	262
15420	12043	208
15420	12043	209
4112	15414	195
24589	15194	134
13544	7473	134
9094	9366	134
16541	2490	26
16541	8134	32
16541	2633	86
18158	7473	134
19128	10365	319
1958	22913	7
22308	8134	32
22308	7021	329
10926	13190	32
20796	10606	134
20796	9258	18
20796	9258	19
10733	15887	335
6724	8132	26
6724	2530	26
6724	8134	32
6724	19956	86
17980	9366	134
17980	5092	18
17980	5092	19
17980	20781	19
16106	12001	72
7856	10114	72
9843	3964	329
3746	20651	134
3746	3748	273
21851	23734	319
21851	4376	205
6834	24163	23
6834	6856	23
2967	5836	6
11671	491	18
11671	491	19
11302	3527	329
7839	3351	128
7839	3351	183
7839	9092	151
7839	9092	263
12192	10029	166
24219	22776	334
19108	15371	319
19108	6630	166
6526	6526	165
13502	20097	32
13502	8134	32
13502	18666	329
13502	18666	329
1194	10119	329
18735	10119	329
18214	23756	32
12171	10114	72
20833	10114	72
9254	2490	26
9254	8134	32
9254	8134	86
5568	14679	221
17377	20651	134
14692	3576	329
12837	14699	81
12837	15537	81
12837	13814	81
12837	15320	81
12837	7324	81
12837	23374	81
12837	5230	81
12837	6186	81
12837	20072	81
12837	6187	81
12837	9909	81
12837	15778	81
12837	19702	81
12837	14536	81
12837	14673	81
12837	15321	81
12837	6346	81
6003	19360	329
11977	19937	32
16383	19937	32
23050	7033	329
17727	1574	223
4304	6140	157
9610	3342	105
9610	2218	106
12958	2397	32
3513	12994	32
15484	18664	329
8719	10114	72
12669	9117	32
5875	22901	7
22595	17129	32
22595	22596	32
22595	8111	147
22595	9366	134
19992	4697	121
11275	3560	329
17616	10114	72
17616	17405	160
17544	10114	72
238	218	255
22371	6630	166
22371	23984	25
586	11077	319
9264	3227	349
4230	10468	14
4230	10606	134
1366	10114	72
10224	23623	262
10224	9366	134
10224	7902	134
240	220	255
14008	10606	134
21659	21659	24
11587	467	262
11587	467	14
11587	16306	274
11587	14945	274
11587	19913	134
11587	10322	259
10280	9366	134
20785	10114	72
1364	7961	59
1364	6840	112
12758	19956	32
13201	23969	94
13201	23969	349
13201	23969	319
13201	6831	319
13201	22892	97
1231	23095	28
20176	24107	262
20176	11340	14
20176	9366	134
24005	23631	32
17451	9366	134
17451	9366	134
13826	8135	329
18706	14769	32
21532	348	121
21532	393	121
6499	6499	18
6499	6499	19
2805	13456	325
19181	17356	157
2467	7961	59
2467	6840	112
2469	7961	59
2469	6840	112
23702	14586	147
23702	2633	147
7960	4943	23
7960	1331	32
24206	16090	147
20184	11752	329
16322	6630	166
14283	9366	134
17528	16701	32
11334	8134	32
11334	8134	212
11334	8134	321
11334	8134	283
11334	7644	7
9456	11193	144
6863	10054	59
10031	19481	134
10031	12994	184
10691	8111	32
13760	5571	23
546	7905	262
9509	12994	32
4218	16120	15
4218	19920	15
4218	7834	22
1729	10046	18
1729	10046	19
9349	22494	327
9349	22494	260
9557	16875	319
9557	6236	97
4581	2916	59
4531	22922	7
7634	8134	32
7634	8134	86
6948	20651	134
1907	19956	86
18675	16217	349
12529	15568	69
18914	14945	183
24461	10114	72
13263	14679	221
13263	8875	7
17383	1898	329
6070	3520	349
12097	22657	262
554	9256	262
10550	17747	263
20131	6958	298
16150	21478	85
5929	4697	121
9842	19101	329
24255	14151	329
24255	12679	329
7258	5529	317
19888	22657	349
1909	23766	26
1909	8134	32
1909	8134	86
15217	16249	7
8603	13808	163
20364	17257	103
9763	14167	144
23645	805	115
4696	23353	259
14044	4700	274
21967	1370	319
2662	15719	329
2662	9736	329
2662	14413	329
2662	3263	329
4121	17278	270
4121	13847	271
12463	10832	349
19995	7350	147
23168	8641	19
4331	15427	329
4331	2429	329
22505	1212	103
5282	18830	319
9756	22039	325
9775	6701	262
9775	13416	97
1342	10114	72
1342	3986	160
1762	20651	134
11906	14945	32
11906	17199	32
4066	17275	270
5039	9366	134
23948	3187	329
18479	9366	134
10928	13090	32
10928	1994	86
711	10820	319
711	19937	72
711	12115	166
5602	14252	227
18828	10114	72
22480	10114	72
8020	20854	32
1275	17469	273
10673	10606	134
23290	19956	32
17824	18664	329
239	253	327
9356	8134	32
9356	8134	86
16888	7350	147
15205	6260	147
15205	9366	134
15205	15326	134
15205	21723	18
15205	12601	18
15205	21009	18
15205	21723	19
15205	12601	19
15205	21009	19
13041	37	6
13041	5118	349
20024	12994	147
20024	19481	134
20024	21204	18
20024	21204	19
14414	17469	273
2647	6505	319
2647	348	121
4140	15432	278
11689	8910	32
4010	19913	134
6324	10606	134
5000	10054	59
19422	19062	329
19422	19062	189
8305	10054	59
12125	6140	157
12125	9116	134
21998	17474	132
21998	16665	68
13252	13252	256
14803	10054	59
14803	8038	31
14799	10054	59
14799	8038	31
14805	10054	59
14805	8038	31
23721	9116	134
18953	10114	72
18952	10114	72
22021	17020	164
22021	16065	112
9125	7350	147
9125	9366	134
9125	7350	32
5940	20492	329
5940	10243	329
5940	20492	189
9870	6630	166
22197	7032	329
7220	19481	134
21041	3124	6
21041	14898	325
19839	19297	262
19839	9366	134
6253	9829	262
10016	3615	201
10016	3615	202
122	126	327
19223	19937	72
19223	1679	160
19223	24336	160
13084	19387	32
13084	10606	134
13084	21722	18
13084	21722	19
12121	10114	72
9888	6630	166
24277	467	262
24277	467	14
24277	16306	274
20495	19937	86
20495	19937	32
1392	16930	326
14800	10054	59
24556	16887	32
24556	9116	134
24556	9116	134
4404	3554	329
11252	23227	329
11252	9696	329
17167	9366	134
22618	6630	166
22618	14039	183
19810	10007	259
10007	19810	325
14898	3124	6
14898	21041	259
11173	10563	18
11173	10563	19
8884	17020	164
8884	7452	99
16656	11794	208
16656	11794	209
16656	17469	273
14804	10054	59
14801	10054	59
14802	10054	59
21354	4375	319
1110	19956	86
15221	10023	134
82	10462	146
82	10462	142
16018	633	319
15120	5184	134
15120	20651	134
1560	1452	329
3709	6965	14
4216	16120	15
4216	4764	35
4216	7834	22
17626	12994	274
17626	19822	273
5987	8111	32
5987	8663	165
19787	20550	257
14195	5184	134
12694	348	121
12694	17124	259
11740	12998	327
14758	23161	93
14758	12075	93
16359	10054	59
18820	10114	72
21635	20181	262
21635	20181	14
11650	8581	307
17270	5457	349
17270	4880	103
17270	6630	166
14357	13468	32
13567	19937	72
13567	12115	166
17843	20604	262
1635	14945	283
107	22280	329
2293	20651	134
13979	13285	329
13979	20094	329
11764	9116	134
2049	12396	166
2049	6630	166
986	10606	134
986	15240	273
46	2504	26
9681	7961	59
9681	6840	112
21897	6630	166
7602	18647	329
12247	7166	120
12507	19937	32
21999	5393	319
20882	7941	327
20882	7941	255
24148	14749	274
12700	9242	14
12700	11463	134
12700	5184	134
12700	12115	166
17014	10054	59
17014	12592	227
17326	10054	59
17326	12592	227
249	5236	332
254	5236	332
12118	10114	72
12118	3982	160
22318	16701	72
22318	23122	66
22318	23122	53
22318	22943	53
16261	457	94
16261	16434	319
16261	457	103
16261	457	349
14420	13935	263
3529	13164	142
2208	10114	72
2808	6630	166
10844	7124	32
10844	7124	284
10844	372	197
17968	9366	134
8306	10054	59
24532	15124	329
1395	14338	319
21759	18432	134
22336	10054	59
22337	10054	59
20807	10606	134
18908	3118	134
17689	22168	134
17689	15942	79
17689	3276	319
21724	16721	349
5926	9366	134
5926	7329	166
5198	8111	32
5198	10606	134
5198	9366	134
5198	5092	18
5198	5092	19
5104	17672	7
2138	8134	147
1520	19431	221
14088	23656	273
15498	11469	329
14163	5816	264
8763	6625	100
8763	20819	165
19653	5513	18
19653	5513	19
12896	7473	134
20589	6630	166
20668	20087	32
20668	18864	329
20668	9736	329
625	15824	32
3864	7473	134
21991	6630	166
21199	16903	183
23924	8134	32
23924	8134	86
5481	7371	134
5481	22070	134
8165	10114	72
18723	10114	72
21321	16465	319
16410	10606	134
14337	18664	329
14337	15	329
1533	3093	18
1533	3093	19
2986	2238	177
4008	9366	134
24356	17148	273
16102	6630	166
1788	12386	274
1788	9116	134
12808	16785	122
12162	3232	262
12162	2211	14
12162	8134	274
9263	4697	121
9263	9366	134
10135	17020	164
10135	7452	99
2976	12994	147
2976	24403	18
2976	24403	19
16025	4697	121
16025	9366	134
16562	23288	329
16562	3527	189
18652	6630	166
18652	10545	166
15036	3547	121
15036	13455	259
19326	17199	32
12174	10114	72
7254	23011	329
2402	9586	299
7928	18089	147
7928	6140	157
16941	5639	329
2147	19926	32
2147	14159	283
21305	14544	94
12999	8475	205
22743	9366	134
20846	6630	166
12305	6630	166
12305	10029	166
12305	12169	184
2617	16090	147
2617	17469	273
12919	3748	273
1271	14167	144
1271	2599	144
1271	13102	325
19055	836	59
645	14412	262
645	9366	134
21417	16870	319
21417	6634	205
8155	15558	349
24468	10114	72
488	266	293
9042	10114	32
9042	1200	257
11507	11513	306
2937	11714	94
2937	20956	103
2937	11714	349
12039	20823	144
12039	21227	325
2940	17703	319
9039	16374	319
20231	12994	147
20231	4487	157
9836	12539	329
11096	23631	32
19105	23122	66
19105	23122	215
19105	6471	259
6471	23122	66
6471	23122	53
6471	19105	325
12108	10014	329
7858	3602	252
7858	9952	166
7858	6630	166
7858	17305	282
10518	8134	32
21550	6709	262
21550	6709	319
21550	10545	166
242	6452	146
242	6452	142
242	241	175
242	226	255
8497	10029	166
8497	3922	282
19640	16046	26
19113	4816	270
346	23089	218
12750	5118	208
12750	5118	209
23200	14945	32
21227	12039	259
16603	17293	134
16603	4754	134
2725	8609	86
2725	12994	86
20337	1214	208
20337	1214	209
10497	3342	32
10497	12994	147
10497	7473	134
6619	23122	53
18474	20204	157
1134	5872	127
1134	19956	32
20671	4966	329
20671	2036	189
16978	7518	147
967	8071	23
19518	16212	18
19518	16212	19
4046	22911	7
4046	5685	255
15802	19518	262
15802	19518	14
246	14383	188
7488	9366	134
14292	22911	7
5685	4046	327
3754	10054	59
20352	20350	141
19153	1523	349
13911	10114	72
4025	10114	72
22312	17470	97
22048	4373	319
11823	17478	156
11823	815	115
657	2824	32
24587	4784	329
24587	5660	329
2323	10114	72
12123	10114	72
18891	7371	134
17285	9366	134
17285	24107	18
17285	24107	19
7182	22975	32
21418	393	121
4277	19937	32
16055	2802	208
16055	2802	209
9791	21667	14
2288	3351	183
21239	3765	319
3143	15854	325
4728	3748	273
4444	9366	134
4444	9948	273
3314	22562	205
22543	410	262
22543	9366	134
1138	4632	212
13823	9116	134
13823	17293	134
11922	10114	72
14730	24512	318
17605	13370	72
8199	8134	72
8199	17293	134
18099	3467	208
18099	3467	209
18099	9116	134
18099	16213	325
17534	18629	329
17534	17140	329
11327	17140	329
245	8134	146
245	8134	142
245	241	175
245	264	327
4913	22168	134
4913	5674	319
4913	4913	319
2963	9366	134
2963	10606	134
5170	2352	32
5170	9536	18
5170	9536	19
14651	1436	32
14651	6796	18
14651	6796	19
13931	7518	32
7266	12994	183
3499	19988	121
19370	10114	72
17600	17361	32
20720	14679	221
18549	4684	319
18549	11399	205
22068	20651	134
132	20492	329
4916	5184	134
4122	2714	32
1502	2448	32
19210	14039	185
19210	14039	72
19210	14039	40
5025	10054	59
5025	12592	227
5025	20262	112
5223	3697	329
13188	9116	134
22375	23122	66
22375	23122	53
8179	8692	185
18315	4993	32
7200	14315	319
4050	24220	32
17059	16303	72
17059	23122	53
17059	22943	53
24102	5012	349
5506	4697	121
5506	10913	349
5506	9116	134
5902	14945	183
19472	1472	7
11651	9366	134
11651	11463	134
1691	10606	134
5637	19083	86
5637	19083	283
14619	7081	329
1980	10114	72
20634	14265	212
20634	14265	321
19017	17293	134
19017	13789	262
19017	19017	259
17402	10114	72
16213	3467	209
16213	9116	134
16213	17469	273
16213	18099	259
530	8771	56
7411	20651	134
9644	12994	183
9292	14060	262
9292	11463	134
9292	9366	134
9292	10545	166
9292	13506	325
15923	4346	255
21289	17281	18
20586	4028	151
20586	7754	263
20586	17290	263
21674	16159	262
21674	16159	319
20300	3342	32
20300	1309	329
19524	17672	7
13122	20651	134
6218	6217	93
6218	20040	134
5339	12994	183
7405	20350	84
13785	5569	254
13785	3351	32
13070	348	121
13070	393	121
23806	1000	208
23806	1000	209
23806	4697	121
23806	5184	134
1755	19740	319
1755	17606	319
1755	18638	56
10616	11689	56
13199	3405	153
20726	14682	297
20726	11090	144
10631	14686	204
13221	4632	212
13221	2270	7
13221	22927	7
13953	22168	134
13953	19937	72
9156	22168	134
9156	348	121
20289	6626	329
21242	18205	349
21242	16514	319
21242	11689	56
3836	5697	83
24475	3948	24
8084	17469	273
21173	2733	349
21173	11689	56
343	19956	72
549	6543	319
19139	20583	175
17916	9366	134
5524	19949	175
5524	5569	254
5524	19949	127
23688	9366	134
5549	5605	16
10548	6630	166
10548	10545	166
10548	6630	53
14700	10114	32
14700	10117	329
21710	18242	262
16498	20749	32
20119	23896	189
3199	22238	24
3199	14387	122
19020	9116	134
11731	23612	273
4082	3922	282
6071	11943	32
20517	11463	134
20517	20651	134
20517	5184	134
20517	9366	134
1353	17196	221
14708	20731	32
14708	10114	32
12801	15003	221
9151	17020	164
9151	7452	99
16412	15363	53
1435	10054	59
1435	12592	227
18959	10114	72
9545	6630	166
9545	10545	166
9545	12115	166
2819	12994	274
17401	10114	72
12790	8619	59
22246	5569	254
22246	18869	127
14931	20550	257
20765	21589	183
23840	10023	134
12833	16570	81
12833	14091	81
12833	7806	81
12833	1518	81
12833	3157	81
12833	24309	81
12833	1058	81
12833	18380	81
12833	22384	81
12833	11436	81
12833	1969	81
12833	12119	81
12833	24307	81
12833	6588	81
12833	844	81
12833	10186	81
12833	10695	81
12833	16987	81
12833	7849	81
12833	12015	81
12833	1510	81
12833	13637	81
18607	19949	175
17602	20458	319
17602	17609	205
22315	21219	282
10751	8678	329
12271	348	121
21907	6630	166
870	927	32
870	20654	32
870	2625	7
19712	4938	231
24304	9483	329
24304	4457	329
24304	9483	329
23791	5184	134
7698	1708	211
19067	5569	254
19067	22333	127
12170	10114	72
18763	8134	32
18763	693	157
18763	6140	157
18763	9116	134
18763	7473	134
18763	10606	134
16205	17020	164
16205	7452	99
16205	2091	112
19157	12994	145
19157	12994	183
20840	4697	121
5333	10114	72
543	19937	72
543	12115	166
543	11972	325
11972	19937	72
11972	12115	166
11972	543	259
6983	19937	147
6983	11463	134
6983	21827	18
6983	21827	19
24025	17219	221
24411	4697	121
5172	5569	254
5172	18869	127
3764	16919	246
22084	4697	121
22084	5413	262
22997	13090	32
9495	12481	319
9495	19937	72
9495	12115	166
10122	12502	319
10122	12115	166
18140	14655	329
18140	10027	329
21158	20651	134
5707	3541	139
17607	2824	32
17607	2824	86
17607	17064	221
17607	6630	166
10849	2036	329
8274	4823	329
17853	17020	164
17853	16065	112
17853	6671	112
4432	20651	134
10299	13090	32
10299	13090	283
7392	8134	32
11798	24114	329
11798	13439	329
13274	19920	32
13274	13511	329
13274	19921	329
649	9366	134
649	9366	134
18837	19956	147
8667	7637	163
8667	13935	151
3566	10545	166
3566	6630	166
14626	19937	147
4074	10114	72
5057	9366	134
10659	13090	32
10659	18197	280
10659	5857	221
750	8134	72
750	13272	72
17568	10114	72
2321	10114	72
16900	12994	147
16900	10606	134
12550	18773	32
12550	16090	86
21346	21589	183
21346	12994	183
21346	4637	121
1528	13090	86
1528	13090	283
9135	8134	32
9135	8134	86
9135	8134	283
9135	8134	212
9135	2050	115
22348	15770	86
22348	22870	282
8831	20651	134
20265	5569	254
20265	22333	127
22083	20651	134
8669	13969	68
5188	4243	134
5188	19937	72
5188	12115	166
5188	19937	183
24290	22168	134
24290	19937	72
24290	12115	166
15744	10881	262
22808	3249	32
4578	10054	59
13129	655	278
8930	11467	329
2999	4081	144
7246	4081	144
20863	19937	72
20863	12115	166
244	263	327
895	896	255
13306	12994	283
13306	2270	105
13306	22907	7
14926	16436	32
18798	3351	252
7505	10054	59
7505	9676	227
14784	12994	274
8433	19937	32
8433	19937	147
8433	11463	134
1584	10606	134
10307	10700	18
10307	10700	19
14356	7072	329
19273	7010	329
19273	7054	329
3099	7689	18
3099	7689	19
575	20651	134
4497	22931	105
7076	17190	175
7076	7378	254
9423	20651	134
9423	12890	325
8724	13446	86
8724	8134	86
8724	8134	57
8724	8134	212
20212	17020	164
20212	7452	99
8377	19937	32
3455	10114	72
24469	10114	72
16158	8134	32
16158	20097	86
16158	8134	86
14690	20654	32
2370	17469	273
7694	7473	134
11666	14945	283
7872	13104	6
11629	11661	147
13776	22881	7
13776	24174	7
1171	5307	32
1171	19926	32
1171	23258	275
13102	8502	205
13102	1271	259
6905	16463	319
8024	8134	283
8024	8134	212
15730	17469	273
20422	12594	59
8396	13532	329
21969	17469	273
13421	10114	72
14706	14945	283
12046	3748	273
12099	10606	134
5920	9366	134
12140	15798	329
16801	5734	329
16801	16931	329
16801	10113	329
1001	15749	329
9005	13439	329
11929	22892	97
11929	8545	97
607	10114	72
13707	9210	317
11908	14945	183
13239	4934	329
13341	23249	157
17796	22670	319
10578	10114	72
10578	19937	72
24559	755	214
18062	480	208
18062	480	209
10954	13090	32
6034	3748	273
21269	5085	262
21269	9366	134
15854	3143	259
7227	10114	72
1239	19873	273
3707	17020	164
3707	7452	99
3707	13072	31
8992	18754	329
8992	20676	329
8992	17151	329
16262	10054	59
16578	19722	86
1500	23152	329
17254	941	270
102	20092	146
102	105	327
4484	12761	86
4484	13090	86
4484	13090	283
4484	19305	7
4484	22870	282
8779	14039	185
8779	14039	276
8779	13370	276
11976	23015	329
2135	17766	274
22560	7517	127
6312	7473	134
8152	9366	134
15473	8134	32
15473	8135	329
14460	2078	127
20862	16396	160
248	15496	81
248	16334	81
248	1702	81
15607	12843	273
9585	10114	72
9584	10114	72
822	7473	323
822	6140	157
24149	17469	273
18092	22892	97
5918	10114	72
22394	10545	166
6196	9450	262
6196	9450	14
6196	20651	134
9527	10114	72
9527	15162	160
8106	1610	32
23529	2383	6
23529	4697	121
23529	17469	273
10424	24173	329
7192	9366	134
17557	1332	32
17557	19956	32
9476	6006	190
9476	20167	35
5732	10054	59
5732	9676	227
22407	19723	329
2383	17469	273
15928	19956	32
15928	7010	329
2738	10606	134
11899	10114	72
2602	10114	72
6550	16303	252
23321	2827	32
23321	7006	329
23321	7038	329
8003	21952	97
8003	6630	166
3189	10054	59
3189	9676	227
9308	10054	59
9308	9676	227
2789	17272	263
24199	20700	208
24199	20700	209
17002	10606	134
17404	10114	72
3912	10054	59
3912	9676	227
666	10054	59
666	9676	227
14579	10114	72
7971	3988	160
17716	14945	283
18566	18770	127
18566	5872	127
18566	22787	32
6851	10054	59
6851	9676	227
14267	9366	134
14267	22889	273
12122	10114	72
12122	3989	160
20209	16221	329
2950	9366	134
17549	14945	283
17399	10114	72
11595	10114	72
18777	22942	7
16238	13453	287
23899	17469	273
23899	2990	325
14428	7788	32
8620	5571	23
23193	3540	94
23193	3540	349
23193	13311	319
13440	7473	134
18949	10114	72
5873	10114	72
428	14945	145
17543	18792	32
17543	7473	134
5179	10606	134
9923	10114	72
2170	10114	72
2170	5334	160
10908	8134	212
10908	8134	321
10908	10096	221
10908	8134	57
12630	9170	325
16071	16871	65
2458	10114	72
2598	9366	134
19659	9689	184
19659	7350	185
22957	9366	134
22957	17469	273
22957	1190	259
7103	6630	166
3941	10606	134
3941	4754	134
7484	6630	166
6353	9978	7
6353	8006	115
6929	19956	147
6929	13928	18
6929	13928	19
22702	15644	335
21643	6580	208
21643	9366	134
9037	10114	72
2781	10114	72
15727	2397	274
16512	5324	105
12310	10114	72
10168	19920	32
10168	19921	329
10168	19920	86
11133	9366	134
7984	10114	72
6280	6280	349
6280	6280	262
6280	6280	208
6280	6280	209
1542	19920	32
1542	19920	86
1542	18881	329
1542	19921	329
1932	7020	329
1932	22797	329
10700	8111	32
2001	19956	32
2001	1752	260
16728	765	281
829	23932	349
829	23932	262
829	23932	208
829	23932	209
23932	6138	134
18217	10606	134
19762	6580	349
19762	6580	14
19762	9366	134
7746	16852	319
5062	14945	86
6161	10114	72
5390	3558	189
5567	13392	262
5567	9366	134
1494	10606	134
16267	10114	72
2336	10114	72
10771	21153	19
22066	24107	349
22066	9366	134
6765	1850	227
5235	3556	329
5235	5071	329
5235	17715	329
5235	3561	329
21569	7329	166
21569	479	215
21569	348	121
250	237	255
15467	7473	134
14093	23039	329
14093	16692	329
14093	14655	329
18009	18148	86
18009	23259	7
18009	14527	115
12173	10114	72
2003	10114	72
286	22168	134
13391	23343	316
13391	11659	1
20031	16741	319
20031	6543	319
20031	6630	166
6591	8633	329
16812	3751	227
14647	5569	254
8737	8207	144
8955	10114	72
12172	10114	72
14147	10114	72
7577	2082	329
11912	10114	72
13666	17798	282
13666	3755	196
18861	2035	329
13933	10114	32
13933	10117	329
18762	10114	72
20806	10114	72
13368	12843	273
9868	15109	262
9868	22074	262
4418	5603	112
4419	5603	112
4419	4418	135
3154	11328	346
23344	19956	32
23344	7038	329
23344	18646	329
4811	8134	32
4811	8134	212
4811	8134	321
4811	4812	281
13436	1419	32
12569	481	329
7948	12429	32
7948	22921	7
4434	17469	273
20559	9116	134
4416	10054	59
24335	6701	111
1232	10114	72
1232	7783	160
1232	18950	160
863	10114	72
2557	10114	72
2557	3987	160
10879	19926	284
10879	10452	280
10879	19926	86
11705	12684	188
19702	7078	329
19437	10114	72
19437	19352	160
10807	10114	72
22108	5855	23
523	14682	297
16979	5184	134
17657	22168	134
17657	17657	319
17657	14945	183
17657	8717	278
11255	17500	329
8940	10054	59
17343	17020	164
17343	7452	99
13099	19372	349
7759	12679	329
8023	17020	164
8023	7452	99
18156	23516	127
13386	17020	164
13386	7452	99
13386	6713	227
11614	10114	72
17545	10114	72
19667	10114	72
14529	9366	134
11902	10114	72
13104	10545	166
20741	10054	59
17024	17020	164
17024	7452	99
17024	16065	112
17529	14770	32
17529	17625	329
11894	10114	72
11903	10114	72
2214	7700	122
2214	7700	18
2214	7700	19
18911	4159	105
1776	10054	59
9323	7107	134
15179	10114	72
19522	10114	72
19759	11580	18
19759	11580	19
5730	3041	329
7285	22904	7
7285	8146	255
2247	10114	72
16991	10114	72
21622	3291	319
21622	6630	166
17906	15868	14
3850	12520	32
3850	13090	32
23291	12386	274
23291	9116	134
11583	23955	94
11583	23955	262
3251	12386	274
24320	10114	72
12782	8675	329
11415	2658	349
11415	2658	262
11415	469	208
11415	469	209
22920	2268	339
22920	22281	58
7740	3263	329
7740	3112	329
16280	17020	164
16280	7452	99
16280	6713	227
7618	20165	32
11544	11478	306
11544	11527	306
24015	9366	134
24015	1085	18
24015	1085	19
19726	54	6
19726	54	325
54	19726	259
22322	11463	134
16778	22904	105
252	255	293
252	255	175
16317	10114	72
16281	17020	164
16281	7452	99
16281	6713	227
9750	12556	256
9750	2016	121
4855	12452	329
19012	23375	32
19012	7068	329
16591	7627	274
20599	19937	147
13400	19078	238
1808	10114	72
1808	3990	160
21606	17303	325
12145	4652	221
19008	10639	94
19008	10867	144
4181	10114	72
8408	10114	72
19344	10114	72
21867	410	262
21867	22543	259
18077	4249	319
18077	1697	319
5722	10114	72
5722	19936	160
8217	15177	32
8217	15177	32
23572	13090	283
24386	17469	273
1279	10114	72
9207	17071	329
9207	3193	329
16282	17020	164
16282	7452	99
16282	6713	227
16283	17020	164
16283	7452	99
16283	6713	227
20917	20885	79
20917	2028	66
24021	23249	221
24021	19956	32
13337	9366	134
17303	10682	349
17303	21606	259
6740	10114	72
11925	10114	72
14272	10114	72
17931	5841	230
17931	5841	231
19467	10114	72
14290	5571	23
15760	9877	259
11622	17346	221
11622	12994	283
11622	12994	105
4235	2352	128
4235	2352	276
4235	4028	151
6105	9366	134
8160	22131	205
8160	22892	97
11739	1325	329
5743	6137	18
5743	6137	19
21045	5444	20
144	19299	26
144	2504	26
144	2515	26
2826	2748	329
2826	7070	329
10679	6264	32
10679	7752	165
16797	20676	329
4294	14253	346
4294	14338	346
7674	4943	23
7674	14945	32
7674	17199	32
22653	491	14
5495	13090	32
5495	13090	86
5495	19946	282
394	11710	133
4905	14679	221
2720	13962	32
18052	15957	32
12450	9366	134
2491	1004	65
3646	17020	164
3646	7452	99
13101	8527	319
13101	6236	97
12134	7900	94
1341	24138	160
22818	4417	112
18700	10054	59
18700	4417	112
19002	15187	317
22837	348	121
9717	17469	273
6	17469	273
1093	23635	32
1093	23635	86
2386	10114	72
24484	10114	72
8726	8134	86
9856	2152	166
9856	9855	278
19680	6729	14
19680	10606	134
19680	4754	134
8477	2325	238
12672	6630	166
14148	6630	166
11743	10114	72
14983	10114	72
23081	10114	72
17145	10114	72
15584	10114	72
17028	1012	262
17028	6630	166
8536	23249	157
8536	6140	157
17525	17356	157
17525	9116	134
17525	17293	134
21821	3957	319
21821	22131	205
19709	20651	134
24078	17903	273
20890	9366	134
3487	13090	86
3487	13092	221
3487	13090	283
7922	10114	72
21016	348	121
21156	9059	262
21156	7902	134
22129	10109	86
22129	1606	282
3165	19143	26
5115	17020	164
5115	7452	99
10312	1436	142
9100	14784	6
23632	44	64
23632	18501	133
1290	8134	147
15606	15675	270
20318	9676	227
24413	6630	166
15717	6630	166
15709	6630	166
18960	10114	72
22671	10114	72
2344	10114	72
7366	18931	14
7366	7473	134
7366	10100	325
10100	18931	14
10100	7473	134
10100	7366	259
2015	10114	72
3365	12153	16
3365	19929	255
20331	17924	214
13209	13210	216
13210	13209	258
864	8134	32
11924	10114	72
12819	1046	81
12819	2385	81
12819	4339	81
12819	10204	81
12819	24561	81
12819	13161	81
12819	6202	81
12819	2355	81
20296	19946	282
20296	147	197
17144	10114	72
17073	10114	72
3599	15592	197
3599	2490	26
5967	5499	7
5967	16955	317
1071	6997	329
15871	7902	134
15871	7902	134
14442	14266	329
11678	24177	32
11678	8134	212
11678	5816	221
11678	8134	72
3446	7473	134
3446	3446	18
3446	3446	19
356	21938	297
11708	17299	319
20353	6896	319
5580	10114	72
10158	14770	32
1996	10545	166
1996	15571	53
23566	8134	86
18730	14679	221
11290	21068	208
11290	21068	209
11290	9116	134
5577	10114	72
21934	19481	134
21934	21368	273
21288	4373	319
14629	10114	72
15440	16882	32
24132	8581	307
16667	17129	32
16667	22593	32
16667	22893	7
4473	11238	144
22982	11238	144
11816	10114	72
6028	10114	72
17615	10114	72
15144	12994	283
18151	8706	26
15156	22969	105
15156	22929	7
489	4995	255
489	935	306
4783	10054	59
3480	14565	221
17861	4764	35
4720	393	121
22127	15310	32
22127	3351	32
526	1697	94
526	1697	349
526	1697	319
20414	10563	349
20414	10563	208
610	10114	72
20405	14311	319
20405	7981	319
19271	19956	32
11734	18823	319
5434	9696	329
5434	18648	329
10060	748	319
10060	12556	319
10060	348	121
8892	10114	72
6430	10114	72
12633	17645	262
12633	17645	14
12633	16090	274
12137	23635	32
18463	10114	72
22951	21938	297
22951	19119	144
15100	3930	32
17403	10114	72
21442	13483	319
21442	6630	166
10831	5880	329
10831	22740	329
16999	22892	97
19510	22281	32
19510	2748	189
19510	22281	32
9170	12630	259
24352	16292	274
24352	24368	325
22344	10606	134
22344	5454	18
22344	5454	19
9920	11955	319
9920	6630	166
9920	7329	166
9920	479	215
9920	348	121
10190	21938	297
11722	23163	18
11722	23163	19
9160	10588	262
9160	9366	134
21708	12994	147
21708	9366	134
6180	10114	72
5618	17020	164
5618	7452	99
5618	16065	112
5618	6671	112
5618	5614	135
21209	16458	319
6557	1163	93
11597	10114	72
15436	19937	185
1803	4695	252
1803	1799	278
1803	1800	278
20931	6197	325
4979	10352	349
22167	11463	134
22167	12115	166
8914	8134	283
6270	10747	183
5079	9366	134
5079	20890	18
5079	20890	19
7100	10606	134
7100	9366	134
7100	3670	18
7100	3670	19
16407	24107	349
16407	9366	134
3326	19937	72
3326	12115	166
23863	5184	134
19801	2916	59
19801	4968	59
20521	16454	97
21012	17611	319
21012	22783	319
17631	14770	32
17631	14770	86
17631	17469	273
20867	5184	134
19688	19687	262
19688	19687	14
19688	1856	273
9549	6632	319
9549	6630	166
11135	14775	102
11135	5569	254
22231	21000	7
22231	19946	282
5996	9366	134
5996	7473	134
5996	16665	18
5996	16665	19
19159	19937	72
19159	12115	166
19159	24337	325
20302	2174	329
20302	6626	329
11762	7473	134
21282	23551	262
8614	21000	7
8614	22935	7
12486	19937	32
9140	8134	32
9140	8134	283
10371	16090	283
10371	7476	32
24526	3514	94
24526	9876	319
8464	11724	256
8464	21589	183
10674	6140	157
10674	693	157
23012	9366	134
2471	9678	319
15259	10114	32
64	13216	113
64	13216	294
19068	6238	273
12073	6138	134
23996	17798	282
2812	22168	134
2812	19937	72
21343	10352	349
21343	6630	166
17438	972	262
17438	8243	262
23710	12344	349
23710	9366	134
21423	6630	166
4594	9366	134
4594	17472	273
350	11463	134
24502	9117	32
6429	15326	134
6429	10606	134
6151	9366	134
6151	5184	134
13240	8134	32
13240	8135	329
1530	22895	7
22832	5262	319
22832	15947	319
22832	8419	97
22832	6630	166
24152	19915	339
24152	19913	134
11345	9366	134
11345	9366	134
589	17020	164
589	7452	99
589	16065	112
5605	733	7
5605	5549	16
13920	1898	329
7385	11357	144
7385	13800	144
7385	12781	144
18892	13080	94
18892	18436	319
11454	19722	32
23010	8706	26
13011	18550	325
12482	19937	32
12482	19224	105
16619	8792	127
16619	7350	32
15912	19956	32
15912	5816	264
85	18881	329
6465	19873	273
19269	17347	221
22326	19937	147
22326	11463	134
22326	20651	134
22326	18634	273
9270	14996	221
18993	19481	134
874	1187	26
23251	2273	59
23251	2272	227
23251	2271	112
14580	19937	72
14239	10023	134
1521	8322	127
16472	22790	32
16472	22790	212
16472	22790	321
16472	22790	57
16472	22790	86
19180	7350	183
17780	10202	97
10526	11963	319
10526	19937	72
10526	12115	166
9399	10352	349
9399	23975	319
6909	19937	72
6909	12115	166
6909	19937	183
3896	17293	134
14326	8134	32
14326	3504	86
7147	6630	166
1379	5787	339
1379	14942	77
20086	6140	157
20086	19951	134
1485	22168	134
10213	17469	273
5251	4934	329
17902	21938	297
12062	1789	273
15128	6184	231
16038	21089	325
6119	10054	59
6119	12592	227
24446	24206	262
24446	15326	134
3234	10606	134
8629	22870	282
11996	9568	6
11996	7902	134
11996	3748	273
17608	17199	32
17608	3833	7
18951	12139	262
18951	17661	319
11069	18869	127
7150	758	69
7150	23575	68
11580	8111	147
11580	9366	134
11580	11340	18
11580	11340	19
14938	22790	32
14938	22790	212
14938	22790	283
2912	8134	183
20149	23560	262
20149	6630	166
16013	18808	349
16013	18808	208
16013	18808	209
16013	3748	273
15738	18808	349
15738	18808	208
15738	18808	209
15738	17469	273
14422	4206	32
14422	15770	86
5019	22168	134
5019	20905	215
22655	4442	6
22655	11857	259
18258	20583	175
18258	5569	254
18258	20679	127
11281	16753	198
12047	8134	32
12047	8134	86
12047	8134	72
4288	19937	32
4288	19937	32
9999	10606	134
19550	19725	246
5833	11430	349
5833	14855	208
5833	14855	209
22007	2352	147
22007	9366	134
22007	10606	134
22007	1883	18
22007	1883	19
18117	12994	183
16746	23038	329
8938	18895	255
9306	10054	59
9306	12592	227
16360	10054	59
16360	12592	227
13387	14945	147
13387	9360	134
10561	2418	329
24034	897	329
21524	1079	94
21524	17855	349
21524	1079	349
21524	8270	205
21524	10202	97
13242	9366	134
13242	17469	273
13242	4684	18
13242	4684	19
15686	10020	175
2085	10020	175
10257	8230	329
682	10054	59
1202	11655	283
21773	16331	319
23519	22790	32
23519	22790	212
23519	22790	321
23519	22790	283
23519	22790	57
243	13726	188
243	261	327
10670	9072	319
10670	22892	97
4153	6630	166
12258	14218	134
12258	13351	273
16386	13090	283
16386	13094	7
16386	13090	32
11717	18451	14
11717	8134	274
11717	12994	274
11717	12396	166
11717	6630	166
17211	20911	59
9317	9366	134
9317	20781	18
9317	20781	19
1883	9366	134
1883	22007	18
22556	7473	134
1498	8134	32
21089	16038	259
21726	18186	319
15266	12169	32
15266	8970	329
271	16733	50
24368	16292	274
24368	24352	259
7179	4966	329
23247	6630	166
13671	10606	134
19201	14967	7
6942	17293	134
3274	22892	273
3916	3916	24
13047	12994	147
13047	24403	18
13047	24403	19
588	5184	134
588	9366	134
260	7480	175
581	11610	259
15610	3748	273
15610	16032	325
10911	8134	32
10911	8134	86
23349	4915	223
10996	2885	127
2702	10054	59
4989	10054	59
6292	10054	59
37	9366	134
5380	17730	127
2681	5569	254
11453	4563	329
11453	8678	329
24451	6140	157
24451	19481	134
24341	19937	32
19999	17020	164
19999	7452	99
23909	19937	72
23909	12115	166
6605	14769	32
264	8134	146
264	8134	142
264	245	255
22374	13711	32
22374	481	329
2435	12289	262
2435	12289	208
2435	12289	209
5008	12994	184
11015	24076	32
24337	4243	134
24337	19937	72
24337	12115	166
24337	19159	259
23976	2352	283
23976	11118	7
1757	9116	134
20408	9461	259
912	7350	32
3369	9116	134
9023	14945	283
24236	5063	94
24236	837	349
8848	7371	134
8971	19471	229
18838	4697	121
18838	24136	274
13269	8134	32
6782	348	121
8269	13446	32
13147	9366	134
13147	410	19
21752	10202	97
23833	5513	262
23833	5513	14
20513	4697	121
20513	11463	134
267	19662	142
272	20492	329
14545	10054	59
14545	12592	227
16574	7016	329
16574	7062	329
6540	17747	221
7195	19937	72
9329	22351	319
3691	15419	134
535	5276	346
24316	18646	329
11833	12994	147
11833	6138	134
18420	9366	134
6197	20931	259
8460	17787	349
8460	3748	273
8290	23551	262
5515	5569	254
16464	23658	32
23245	9366	134
1637	19194	32
1637	14674	283
1637	22870	282
16004	7329	166
16004	6630	166
22184	4966	329
22184	3997	329
16613	9366	134
16613	13147	18
16613	13147	19
4488	22019	349
4488	8270	205
4488	11689	56
991	3341	329
991	2149	329
8147	13473	212
8147	13473	32
17367	479	215
17367	348	121
23076	17488	79
23076	17488	78
23076	17488	319
23076	17488	262
19854	12113	32
19854	19937	212
19854	19937	321
9246	11962	319
9246	19937	72
9638	22438	262
5861	9750	259
22623	20295	349
22623	20295	262
22623	10606	134
22623	17469	273
12602	17469	273
16558	9366	134
9781	3748	273
15149	8134	276
14567	8938	232
8895	9366	134
2753	12994	183
10801	13090	32
10801	19946	282
18989	9575	262
18989	377	273
2313	2313	319
2313	348	121
22555	4386	273
6399	22072	26
19497	11463	134
24431	6814	283
22619	10054	59
17678	10054	59
17678	12592	227
6617	10054	59
6617	12592	227
16220	17199	32
19749	10946	262
5485	2448	184
4818	6816	153
24517	7078	329
16006	17469	273
7717	7717	319
7717	15363	215
8760	14064	154
8760	8104	154
8760	8742	153
14611	10054	59
14611	12592	227
6842	10054	59
6842	12592	227
20644	10054	59
20644	12592	227
16897	10054	59
16897	12592	227
9816	17469	273
16576	19956	32
14603	2206	32
14603	19956	32
14603	9366	134
17162	20071	349
17162	22605	319
10251	7075	329
23717	5786	121
2881	19512	262
2881	20061	319
2881	18999	205
2881	19512	97
4678	4697	121
6932	20244	319
879	10606	134
17175	12135	32
24153	24415	319
24153	12201	223
24153	19937	72
24153	12115	166
9765	7329	166
9765	6630	166
9765	479	215
4460	7498	15
4460	8134	15
4460	4764	35
15030	15513	256
15030	15513	210
15030	15513	262
15030	4060	53
17943	12003	32
17943	24096	329
3475	19265	349
3475	19265	262
3475	12994	274
261	243	255
1666	10054	59
1666	1665	135
18369	7020	329
18369	22797	329
7709	8766	319
4358	3351	32
1792	10054	59
1792	20993	112
1792	14113	112
1792	20993	112
14113	10054	59
14113	20993	112
9220	19037	66
22650	10054	59
1787	10054	59
21333	13861	262
14155	14674	32
14155	2502	26
3732	19937	72
3732	19937	183
11593	20654	72
11593	6271	334
5668	9247	106
6215	22921	156
18862	9366	134
6848	14527	59
6228	3100	267
10134	17020	164
10134	7452	99
15356	19050	112
15356	6394	31
20470	5325	288
17048	18554	259
8014	8927	319
8014	23207	103
638	14945	283
19227	4751	86
21645	11748	319
8699	1810	93
8699	8698	297
8699	1810	269
16628	10054	59
703	19913	339
18236	18904	32
19243	5569	254
258	481	329
21601	16454	97
11293	12006	57
11293	12006	212
23885	3423	319
22660	16589	32
9651	16186	18
9651	16186	19
9621	22741	329
2219	2218	235
12842	19619	81
12842	10897	81
12842	10283	81
12842	19231	81
12842	20812	81
12842	12217	81
12842	7852	81
4165	17469	273
6330	24114	329
17420	514	32
17420	3554	329
23276	14586	32
23276	7033	329
10949	5663	329
10949	4558	329
10949	24466	329
10949	1452	329
14532	23896	329
16598	3784	79
11527	11478	306
11527	11544	306
7580	24559	32
7580	23151	329
7580	23151	329
9734	4680	134
1717	17020	164
1717	7452	99
15331	17020	164
15331	7452	99
15331	16065	112
15331	6671	112
18491	13090	86
18491	13090	284
18491	13090	283
18491	13092	7
18491	22870	282
24037	7473	134
13513	7452	99
22242	6284	329
5364	6140	157
5364	10606	134
5782	22232	79
5782	22232	111
20207	10054	59
802	10054	59
21818	11814	319
6560	3427	329
11526	24107	208
11526	24107	209
11526	9366	134
9788	18783	319
9788	12336	319
9788	8419	97
6304	10098	263
6304	5544	263
21915	17703	319
17989	18500	197
22423	11463	134
13393	9733	329
13393	3427	329
9954	8134	283
11286	9366	134
263	244	255
10130	17020	164
10130	7452	99
4910	19485	134
857	630	260
9373	10054	59
9377	7329	166
9377	9952	166
9377	348	121
13143	11340	349
13143	11340	208
13143	11340	209
13143	9366	134
3156	20094	329
5022	10054	59
7171	19346	147
7171	2206	147
7171	19956	147
7171	5121	157
2690	9366	134
7158	24563	319
7158	16345	325
13774	5124	147
13774	19956	147
13774	7473	134
1142	23346	189
13609	3351	32
17567	5726	32
9174	22975	32
9174	10114	32
18714	12994	183
16348	10054	59
6555	5911	32
6555	17064	221
6555	3465	166
12617	22168	134
12617	24342	319
12617	19937	72
12617	12115	166
12617	12618	278
19875	23940	319
19875	1942	56
1879	10114	32
12303	467	262
12303	467	14
12303	16306	274
262	280	327
495	9366	134
2560	7048	329
2560	7404	329
695	10054	59
695	1787	112
13319	6486	134
13319	16892	273
13319	4361	18
13319	4361	19
18510	23222	32
8579	18432	134
13918	22931	7
19872	14945	145
19872	502	306
652	10054	59
5557	3351	147
5557	22865	18
5557	22865	19
8855	10114	72
8855	3986	160
19790	4915	281
17448	18152	262
22972	3540	94
22972	3540	349
22972	3540	97
9906	19956	32
9906	19956	72
9906	13451	196
21197	6630	166
21197	21380	259
19324	6580	262
19324	13228	262
19324	5085	262
19324	9366	134
2815	1682	262
2956	19449	319
2956	19937	72
2956	12115	166
7535	3748	273
9912	19956	32
9540	19476	259
13506	11463	134
13506	15326	134
13506	12115	166
13506	9292	259
13506	5712	325
5270	7140	329
5270	17895	329
14969	7902	134
21431	8846	215
13810	4013	32
20791	5816	221
20791	12994	283
14824	17020	164
14824	7452	99
15403	10606	323
15403	693	157
15403	6140	157
15403	19753	157
15658	15658	319
15658	15658	319
15658	19937	72
15658	12115	166
21788	10302	94
21788	10302	349
14186	23246	349
17665	5080	262
6456	6456	319
13136	10114	72
24097	6630	166
402	20222	259
6455	18721	262
3417	15140	329
17929	7625	319
9090	17577	319
3212	10054	59
6689	10054	59
6689	1787	112
11092	24235	273
1719	18471	32
3307	2397	32
12012	12072	145
8376	10341	56
14021	20028	147
13324	9366	134
2394	22790	32
2394	22790	212
2394	22790	283
2394	1606	282
9955	8313	223
9955	7329	166
9955	6630	166
14128	10341	56
14128	10352	349
11852	10754	317
9663	10054	59
14546	10054	59
18661	13668	58
5606	1961	115
16802	10352	349
17787	4337	147
2020	19065	349
12133	7900	94
12133	7900	262
12133	7900	349
17941	10114	32
21083	6630	166
15574	19512	262
15574	18120	319
14935	20654	86
1749	10054	59
20607	2106	262
20607	2106	349
15853	19937	72
15853	9863	53
21276	16784	262
21276	14990	259
15787	17140	329
6774	15124	329
14745	16784	262
14745	21639	259
21639	16784	262
21639	14745	325
8400	10054	59
4788	348	121
17647	10867	144
17647	10731	144
1564	10606	134
12284	836	59
15072	10054	59
7879	7880	150
7422	5184	134
23877	6556	349
23877	15326	134
23877	3748	273
9157	9366	134
10118	10183	65
23589	15118	329
22076	10598	319
21213	10606	134
17155	10054	59
4190	9366	134
15416	15416	255
11621	10598	319
17279	7823	205
299	19144	26
1688	1381	319
16939	5880	329
11439	4697	121
12389	10054	59
6865	10054	59
3332	20552	134
3332	7329	166
3332	348	121
1429	19873	273
22796	11463	134
22796	5184	134
24550	9696	329
6843	10054	59
6145	10054	59
9383	10054	59
9383	9383	135
24327	14945	283
16610	13164	32
16610	20035	329
18956	3349	270
18956	5186	304
3835	10054	59
12070	6140	157
2768	4697	121
17919	16480	319
17919	6630	166
17919	7619	262
9639	13040	205
14435	17743	329
13554	11822	20
13554	5072	269
3918	11726	18
3918	12661	18
3918	11726	19
3918	12661	19
12643	10054	59
18544	3382	262
18544	3382	208
18544	3382	209
18544	20177	325
28	18658	53
9974	16721	349
7259	8134	147
12913	330	274
18887	14945	32
18887	14679	221
18887	14945	283
11857	4442	6
11857	22655	325
15077	22281	32
15077	22281	86
10706	10606	134
17942	19956	32
16945	20601	212
16945	20601	321
16945	17747	165
13435	12994	86
13435	12006	57
12241	13090	128
12241	14245	184
12241	13090	184
3675	8581	307
2776	14324	79
2776	14324	20
2776	14324	94
2776	14324	111
2776	15360	215
9913	19481	134
9913	15652	134
22015	18436	319
22015	15623	319
22015	12603	205
24424	19956	32
256	3351	283
2653	3748	273
13597	10606	134
18610	3351	147
18610	3351	32
10249	7404	329
15354	2206	32
13315	13935	263
6019	22790	32
6019	22790	212
6019	22790	321
6019	22790	57
19744	17469	273
12142	15562	144
12142	6988	144
1318	19937	147
1318	11463	134
1318	9366	134
1318	5184	134
19623	12994	147
19623	5184	134
168	14223	329
21341	1529	111
21341	348	121
15281	10054	59
14548	10054	59
1045	7075	329
12823	2622	81
12823	14700	81
12823	14851	81
12823	18708	81
12823	1879	81
12823	2322	81
12823	14701	81
12823	11283	81
12823	6383	81
12823	15259	81
12823	10201	81
19489	13396	349
19489	5184	134
8749	13090	32
8749	13090	283
16365	10054	59
9656	9656	325
9656	9656	259
9656	9656	259
1634	17175	319
15540	4013	32
9168	19937	72
9168	12115	166
21385	13087	319
3804	22724	339
9864	6271	334
20592	14258	274
20592	20651	134
12806	20498	81
10245	10245	319
10245	14945	183
16650	10054	59
23891	23983	103
10233	11221	94
10233	13039	319
10233	6337	319
10233	22892	97
10233	6630	166
15732	9366	134
2203	6271	334
11706	6271	334
10808	4633	32
636	14212	18
636	14212	19
21565	18935	319
10689	7473	134
15173	7518	32
15173	19538	281
7486	20238	262
7426	11822	20
7426	2958	325
10375	16756	14
24088	23979	56
20359	16756	14
536	23179	94
536	23179	262
536	23233	319
536	4738	103
18203	17128	32
19464	8995	94
19464	8995	262
8954	22281	32
4262	17488	262
23053	19937	72
23053	12115	166
2979	16036	97
12775	467	262
12775	467	14
12775	16306	274
12775	14945	274
6108	4243	134
6108	7329	166
6108	479	215
6108	348	121
9098	21342	18
9098	21342	19
20880	9197	189
2958	11822	20
2958	5072	269
2958	7426	259
2958	2175	325
23837	19481	134
5550	14945	86
5550	14945	283
5550	14945	147
20410	15313	319
20410	11202	56
24422	19956	32
24422	7006	329
9201	19956	32
12908	13148	134
22706	6140	157
23337	8134	32
23337	8134	212
412	2504	26
412	2515	26
2175	5072	269
2175	2958	259
1465	14769	212
12657	3152	26
22005	21938	297
379	19299	26
379	2504	26
379	2515	26
379	19144	26
24232	17199	32
10401	12169	287
13408	10682	349
3374	17020	164
3374	7452	99
3374	16065	112
3374	786	112
4324	6140	157
4324	9366	134
4324	10606	134
24394	19937	32
24394	7780	283
13149	8006	165
14979	13829	7
14979	12698	196
20341	10698	319
13603	19956	32
2559	19956	32
2559	12218	329
2559	12218	189
22663	14945	183
21391	12786	319
15318	14010	327
18954	10114	32
18954	10114	212
18954	10114	321
2304	12406	319
3605	11020	319
10136	7452	99
11036	8602	32
22402	9690	325
23830	10867	144
23830	11900	144
9690	22402	259
6793	3784	79
14922	467	205
14922	10114	72
14922	6630	166
15450	9366	134
15450	15195	18
15450	12731	18
15450	22591	18
15450	12731	19
15450	22591	19
5119	17747	221
4858	12994	128
4858	12994	184
22955	9366	134
17307	7120	270
17307	941	270
17307	8429	141
17307	12360	84
20062	20038	329
21332	21938	297
11031	23763	284
19737	21938	297
10472	22790	32
10472	22790	86
5927	21186	97
10149	12315	205
23559	434	329
23559	438	329
23559	22745	329
741	8581	307
22577	17020	164
22577	7452	99
22577	6671	112
17961	17020	164
17961	7452	99
16077	21938	297
16077	1210	144
15133	11606	53
1820	20651	134
5111	23703	208
5111	23703	209
427	2016	245
427	14945	145
427	428	306
2010	4697	121
2010	9116	134
2010	17718	273
23733	15427	329
9804	20651	134
9804	377	273
18254	13964	32
18254	17064	221
10346	2420	32
10346	2429	329
4890	5184	134
10121	22596	32
10121	13004	329
10480	14565	221
11616	13311	319
20987	20986	297
3319	17020	164
3319	7452	99
19849	11189	32
19849	2018	109
21903	9503	319
19935	16429	227
3094	12210	160
3094	6271	334
21831	10520	319
529	377	273
12815	10882	81
12815	1068	81
12815	3312	81
12815	11405	81
12815	10537	81
12815	4814	81
12815	10540	81
22464	18830	319
5844	2192	56
15383	12210	160
15383	6271	334
14495	19956	212
5956	17285	208
5956	17285	209
19860	12994	32
19860	14679	221
19860	17196	221
12947	24538	32
24334	7047	329
3054	23631	32
3054	2418	329
8888	8888	326
23104	3565	127
14976	9482	329
6214	14641	7
6214	19946	282
20821	10054	59
20821	9676	227
12595	10054	59
12595	9676	227
11723	24615	127
16538	12646	86
11209	22904	7
11869	4847	32
11869	19101	329
565	6630	166
2461	10029	166
9852	20244	319
19877	1854	208
19877	1854	209
21344	10520	319
16636	22127	346
3962	11126	86
3962	20662	18
3962	20662	19
19421	20624	329
19421	5189	329
14638	24081	319
14707	1419	32
14707	1802	134
5350	15425	32
8203	17481	273
8203	17469	273
23298	3671	278
10137	17020	164
10137	7452	99
15016	2824	183
1459	6709	319
1459	20953	319
12738	6630	166
5750	20492	329
5750	4847	32
5750	4847	86
11980	19937	32
9577	3049	151
1686	7961	59
1686	5719	227
1686	799	227
1686	801	112
2795	6352	319
17709	4847	32
17709	4847	86
1687	7961	59
1687	5719	227
1687	799	227
1687	801	112
20662	17469	273
10129	17020	164
10129	7452	99
13732	22281	32
13732	2748	329
13732	7084	329
21351	2352	147
21351	20204	157
21351	23612	273
5813	10018	23
17094	10054	59
17094	9676	227
9648	10574	349
11127	12072	283
4931	15372	319
23163	15481	273
23163	15481	18
23163	11722	18
23163	15481	19
23163	11722	19
12206	21090	18
12206	10783	18
12206	21090	19
12206	10783	19
17915	10108	273
6973	6630	166
16056	6630	166
16056	7619	111
23556	4487	157
18719	9366	134
24616	4013	32
21360	23969	94
21159	8616	319
5762	17020	164
1616	1036	319
10415	5715	32
10415	24114	329
10415	15427	329
8319	4684	349
8319	17959	349
8319	4684	208
8319	4684	209
8319	9366	134
7743	20091	262
7743	20091	14
9674	7452	99
2060	3464	238
5202	8706	26
15633	23587	319
4651	10098	151
825	10114	32
825	10114	212
825	10114	321
199	9782	205
199	17099	205
23906	10436	319
20733	10054	59
16031	348	121
16446	3922	282
7527	1645	319
18693	1213	319
18693	18203	56
13698	22790	283
13698	22790	57
7901	7901	94
7901	7901	349
1648	7473	134
1648	10023	134
1648	21111	18
1648	1368	18
1648	21111	19
1648	1368	19
21612	22126	319
8391	12115	166
1076	10054	59
15988	10054	59
8389	12985	319
23118	22790	32
23118	22790	283
23118	22790	57
13089	23635	32
22330	17767	298
14456	5569	254
18122	8065	349
16001	9119	319
16001	8065	349
24583	23095	46
22498	5447	262
22498	11229	262
23898	8065	349
9241	19937	32
9241	19937	212
11986	4336	262
11986	20651	134
13587	17743	329
9385	763	319
9385	8065	349
3140	7350	276
3140	8134	276
3140	6630	166
3140	12994	183
24002	4966	329
7187	763	319
14949	22657	349
14949	22657	262
8098	19920	32
13724	14769	147
14300	22168	134
4410	17020	164
4410	7452	99
4732	8111	147
4732	6140	157
4732	1468	32
11413	1238	208
11413	1238	209
11413	19397	325
21660	6630	166
24577	22677	349
24577	15527	209
24577	21252	259
24228	10054	59
24228	9676	227
24228	1781	112
8161	6923	14
8161	20651	134
8161	17469	273
14108	9116	134
18111	7078	329
18111	7078	329
18111	7077	329
11985	1967	262
22006	11696	56
24229	10054	59
24229	9676	227
24229	1781	112
7933	15344	334
8878	10545	166
2710	7961	59
2710	5719	227
2710	799	227
2710	801	112
728	12994	32
5033	10054	59
20388	6329	319
21280	3227	14
21280	20651	134
9032	13090	86
9032	22898	7
9032	13094	7
9032	5324	7
17540	12761	32
17540	13090	86
17540	12761	283
17540	13092	7
17540	22870	282
8185	17759	6
10817	18830	319
13729	22766	329
10923	10109	86
4303	22601	18
4303	22601	19
12243	22943	66
12243	22943	215
18834	14945	32
18834	10606	134
3161	8571	221
22148	13090	32
22148	13090	86
22148	13090	283
12193	8706	26
21965	3748	273
11038	10109	86
11038	13409	221
24258	10606	134
23992	13090	32
23992	22906	7
23992	19946	282
14635	19937	72
14635	12115	166
14635	19937	183
14531	16226	329
5449	22765	329
9336	11357	144
5852	8161	6
5852	6923	349
5852	6923	262
5852	6923	208
5852	6923	209
1284	24076	32
1284	9366	134
7786	6630	166
13327	22790	128
13327	22790	183
13327	22790	276
7424	22790	32
7424	11789	18
7424	11789	19
10675	21189	23
18226	13090	32
18226	13092	7
18595	20550	257
11300	16226	329
15449	13090	86
11370	14598	32
11370	3556	329
11370	22763	329
11370	3556	189
11370	22768	189
14632	7685	349
13529	17767	298
13529	20180	298
8804	10054	59
8804	12592	227
8804	6117	112
9850	22790	32
9850	22790	321
9850	22790	283
10559	16090	283
4906	19937	72
4906	12115	166
4906	19937	183
4689	20651	134
14656	17020	164
14656	7452	99
18634	19937	183
13229	3554	189
11266	3556	189
11266	3559	189
11266	18648	189
15519	6887	319
15519	12745	349
4514	3387	32
4514	22968	134
13172	5663	329
21992	6046	24
21992	22968	134
21992	24143	273
21992	13469	273
21992	15074	273
2754	17469	273
6046	22968	134
6046	21992	18
6046	21992	19
16660	22768	189
19976	3012	349
19976	20651	134
19976	17469	273
16952	13090	32
16952	13090	86
16952	13090	283
16952	22870	282
21940	6402	94
4192	9978	7
15285	10054	59
15285	12592	227
15285	6117	112
15285	6118	112
3404	2036	329
12234	19937	183
12234	12235	326
13151	22968	134
13151	11034	18
13151	11034	19
6950	11463	134
6950	5184	134
6950	12115	166
23691	10606	134
509	17583	262
509	20885	349
509	17583	349
509	6630	166
1734	3484	329
8277	23095	28
18136	15643	349
18136	15643	262
1365	14945	32
17583	17199	32
10444	2077	32
10444	2077	86
10444	24163	23
10444	6856	23
10444	17502	221
708	14363	319
708	4500	319
708	14365	319
11848	5880	329
9099	2863	94
9099	4358	144
19163	7107	134
7184	348	121
7785	17469	273
14429	16666	157
14429	9366	134
14429	7473	134
14429	10606	134
5679	22968	134
1270	16479	14
5820	18576	215
5820	18577	215
5820	348	121
5820	393	121
21745	10637	319
21923	7473	134
15247	13572	319
16123	18137	7
16123	22924	7
11426	22899	7
3051	17238	270
2751	6630	166
15862	17020	164
15862	7452	99
15862	16065	112
15862	6671	112
3645	17020	164
3645	7452	99
3645	13503	112
6309	10054	59
6309	12592	227
10511	2696	32
10511	2696	283
10511	22898	7
15582	10054	59
15582	12592	227
22032	6630	166
22032	12525	180
411	19144	26
411	2523	26
21453	11348	319
6962	17903	273
9626	17314	32
9626	4691	238
23313	18646	329
9672	7961	59
10002	9366	134
18066	8134	32
5675	12248	270
8945	3340	319
8182	22306	349
14506	20892	165
14506	14679	221
20684	6140	157
14539	11712	189
10576	22968	134
615	9366	134
13949	19937	32
13949	19937	147
13949	9366	134
19332	17346	264
24478	10606	134
19275	7049	329
19275	7006	329
11232	18243	319
11232	6630	166
24330	10547	212
24330	20054	134
16045	847	144
9498	10054	59
17845	10606	134
8664	9366	134
16390	10054	59
16390	12592	227
5728	14945	32
5728	14945	32
5728	14945	283
23680	19937	72
23680	12115	166
17849	5569	254
17849	11753	32
17849	19956	32
17849	11753	86
18569	24076	32
20747	461	94
24126	23216	319
4427	4426	231
11414	9366	134
11414	17469	273
23312	19956	212
6053	4652	221
12033	11463	134
12033	5184	134
4273	7473	134
4273	19951	134
4273	8111	32
9616	23346	329
24209	18289	18
24209	18289	19
2124	2492	26
2124	16068	23
16761	7230	32
11856	22904	7
20746	22923	105
3347	12994	183
9432	3879	273
18750	17469	273
18750	6968	18
18750	6968	19
279	283	175
4524	4524	54
1992	9366	134
3320	17020	164
3320	7452	99
16103	6066	14
16103	20182	14
5016	17340	59
14688	804	151
1420	5145	329
23142	22968	134
12126	18644	329
4011	5880	329
23124	3467	14
23124	14258	274
23124	9116	134
23124	17469	273
8445	10054	59
8445	12592	227
18389	8431	205
18389	9047	205
18389	20616	205
18389	22010	205
1050	7043	329
1050	7043	329
8467	348	121
3451	4243	134
3451	20552	134
3451	22168	134
3451	7329	166
3451	6630	166
3451	348	121
23942	7702	86
284	7480	175
15740	2863	94
16566	22946	329
22321	10606	134
21278	16666	24
21278	16666	122
11174	9366	134
11174	20651	134
5590	17427	259
16345	7158	259
2800	17020	164
2800	7452	99
14165	9116	134
10738	8671	134
10738	3748	273
10738	6054	18
10738	6054	19
20789	4121	335
3315	17020	164
3315	7452	99
3318	17020	164
3318	7452	99
20829	4083	319
21024	14945	183
3323	17020	164
3323	7452	99
19033	10054	59
21035	3755	196
3316	17020	164
3316	7452	99
3321	17020	164
3321	7452	99
3066	5055	18
3066	5055	19
3317	17020	164
3317	7452	99
3322	17020	164
3322	7452	99
22819	18830	319
8444	10054	59
10333	20571	84
4024	17020	164
4024	7452	99
23180	7048	329
23180	7013	329
14494	6997	329
14494	6997	329
13539	7473	134
13539	13148	134
4446	14165	6
4446	9116	134
4446	24280	259
6777	7470	319
10133	7452	99
17467	12994	147
17467	7473	134
4448	17020	164
4448	7452	99
4448	23987	31
14499	7060	329
14499	7056	329
15863	17020	164
15863	7452	99
15863	16065	112
15863	6671	112
20881	2352	32
19137	1085	18
19137	1085	19
15864	17020	164
15864	7452	99
15864	16065	112
15864	6671	112
22268	7056	329
22268	7056	329
22268	7015	329
14029	4501	94
21866	1967	262
21866	24044	319
21244	7209	319
21244	22892	97
21244	6630	166
15865	17020	164
15865	7452	99
15865	16065	112
15865	6671	112
13051	16540	319
22643	10563	349
22643	10563	208
22643	10563	209
17201	17277	270
11551	11575	306
19658	19481	134
16337	15558	262
16059	6976	263
16059	12274	263
23269	19956	32
5888	5569	254
14417	3290	319
14417	1172	103
21956	348	245
21956	6630	166
5632	12218	329
9097	19007	259
21004	2016	245
21004	593	306
19678	7416	262
19678	7416	208
19678	7416	209
11997	22177	319
11997	6630	166
13110	7416	262
13110	7416	208
13110	7416	209
13110	19678	259
21786	13843	94
21786	13843	262
21786	10517	319
21786	6630	166
24565	2397	32
1940	23631	32
1940	13409	221
148	147	64
148	8706	26
148	18013	218
21081	15466	24
14381	10606	134
9460	4474	319
7899	13312	319
7899	8969	223
19366	17199	32
19366	14945	86
19406	6630	166
8231	9116	134
8231	6335	273
19756	15261	165
14930	11926	32
14930	11926	86
14930	11926	283
14081	23750	7
8583	13959	349
7696	20379	121
9535	10636	319
5076	6630	166
1417	10114	32
7640	23601	26
280	262	255
20177	3382	208
20177	3382	209
20177	18544	259
16173	3290	319
2673	4210	349
2673	4210	262
2673	4210	208
2673	4210	209
14667	12994	32
14667	12994	147
23512	23658	183
14733	12489	349
14733	10606	134
14733	17481	273
3072	1436	32
3072	4652	221
3072	22897	7
22041	18823	319
5686	6630	166
200	200	258
17783	6630	166
7595	8592	32
9699	9485	325
13449	10114	32
13449	10114	147
13449	16688	134
8711	6630	166
14297	12396	166
24520	8134	147
5897	7010	329
5897	7010	189
18045	12994	183
18045	5336	298
18045	12274	298
2534	20654	246
18452	5953	325
24497	2397	128
24497	2397	184
24497	24497	263
24497	24497	263
24594	15243	238
10671	22790	32
1881	23288	329
1881	23288	189
1881	23289	189
1981	2721	94
1981	8829	262
24481	2016	245
24481	24480	231
23907	17577	319
23907	9012	56
23907	6630	166
1323	1322	112
4992	15114	66
9105	9619	205
9105	6630	166
16794	8789	127
16794	9588	32
9815	3884	262
19450	12994	147
19450	5120	18
19450	8664	18
19450	5120	19
19450	8664	19
12725	23245	349
12725	23245	262
12725	9366	134
6210	22888	306
5712	11463	134
5712	5184	134
5712	12115	166
5712	13506	259
18362	18362	268
15113	9109	256
15113	348	121
15807	13555	94
15807	13555	262
15807	13555	349
15807	467	205
9716	20152	273
14262	20651	134
16933	23095	28
24120	8134	212
21303	12049	103
24404	17293	134
15044	9619	205
15044	6630	166
14970	1942	56
14970	6630	166
22106	24010	281
24010	22106	281
1347	9730	349
22401	23168	349
9900	7053	329
9900	7012	329
9900	7066	329
24273	22968	134
24273	12078	18
24273	12078	19
12877	8134	72
2226	6630	166
2226	6201	166
282	20705	146
282	20705	142
12412	10606	134
642	11606	53
281	5154	81
281	16987	81
15685	770	218
6917	7329	166
6917	6630	166
715	7500	32
10350	19946	282
14191	22892	97
19625	22892	97
1386	23975	319
8767	3419	189
8767	4563	189
5458	14119	115
5909	4243	134
5909	7329	166
5909	348	121
5376	12994	32
5376	24057	105
8807	5184	134
8807	17718	273
8257	8087	56
5710	10682	349
10132	17020	164
10132	7452	99
17037	9366	134
18437	23095	28
18437	17112	27
18437	23095	46
19774	4111	94
19774	4111	262
19774	12786	319
19774	4111	349
2677	13080	94
2677	2438	319
2677	6630	166
20781	9366	134
20781	3748	273
20781	2942	18
20781	5498	18
20781	13392	18
20781	2942	19
20781	5498	19
20781	13392	19
21366	2016	121
8159	13566	262
1320	12379	163
24160	348	245
24160	6630	166
24160	10029	166
18048	12067	32
17920	10980	319
17920	1942	56
17920	6341	25
10044	7476	160
21655	13691	319
21655	13680	319
19244	12218	329
19244	7066	329
420	2510	26
12784	11463	134
12784	12115	166
721	8134	32
6616	2397	145
24039	20651	134
18550	13011	259
12818	6978	81
12818	5414	81
12818	13161	81
12818	4973	81
2	7704	274
15872	20633	262
15872	20633	319
15872	20633	349
537	22168	134
537	18458	319
6060	1942	56
12772	9366	134
12772	3748	273
3933	3771	32
12078	22968	134
12078	24273	18
12078	24273	19
4698	5572	26
4698	2510	26
1904	7699	221
1904	5499	105
13475	17020	164
13475	7452	99
13475	16065	112
13475	6671	112
20801	16653	195
8276	2109	329
1166	17744	329
19184	6772	32
18731	467	205
6813	4504	319
6813	11955	319
6813	7329	166
6813	6630	166
24285	14945	183
24285	393	121
24566	16303	32
1241	19937	72
1241	12115	166
23300	348	121
23300	393	121
2054	7473	134
17633	13863	7
4116	12994	86
4116	4633	284
20928	6630	166
20626	2350	32
20626	17199	86
20626	17199	275
6063	9366	134
21558	12994	183
21558	14769	183
4302	23229	329
20843	13433	279
7606	19946	282
731	17299	319
15093	17878	79
21794	20251	94
1621	9366	134
22635	10278	349
22635	10278	262
18534	9366	134
16060	17020	164
16060	7452	99
5853	15195	14
5853	9366	134
22544	9366	134
22079	6138	134
16896	22776	334
19047	10054	59
5924	9366	134
5924	7902	134
2478	2504	26
2478	2515	26
2478	19144	26
11487	348	245
11487	10029	166
7413	9366	134
7413	7902	134
7413	2297	273
7364	10023	134
11101	21000	7
7777	10565	111
7777	21262	278
23604	23264	167
13028	9366	134
13028	7902	134
8157	4318	262
8157	20950	349
9952	3993	315
1990	9366	134
20462	19471	238
16032	3748	273
16032	15610	259
19761	11895	230
19507	4083	319
19096	6630	166
17384	393	121
10131	17020	164
10131	7452	99
18073	23245	349
18073	23245	262
18073	9366	134
17623	1967	262
14844	410	262
14844	9366	134
14844	2297	273
7375	18432	134
756	22914	7
23292	15678	94
23292	10636	319
259	11992	146
259	11992	142
418	19956	72
17269	1172	103
15556	20169	115
1724	3104	32
11288	10353	319
5808	17020	164
21616	13487	94
4075	22986	205
14048	14679	221
17887	19937	72
17887	12115	166
17887	19937	183
19465	12994	147
22038	20651	134
7320	13487	94
7320	10636	319
5237	8678	329
313	2504	26
313	2515	26
313	2484	26
10588	9366	134
10588	10605	18
10588	11340	18
10588	24107	18
10588	10605	19
10588	11340	19
10588	24107	19
22714	5440	319
1048	19956	32
13357	11843	270
1707	6303	150
13811	7068	329
477	2016	245
16910	7961	59
16910	5719	227
16910	799	227
16910	801	112
9515	6630	166
7964	8628	319
16669	17743	329
16669	3562	189
16669	17743	189
5051	1797	6
18115	6630	166
14835	1291	32
8166	18643	329
23523	20811	329
23523	9462	329
21812	14363	262
21812	14363	319
13516	10969	94
15082	7506	319
15082	9619	205
3042	10606	134
14217	348	121
14217	393	121
22226	10606	134
23089	23280	26
6502	8865	94
7764	22952	14
2269	13080	94
2269	22346	319
2269	9213	319
4664	16725	14
19692	15135	183
19692	13935	151
19692	20908	230
19692	20908	231
17934	21930	325
7132	15003	165
8972	9528	32
6877	6352	319
17187	348	121
17187	393	121
7905	17356	157
23810	737	208
23810	737	209
19202	737	14
7805	4022	24
7805	9116	134
20764	17539	262
20764	348	121
20764	393	121
20764	10026	278
22453	6140	157
22453	4352	134
22453	24143	273
14971	7699	221
12371	13090	283
12371	20232	7
14168	16154	329
14168	9267	329
3762	11054	94
3762	1955	349
3762	22892	97
3762	6630	166
13191	2029	97
9939	22281	32
9939	2748	189
21600	23032	349
21600	2029	97
14948	12154	122
13505	6747	56
14827	10606	134
19189	6630	166
7245	7961	59
18968	10029	166
1865	6747	56
1865	12614	103
19710	22346	319
19710	22177	319
3416	2036	329
3416	2035	329
18443	8270	205
17722	17743	329
357	19956	72
357	143	64
566	9407	319
10716	19946	221
10716	16191	283
3888	19920	147
16895	22566	208
16895	22566	209
12490	19937	32
4892	10054	59
4892	9676	227
17723	6630	166
9649	15652	134
22195	22968	134
10321	14945	183
18916	15938	319
8392	7473	134
19158	6236	97
19158	6630	166
3624	4088	103
21479	6630	166
15612	6630	166
12921	5516	144
2281	23245	349
2281	23245	262
2281	17469	273
4736	4088	103
14620	9023	319
14620	19363	205
18548	2860	349
18548	20651	134
4022	7805	18
4022	7805	19
4381	7961	59
2884	2883	259
2883	2884	325
21513	7438	319
21919	11261	94
21919	11261	349
21155	6747	56
2100	15644	335
361	19956	72
361	20836	26
6364	24559	86
745	15084	134
21324	9536	18
21324	9536	19
15895	7599	319
15895	10352	349
528	6630	166
12255	12308	160
4035	9676	227
13225	1452	329
13225	2109	329
13225	22946	329
13225	3530	189
13225	22946	189
1418	12128	32
11347	3186	336
13267	9366	134
4161	9366	134
4161	22277	19
23588	20960	32
23588	11299	18
23588	11299	19
349	19956	72
5930	15948	79
5930	7329	166
5930	6630	166
5930	479	215
5930	348	121
11299	23588	18
11299	23588	19
21580	9116	134
2479	12771	144
12638	10054	59
12638	12592	227
353	2515	26
353	2484	26
189	11102	50
17971	3187	329
4007	11693	56
1974	3534	319
15547	349	197
1587	7961	59
1587	5719	227
1587	799	227
13417	7350	86
13417	7350	212
8872	10606	134
20488	17669	305
17669	20488	305
16027	7961	59
16027	22638	112
14695	15264	32
17427	5590	325
21779	10435	319
21779	22892	97
8580	12431	14
11406	14945	128
11406	14945	183
11406	14945	276
11406	15258	276
22203	24533	255
18929	10054	59
5030	17020	164
5030	7452	99
15214	24157	23
21226	10633	319
21226	22892	97
18424	17831	94
18424	17831	349
18424	24044	319
19038	17020	164
19038	7452	99
9293	18999	205
21949	22892	97
21949	6402	349
6818	7961	59
6818	5719	227
6818	799	227
16883	16882	183
8894	7329	166
8894	6630	166
8894	348	121
3311	22904	7
10385	14679	221
6819	7961	59
6819	799	227
6822	7961	59
6822	5719	227
6822	799	227
21935	23969	94
17250	8771	56
2091	17020	164
2091	7452	99
22361	4805	329
22361	20492	329
6820	7961	59
6820	5719	227
6820	799	227
20175	17148	273
6823	7961	59
6823	5719	227
6823	799	227
6824	7961	59
6824	5719	227
6824	799	227
814	22892	97
7402	22892	97
12618	22168	134
12618	24342	319
12618	19937	72
12618	12115	166
12618	12617	278
11230	22790	32
11230	22790	212
11230	22790	321
11230	22790	57
366	2504	26
366	2515	26
366	2523	26
366	2484	26
8710	22892	97
17975	19083	32
15119	19481	134
21628	6379	319
12572	10063	329
19427	10606	134
20223	4697	121
15994	19937	72
15994	12115	166
12304	393	121
4174	7209	319
4174	22892	97
11305	20663	32
11305	7404	329
24112	14945	183
23914	1085	349
23914	1085	208
23914	1085	209
11407	9360	134
19405	22892	97
8204	14958	339
8204	12445	214
11919	9366	134
11919	9365	18
11919	9365	19
11325	12994	32
11325	6958	221
11325	3922	282
23	2504	26
23	2484	26
9129	15687	26
9129	8129	23
9129	8134	32
9129	8134	86
20578	24176	221
5935	4697	121
5935	5969	262
5935	8671	134
13952	10054	59
13952	743	227
13951	10054	59
13951	743	227
13950	10054	59
13950	743	227
423	2504	26
423	2515	26
423	22072	26
423	2484	26
2195	1806	238
7751	6630	166
7751	12935	259
14761	14958	339
22781	18835	319
9112	15593	6
9112	4697	121
9112	20339	208
9112	20339	209
17443	3115	72
9956	2633	32
24280	4446	325
5925	4697	121
5925	11989	208
5925	11989	209
19007	3748	273
19007	9097	325
404	400	306
14694	8802	260
4037	10054	59
14299	8134	32
14299	6335	273
14299	1991	18
14299	14257	18
14299	1991	19
14299	14257	19
9305	10054	59
9305	12592	227
3619	10054	59
3619	12592	227
14257	1991	18
14257	1991	19
7141	14406	286
5696	3342	147
6451	805	151
12559	20535	329
3266	5569	254
11765	15210	319
1639	22968	134
24313	19956	32
16995	20751	32
8034	17478	105
10608	10606	134
10608	475	273
5953	18452	259
14744	20651	134
10181	6630	166
10181	19369	180
15620	4697	121
5077	19937	32
5077	11463	134
5077	9366	134
5077	6697	18
5077	6697	19
12196	6140	157
12196	9116	134
764	12994	32
9735	9116	134
2245	15084	134
2245	14945	183
22026	3540	94
22026	3540	349
8542	3295	101
3694	8111	147
3694	8671	134
3694	10304	273
3694	14737	18
3694	14737	19
24482	6630	166
24482	14945	145
15059	6630	166
15974	22657	349
15974	22657	262
3242	9676	227
3242	1781	112
11913	15059	221
