351
32	2415	1517	987	4109	6411	7662	10703	11109	16482	16764	16233	17566	18751	22130	23956	13403	18333	8982	3873	2334	16525	5399	12379	14050	16871	10163	14049	11048	6209	7641	20970	955	10159	23385	1188	4133	6182	23090	4100	14771	4142	4710	13434	6938	22132	5226	11033	18180	10696	11025	716	20402	5002	10638	11968	7670	18599	8925	13484	17601	998	1939	23315	16754	8983	4276	10198	11272	4355	10509	6390	2806	16160	10968	5009	23959	22445	11208	15270	17248	12149	11257	18822	20301	12668	4354	8093	3340	11097	8264	6041	7269	16868	18211	20328	19423	14054	7275	17232	9983	9206	14963	10331	14712	4204	17233	18459	4087	24547	1200	7565	7772	11263	13617	15384	4308	19386	12581	18004	11794	14845	8949	6401	14516	12658	7571	9958	7949	11211	20095	11146	18027	16738	17985	4329	18816	13827	11021	13883	10944	6987	949	23209	6313	10487	16526	1296	11402	24265	20284	7608	2868	5529	20560	7942	11825	3799	10469	4537	17706	17189	20543	18349	3673	8926	6370	6459	9472	16473	16294	16737	18457	5432	18222	6013	22440	4365	1487	18829	18672	13286	2833	17984	17564	4322	11073	12020	12098	11357	11724	23154	13859	7730	466	18377	16448	16119	14284	5215	15545	10361	12378	18041	18540	1292	23999	765	11687	11223	10929	18481	17280	17587	19883	10416	3957	11040	23970	17721	11183	18232	5643	6532	975	23665	4108	7256	23278	3045	10773	15918	17713	4105	629	11675	7915	16255	13447	7241	5112	12764	8956	12213	23372	11136	5349	15683	9830	16850	23204	22245	12615	16470	10762	8125	13876	3090	12502	754	13708	19853	8993	3058	18934	17235	1181	23026	13299	13665	4297	12227	16092	1480	20556	17648	7576	1422	8769	6717	11961	6414	15549	19631	24288	13861	9354	18187	18976	4123	7653	20547	5426	6805	2858	20635	3516	15925	11953	6100	7875	10337	5670	1695	16938	18937	14471	16693	5792	18311	11682	13559	14980	2774	16870	22309	19001	1511	12485	20722	5171	24225	10635	19349	17923	5456	15462	20304	22521	8922	15469	871	10753	10177	10776	3856	1120	18238	10388	10353	3265	10347	10203	10596	19381	14332	14702	7612	24435	7586	22225	10697	8474	2844	16460	16755	14056	11354	14285	19256	10566	8746	5718	17808	16579	19122	9911	6237	8176	1281	6189	11886	9001	15461	11725	9175	10593	2438	10178	22182	5359	4623	18936	19117	18900	11442	1503	9077	6291	6595	2114	10345	14306	16872	11672	5373	2663	13674	18497	8033	4307	907	15573	3603	9205	17871	4930	15172	14030	23336	8673	15530	24284	1577	8859	841	23159	3831	11366	10539	3885	11301	14320	1007	19880	5802	3826	15916	4481	10721	9009	5245	14552	16453	6480	13493	1721	5543	1010	5672	22720	19739	5263	2333	13572	18439	12294	19855	11047	17546	15914	2000	3536	908	6702	1062	5644	639	5227	19793	18831	3092	14500	7214	23212	8511	18732	19363	19317	1855	2626	11355	5418	10820	13812	18940	3218	5177	5166	14929	4085	1442	22239	17811	16466	12663	16384	8510	8761	5032	5982	17584	8239	16560	13890	3824	24455	9288	6423	12518	9216	3392	634	15492	10989	14592	7155	5228	22342	22393	17708	1380	1155	20665	20962	10456	10678	13495	2578	23670	8216	635	5242	22265	10825	16478	19371	2315	13573	19812	10965	6796	20809	10160	4802	23377	17520	24027	24518	3784	457	13866	7804	633	2670	14448	23133	24578	23517	24415	5292	11217	18176	11727	5997	10488	3803	5035	11786	12608	10775	11068	5312	5004	5799	7617	16844	1701	12660	8017	2728	7982	7174	10715	17538	1285	16497	14597	8094	11757	6408	10692	18399	1752	2577	1415	1646	5389	16944	776	11862	10493	8228	12301	18163	8315	11728	19470	4873	6417	4595	13742	14368	8062	12584	1754	13602	18393	8252	15931	23112	4020	18998	14436	24558	12659	7852	7315	11182	9041	9944	13751	17801	19327	7218	8904	7614	9902	9941	14091	8287	1038	24297	9176	11026	18314	23162	20229	7669	13631	24321	16553	19239	11700	11471	1558	6750	10725	6565	2835	11916	5319	17622	14563	14019	11598	662	18341	22479	14703	1862	19535	13781	5435	8953	7947	10665	11319	12186	726	7572	9136	11973	8105	23384	13659	4547	20693	10917	18400	11446	4160	9248	20125	1567	14701	1571	9110	14314	8194	602	606	14604	7257	19390	5360	23042	13578	1823	1005	10495	6290	18513	8780	13696	7248	22436	12144	10960	11962	20191	8246	599	14461	15501	18374	15917	23160	23569	8811	1543	10389	18489	2391	10452	22477	24458	11690	15146	14142	14141	12373	24537	14452	8697	5542	15528	20874	7273	13894	10538	15472	8676	15514	18638	9199	8995	12147	10502	16208	4017	12561	1102	1375	14649	18818	19474	11625	10999	13912	5641	20200	23208	6017	16779	5219	6692	951	18406	18329	8450	2882	17786	15510	6392	10417	1641	19636	826	1140	15544	12104	20614	22029	5896	18331	12579	2959	14488	15216	6982	10918	8238	10422	10033	19642	14346	14691	659	19315	4335	11688	11233	3809	14430	17712	1112	1880	9928	11813	5881	2661	23113	18514	10499	16718	10383	18524	10510	6450	14720	15818	19255	19606	10853	14646	11250	1219	4415	9624	10301	23557	5273	16333	1061	8025	13914	22109	23019	12150	7929	781	19253	1012	2692	18528	10387	2693	4325	18715	12191	5989	14876	17828	19596	18032	8694	13581	12551	14512	17874	5388	2411	8909	11836	5885	6104	2141	5822	24212	5778	7935	6165	18265	17203	24339	1414	5428	10516	11957	1123	6318	13463	4283	8803	11274	11277	24287	14716	661	24546	11715	6327	11603	18688	7938	4372	5320	16434	10760	13195	17653	13303	14069	20810	6185	13465	13770	11193	3313	20878	14052	23235	10336	9697	11336	11795	23395	17228	24598	12562	19446	16125	6578	20014	13218	18784	8691	19125	17620	6478	10938	1198	16110	7849	8538	6449	14490	4856	13181	4826	14968	17982	18855	15628	766	17572	2762	5566	5651	16734	20737	10172	4282	11391	23308	6586	24523	24303	3817	8271	11964	15879	11041	11801	1885	19848	10410	10170	13654	14464	20822	2102	13290	22057	16716	14268	15946	23271	8731	1060	9828	23949	17847	13825	16371	6083	10427	17983	22270	5462	10558	5241	7566	1131	9128	10959	18412	2057	20286	14137	11694	22383	20883	10629	20948	9612	3310	1195	2207	20545	24541	18379	12613	24439	6872	10622	15682	16571	17245	6040	22807	5889	3270	5117	6579	1308	8146	8052	2856	1033	13437	13569	12293	2842	8242	8490	22101	16565	1066	12487	11755	11086	22028	19449	9695	18847	18707	19516	17594	4086	17675	3482	7217	10748	14652	22476	5473	15542	16606	12493	11775	16416	14965	18192	8133	15300	15143	20224	13661	6719	8035	13988	23964	11005	11971	9215	14719	6018	24317	13741	1767	14454	13310	10570	6085	22119	11963	7731	14785	10657	8088	22351	16767	9901	742	14850	7098	11140	4570	22995	13752	9953	16907	4746	2864	13764	15922	3200	22550	5442	9006	11264	13772	14541	627	1011	5626	13968	19541	9891	24605	12198	8931	6759	11716	2317	16378	5326	8010	24473	11343	10254	15073	16762	7861	2847	16609	19276	15451	1546	18312	18832	9625	1478	17926	13736	23040	13677	3070	7936	1547	10702	11788	12189	13226	18423	15915	9150	13838	11382	22994	13422	1931	13196	14618	10290	6457	1151	1905	9960	18035	6875	7687	11600	19611	14434	20066	15293	17104	6376	8240	14608	9907	18008	7726	6207	22678	19500	6928	960	10111	8762	24539	4225	19206	8535	10663	14704	14353	13648	5654	7596	17460	6406	13249	3157	8616	632	4986	16286	24319	1158	18567	15064	14613	15930	3425	4914	6643	11403	19249	5254	13289	4278	20725	8858	16575	14143	14150	14877	12481	23213	2733	24318	11889	10650	20279	11789	23171	11975	5656	9078	16169	18917	24514	7703	19593	15183	12568	5469	1350	20896	11754	19647	7806	15913	15795	11195	24590	19238	714	10803	16376	3068	1067	11475	19248	9479	15810	4429	9662	8919	1068	5256	13759	1058	2974	16518	23743	1063	14178	6773	11470	18807	11308	19343	10267	4284	11460	20116	1508	1815	22267	14302	12611	19240	1217	5387	7796	18616	7721	7219	1178	9916	18523	17998	5142	5655	5517	5893	18162	15557	6498	24524	18525	12573	17247	761	5812	12288	11449	2368	13820	10827	14715	15944	9602	11954	3538	11646	15290	10586	18321	20680	1132	16382	6755	19252	11691	12647	22233	7723	10407	6413	14470	6561	6720	13650	18527	22103	5648	6749	20568	4610	24552	5419	8622	12197	11744	17711	13585	16867	2132	16235	10409	2679	11089	16296	8897	1348	14309	7224	11966	9148	12741	9242	24417	8056	11660	15265	18257	12671	1652	11459	3079	16788	5277	12989	24418	12201	640	1470	2433	20242	20538	9962	5264	23018	10365	18964	15479	16418	13460	12068	14928	2732	20117	19852	9931	11304	22248	11473	15554	1072	19511	24420	2133	5240	13996	23047	6212	16241	18494	1324	19242	17637	2412	10866	24421	15665	18983	11707	17995	18322	23376	9193	3160	10993	5304	7369	19241	843	1069	1509	23206	6339	15920	11791	16607	3401	14502	6874	18371	10046	6802	23046	10264	19237	14067	10529	11808	15157	1969	19277	17192	8130	9957	13651	4918	24011	18220	5891	909	16542	15934	7677	23202	10842	997	3309	20240	15294	23374	6393	1054	17671	18250	4479	4752	782	12582	11169	10537	7649	10540	14693	16704	8937	7846	1892	19264	13605	10461	6569	10634	18119	11256	11450	10627	13816	15587	14718	10904	12180	11149	24314	7676	14308	11151	17173	1649	13743	24310	24239	17979	1152	18776	14390	7160	4271	18157	1051	11320	1747	13932	6080	19435	7738	19721	22186	13787	14334	7756	16658	13604	18488	11960	24425	18251	8272	10895	2322	10349	1924	24286	1514	6350	2742	9922	8028	5422	16766	9282	6721	16377	12831	8030	9276	20291	11465	15650	19330	11965	23739	8473	19220	10846	4874	17497	4998	23926	8123	20967	23742	11756	3608	1055	10494	9184	12828	12829	12830	5640	6088	13649	23774	15291	9970	14287	17832	8786	16128	12080	14139	7724	22385	13875	10724	4026	13492	17826	5465	14475	24115	17830	11683	13990	5522	8624	4084	7814	9251	6385	13204	10171	12605	24031	24597	18237	8773	22031	7661	1499	18346	15060	8918	11385	8736	23567	6022	458	22552	11697	13355	6342	12188	4077	14140	1963	16124	1556	8115	14511	13613	9182	8029	13283	8057	2452	8475	4921	9938	18039	13166	12207	12103	10340	11684	23729	2073	24312	11849	3284	11632	18204	18397	9478	8413	989	11238	1104	14071	11680	1109	23741	19234	10734	22419	20973	13174	10769	4505	6762	14073	11043	18368	8984	11679	5824	24408	6754	6723	9139	1693	10902	11893	23737	13730	23023	23571	8126	1154	14501	11213	19198	24505	11326	9275	11809	1519	11969	16949	11979	866	14612	16329	16239	11176	22998	1133	15132	16770	2128	11701	11787	10804	10910	19221	9903	1532	5439	20496	24342	24276	5631	6760	5560	10164	20758	19312	11405	15538	1310	10601	12676	4609	16792	16157	3164	24121	23295	7736	6286	8148	10644	15315	16385	20473	8627	10467	8802	5586	11372	16379	11835	4281	16668	8018	10717	16856	7683	14459	1947	14521	10486	8862	1479	11958	16547	23394	11602	3801	2118	16401	12494	5536	13692	17753	6756	17596	16523	24588	6636	9279	17754	9026	8770	23373	12110	8912	2008	6761	19884	16155	11379	2629	3334	14936	13870	3938	19553	8812	12483	6725	15725	16706	23562	5281	8915	12204	2793	5479	17974	1655	3411	12495	14847	19851	20187	20208	14062	23244	9654	15581	24476	20625	1111	16577	7114	8191	785	18720	14705	1765	7584	23128	1056	15967	7277	972	15964	14982	18938	12314	14496	12492	1193	22784	18357	10266	938	23275	23021	5452	6737	1220	6753	15908	1935	22327	15778	11359	18775	6937	18709	9628	9179	1174	2178	901	11348	24264	18345	7998	9255	16380	23317	2319	13280	24343	13450	18078	24257	23980	1545	18038	1201	5460	11608	11390	7583	14925	6044	4363	10555	23045	10532	6172	2684	5321	24338	11634	11317	10584	9285	2723	18592	12049	23925	9440	9691	6415	3044	9511	14536	6038	7729	14372	10826	3936	19272	10851	22230	1211	8863	11685	14446	17406	12511	9178	22786	12508	13564	1059	1515	3426	9929	1878	14517	13410	11373	5180	15897	18520	10701	16854	13577	8615	16776	6358	2622	14358	5892	16131	8911	15559	20193	7950	10656	15534	20430	18260	23205	1192	8913	9274	2575	20192	23931	11959	1221	17717	6716	6763	13773	12184	4299	12488	18708	7986	12554	12013	18378	13035	3789	16541	22308	10926	6724	13502	18214	9254	11977	16383	12958	3513	12669	22595	12758	24005	18706	7960	17528	11334	10691	9509	7634	1909	11906	10928	8020	23290	9356	11689	9125	13084	20495	24556	5987	14357	12507	10844	5198	20668	625	23924	19326	2147	9042	11096	10518	23200	10497	1134	657	7182	4277	5170	14651	13931	17600	4122	1502	18315	4050	20300	13785	14700	16498	6071	14708	870	18763	22997	17607	10299	7392	13274	10659	12550	9135	22808	14926	8433	8377	16158	14690	1171	10954	15473	8106	17557	15928	23321	18566	14428	17543	10168	1542	10700	2001	13933	23344	4811	13436	7948	17529	3850	7618	19012	8217	24021	10679	7674	5495	2720	18052	1093	864	11678	10158	15440	16667	22127	19271	12137	15100	19510	17631	12486	9140	10371	15259	24502	13240	11454	12482	16619	15912	16472	14326	17608	14938	14422	12047	4288	23519	16386	1498	15266	10911	24341	6605	22374	11015	912	13269	8269	16464	1637	8147	19854	10801	16220	16576	14603	17175	17943	4358	14155	18236	22660	17420	23276	7580	13609	17567	9174	6555	1879	18510	9906	9912	13810	1719	3307	2394	17941	16610	18887	15077	17942	24424	18610	15354	6019	8749	15540	10808	15173	18203	8954	24422	9201	23337	24232	24394	13603	2559	18954	11036	10472	18254	10346	10121	19849	19860	12947	3054	11869	14707	5350	5750	11980	17709	13732	24616	10415	825	23118	13089	9241	8098	4732	728	17540	18834	22148	23992	1284	7424	18226	11370	9850	4514	16952	1365	17583	10444	10511	9626	18066	13949	5728	17849	18569	4273	16761	20881	23269	24565	1940	19366	14930	1417	14667	3072	7595	13449	10671	16794	715	5376	18048	721	3933	19184	24566	20626	1724	1048	14835	8972	9939	12490	1418	23588	14695	11230	17975	11305	11325	9129	9956	14299	24313	16995	5077	764	6715	9236	9232	10364	5464	11080	23564	19013	4414	4342	20615	1615	11590	12654	11351	10255	9730	8752	22128	18202	12578	20183	23051	8807	20299	20305	11967	5172	11344	22407	16163	1563	3169	12100	10127	16932	16742	18761	6341	5438	9851	11285	10382	15932	4744	14851	19067	10681	23319	20736	4740	11380	11674	1204	23179	933	22606	2390	15662	13687	10843	8509	3283	8971	4116	16564	9068	18901	12580	8724	24576	12496	19331	12587	20634	2731	3541	22133	18980	8861	10512	13698	12163	7953	23563	15919	10592	10247	23521	23934	4484	10483	6714	13464	22107	15941	23566	19329	1544	23130	1620	10828	13995	23583	22105	14605	18336	2129	9603	6566	6378	24020	16618	18924	23745	10468	6525
32	558	19956	1680	1612	19515	1436	16318	12994	7350	14945	17199	16626	12364	23751	7210	19341	20028	6257	24177	16417	12001	14986	7705	4263	15957	12516	16701	22553	15698	8550	12004	14770	10114	3384	23631	13540	7776	13805	4847	17866	2431	8134	9522	16896	7708	3351	12006	20047	12257	3115	6183	19063	7702	8839	9195	22411	9044	3433	8171	2397	24504	13090	23659	24076	22703	23897	7436	8592	8111	8910	11892	19722	13272	15161	15425	17361	23635	17316	22509	13164	13370	8609	10809	19807	7518	16325	17309	3488	2718	19920	23900	10557	19926	9343	2900	2202	2824	2352	18880	1034	17092	18455	14736	20355	23125	2902	16887	6275	16090	3104	2714	17314	7092	7230	17729	23219	12067	19555	23779	10747	8692	18501	22339	3342	22667	18469	8296	14586	15748	18773	1186	2604	14630	12003	12940	18904	16882	4173	15257	16081	19937	12646	12882	2555	1419	1331	11612	14674	20164	23034	23381	23375	7181	8409	16303	2356	12664	18746	8852	22790	15671	13844	13538	23030	14568	596	13345	20731	2448	4293	4261	3832	4242	1291	8816	2382	1994	4411	22163	3734	9667	9357	18071	17313	20010	17060	8263	3434	9060	15714	2420	11926	23185	23804	20356	24559	8552	19083	6263	2554	18042	1864	24448	9598	15952	20088	24256	15078	4232	11702	3192	19668	23225	15166	13835	7921	12754	1354	2349	23755	18392	2779	22596	5943	22487	9218	6169	609	17255	4993	15282	19834	17129	7504	17121	18967	22264	8551	18096	20924	18047	23220	2206	22732	22593	5342	19194	18920	11771	2910	23196	7121	9643	20947	13887	12385	13594	9421	2797	8498	24189	7688	3131	20063	13446	12009	17893	20751	8876	14866	12386	14941	514	6596	24447	9650	7866	11434	2633	18428	11721	3862	17491	20964	8283	18471	7627	12222	4767	3779	10587	14735	11753	4712	6533	13453	20068	23033	4695	673	2077	19041	22692	12135	20855	12072	7769	16827	2309	3905	12169	17221	3354	20375	6537	13845	15387	6274	4851	7782	24336	22970	23701	19557	12937	20439	22682	24141	3870	3932	14205	7467	14680	22637	22780	17792	4023	23634	8989	17070	20654	16616	15444	15832	18759	18505	23111	3662	18922	12861	20361	8682	18718	23752	17134	24599	13208	5113	15396	4266	11845	14650	9930	16627	13348	5124	23222	6772	12387	12309	2740	20660	14202	13197	12347	2198	23260	20749	4633	11838	7857	3772	8499	14229	14522	12867	20150	4286	9488	4850	12113	23695	16062	15135	15263	3230	20310	13304	17198	9049	14083	9453	23363	24067	13190	15718	9117	2350	8144	15696	16100	7918	12696	23723	13549	3450	15756	3868	8304	12166	14039	6798	16703	4467	14556	12607	2305	7510	3749	3981	17118	15837	20960	13473	24449	23221	1877	8712	12477	23071	3615	17465	20661	15757	12265	3249	6435	12761	20075	6319	8543	7124	6854	24217	8681	15907	2320	12128	22551	18325	23892	16133	15692	2048	18977	24600	19919	13401	11643	4894	4013	19413	780	3678	12022	14769	8855	878	13468	915	4167	856	12527	3804	11654	8591	4846	16260	24294	2307	13828	24538	2201	15438	15097	18915	3523	14245	20333	20097	23756	20854	19387	20087	15824	22975	24220	11943	927	16436	5307	1610	1332	2827	22787	7788	18792	12429	12520	20165	15177	6264	13962	15310	3930	22281	7476	4206	13711	23658	16589	5726	5911	17128	8602	13964	11189	5715	1468	14598	3387	2696	9588	7500	3771	9528	15264	20663	12365	22852	7780	16919	5592	12242	14773	1873	15258	14159	17137
57	45	2200	24268	23644	23558	1126	20547	2774	1723	10178	841	15893	5227	17584	635	6982	23051	16125	15562	19238	22145	2433	20242	7636	13932	5465	7683	13692	14496	4363	8724	10908	16472	23519	11293	13435	6019	13698	23118	11230	8714	16216	2394	9850	9132	17753
57	10	19956	10547	8134	22790	17199	12001	10114	12006	7350	2154
86	726	992	736	8075	9018	10291	10837	10423	10830	12101	12422	15541	16501	16233	20228	18751	22130	23956	16161	10037	11994	2334	1170	24012	8923	1177	5399	6213	6766	7272	10163	17119	10990	2747	10159	23385	4133	11065	6026	16141	12987	23090	11022	18897	18930	24051	10874	1003	6938	22132	20311	18180	10696	11025	13086	9233	2752	5379	4129	10947	24581	6574	16943	18448	17601	13180	1939	16216	11329	10509	14036	5795	17619	17614	17248	4124	4152	1651	1053	5992	14712	23978	8100	19814	15959	18184	15384	1278	20227	459	11211	4093	15546	6987	10382	11402	1656	6050	1920	10986	7876	11049	23961	1644	17189	20329	7665	4144	14538	9016	5014	1487	8042	17564	7564	18245	12089	9212	11941	11212	23999	23981	765	14109	14329	10971	20541	13203	16156	23970	3290	6704	6513	18232	1538	8054	7256	3045	10983	24023	10763	18308	5754	753	13889	11282	11111	5112	17582	10778	17876	3390	14752	23306	16470	8125	1181	23965	23928	11066	6414	1638	18187	4123	5525	6797	5670	16415	15543	16693	5792	6786	11682	11228	18028	23380	11002	16864	12485	10441	17822	7651	20118	871	15452	1723	5402	2775	18193	11447	6566	1699	23031	13428	13797	23950	9937	16755	14056	18002	14791	17251	8117	8095	10178	954	14593	6528	18173	16752	11672	10485	10681	3308	8714	8859	19880	18761	19740	7552	19739	17586	2333	908	10795	1481	23212	13965	18732	14033	14450	5994	17811	12663	7635	8510	6027	17584	16885	6423	3842	634	14592	20750	17708	11220	18230	13616	10825	2315	13573	21017	16727	1659	20446	23133	24187	6632	12439	9469	9236	651	6670	12660	7982	15642	2577	16552	5752	7582	23745	7315	7737	5423	11026	22346	10850	10790	20976	8105	7813	10517	20125	8628	18003	16534	23160	10156	12785	10452	11690	13059	4605	24044	9199	7628	3871	14977	20691	5219	23986	18177	10433	24119	22115	9033	5647	11380	10402	2395	10422	10033	11688	4342	10718	11276	2661	9579	8025	1012	10387	10677	12191	16620	8036	11826	6638	1539	9407	1563	8803	11274	11277	3207	6327	11265	11795	23395	22290	4051	16146	10261	5651	18842	1204	14464	20822	3830	17847	10478	7664	7566	11077	16117	20948	24541	2856	16114	8045	23368	11086	19516	6501	3482	7217	23129	7590	1568	22989	1767	16200	20745	18788	8249	8040	18815	14541	627	1956	8931	1540	6759	12587	23521	1478	17123	13226	23579	9150	4090	9609	8103	13592	14618	10290	1905	6875	4812	7726	4225	17243	10663	10442	632	4986	9506	1057	19644	7562	15108	9479	8919	1118	16518	22137	23743	2392	17246	5433	18523	22120	18525	17247	10827	12647	23570	7723	23738	6749	13622	19536	11158	20242	1824	10419	10937	20623	1324	8066	17995	14502	13748	11808	7677	9232	12740	10354	19881	23234	4106	2682	18442	8140	12180	11149	1124	7676	23696	17173	3179	13233	13932	11960	9014	1728	16742	6721	9276	6714	23739	4998	11035	23926	8123	23742	10263	15186	8916	9184	15941	23774	8786	16128	8649	7724	20622	23962	10724	23172	17541	17826	12100	24115	11683	8624	13204	24597	18237	9130	6757	22031	23583	18346	23584	12188	16124	4397	8115	1116	8029	18039	23216	8935	11684	8046	1153	8509	14972	8049	8933	14071	11680	23741	2731	6762	1165	12216	20889	1698	6754	10902	23737	23571	17455	9275	7561	1133	23217	8774	12185	23564	16163	6764	16157	24121	7736	24410	15315	8627	10467	17588	23394	1948	3801	5536	17596	6636	9279	8770	12110	8912	7739	6761	16155	6188	13870	5479	3411	20625	16219	7584	10446	15908	6715	10288	14493	14053	12441	6379	14925	8709	10045	24306	9285	18592	12049	8771	23925	16127	6038	7729	10826	10851	1211	9178	13564	12155	7722	13577	1176	16776	8911	1182	23740	8913	23931	11959	6716	6763	12554	13035	3789	24045	16541	6724	9254	7634	1907	1909	10928	9356	20495	1110	23924	2725	5637	17607	12550	1528	9135	22348	8724	16158	16578	4484	10168	1542	5062	18009	10879	5495	1093	8726	3487	22129	23566	17631	16472	14326	14422	12047	10911	19227	18491	14935	15077	13435	5550	10472	16538	3962	5750	17709	9032	17540	10923	22148	11038	15449	16952	10444	17849	23942	19366	14930	4116	20626	6364	13417	9129	1174	9636	20119	650	9175	9133	10845	12184	23567	16668	11223	1017	13846	10954	2147	18855	1126	24031	13434	23572	9228	13310	9607	16791	5438	23993	10846	16866	11293	8028	5366	6358	6753	9603	20719	11080	24310	9182	9288	24518	9138	18409	17557	4811	11089	1532	9215
86	199	17255	1331	12994	8692	22667	20110	1301	8134	19956	7708	7350	2633	16626	4471	8111	14945	6069	3434	3870	23631	3351	16701	22553	8550	8839	7788	3378	6267	2713	24136	16887	2448	4232	8552	6183	2397	22281	24062	15405	7702	15714	3221	17729	13090	19722	24076	18042	17199	12006	7518	2824	14680	2352	1436	3331	20482	20010	14674	17804	3925	23635	14770	9667	20048	1610	15952	24559	12001	17662	3832	12516	2714	22478	19433	12386	9588	19948	19937	10114	18690	19425	15444	18919	20047	8656	8910	22487	13190	4961	19926	19083	23897	11926	23756	12364	17866	17958	24486	13370	20654	15957	11609	13538	4985	18148	16404	8551	19920	17070	23196	19817	18967	17157	19555	815	2099	1986	2206	12004	8592	4987	17361	12135	11761	17491	12257	3115	14769	16291	6274	6254	3522	23634	12385	3342	23125	7780	1419	7627	24609	23096	2077	14944	5124	16924	13446	16062	2554	20749	1994	14586	12072	14874	4633	13345	22790	23900	16351	1680	5791	16954	4076	2305	3192	4993	17385	24067	2603	20097	4178	8498	8602	19039	2307	2320	18772	8609	16090	15770	12761	10109	3504	4751	12646	11126	4847	11753	24177	3097	15135	9259	4712	12435	14159	4263	7500	14841	14245	16882
23	194	992	6642	10837	11452	4103	12609	23930	14050	22316	10551	11157	6331	18076	10919	9908	4131	23568	20308	1703	6752	11668	2854	11079	14497	18840	22656	3798	19457	1574	14054	10943	4730	19814	16866	4098	1944	8949	15681	23732	16196	11825	4135	17988	16506	1524	8042	22035	13846	10617	11699	16126	13865	10752	5492	13876	4535	5048	11214	11206	23998	17236	5421	13921	13219	3285	10599	1903	12951	7848	4080	5052	10948	12662	9508	8785	22105	10265	23669	16859	1937	7617	16789	6245	23379	17580	7540	5425	11584	24507	19442	4881	7161	6017	17521	18177	5964	11826	15454	3797	13458	2583	10465	1736	19689	20877	16507	13437	4091	18847	6395	6598	10600	18849	10455	13032	19066	12566	1135	13076	18199	8080	12269	6726	3292	10828	3776	14740	19552	9183	18523	18525	6285	13820	10827	6635	23570	10838	7723	23573	23738	6561	6720	13622	16985	8928	14840	4089	18575	18235	13748	18854	16542	17757	5415	8019	11388	22147	17461	16515	15062	20239	7616	12103	10780	8483	9636	23974	2723	3074	11009	6834	7960	13760	967	8620	22108	14290	7674	5813	10675	10444	2124	15214	9129	15384	3537	9250	12764	12044	11460	10172	20633	24612	767
23	64	15626	15274	17262	15444	10043	15238	5855	4943	17253	5571	6956	1393	6856	24163	16227	16073	4602	16069	10034	23197	7867	5856	16074	14932	16075	18498	16068	8129	730	10001	1394	24117	16072	24116	5329	12814	10077	9564	16160	11607	8418	3702	19718	17521	3700	10114	15232	21347	8071	11745	3701	3788	9487	13207	14769	22905	19987	22879	9636	3357	16701	10018	21189	24157
236	34	1436	8591	12320	8263	12194	15698	20923	16699	22868	12252	643	24345	18433	12349	13717	2921	13496	8544	24192	15101	19792	9526	23056	20160	12220	6103	12127	19428	11665	7783	19328	24472	3366	18717
236	42	1437	12220	8113	12362	12693	1064	3366	8426	12996	18070	16700	19933	12277	22733	12200	8363	5056	23226	8359	13009	8543	24191	8332	8343	8355	8357	1164	22488	982	8368	8351	8335	8330	18518	1984	3985	18950	3991	24274	8337	5130	8347
273	1091	472	11361	21264	16784	20522	1214	4844	21101	9601	21046	8936	21339	8039	2853	20637	23911	675	16735	10319	10789	18808	8806	6892	22059	140	6815	21646	17021	20257	5092	16236	21298	8843	19697	8243	942	17265	7437	5353	21723	18223	24459	19826	1812	18072	2920	4154	12544	21235	6696	15385	4475	8264	18051	12344	22820	19098	4312	23170	850	5085	13679	19177	20952	11794	4673	6137	9600	21583	7163	18558	11738	13066	12043	6421	1296	5454	9427	568	5129	4843	7167	22815	15833	6493	17170	21510	9821	3623	5144	19847	14878	18571	1632	20052	8833	20107	19354	22365	18391	3223	6559	13994	17108	22830	10652	10792	8641	6054	9567	11104	12931	18608	6127	18703	8900	14392	21488	18470	9547	21048	22558	4148	4451	534	21809	22317	16711	691	17720	6912	19058	2802	2985	8880	16546	1657	4327	21172	839	18535	17598	8621	19982	9054	2904	1268	7760	11004	12431	18422	19733	16483	9165	2415	7393	3685	5118	18116	24390	4715	14061	21100	940	17749	2858	8323	15245	15616	15478	2772	20246	15708	10707	13992	14663	13922	1923	19953	11408	15805	21277	23889	5687	865	12372	3043	13394	2932	21727	1464	13837	17700	2621	8295	13106	10505	11396	4523	16433	53	23031	3778	19641	18417	23575	19088	20021	22853	6947	9986	21475	10956	21009	15877	10217	14562	17873	21604	9059	10661	5181	19367	3630	342	21337	7911	22777	8962	12506	22614	2160	21052	9400	6482	21820	13271	3467	13079	16994	13407	19911	2417	16663	21702	9056	12971	11670	12021	5635	22858	15773	8068	8232	5103	19340	18279	4859	6904	21214	21119	15164	13338	22414	13088	16315	21071	9777	4264	20400	23852	5096	15446	98	2841	9807	9749	14952	14956	15638	16644	22254	20392	15901	10705	2564	20909	23678	19824	16833	21830	2983	5828	15053	13012	3656	3018	10723	24416	4065	17143	5267	8256	11374	3454	7423	16825	7223	13112	3635	16319	14114	20123	20763	23953	2381	13568	19909	14724	13067	4245	8262	20393	10662	2992	15761	1715	24406	3687	15386	6113	10439	945	12557	23700	23332	5781	19187	2990	17015	2866	23836	24375	7135	688	4802	21021	19624	21196	14828	8195	12109	6788	5554	21891	5763	880	18275	5161	23799	12526	16003	2969	318	15428	3921	23821	6075	8798	17746	9266	9444	14188	18213	18388	20172	15739	9403	9492	4439	17169	11732	8459	24059	4848	692	21594	1427	3171	20423	13146	8961	16265	9802	7490	20158	7713	12733	15397	7149	18160	344	6387	7816	11581	20146	7344	23131	19496	24470	5187	21634	14882	5519	16078	8959	18542	21382	10214	17183	19410	12730	23797	6099	19795	3476	2582	12898	23815	5297	12624	9727	18697	19757	11613	21065	17164	2302	21549	14019	6035	13504	22848	22851	5691	3	24350	24362	19455	18482	9753	13098	7898	13007	16413	4547	16510	1797	19705	23790	18264	12419	12395	159	4786	14248	11987	7908	8118	17035	517	8381	22037	24060	5955	13388	10931	19503	13021	19707	13543	6025	2194	6062	15106	12930	15980	15035	23880	6916	21117	22095	11337	21603	18456	4016	18090	20477	23807	13528	10987	7159	4665	12561	11982	2804	18818	6115	23502	1836	9854	34	10342	21265	15822	24281	959	8907	24083	9805	20505	12909	21328	9989	10074	3720	17786	15005	16974	17166	7945	10883	23884	18195	3275	11168	20033	19879	17928	6317	2276	14991	12925	18589	18533	20839	22850	8951	4772	9485	5500	21238	3955	2098	14737	1106	18553	22078	3509	16524	14286	16782	9767	23662	23795	6124	15052	22311	2298	1579	1960	22251	20979	6065	5487	9820	20019	12933	8308	4117	22871	5957	2610	12905	20409	14241	3437	23839	15381	3693	24354	13411	12090	4328	13381	16424	19499	22161	24301	6919	14107	8600	24299	24038	20502	23605	9704	9796	7794	21954	9797	5088	2146	1461	21666	16926	7282	2862	17338	2982	15605	20009	12912	15206	5249	12443	10187	7448	17523	21352	9780	9723	17850	9568	21061	15830	14237	1568	827	18873	4548	21256	20225	15037	15023	8504	3019	12900	6129	20476	9759	1426	24369	22827	13114	18063	3052	7300	5361	16151	18022	21331	19751	14908	9101	12711	9318	4208	14684	3782	5083	7745	24302	4366	8002	16726	24395	20390	15192	3176	9782	2588	3371	19293	21960	22023	21233	9546	10605	19907	2928	7692	23624	9397	4552	6806	9800	24358	12904	18729	10066	19310	6891	12916	9968	23711	13057	17449	17362	18994	1272	16998	21898	345	14228	20161	12717	2846	20363	10534	8281	7104	576	7170	17218	23681	6971	23540	4430	22378	3203	22527	22624	11241	8702	22241	22831	13071	21993	20486	24166	9657	12857	13522	17117	15731	9454	8268	22253	10666	3970	14350	18257	19372	8665	16928	12989	12114	16051	14937	12369	15632	1624	6345	7148	23708	12929	13137	21018	20776	17446	23224	6783	21167	1345	17425	19867	21584	20685	21658	11841	5128	17372	2398	15614	5999	4618	8525	22092	17396	21077	6613	2346	2632	9991	18628	6923	13013	1590	19443	13111	10741	11369	19830	22040	10	15038	14415	1258	9814	5331	12945	21644	18291	15726	22687	10414	4492	9880	6434	9799	8976	3510	6556	21909	1661	9169	10501	5974	15523	12272	21168	23110	13525	15993	12970	21873	12091	13045	12629	17517	13006	22631	18925	2935	3724	5531	9992	19384	19453	21028	21329	12670	8507	23686	10229	7425	9746	8455	3909	23716	23715	1604	13145	18446	22114	20590	20729	19006	612	21927	11063	13766	23544	1251	6250	5298	11298	23548	17904	9826	17013	9313	4197	3723	22698	12858	15883	11793	24130	19337	13342	22662	3494	9702	13091	23135	19717	11978	13660	16408	1770	3542	9766	14215	21003	4539	13003	17105	3014	3083	5975	5806	9422	9187	14628	13301	23879	20424	5862	17161	13690	21638	5512	9404	4554	22632	15897	21800	2712	3684	2081	23353	17335	6794	2575	1190	11451	2189	5794	7765	3746	1275	14414	16656	17626	986	14088	24356	2617	12919	4728	4444	16213	8084	11731	2370	15730	21969	12046	6034	1239	15607	24149	23529	2383	14267	23899	22957	13368	4434	24386	9717	6	24078	21934	17631	19688	19068	4594	6465	22326	10213	12062	11996	16013	15738	13242	12258	3274	15610	8460	22623	12602	9781	18989	22555	16006	9816	4165	13319	7535	11092	23877	1429	2653	19744	2010	9804	529	8203	20662	21351	23163	17915	8161	21965	21992	2754	19976	7785	6962	11414	9432	18750	23124	10738	8231	14733	9716	8807	20781	12772	7413	16032	14844	22453	2281	20175	19007	14299	10608	3694	19661	9171	14000	16342	23918	19396	9082	20508	10059	22708	4729	15297	4207	10772	20453	646	2404	17852	22844	4553	5949	20605	2738	15213	4144	18099	22630	3105	21669	2760	19322	9097	22458	2758	12902	4137	317	8289	11106	14950	17935	23849	5357	4915	16116	20560	1591	11601
273	161	17469	13514	15583	4604	3748	1789	4386	15074	377	17718	3879	7312	14897	4960	6494	475	18534	5589	17803	19686	20474	24070	6238	1690	4660	14856	14588	6422	19027	7838	10108	12167	2297	17472	2618	1856	20052	17284	18391	19804	2919	12752	8641	20152	9089	22711	16132	16187	23610	6335	1026	381	23612	19699	13351	3747	12843	16892	8503	22860	19873	17481	378	24143	5924	20682	19367	16197	2287	5075	1769	20032	8828	23006	13412	18464	22414	19822	14952	18106	14624	4029	18262	20927	13020	8554	396	10304	22520	16336	13836	22892	17012	13354	16720	22889	23143	4465	13469	2645	14401	7466	4466	18266	24471	24079	15262	8794	2332	1361	7433	6136	7534	14796	17148	9948	3564	4036	5767	19681	24474	13561	3011	20017	4697	11582	13156	22771	2991	22412	8577	7832	5125	7551	6653	18307	678	16428	16886	6221	19693	15338	19892	1965	2167	10610	2451	20153	7153	10280	15240	23656	17903	21368	18634	24235	15481	5604	3105	14878	19704
18	624	472	6634	14896	18191	18492	19637	5305	1214	10798	2853	2737	10319	8395	10874	11287	21140	2299	15558	20257	5092	4229	9073	12780	9406	21690	13860	24460	11106	5353	4684	14253	18223	14642	1238	21271	9258	2920	12544	16739	16116	19978	11872	20277	12734	8264	10355	13916	11340	10942	11831	1696	18051	12344	18289	5879	850	18441	12547	6137	9600	17569	7949	11070	8729	8740	14560	6738	1006	1296	18722	16268	20284	21973	17800	3029	16165	8487	14000	4144	12952	14095	3271	20275	3478	15369	10792	19219	12442	12931	16551	21678	6127	10553	22591	14392	18594	1157	23616	6706	22558	14848	7434	4451	21809	20280	7940	16546	22677	5671	14394	16442	1657	17992	4809	10498	10796	7105	17069	20834	21564	1682	10783	18422	2426	10799	7393	16186	16467	8013	14476	12532	8085	21894	14478	1684	6299	13782	3839	14663	1923	5193	15471	806	16342	12944	22713	14185	12041	2658	1934	20007	14327	13392	12731	22236	1208	11396	11970	24442	18417	10571	21362	5351	7497	7824	3039	6787	5718	5374	22069	18057	1077	8210	17873	21654	5359	3132	12988	16529	12270	11735	5723	16721	7831	974	14537	5914	11670	719	3232	18789	1991	20425	774	12546	5358	16212	10531	7570	20730	4264	5168	20998	14458	14956	17959	14219	15349	21537	5766	11430	23518	18139	4362	1566	1090	10723	14468	24416	19862	13780	22449	14724	11868	7563	16012	13175	6321	20429	4147	14947	21021	14483	2942	6788	12152	10357	13228	7686	10603	2630	17702	12154	11862	6203	5084	12733	13624	19816	10306	23166	13877	16843	2215	9835	14473	16554	18564	12737	3495	20670	21610	12650	5834	19601	14019	7587	18482	11879	18055	21005	6624	1297	18701	20349	12601	5476	20282	12057	21859	24332	22502	11114	10870	491	18818	22695	2889	17694	17453	13986	10883	12610	9065	18195	24107	10524	24511	11042	3670	20839	6837	6474	9833	19255	11806	3214	8745	14382	2411	11601	21577	20736	1579	5105	4438	21523	17203	4958	11934	11957	17036	22871	22237	11810	18256	3294	5384	22701	13999	20886	10474	13993	21754	14046	21722	18029	7532	11165	19233	15668	16837	5352	24450	23184	8784	10876	7569	15515	7605	4548	9027	17215	18318	18685	18597	3021	5482	6039	6620	6859	17981	22994	19434	4309	17651	5737	23624	22601	2240	17449	17362	11236	16998	10765	10833	576	5159	6036	13892	21574	21902	22378	5012	21410	1385	16493	11781	14820	12512	23371	16517	7354	12989	4988	20540	1872	22535	6943	20538	11832	10699	22142	3793	22283	19844	13245	10712	6016	15868	19918	24205	2857	8469	9829	23748	2256	6556	21342	10501	3231	10794	7656	17725	21228	22520	7340	21316	14085	5411	20295	20283	20639	12798	12446	14384	1237	16949	6332	7930	13737	1094	20020	13385	19297	19388	11063	813	19124	12735	16401	12942	14467	6198	8047	2843	5498	12759	2669	15648	15800	12205	21476	22349	3723	1766	3202	22033	10318	10035	13947	11196	15481	6876	20620	12291	5981	10568	14628	18521	22563	12661	23860	17424	17867	17590	8615	21482	19908	10123	21263	21827	20796	17980	11671	6499	1729	15205	20024	13084	11173	5198	19653	1533	2976	19518	17285	5170	14651	21289	6983	10307	3099	6929	2214	19759	24015	5743	3446	22344	11722	5079	7100	5996	11580	22007	13242	9317	1883	13047	16613	9651	13319	5557	3918	636	9098	15450	3962	23163	12206	1648	4303	7424	6046	13151	24209	18750	10738	3066	19137	19450	24273	20781	12078	10588	4022	21324	23588	11299	11919	14299	14257	5077	3694	14737	6427	14899	18588	13922	23131	11143	21730	21933	22721	1759	9257	18207	21483	21206	18587	22151	10771	15821	22565	11940	3425	5109	3391	18160	20721	11116	4862	10652	3803	4161	18470	14530	13147	20522	7624	7742	3884	22343	2954	11847	3948	5968	23537	21480	4049	2235	494	574	10708	21090	17451	1559	11800	21393	23168	24298	23703	7191
18	562	2689	3414	1077	8195	5143	19586	21790	21264	22565	4491	2821	6859	15349	20349	23052	1214	21480	21362	8039	2737	5092	14185	6787	21564	2299	10798	11287	14379	15481	20257	18534	15195	10319	6580	18535	6634	18195	2917	12442	21501	16210	11386	13123	20781	12802	14016	12953	17458	16012	18289	4451	3579	15629	20107	11831	6624	3231	2165	17444	6094	2806	6024	13916	24107	617	1559	18419	9438	21271	5671	3839	12521	1926	17449	494	9601	5085	16739	21837	22695	2954	14560	1841	21339	6815	21632	10857	22534	24298	16467	7340	22721	7474	21809	24234	10531	21690	19778	21619	11003	16546	576	17069	6788	16551	23935	15821	20639	6897	5737	14391	4264	4988	21084	18213	7167	5160	15527	17725	9258	21933	20280	6495	12733	2930	11396	13328	7760	17004	22713	16002	14098	23293	19219	10874	21266	22275	21795	6328	21291	19345	5482	20008	3478	16529	7605	4749	12532	15834	18594	3039	806	14121	1633	850	13922	1812	6203	23616	1684	16342	13528	1759	17451	469	8843	21416	4043	14899	19938	20998	21090	16826	16442	21714	17345	2644	19968	480	5351	14724	8395	5965	6313	12731	24416	11662	20483	2213	21482	18695	5374	18789	14253	11735	4573	519	11770	3086	8900	23078	14019	8735	2211	12988	23552	20425	16597	19518	4144	13088	19687	409	6536	21141	7278	21832	21253	3723	4684	5305	20101	12224	14855	1157	1334	5280	9066	12084	12506	12372	19218	19862	5718	13891	5193	14737	3223	4308	1238	1999	6123	18492	14621	2660	23849	21021	22013	12931	13135	23859	17799	6109	7416	23224	14948	16479	1923	10765	2810	24056	10783	2877	8901	6678	672	19296	18697	18391	14956	20670	21313	22701	3002	2151	11670	10772	4996	2951	20721	19978	2889	16735	9554	12601	5963	1794	23325	5110	22502	10606	8243	15648	10888	8729	7742	14423	18808	10877	21654	12780	11340	10524	14303	12729	2235	8752	20897	14046	18691	14382	19482	11601	24283	20736	24172	23922	20522	12544	4958	6796	21137	2920	9087	12878	22522	978	3016	12650	15138	31	10589	10492	4290	21722	8899	10355	6315	712	7130	21700	14820	18781	12289	17765	4482	14836	491	20673	1603	16202	8469	20339	1773	13695	670	3910	17359	22591	17905	12021	22283	21206	5695	3600	15369	8740	21228	21636	4908	19906	4618	5353	5513	16040	20225	13883	6556	6943	22535	13428	15662	16063	11794	19018	23943	21610	13245	7099	574	8902	6696	3021	8158	4865	10311	9876	12803	18521	9098	21470	11872	15668	20969	21574	10680	17800	21298	12561	6975	6483	24491	19759	4475	2051	1632	19136	7600	21643	8431	24205	7831	10048	17304	10894	3125	22606	16725	12261	5403	24158	3512	14485	8973	23153	12205	18655	20275	8641	11777	1997	10869	16186	3202	10728	21728	23163	4413	3063	1624	19623	21335	1447	16845	21499	15270	3635	21410	2950	7434	6983	6499	10046	21723	21009	21204	10563	3093	24403	16212	9536	17281	21827	10700	7689	13928	7700	11580	1085	6137	3446	5454	20890	3670	16665	1883	22007	13147	4361	22865	11726	12661	14212	21342	20662	11722	21111	1368	22601	11789	21992	11034	6968	6054	5055	5120	8664	12078	2942	5498	13392	24273	10605	7805	11299	23588	9365	1991	14257	6697	21068	14663	23703	1591	3029	17215	19808	21393	9073	6369	18470	1696	21153	6127	16963	22620	21151	21005	7911	19637	10652	20685	16255	22277	11993	12344	22151	8063	410	21523	22343	24475	8652	12296	6837	15868	20605	12206	21483	23565	4438	18374
19	624	472	6634	7624	14896	18191	18492	19637	23703	5305	20522	24298	1214	10798	2853	2737	10319	8395	10874	11287	21140	2299	15558	20257	5092	4229	9073	21690	13860	24460	11106	5353	4684	2954	18223	14642	1238	21271	9258	2920	12544	16739	16116	19978	11872	20277	12734	8264	10355	13916	11340	10942	11831	1696	11143	18051	12344	18289	5879	850	18441	12547	6137	9600	17569	7949	11070	11116	8740	14560	1006	1296	16268	20284	21973	16165	8487	14000	12952	14095	3271	20275	3478	15369	10652	10792	19219	12442	12931	16551	21678	6127	10553	22591	14392	18470	18594	1157	23616	6706	22558	14848	7434	4451	21809	20280	5968	7940	16546	22677	5671	14394	16442	1657	17992	3948	4809	10498	10796	7105	21564	1682	10783	18422	10799	7393	1759	14530	16186	16467	8013	14476	22343	9257	2235	8085	21894	1684	6299	13782	3839	574	14663	13922	1923	5193	15471	806	16342	12944	22713	14185	2658	1934	20007	14327	13392	12731	22236	7742	1208	11396	24442	18417	10571	21362	5351	7497	10708	7824	3039	6787	5718	5374	22069	6427	11847	18057	1077	8210	17873	21654	5359	22721	3132	12988	16529	12270	11735	5723	16721	7831	974	14537	5914	719	3232	18789	1991	20425	774	12546	5358	14899	16212	10531	7570	20730	20998	14458	14956	17959	18207	14219	15349	21537	5766	11430	23518	18139	4362	1566	1090	10723	14468	24416	19862	13780	22449	14724	23537	11868	7563	16012	13175	6321	20429	4147	14947	21021	14483	2942	6788	12152	10357	13228	3803	7686	17702	12154	11862	6203	5084	12733	18160	13624	19816	10306	23166	13877	16843	2215	9835	11800	14473	16554	18564	12737	3495	20670	21610	12650	5834	19601	14019	7587	18482	11879	18055	21005	6624	1297	18701	20349	12601	5476	20282	12057	21859	24332	22502	11114	10870	491	18818	22695	22151	2889	4049	17694	17453	13986	12610	9065	18195	3391	24107	10524	4862	24511	11042	3670	18587	20839	6837	6474	9833	19255	11806	3214	14737	8745	14382	2411	20736	1579	5105	4438	21523	17203	11934	11957	17036	22237	11810	18256	3294	5384	22701	13999	21933	20886	10474	13993	21754	14046	21722	18029	7532	20721	21730	11165	19233	15668	16837	5352	24450	23184	21393	8784	10876	7569	15515	7605	4548	5109	17215	18318	18685	18597	3021	5482	15821	6620	6859	18588	21090	22994	19434	4309	17651	5737	23624	3425	11940	22601	2240	17449	17362	11236	16998	10765	21206	10833	576	5159	6036	7191	13892	21574	21902	22378	5012	21410	1385	16493	11781	14820	12512	23371	16517	7354	12989	4988	20540	1872	22535	6943	20538	11832	10699	22142	3793	22283	19844	13245	10712	6016	15868	494	19918	24205	2857	9829	23748	2256	6556	21342	10501	3231	10794	7656	17725	21228	22520	7340	21316	14085	5411	20295	20639	12798	12446	14384	1237	16949	6332	7930	1094	20020	19297	19388	11063	813	19124	12735	16401	12942	14467	6198	8047	2843	5498	12759	2669	15648	15800	12205	21476	22349	3723	21483	1559	1766	3202	22033	10318	13947	11196	15481	6876	20620	12291	5981	10568	14628	18521	22563	12661	23860	17424	17867	17590	8615	21482	19908	10123	21263	21827	20796	17980	11671	6499	1729	23168	15205	20024	13084	11173	5198	19653	1533	2976	19518	17285	5170	14651	6983	10307	3099	6929	10771	2214	19759	24015	5743	3446	22344	11722	5079	7100	5996	11580	22007	13242	9317	13047	13147	16613	9651	13319	5557	3918	636	9098	15450	3962	23163	12206	1648	4303	7424	6046	13151	24209	18750	10738	3066	19137	19450	24273	20781	12078	10588	4022	21324	4161	23588	11299	11919	14299	14257	5077	3694	12041	4144	13737	17451	2630	18722	20283	11601	14253	11970	6039	20834	21480	9406	10883	17981	3029	22871	2426	9027	21577	21289	12532	6738	22565	14478	5168	17069	13385	1883	17800	4958	23131	3884	8469	11670	12780	8729	10035	10603	4264
19	562	2689	3414	1077	8195	5143	9073	2821	19586	21790	21264	22565	4491	6859	23703	15349	20349	23052	21523	4438	1214	21480	21362	8039	2737	5092	14185	6787	21564	2299	10798	11287	14379	15481	20257	18534	15195	10319	6580	21298	18535	6634	12442	21501	16210	17215	11386	13123	20781	8740	14016	12953	17458	16012	18289	4451	14899	3579	20107	11831	6624	3231	2165	17444	2806	6024	13916	24107	617	8063	1559	18419	9438	21271	5671	18374	12521	1926	17449	494	9601	5085	16739	21837	2954	14560	21339	6815	21632	22534	24298	16467	7474	21809	24234	21690	19778	21619	11003	16546	576	10652	17069	6788	16551	23935	15821	20639	6897	5737	14391	22151	4264	4988	21084	18213	7167	5160	15527	17725	9258	21933	20280	6495	3478	12733	2930	11396	13328	7760	24475	17004	22713	16002	14098	23293	10874	21266	22275	21795	6328	19345	5482	20008	1238	16529	7605	4749	22343	19687	6837	15834	3039	806	14121	1633	850	15868	13922	14663	1812	23616	1684	16342	13528	17451	469	8843	21416	4043	5374	19938	20998	21090	2889	16826	16442	17345	2644	19968	480	5351	14724	20605	8395	5965	6313	12731	24416	11662	20483	2213	12344	21482	18695	3029	18789	14253	11735	4573	519	11770	3086	8900	23078	8735	2211	12988	23552	20425	16597	19518	4144	13088	409	6536	21141	7278	21253	3723	4684	19808	21291	5305	20101	12224	14855	1157	1334	5280	9066	12084	12506	12372	19218	19862	1696	5718	13891	5193	14737	8652	3223	4308	1999	6123	18492	14621	2660	23849	21021	22013	12931	13135	23859	17799	16255	6109	23224	14948	16479	1923	21151	10765	2810	24056	7416	10783	2877	8901	6678	672	19296	18697	18391	14956	20670	21313	22701	3002	2151	11670	10772	4996	2951	20721	19978	16735	9554	12601	5963	1794	23325	5110	22502	10606	8243	15648	10888	8729	18470	7742	22591	14423	18808	10877	21654	12780	22620	11340	10524	19637	14303	6369	12729	2235	8752	20897	14046	18691	14382	19482	20736	24172	23922	20522	12544	1841	6796	21137	2920	12878	22522	978	3016	12650	15138	31	10589	10492	4290	21722	8899	10355	21005	10680	6315	712	7130	21700	14820	18781	12289	21483	17765	4482	14836	20673	1603	16202	8469	6127	1773	21068	12206	670	3910	17359	17905	16963	12021	22283	21206	1591	5695	3600	15369	21636	4908	19906	4618	5353	5513	10869	16040	20225	13883	6556	6943	22535	13428	15662	16063	11794	19018	23943	21610	13245	7099	574	6137	8902	6696	8158	4865	10311	12296	12803	18521	9098	21470	11872	15668	20969	21574	17800	491	12561	6975	6483	24491	19759	4475	2051	1632	21643	8431	24205	7831	10048	17304	7911	10894	3125	22606	16725	12261	5403	24158	23565	3512	14485	8973	23153	12205	18655	20275	8641	11777	1997	21393	16186	3202	10728	21728	23163	4413	3063	1624	19623	21335	1447	16845	21499	15270	3635	21410	2950	7434	6983	6499	10046	21723	21009	21204	10563	3093	24403	16212	9536	21827	10700	7689	13928	21153	7700	11580	1085	3446	5454	20890	3670	16665	1883	410	13147	4361	22865	11726	12661	14212	21342	20662	11722	21111	1368	22601	11789	21992	11034	6968	6054	5055	5120	8664	12078	2942	5498	13392	24273	10605	7805	22277	11299	23588	9365	1991	14257	6697	10531	15629	19136	10857	11993	11601	12802	21714	20339	3839	7600	2917	9876	13695	22721	6094	9087	1759	21228	24283	17281	12532	6203	18594	21832	19219	22007	7340	4958	3021	14019	20685	18195	22695
138	41	596	17896	19937	16882	17255	6524	3102	6558	9038	18702	14214	19833	6791	20581	16568	9344	19940	14528	14264	3874	18285	17067	3015	22666	22499	3192	9405	8987	9667	6177	2316	12074	13471	2382	11904	17628	20654	13962	8297	12868	20374
138	7	13409	17891	14957	3178	4852	5943	6177
160	411	596	4712	13926	15952	9598	15425	24449	12984	20047	2761	11704	4870	2698	8964	2443	1305	20164	4579	14263	20084	9468	713	14823	3031	6274	4529	14773	15811	23613	12434	9361	12762	8560	1191	7621	4512	4861	8608	14523	19815	2551	3489	2579	23070	23858	3226	8569	17714	13575	6259	9453	19954	4769	6518	17131	20419	3695	12936	4530	3829	3281	17772	4887	14872	14587	12179	22531	13831	8751	24333	8637	7347	19378	23059	1344	12948	22963	12777	5153	12327	16395	16624	6349	5307	12400	16584	14978	14941	6867	7514	5594	6176	12250	3387	22857	4952	19700	4820	8874	11817	18121	4183	11797	3483	5681	6668	3657	9502	17892	11820	19580	15891	16104	19924	1468	16293	20028	3398	19714	10145	23609	8868	14735	17135	24135	24263	1772	20608	23765	5136	16803	7390	7787	15310	23723	15441	18915	19835	8171	2179	12974	2911	4751	6649	2341	23841	17126	20845	22992	9860	11711	17884	13924	11710	9358	15702	14653	8852	9849	24336	10051	8543	13549	14116	23226	2910	16924	13165	23893	19980	16700	18043	23030	18741	9353	19933	9847	7884	17565	9858	2379	6469	19673	13295	1979	7507	3170	12427	18877	8589	17221	16168	24222	12263	9330	7142	15015	8821	4223	16007	18543	1846	3376	20433	2345	20831	19413	3109	13962	9060	15256	12317	2363	10454	23671	3981	18070	20063	22732	3768	11126	6281	12277	24110	12531	8573	3129	11943	12278	19207	3373	11638	8896	15700	24191	13152	22960	19578	20471	5130	14631	20940	3658	13009	13508	2631	18885	14790	9587	18737	12220	4790	24622	4412	12023	3366	1064	8426	11591	19428	18947	19878	3388	8842	9947	20661	6846	7758	10612	4825	4795	15165	8512	18866	982	1164	8333	13719	24543	611	6466	2475	8337	14525	17442	8339	8356	8361	8329	8334	8344	8328	8342	8338	8359	8343	8355	8357	8363	8332	8347	8368	8331	8360	8352	8362	8336	8358	8351	8369	8349	8348	8354	8370	8366	8367	8350	8345	8346	8341	8353	8365	8340	8364	8335	8330	6155	952	19104	20555	2474	23071	7122	2076	24448	6470	16806	2463	15569	18793	14196	16973	10805	2244	14376	11718	16968	1437	23218	1355	3130	12116	4619	22894	8822	17940	10408	11677	10403	12420	7186	2384	1197	17667	7975	15288	19167	2193	17407	15200	7216	18933	5578	7913	12063	17616	1342	19223	12118	20862	9527	7971	12122	2170	1232	2557	19437	1808	5722	1341	8855	3094	15383	10044	12255	3979	17691	20833	8764	19939	6854	11593	863	12171	13197	1679	14865	20310	22733	5056	607
160	238	3981	4712	13927	23635	17312	9587	15694	24448	3996	8873	22950	12076	2696	19376	6235	8111	9867	11648	4540	8994	7529	9576	5755	11119	4199	16107	12484	12656	12637	14103	7927	3343	20080	6519	18429	4646	17382	23668	7959	22859	23382	20256	21001	6047	14944	1291	4206	12165	13154	16638	19926	5308	14581	24509	7211	9075	15819	3637	12950	15257	17230	13254	4864	6049	23637	12665	8611	616	11164	23607	15770	1846	3602	6153	6154	11838	23381	16803	19952	11661	3351	17817	11126	12938	4647	2910	5911	22790	4567	8712	12349	6260	15015	17816	9848	19223	12194	8544	4751	13717	2911	13830	3993	4851	16699	6800	643	22967	22868	7885	2824	11926	17317	5136	6150	14409	17222	2080	12678	13358	8839	4513	24263	17815	19414	10747	13963	14795	18921	12327	14945	596	20923	20064	22733	4695	18915	14159	12252	3574	18096	8447	3130	11944	3995	3372	3500	17429	24192	23639	830	18717	14631	18990	3733	13496	3976	13453	14194	8591	13929	20899	19936	13395	7702	17395	9947	14873	18967	15263	23056	9526	9117	611	5775	2476	3366	4846	2921	15101	19792	18433	20160	6103	12127	9845	4409	981	15842	24449	6206	15791	13042	7862	2697	11719	16967	1436	12308	12255	6348	16827	19428	3983	3984	8492	11923	15577	18932	9925	13090	20608	17405	3986	1679	24336	3982	16396	15162	3988	3989	5334	7783	18950	3987	19352	3990	24138	12210	7476	14933	8823	8854	23862	12220	14653	12429	20832
72	638	609	1680	3352	5113	7575	8910	12343	13446	12257	14586	12746	17129	20848	9189	12322	3659	7702	8631	17967	16098	8208	9034	8498	12325	15812	1987	18180	3097	8869	20205	18501	23778	18450	1681	2251	19224	12792	2306	20899	20855	2198	9409	17947	5575	19044	19561	1933	10036	6439	4691	4013	16655	7818	19972	15692	20459	17775	4692	12476	23706	6301	17241	24293	24336	4406	18826	8586	18711	8139	19783	5609	15231	19556	20731	22593	19566	16297	23705	2305	927	22918	17429	5332	4346	22909	22975	1313	9449	3992	16139	12413	18757	7973	11918	19045	5592	2039	22478	1856	22940	16808	13468	1679	9858	21518	9049	80	91	134	133	163	174	182	1805	20478	1428	4793	19936	19730	18772	2009	14551	14083	19864	22981	9410	2031	23722	6596	1516	20395	22694	7386	9259	16815	16167	32	14243	20873	9186	17464	1727	10282	4344	2704	3523	3243	11892	14090	13042	17351	13537	15764	5369	16810	7817	13493	10182	16289	7293	19316	23630	3905	3712	16918	2364	17877	19652	14954	11638	24600	20824	17103	23390	5257	24183	5162	13304	24593	17681	360	18785	11981	23890	2600	9296	1333	8121	14229	19046	15364	17152	7983	20802	12060	12340	20994	11124	23724	12401	7970	15241	12403	8677	10041	3462	23539	22024	1203	3915	3618	19428	11665	7783	16396	20832	19328	15155	13757	1218	9925	8823	19200	17405	15162	22415	15777	1833	13593	24472	18947	8492	11923	18699	23414	8854	2041	8883	1259	4170	15544	12095	6846	22791	14768	2205	3654	14728	5091	386	668	9391	2093	1548	2199	10735	4967	12141	9593	17368	6861	12705	9500	925	928	8966	13574	19222	14137	8834	24197	4071	8778	13140	397	13545	1430	2092	387	8687	300	4742	11636	6771	16169	1240	16040	12538	7966	20628	889	24261	2300	8877	70	15577	12197	14232	19959	4058	5396	15253	4654	14662	14590	18923	8788	11635	11485	14606	19029	1490	415	10042	209	11915	2204	17296	20411	8514	23596	16370	24487	2934	145	10180	2303	21725	21441	23994	212	219	4997	3814	365	13903	153	17953	7397	7887	18787	5479	1921	9375	13206	4180	18545	19040	23275	298	16122	16256	9302	5579	19900	24513	5283	3121	3324	13472	816	17400	17547	12175	24508	12164	9927	10408	11677	12420	7925	5152	8424	7186	2384	1197	17667	7975	15288	2803	19167	2193	19818	17407	10374	19448	7175	9583	16266	16992	9419	2419	15200	7216	19466	10527	14087	7755	11901	2337	9795	11905	18933	19314	15158	5578	9143	19955	8939	21860	21540	3150	9582	7778	9884	17146	5581	6686	18519	16106	7856	12171	20833	8719	17616	17544	1366	20785	24461	1342	711	18828	22480	18953	18952	19223	12121	18820	13567	12118	22318	2208	8165	18723	12174	24468	13911	4025	2323	12123	11922	17605	8199	19370	19210	17059	1980	17402	13953	343	18959	17401	12170	5333	543	11972	9495	4074	750	17568	2321	5188	24290	20863	3455	24469	13421	607	10578	7227	9585	9584	5918	9527	11899	2602	17404	14579	12122	17399	11595	18949	5873	9923	2170	2458	9037	2781	12310	7984	6161	16267	2336	12173	2003	8955	12172	14147	11912	18762	20806	1232	863	2557	19437	10807	11614	17545	19667	11902	11894	11903	15179	19522	2247	16991	24320	16317	1808	4181	8408	19344	5722	1279	6740	11925	14272	19467	2386	24484	11743	14983	23081	17145	15584	7922	18960	22671	2344	2015	11924	17144	17073	11678	5580	5577	14629	11816	6028	17615	610	8892	6430	18463	17403	6180	11597	3326	19159	2812	14580	10526	6909	12047	23909	24337	7195	9246	24153	3732	11593	12617	8855	9906	2956	15658	13136	15853	9168	23053	14922	14635	4906	23680	12877	1241	418	17887	357	361	349	12618	15994	17443	9203	13718	19693	2309	20495	20862	16284	495	1	22618	20097	15757	18205	10403	4466	7971	23169	7697	143	21953	8948	2307	24407	2463	10122	1421	20537	193	11585	346	8391	11642	19108	24322
72	34	10114	8134	8682	19152	1606	3115	2633	13473	22596	19722	7350	16701	20654	12001	23631	19937	3434	14769	19956	19555	10021	20751	15700	19920	17199	13370	22790	7230	12397	16303	10120	14039	13272	3922
166	911	9731	3356	2222	2220	7230	8682	10114	12111	11713	13473	14039	15244	15444	16085	19555	16397	19821	15361	19368	21736	23157	7720	24181	20371	16271	24157	16642	10547	14940	15903	16996	15889	19089	19563	4255	10226	13477	1398	7871	677	19599	4030	20148	10179	16035	10140	24244	20355	12367	4904	21766	3545	18683	17330	3005	16209	24397	16143	20059	7379	706	21521	6521	21164	9334	21048	15233	13966	21162	10231	17486	789	7198	2052	14754	14231	585	9159	20478	1236	6225	15747	15079	504	9141	20395	19380	3828	16179	13369	18584	817	3370	14595	9573	7454	23169	24483	20779	4198	19843	20815	21308	22495	21220	4445	22314	5624	15178	22739	11876	17413	9873	21260	21694	2571	21715	9571	548	19569	14853	18497	4954	13217	21058	2757	11659	21375	21707	14981	21489	9951	7459	3508	22341	518	16000	23484	17554	21846	6809	935	1607	4990	21976	5562	9737	14786	904	16842	18928	21307	21273	23655	4172	21664	24200	3761	21825	17389	23816	9541	9514	19677	1249	19811	7208	22282	22009	16918	4672	12635	23164	13366	12902	23013	20534	7330	9792	8092	7407	2998	10062	21847	12543	7328	20136	3327	5162	9566	9634	368	21555	5299	21772	3763	2275	23726	22255	1255	18065	3205	505	8864	3141	3008	7133	20641	7338	17574	2264	8612	1786	19281	1774	21259	1886	19755	17244	4640	20060	17840	21072	2544	4580	17758	19825	21320	21246	20603	15168	8626	4463	7768	355	2957	22874	12334	6600	8679	5650	21150	2371	21657	21435	24144	20687	22958	10815	15394	10076	17888	9408	2997	3840	21486	21776	23727	2237	21869	833	12797	6116	22545	17750	3854	14727	21437	17042	21106	15359	4977	21208	19823	24379	24128	21144	21230	21929	21095	7523	21372	16891	21753	23194	7546	13010	7495	4632	8414	16300	15975	22821	5777	16338	5931	19674	16054	21804	21201	22457	15235	21546	21044	21311	15521	19701	21218	19379	2614	9123	3253	468	19797	22612	4737	21465	3674	7478	19820	21802	3631	21182	17054	18354	17764	5694	22798	16971	17841	7196	22705	15722	9114	10070	7362	21268	20997	5296	7547	6861	1842	17271	21356	22529	9985	520	7086	16405	3663	4599	21165	21839	15014	12011	515	9161	24289	20159	10138	22803	19222	527	19462	21582	12540	20354	24382	10878	8903	21176	15564	3502	21771	10840	21514	23354	21299	21241	17274	18058	12010	9446	1457	405	24197	6079	15042	13444	14127	22173	21409	8778	12267	9048	20850	7193	18913	15353	13600	21126	22547	6453	21813	17249	5551	23066	12855	21920	6940	24105	21413	3469	21348	4357	21234	25	7524	21157	21310	9921	21261	21047	16005	13105	18386	13476	21267	19151	17252	8817	19695	13399	18756	19479	22838	637	9729	20766	7169	20780	8893	21430	21396	20036	6226	21785	21931	12928	21124	18551	21793	22669	6064	17156	8985	21944	24535	21251	21163	19283	3174	23615	17487	4244	10543	2241	21972	20901	7395	10240	10542	2453	24521	23679	11839	300	5195	2056	19562	17552	16925	18098	21911	17654	22626	21515	3903	1889	13518	1240	7194	21862	14772	21128	8403	4063	3881	11339	24328	21906	21464	21631	10218	20861	7545	21841	21801	21854	3000	5059	889	3280	4102	11759	9454	17363	18387	21917	21286	5720	16228	12232	17365	21901	21916	22063	7359	3248	14590	6098	9530	7987	2642	3913	21879	5863	3907	2996	19217	6594	15619	19228	21450	21796	9464	21817	2590	19022	10042	15154	10215	19170	7323	21192	12935	20411	23526	20065	15024	15721	7306	13570	7538	7334	21451	5733	24487	20481	2766	4621	22454	5850	4503	5693	17917	22160	22166	10546	21977	17473	4062	9061	15032	307	2303	17515	23646	700	11569	2616	10026	21441	21493	16181	17459	22987	14741	1396	6132	15904	9435	1351	21810	24154	21401	3038	12681	919	21109	21110	21108	10061	3010	8948	17101	2227	4781	2239	6114	11411	16222	10017	11404	3442	2933	15885	9846	23294	2055	15475	23812	6775	7513	24498	10210	18760	8456	17524	21394	3368	21668	18431	16431	8717	16981	820	4442	7800	21782	8585	17485	16223	19005	7926	18978	12747	9889	7916	10008	2184	12914	21953	9919	21957	23358	18150	21545	13250	16256	19861	16101	19579	2608	19900	9853	3324	21890	23475	3965	17735	1222	21380	1311	22642	2803	19685	14665	16982	17408	12651	4226	1	9795	21769	1216	17041	21161	3620	21540	9884	20892	12192	19108	22371	16322	711	9870	9888	22618	17270	13567	2049	21897	12700	2808	5926	20589	21991	16102	18652	20846	12305	7858	21550	8497	9292	10548	9545	21907	543	11972	9495	10122	17607	3566	5188	24290	20863	22394	8003	7103	7484	21569	20031	13104	21622	9856	12672	14148	17028	24413	15717	15709	1996	21442	9920	22167	3326	9549	19159	21343	21423	22832	10526	6909	7147	20149	4153	11717	23247	23909	24337	16004	24153	9765	9377	6555	12617	21197	2956	13506	15658	24097	9955	21083	3332	17919	9168	10233	23053	6108	14922	565	2461	12738	6973	16056	8391	3140	21660	8878	14635	7786	4906	6950	509	2751	22032	11232	23680	3451	21244	21956	11997	21786	19406	5076	5686	17783	8711	14297	23907	9105	5712	15044	14970	2226	6917	5909	2677	24160	12784	6813	1241	20928	11487	19096	17887	9515	18115	3762	19189	18968	17723	19158	21479	15612	528	5930	8894	12618	15994	7751	10181	24482	15059	7195	477	5938	24142	20124	21180	21040	3732	2263	4979	4476	588	22263	308	3481	11485	17930	23894	9246	21701	21602	10003	6925	7778	21282	19026	7333	14888	22597	22459	4743	2812	19279	2098	3626	9025	12033	21434	19666	3876	18579	22049	19649	21179	24277	18581	1981	8655	21406	21387	567	23383	13953	19937
166	22	6630	1887	12115	10545	10029	15079	8134	8820	4445	7329	3118	23728	20533	2152	3465	19628	2454	12776	12396	7350	9952	6201
212	203	1023	13202	12422	17566	16141	13434	18180	10947	8925	16216	4355	10509	8124	6752	16160	12050	18370	7275	4030	23644	6372	19566	23746	24265	23558	4346	3792	7610	9181	13794	7728	16646	629	23306	8125	19853	10362	9124	12485	11854	871	19526	13685	18591	13224	14306	8714	841	15960	717	15893	19855	10905	9137	8921	23212	22980	7978	6423	12518	635	2315	12439	1555	22658	7578	8027	9280	13710	14921	1169	10476	12186	10829	8026	11688	9283	7579	2449	15181	24339	994	2436	1198	12496	19261	17847	11694	13874	19449	15174	1894	22995	12587	1478	6875	4812	14051	13590	13289	8858	14877	12481	2974	11260	7219	22145	14309	22809	2433	20242	6287	1037	23091	15934	7977	18805	11351	10904	7633	8732	1150	5465	23088	10104	1477	14444	14316	1562	8696	8037	1882	6762	4997	6883	3814	9903	11371	3208	13692	11315	15900	19331	6188	1655	11318	17532	13036	1201	4363	23309	9285	12049	1211	13577	11334	1138	20634	13221	9135	8724	8024	10908	4811	11678	16472	14938	23519	8147	19854	11293	2394	16945	6019	23337	1465	18954	14495	825	9241	24330	23312	24120	13417	11230	13559	11959	16757	5536	4752	9150	9850	5227	11102	9953	8639	7979	10560	17572	8072	16737	7845	18184
212	34	8134	19956	10021	10114	12001	19082	2154	6183	19920	10029	10547	13540	5611	19937	7350	4632	22790	14769	12474	3182	16701	19722	17199	3115	22798	12006	19555	20655	14265	13473	20601	20654	16303	7328
339	435	2061	11741	17364	21000	22921	20503	9309	19930	3102	12868	6558	9038	18702	14214	19833	20374	6791	20581	16568	9344	8297	2651	19940	14528	14264	3874	18285	17067	3015	22666	22499	3192	4984	14193	2605	8610	2718	2607	13153	6262	6268	23059	23759	23762	20456	2048	13154	23761	10358	18780	12326	4768	5149	18774	20457	6261	22962	13155	17597	12282	15697	22676	7129	9405	8987	22915	18967	21947	17432	15263	9320	19447	23259	24344	17815	19939	13092	22898	15094	18690	6633	6621	23542	17821	993	22922	17884	23185	13924	17817	19528	22913	14669	20772	17816	856	24496	1929	16121	15958	4622	20602	10270	5688	24133	12773	11291	6798	18748	18623	24573	13248	8651	18043	7376	18740	16699	22868	12280	15579	23030	2327	18741	5682	23592	1810	5936	12260	3953	2827	19208	20849	19989	19035	3361	14426	7387	7117	16247	8589	20085	12263	506	7797	8559	15837	13265	14863	591	12246	14722	18430	845	1983	18472	16326	18543	24604	3440	3584	14766	3519	1434	6205	4040	4944	15242	7826	19725	2654	4807	15639	6778	18270	5703	8775	22732	13424	3749	12277	23149	22792	4747	11851	15145	3373	21216	4168	6977	8635	8282	4169	4999	23369	5945	16170	4045	4221	23370	4791	2548	17198	24545	19574	5736	15756	17641	10175	7781	15365	142	4854	4789	2968	487	18743	21797	21063	15001	18885	18758	755	9587	8905	17507	4508	3117	7276	23100	23921	18737	24249	19634	7985	3364	19889	9473	18337	15505	2706	15843	15506	6032	15816	3126	22993	3518	24549	13296	17924	15817	15503	20203	8521	22178	18547	2619	21205	15366	23536	23643	7463	9051	19032	8446	24194	15813	3399	19560	12244	18590	6739	10101	807	8659	22789	24041	2717	3501	812	2798	3241	24180	22303	18786	9120	12545	15367	19036	12053	12992	2770	14240	15867	6162	23593	8765	8128	3116	12982	22291	19197	24252	15815	1873	16809	16095	24544	17686	3436	14961	1565	15096	7415	4600	7400	12402	22652	22953	13852	9200	17691	9455	23904	23919	5151	16697	17193	14763	23134	2038	2601	14767	19000	4627	4757	4041	12645	4156	13946	18068	14670	4267	18742	2142	17007	24572	2850	2105	14960	4819	7294	15723	23231	22590	7313	18674	3897	20530	7420	12283	18725	22672	14234	4228	19914	15165	9121	12577	3380	13910	302	18759	18744	18745	3980	20076	13320	8957	17776	7348	322	17115	20555	16889	2076	24448	5053	5138	22869	5851	18739	10323	2173	22372	12606	4577	2456	18273	23034	36	20576	19282	13342	1828	20790	12063	22920	24152	1379	703	3804	8204	14761	14201	20649	22916	1913	19286	20331	17255	9301	8291	3338	18997	18334	18865	9416	15099	10246	2705	7347	21002	3727	10184
339	47	9467	14943	12352	7401	11586	3899	3178	22504	12848	1336	20163	12688	3971	14958	15659	22724	12845	17818	920	4468	15117	12847	12846	12849	4774	12962	2905	4661	19910	5859	19917	12854	20330	19913	12719	18626	19915	4657	1403	16427	17886	5858	24061	3718	20608	2268	5787
174	30	1148	1680	9598	8144	19557	12385	2910	12253	979	3048	13255	12383	14668	18884	5736	14556	14598	8558	4617	12696	4825	1164	16452	23230	7801	3771	24542	18962	12791	3658
174	9	19777	7691	6305	19974	19781	15243	10013	19782	11425
334	125	1148	7350	1419	4712	22264	3524	19557	8283	16903	13395	12345	15169	2911	4751	16829	23192	24266	13711	17491	16834	18863	19528	20439	13549	14116	24614	2910	13349	11637	11645	10270	927	20923	23220	3780	12779	13044	24465	1354	3992	16139	2701	23363	20150	22682	20735	979	13255	20954	19554	8173	16450	5726	8172	2009	15017	930	16573	19595	14668	7819	24499	11448	16285	16589	11163	16274	24613	9892	18070	13424	22852	15841	3448	8573	14873	8764	22988	18867	7921	8496	23188	22683	23054	13508	20910	19594	12791	8854	20654	10612	14918	18942	3428	20548	22382	2918	22684	8314	10746	16279	19104	24620	13470	3040	3525	8174	3149	18771	7933	2244	18962	981	18787	24219	11593	9864	2203	11706	3094	15383	16896	15837	24622	15958
334	8	6271	4775	6436	22776	22258	22259	15344	5494
319	915	21125	2359	17773	20137	22704	39	1876	21585	21979	21411	22835	13116	21559	13552	14685	16423	17781	23533	21432	23157	7732	8867	16645	4550	10147	22250	13118	3906	20371	567	3753	7152	23780	4853	11289	21439	24100	15306	7748	21091	20959	1399	3098	11107	3466	21618	9459	15808	2312	21761	21462	2709	17033	20525	21474	22482	21648	16748	6953	17165	16178	14748	7660	12367	17921	22149	7115	9555	3005	21541	20162	19651	21217	3250	10034	24392	21295	2457	10025	3035	12880	16143	19350	20059	7379	11412	4073	22966	15429	20787	2542	21171	18255	3929	21433	7198	15940	7165	21988	12287	3960	17422	22386	14106	21384	23360	21398	13377	18681	7820	512	12652	2024	1516	3974	21424	21353	18376	21963	12713	3370	24353	18348	12626	15026	15743	2589	6122	19742	13558	21395	2387	20779	23850	19843	15971	15741	21127	22813	1137	17354	2089	1486	8670	7339	21220	21681	9413	21904	8908	21055	9559	21258	14640	15178	22739	24198	19057	790	21767	15043	15373	21434	2791	21527	3173	5474	21826	21715	10039	21789	21637	19569	23651	4954	21791	22674	4490	20951	21406	6076	21147	21446	21249	3636	2700	6879	24510	12465	15977	21309	14639	5789	904	21750	21365	20382	21294	13193	21825	17389	19338	13018	14079	21145	13406	12236	23534	19811	12208	23359	9703	21671	21683	13119	21811	2699	14892	22533	24073	19994	1410	22947	21296	20838	24251	9335	19408	21245	17216	21166	6491	21974	21842	22209	590	8720	732	11897	21995	8390	3235	3204	7903	19336	20868	0	3008	2741	17050	7314	13580	18434	15033	7338	17574	2414	3626	21878	8175	21193	15029	12082	3865	1402	21875	3855	6933	8425	21487	2246	11932	18907	17758	21202	10513	3114	3479	21175	22843	21246	6955	21611	17158	355	22874	6991	14903	21918	21315	16684	21200	20748	21665	23361	1870	1589	21456	595	19741	10815	5511	14966	18673	21404	24522	21987	19649	3078	23905	16596	8462	20893	21814	12132	9126	9164	14637	21372	17056	20580	20591	521	18586	18699	21663	21712	2041	21426	21740	21688	18888	19666	15975	2988	19674	19335	21711	10223	11108	19716	3004	15235	5327	2595	12178	21044	14059	3003	23203	4520	19284	20813	21179	10743	21306	21833	21025	2558	5535	7318	21053	14953	21182	10188	2171	22289	3472	3585	9762	7317	12028	13350	20891	7196	1592	9758	22022	4725	3328	20997	13126	3908	592	15588	11588	9803	12794	22313	21839	15014	676	9647	22156	2023	24382	11749	23698	23792	21471	22150	14221	21470	21176	10840	2468	5158	11115	9818	9783	5788	17374	24197	8181	3461	21680	14887	22173	4899	3259	11664	21284	14126	1458	24082	12092	1277	15598	22162	16959	3469	9294	19473	13127	14747	23022	22158	25	21414	21625	21900	5302	13107	21534	17731	21047	1254	11653	21889	605	21743	21092	8817	13050	14687	21054	1673	21931	21019	5194	16356	10235	7394	9918	21944	5564	3174	3490	7458	17563	21556	9458	13019	9107	4443	2649	21744	20933	22077	22049	17654	21355	584	15602	17191	3900	11946	1995	5122	17113	13518	15627	1240	7194	21717	587	15823	19865	22673	8184	10218	20861	4682	21469	21314	21572	7469	21325	21327	16188	7526	21509	21570	23694	6458	2300	23545	21798	8877	5475	15031	2186	6582	14825	18580	4292	12997	17430	8399	21938	21916	12708	14590	21088	6098	2794	7987	12871	19097	21402	15171	3837	21099	23712	8405	21130	24409	9464	19021	1793	19170	3009	17296	9810	15024	12036	21955	13570	16189	13378	10643	14992	832	5903	569	13325	12042	4403	20479	21592	7719	5693	22160	2314	4062	22829	3255	18961	12329	21858	4596	2616	2185	4431	21725	21441	17914	21661	3503	4238	21615	3787	15904	20434	1351	21810	5937	8180	21401	22728	13565	15134	16823	13382	21630	21578	12426	21248	22508	16105	13903	20461	21682	22025	19559	6775	2790	5727	21496	10210	21673	3246	21905	18988	20124	6058	22298	2182	6776	15856	8454	8393	10356	18453	13441	17789	7397	24429	3198	6418	23063	9551	19150	21552	21650	15284	21864	15524	10008	9321	21345	21387	20138	7712	22176	15377	14508	22085	17555	17560	6804	16637	21459	2608	17655	9853	17344	3324	18973	21281	571	17357	19985	6489	1222	23808	21819	23878	6650	17259	5790	22642	316	21705	9127	13556	23105	22000	21407	2561	2176	19841	9795	7197	20468	5709	14946	24489	21520	24253	7893	21860	21540	14100	7778	9884	20892	19128	21851	19108	586	13201	9557	21967	5282	711	2647	21354	16018	21999	16261	1395	17689	21321	21417	2940	9039	21550	22048	21239	4913	18549	7200	21674	1755	21242	549	17602	9495	10122	6905	17796	23193	7746	20031	17657	21622	18077	13101	21821	11708	20353	21288	526	20405	11734	10060	21442	9920	21209	21012	9549	24526	2471	22832	18892	10526	9399	18951	21773	10670	21726	9329	23076	9246	2313	7717	17162	2881	6932	24153	7709	8014	21645	23885	21818	9788	21915	7158	12617	19875	2956	15658	6456	17929	9090	15574	22076	11621	1688	17919	22015	1634	21385	10245	10233	21565	536	20410	20341	21391	2304	3605	11616	21903	21831	22464	9852	21344	14638	1459	2795	4931	21159	1616	15633	23906	7527	18693	21612	8389	16001	9385	7187	20388	10817	15519	708	21745	15247	21453	8945	11232	24126	20829	22819	6777	21866	21244	13051	14417	11997	21786	9460	7899	9535	16173	22041	23907	1386	19774	2677	17920	21655	15872	537	6813	731	19507	23292	11288	7320	22714	7964	21812	15082	2269	6877	19710	566	18916	14620	21513	15895	1974	21779	21226	18424	12618	21628	4174	22781	11765	2937	21834	5562	20958	21261	2751	21847	21704	9069	21806	21051	4503	14675	15997	9312	21823	14756	19675	6502	8739	4241	15308
319	647	3444	8073	4872	1130	6894	5440	2855	10854	14721	14373	15071	22271	24140	4205	14056	11095	14771	3290	4797	5029	16740	18215	9149	6337	1638	20955	3847	19420	17592	10423	10514	11011	13086	11669	14311	23780	18934	5978	4083	18436	18011	16525	20949	12149	1352	19129	6325	15372	15209	17811	7506	13483	22222	13484	9147	11071	10952	3957	10732	6009	20525	6988	3572	8990	9297	6500	1922	16537	10680	7558	8974	9406	10635	18939	8091	6506	10483	8177	16852	20458	15457	8229	14158	1574	5674	10602	18326	5446	2457	10637	1443	22592	8640	8423	20059	6398	2867	23574	17755	18186	16480	18229	8082	20983	5420	15371	23934	18243	6121	20227	1370	11084	4310	2763	6536	22275	8526	18206	14819	10319	1482	16745	5548	763	6323	6580	16741	18036	18812	18176	6873	12732	5878	4614	1997	23236	996	8996	10993	18259	9876	10889	7681	19470	18458	12786	10967	18081	18602	22670	16870	22146	7957	21055	3299	2861	15178	22739	17756	3423	24131	16736	19740	718	10416	23963	18025	9003	14861	10015	4340	5032	10037	6013	14923	22479	4433	12544	23975	23960	14294	10451	10800	17280	6329	17938	4224	4364	12157	6530	20632	14363	11088	11003	20497	14028	1517	11733	7915	3057	4502	11331	19997	10038	6326	4495	7241	10939	775	3335	4365	3291	24441	1999	13175	9070	4607	7209	14152	12158	22605	14654	9144	5191	11333	11649	9581	17994	18035	9219	13802	16760	23178	6585	17668	12699	10696	15142	4276	18640	10512	19371	7982	3831	23379	13700	17577	7604	20267	10419	20823	16294	8520	16415	7946	1302	20195	16533	18457	16851	11148	23988	12541	4249	11776	17987	13431	3806	19232	10730	11955	23257	11166	20501	6011	18673	1644	19196	16552	16614	9678	10865	22816	2101	17586	22440	10301	11728	17661	24415	8050	16463	13166	8628	4744	8235	10633	22443	12765	5869	6709	18331	11623	1381	11193	6797	19430	14338	14743	23103	15623	14504	18782	9407	10980	13039	14374	20891	14390	5547	17802	7843	2671	18200	13281	12770	17182	676	4982	22559	10638	2393	11749	10945	4804	10501	12405	13781	19439	11673	20948	20194	9962	24339	9077	13769	8223	12336	9180	17603	4096	5435	16481	8316	10763	15898	2438	11824	10941	22126	6887	10279	14333	20810	3765	20992	5262	13572	10755	1213	18492	6815	23235	11002	8747	5566	10798	4504	8317	17680	17494	17869	2965	10647	13884	23028	17708	15175	14466	10835	11830	3229	18688	4399	10344	20308	18000	4739	1525	22673	5529	12943	24323	976	4268	16471	6458	11967	7599	10766	2178	4292	18617	16550	3360	13972	14964	20235	15464	18018	5752	16534	11938	17606	12767	16540	6498	22516	22358	9145	3710	1660	1422	1585	5903	10756	12042	11022	12771	10443	10858	12147	6766	7355	18961	12146	14011	16057	14013	8377	11238	14533	3393	4238	7931	12690	19583	1945	4884	11750	2425	18889	16461	24500	6896	22350	14269	11348	20069	1738	1445	17488	18972	18637	10598	11235	3246	16840	14353	3810	3919	13563	11077	23903	19449	15576	15083	2103	12151	14731	2254	18935	18823	12799	5217	5516	24453	24491	23195	9612	23233	24072	16089	13311	17990	11328	16380	12191	12985	17357	1353	24506	14352	24241	17559	8926	23217	23969	15664	10698	15354	10853	11962	19887	20244	14946	10169	10867	22417	14100	9662	19220	14506	10365	23734	6831	16875	18830	10820	6505	4375	633	5393	16434	3276	16465	17703	16374	4373	4913	4684	14315	16159	16514	6543	12481	12502	17657	1697	8527	17299	7981	748	12556	16458	17611	22783	6632	15947	11963	16331	9072	22351	2313	7717	20061	8766	8927	11748	11814	18783	24563	24342	23940	15658	6456	7625	18120	17175	13087	10245	15313	12406	11020	9503	10520	24081	20953	6352	8616	1036	23587	10436	1645	9119	4500	14365	3340	23216	7470	24044	22177	10517	4474	13312	10636	13691	13680	20633	10353	22346	9213	15938	9023	7438	3534	10435	6379	18835	15210	15195	4605	2778	11900	6979	10775	16384	2000	1952	17831	3390	9312	15678	4283	4278	8739	11432
121	445	21125	2261	21741	5288	16432	19402	14644	6890	3758	21947	6597	10303	21420	21262	3511	2556	13632	22484	8463	2947	21026	12367	22260	12423	19772	14857	580	16053	6343	20130	17038	15997	8259	16595	5753	15279	21651	8086	13163	14911	13369	18287	21428	2169	18733	1242	12865	18511	20944	7235	22314	3381	15028	23676	9794	14757	8962	6484	15827	10047	9056	23651	9975	9477	10230	3471	1391	8232	4528	17051	20455	15058	11393	13849	21816	15615	1915	23530	9777	18082	5096	5563	524	2564	24090	4760	22087	9722	24063	6614	6790	19977	20606	8885	11998	9348	23390	15590	20173	15272	4456	24387	20260	21595	17428	4590	22466	23672	13954	3968	2955	9761	21270	18974	8411	21403	21104	8465	22018	1596	13055	5514	23886	15131	16343	21634	6128	16876	21320	17333	6902	8886	4463	16203	21287	11422	20155	5484	6126	9316	3050	334	12797	1593	20396	19192	9552	23805	22081	22582	21961	15518	9724	20871	19663	12640	16430	13419	12295	7495	20712	21748	18827	19404	17882	23328	8661	24142	3396	2613	4666	5921	531	1462	15048	13109	13913	6124	14916	18354	15025	7450	9778	7690	9812	9166	20891	21824	1718	7471	5957	1376	23675	1257	4900	21747	16405	7345	18438	13607	21868	11147	11749	15407	19403	10840	2468	12059	22418	17761	6913	22328	15395	5489	13600	17249	9325	9723	7367	22841	3175	20372	1438	15348	7111	12631	2294	21310	24099	6468	15603	6611	6789	9921	15775	18698	14198	13399	13050	9728	6233	8893	24395	12976	20290	24167	20413	2348	20901	23356	16269	9397	18991	19903	23693	20611	1272	15858	1240	4	17737	17266	11339	6926	17835	14905	19798	5116	8234	24	3252	20465	21762	12332	16228	4292	12724	14682	22082	19728	16037	4253	18261	2115	21978	9981	4833	10320	6924	15609	10215	8178	15024	8890	17159	15726	21881	5185	22454	2295	22180	17512	4734	9061	1423	21194	10688	6438	11410	10026	17914	12239	1625	1351	9561	14634	12622	3909	21484	803	16437	24401	15885	4553	21207	3246	5847	17489	16981	7143	18447	13402	4250	7800	9875	17013	16223	11420	23809	886	2011	21953	7432	4787	22839	17732	12064	5553	17047	21528	19395	2561	17124	6884	14909	20793	23784	19992	21532	5929	2647	12694	9263	16025	15036	21418	3499	5506	13070	23806	9156	12271	20840	24411	22084	21346	23529	21569	9750	22837	21016	4720	10060	9920	18838	6782	20513	17367	2313	23717	4678	9377	4788	11439	3332	2768	21341	6108	2010	16031	7184	5820	8467	3451	7696	15113	5909	21366	24285	23300	17384	14217	17187	20764	5930	8894	20223	12304	5935	9112	5925	15620	8739	17018	6458	4203	22824	15035	13397	22086	5286	13576	7734	1345	20951	5713	8325	24295	18673	12267	4052	5188	13517	7103	9846
121	12	4637	2016	348	4697	20727	393	8134	3547	5786	15003	20379	19988
344	7	2067	4644	10703	18753	18751	14846	3729
344	2	1605	1606
134	2746	1875	5523	7624	17834	9554	9311	9066	12238	7909	15297	17345	16841	18191	5305	2917	11994	17334	20913	1214	9558	3443	4844	21326	6213	19368	18165	21607	6525	20339	16210	22534	10798	2737	20637	675	16735	3449	10319	10863	3579	20134	8806	11989	21687	10874	23623	6242	6815	11990	6143	17021	6061	20257	8843	23608	14280	13853	19998	1971	3025	15408	8243	21215	16182	5825	24460	19664	6248	17160	5353	4684	21141	2297	2954	14900	14097	19348	19089	5965	14894	2806	8556	9569	23316	9258	24444	8302	22445	9560	16739	21235	11872	18905	20472	18822	14256	10877	14149	4475	4306	21790	7278	15304	8415	13916	11340	10942	11831	7924	1696	10331	18051	21020	14712	21381	23170	18441	5085	7842	4915	6885	351	10564	20657	23619	5684	20952	20299	1278	6137	18680	17569	7949	11204	8729	17985	3127	8740	21755	14560	4591	10887	9103	19090	8902	18460	2310	14212	1603	5345	4889	7128	17176	13758	8555	6340	10382	6313	1296	18722	12956	22154	16268	10523	5454	14293	23335	18026	17011	12716	10227	22012	13705	12176	15249	2644	6463	4972	22815	712	670	6897	17170	1408	21510	6495	3029	14755	6059	14000	19847	17740	2810	12952	18571	8833	20107	20965	16929	4127	20460	6045	21412	15500	4319	13633	3478	5178	21195	20982	20897	19302	11599	7468	17108	8759	18041	15369	22830	10652	10792	10686	6054	9567	12442	1114	5315	19883	22779	24146	17106	19468	8900	10553	7550	21488	8416	16275	4706	4511	22227	23616	1538	3227	1941	13694	10089	9079	13879	19182	17760	5968	1575	22565	20294	22775	16546	16255	5671	13103	18106	1657	1025	20120	823	3948	23255	19567	5604	15276	5011	23611	17069	20834	7099	20932	7838	19639	17649	1682	6238	19120	4903	6980	11871	17148	7393	16680	11417	1759	16479	8298	7904	5348	1869	16186	16467	20963	7854	14697	976	8013	5597	20648	15188	21422	12532	13318	2858	8323	17791	13163	23014	21357	430	8417	2765	18293	2772	6109	15708	6299	10997	21146	13782	12417	14663	13922	15471	2403	2187	18067	7650	10609	13369	19100	4876	11082	16342	24123	12944	10196	9249	7750	22713	22390	14185	12467	4902	9534	865	12372	22554	4660	15208	14121	21621	1934	2169	1242	4687	4237	14327	13392	4555	4771	12731	21010	6554	617	6092	12803	5826	15105	21006	15490	1208	1225	21719	7190	19287	3300	11244	14818	8116	20211	21323	16433	10404	10596	13056	4482	19892	6584	13428	9785	22153	10370	2645	24442	3778	14342	61	18417	23575	19629	12649	4019	6483	22566	7600	5351	21926	1813	9787	7497	12381	2089	5385	17922	9739	5110	24156	12058	21114	8183	11352	6787	5718	7461	1401	5374	22089	9575	11847	18107	9059	20554	15662	22657	5301	5181	19367	3630	19573	17751	4869	342	5127	6170	16011	5359	22050	14757	22777	14485	8384	22721	15112	1265	12506	7489	17043	10781	2160	20869	12988	23158	16529	7869	7126	24204	1207	13405	11950	12270	21576	22200	6247	11735	16845	17677	2347	7353	3467	14009	22696	12077	10810	13121	3717	17444	20288	2417	19708	22062	7831	22976	335	7451	14853	974	21698	11670	4307	3603	12021	17207	4714	15774	19389	2978	3756	20643	12873	22362	23922	20587	12727	17204	20795	24284	13030	7837	18789	21494	15772	2650	12546	5358	14320	22075	14899	20510	3521	16698	11999	3505	24170	13338	14362	3011	5599	13686	22414	18464	9082	4584	1618	2326	20730	4946	10470	22334	3012	10329	1264	20154	22855	23918	20400	10886	5168	3838	10861	21247	22720	2373	4912	3633	6219	12889	17693	10913	10658	1433	6490	9272	7321	7594	22373	13182	14952	16723	12292	2994	17959	10211	16644	20101	14950	21596	324	19186	18555	20909	4480	12148	23678	3062	18605	12891	17733	3137	14386	4362	21930	1566	6211	16833	1090	5828	3656	6008	7815	4703	21266	1633	14174	1293	19301	24416	6651	3256	21544	4290	4065	6289	8022	10212	1447	9772	11374	18101	3454	5166	19862	8898	18299	9722	14183	21455	13780	16319	14677	22431	20123	6614	1256	23953	11338	22528	2381	22959	24296	14724	13067	10369	2242	2783	16016	24455	2944	10704	23537	10630	13804	15761	1715	18552	21373	16659	24406	3687	6246	3302	7351	20962	9806	20493	14273	3020	6989	17777	5006	15881	20919	8200	16630	5781	21178	18421	8201	4770	4831	7919	10728	2938	17015	20429	7798	20389	21895	7280	20689	18980	10363	3206	4043	5649	2995	2942	13891	21982	15526	22634	4340	22016	5763	8515	19838	5018	23598	4145	6461	14615	16003	5309	20368	7700	2369	6708	23599	424	16084	13228	8508	20922	3803	7706	3071	3968	3688	16112	9314	20377	1469	22171	22170	21893	1701	21768	9563	19747	24340	14291	22548	12190	21512	17538	4549	169	18213	10603	20314	10713	23553	583	4191	9669	20172	2981	15184	1269	15739	12623	6970	4203	23910	9726	19874	9115	19463	20128	24162	15992	20438	6283	13456	692	20520	21887	3171	23265	5084	9015	17437	8227	5976	5322	16535	15039	9113	12897	9489	22501	2318	23201	4595	9659	10816	13134	15794	16597	9162	5612	5303	2813	8781	19308	2183	7102	12084	13624	6941	6073	10306	2274	13877	7455	20049	4021	20151	19496	21340	9835	15280	13751	12523	23595	5541	2573	6128	3580	18564	18104	561	8905	12737	17379	12730	21610	23327	19322	6729	10787	21272	13379	19795	9599	4796	8067	2447	3883	3139	14558	21734	12501	23913	7409	13293	21408	20105	13504	4027	19729	5164	8151	14505	23263	3	24350	24362	2301	3757	20687	12226	10491	17642	9753	15439	11879	9451	4544	5928	16354	13934	6494	21096	13404	14622	7693	5089	11105	13007	12924	21735	16413	7870	14130	15111	16510	16041	23690	3721	12395	4716	159	5740	14792	22460	7384	14314	23301	15054	11987	2566	12437	24098	7257	8118	17035	9426	16316	517	10380	13788	1455	21301	16832	8154	12995	17889	18374	19192	13550	13902	6025	3032	16670	20528	12930	18987	3363	5741	7511	17542	12728	20519	6142	19099	3934	10248	15750	12634	21529	9809	19000	12000	20282	15882	22155	9658	22686	20929	7456	9364	6944	4597	10987	4227	16142	10759	10012	8563	18271	6166	18425	19961	12640	11625	21086	13900	9572	23334	12934	23198	10611	21807	13419	6485	18556	6551	19523	21880	12887	15822	13790	8907	9751	8871	15287	4054	12007	7123	8387	21328	9989	18329	1243	17576	2991	20975	9881	21579	21399	4928	12729	17179	22668	14321	6029	14177	13986	16229	10883	14852	12610	5093	17267	22433	21236	22413	12524	3275	8119	18060	24107	58	10524	8557	15520	1837	19879	2286	4676	17928	5589	3236	5556	15213	1319	4862	24511	16686	21729	2276	3670	4228	20839	2563	13906	2190	2549	3283	4519	1389	5427	3027	115	5280	14227	10468	17803	3564	5921	1569	19255	8500	3892	21238	13108	20757	5082	14907	17595	22011	3214	8998	19938	8745	4566	15048	7207	7176	1088	11027	22078	2289	8716	9760	12491	20652	9428	22621	5895	7774	13457	16782	296	14817	4871	10857	4893	12625	20126	19962	18284	8150	9395	8149	17738	21876	21577	5822	22224	10684	2298	9817	15979	17439	9757	683	1960	1287	1273	22295	13354	15724	14602	14859	10091	12712	18694	5365	838	1411	7502	11934	16971	17841	17036	17668	16886	5487	19480	14424	24377	9720	22705	11596	5377	4114	18986	20019	24467	12333	5905	9108	4773	11167	396	15799	9035	9538	9491	21400	20370	4741	21011	7499	4465	22398	23055	14993	13	7449	19575	5823	12905	3017	21330	10057	3437	15204	22252	11795	24118	21389	15990	3128	12702	2615	13177	13985	9096	20416	21508	23757	19886	20936	19391	18112	24087	22948	3690	21693	4328	5860	21121	21255	17210	20760	10710	14666	20494	16424	23597	18276	7749	16017	3195	20696	17319	16246	16066	9988	21849	21620	24074	13491	9774	6922	9167	23798	22061	22223	9346	15655	24150	18438	6344	5717	19121	15946	22080	19165	11297	17447	23605	5907	7363	13374	2818	9796	18340	18475	19731	2472	14046	23917	15734	12030	6276	6164	9516	905	19704	21187	4991	2767	5088	1028	21722	19754	20759	12915	13266	24155	18659	16951	508	19351	17338	21888	19019	20721	15605	19086	2053	24361	17951	21730	24364	12045	12267	20814	8162	19233	10237	11773	8412	12927	16608	16197	4047	13413	12392	21129	14002	5395	7118	13053	4685	3397	16946	10221	19736	2784	3548	22954	22833	5551	4907	7236	5483	11947	13046	22400	8654	21352	19110	20366	10876	9363	14883	23718	9568	18339	14777	6520	21061	11667	15515	2659	8957	23652	19087	21057	17045	11113	7744	14238	22983	3621	17676	3019	22188	20828	653	6564	9784	21023	13546	20270	385	18318	20153	19392	18685	19173	16907	19030	12555	7733	3052	15999	13772	10958	23731	551	5361	1794	15874	647	21080	12016	24402	18278	14997	21008	8505	11909	16034	3059	7255	13494	14684	13566	6601	2565	5083	21027	16975	15611	24302	19190	3070	11768	2745	1444	6785	13459	18588	6243	23689	6803	13838	4593	22675	17981	24224	22994	3053	10613	3653	19329	8261	12019	15192	13096	1378	12407	17748	7868	23174	9918	9942	19293	17912	3460	22235	21575	19617	15645	547	19	5507	5268	17820	7335	7336	292	17223	3001	21684	11123	23663	9546	13917	6807	8258	18219	24506	21517	7215	13130	20584	20322	7692	17932	5737	23624	1626	7346	7855	16269	22228	9550	21910	8233	22174	9457	6806	9800	14182	5913	6936	5912	23677	22536	3030	7551	20683	12298	22175	3858	13049	24111	17362	3692	19845	10166	17237	20611	17065	21676	10421	3725	15499	3022	20490	23824	7087	11419	2562	22630	15634	10891	20161	12717	22681	19789	21118	20306	15391	22389	5182	12923	24519	576	8309	23838	6036	18992	7191	12578	13892	21822	12621	21828	23681	16115	21553	17376	21574	15767	3632	24440	2094	154	18817	1840	2780	21756	20888	15019	21808	5012	17726	24524	9565	21317	21410	2284	8702	4868	22241	8887	6441	1385	21231	8374	12225	19912	9987	17452	22599	663	6637	11781	14400	13071	7412	19289	20486	2639	12866	10367	2567	21285	9657	12736	14189	13522	3375	582	1091	11	20937	13414	22583	19832	2410	2817	16024	8268	21085	21675	21436	2953	10626	2739	3638	20140	1390	11984	20465	19925	18257	14232	14425	23674	2822	21062	15597	5201	23753	8461	13284	4750	7354	22523	23912	1872	24093	18696	23177	14937	18657	9163	12911	15973	1624	15045	21064	12929	23876	2396	2004	16618	21018	18347	9570	22570	4398	20030	1316	17734	10150	21007	932	2769	19990	7906	19868	19867	7695	4671	6920	22817	15651	20685	20324	1677	21780	16695	4711	22651	21845	19866	5915	13113	4053	11737	1361	21796	19362	1156	21536	5999	11367	9439	21254	5846	14738	10893	20728	7399	12582	5081	19630	8695	22283	22473	752	3468	1263	22064	1884	22826	20474	21623	2346	14815	20454	8975	13245	18628	16353	6889	21184	7747	10818	15755	13930	13013	9993	5120	1775	14890	4478	17139	14875	3144	21908	8576	9261	9715	24366	1101	17865	6900	17378	18825	10741	678	20934	23938	1051	21358	7189	3260	3026	6279	11138	8286	20357	1035	17933	6914	24205	13022	22794	21775	15826	18153	15468	10414	19009	2886	1250	14136	19771	1276	15453	6336	2814	23748	10311	24165	10032	3760	9434	5185	19769	19605	20391	6333	21342	7173	12380	1661	20041	20431	10011	7234	3184	2112	17937	17229	5971	20562	6496	19069	16719	22519	3719	3231	23854	7892	3180	15523	14760	9798	11766	1229	6562	21168	23110	23499	22329	11311	9396	20365	16962	17541	20514	307	1910	10814	6841	13948	23871	7157	2408	19502	5073	17725	3738	14096	9708	23937	10171	20453	18970	10276	19657	12038	19767	21228	21059	19505	4551	17513	15163	9811	2362	24601	7475	12136	9786	22520	12091	20045	22475	12027	21721	1248	16425	22392	18006	7356	17679	19169	11942	10554	23522	20448	20178	23626	15758	6460	12907	19802	15040	15728	20016	787	12268	20321	20241	5998	19456	2278	20597	19899	10314	23719	2166	1252	23576	8285	10152	11641	8255	20686	8501	14987	10209	20639	1785	5784	17029	4758	14416	17180	3028	8004	10229	17475	24145	3909	23823	6332	22201	2227	1288	7930	10690	23716	10146	24129	18084	24479	11387	8836	16824	9450	24342	13375	13117	9359	6074	4759	18631	15388	2097	23531	4553	4740	19023	4727	19906	1895	20449	13606	10894	21737	1227	16385	19842	12901	3581	5134	9743	6224	21503	4965	21861	5586	21060	19904	21984	10717	21927	15884	19297	19388	11128	10317	2989	16547	19478	813	13001	2182	21364	19124	13766	12735	16759	13020	11863	7065	1251	23143	12391	21568	17370	9013	22208	20617	12086	7143	10687	6265	13402	19183	12035	20570	21495	4708	17789	24381	23186	16144	5498	12204	20673	2971	9401	12759	11640	12604	24357	19156	19295	9271	2669	19005	6163	21990	40	444	15800	14617	23883	21476	20647	17040	21497	12701	13974	19280	6664	8513	3033	14917	18512	20826	5466	10008	3329	22697	886	12914	14274	1675	9961	14553	24398	2820	18622	16966	15289	18268	23793	19337	13342	1559	14513	9142	18086	6222	14860	14157	22700	1766	19768	4477	1460	6487	2839	16183	23826	21656	6572	11356	5908	1852	20398	20442	340	6152	23282	13376	2113	13002	20915	9543	9417	4895	13003	5491	10318	23939	24596	14276	22640	6230	21447	17735	11390	17105	7789	21297	22617	7088	3083	8213	1311	18064	17283	8378	16544	17369	2291	13343	12370	18155	21506	369	21764	14897	10308	17531	22812	1260	1209	5690	14628	18521	17047	15763	317	5005	306	1671	21528	4951	19488	15617	20335	2561	14676	22688	12726	5080	14998	8209	24363	319	21686	21857	19581	2068	6951	12249	4971	24068	2657	3426	15970	17590	9553	15897	8615	18080	22542	14509	8777	23825	22538	7435	9966	7481	2462	15752	5613	19908	20770	2081	522	2466	19254	20312	9347	11416	6961	5108	1448	1432	17724	9390	8844	21505	20133	10322	21966	2575	6507	14906	2451	559	410	3359	10123	11451	9379	19193	9996	17213	22179	7741	16800	12488	2640	7765	22194	19750	12029	24589	13544	9094	18158	20796	17980	3746	17377	22595	4230	10224	14008	11587	10280	20176	17451	14283	10031	6948	1762	5039	18479	10673	15205	20024	4010	6324	12125	23721	9125	7220	19839	13084	24556	17167	15221	15120	14195	2293	11764	986	12700	17968	21759	20807	18908	17689	5926	5198	12896	3864	5481	16410	4008	1788	9263	16025	22743	645	16603	10497	7488	18891	17285	4444	22543	13823	8199	18099	4913	2963	22068	4916	13188	5506	11651	1691	19017	16213	7411	9292	13122	6218	23806	13953	9156	17916	23688	19020	20517	23840	23791	18763	6983	21158	4432	649	5057	16900	8831	22083	5188	24290	8433	1584	575	9423	7694	12099	5920	21269	6312	8152	6196	7192	2738	17002	14267	2950	13440	17543	5179	2598	22957	3941	21643	11133	23932	18217	19762	5567	1494	22066	15467	286	20559	16979	17657	14529	9323	23291	24015	22322	13337	6105	12450	19680	17525	19709	20890	21156	7366	10100	15871	3446	11290	21934	22344	9160	21708	22167	5079	7100	16407	23863	20867	5996	11762	23012	12073	2812	23710	4594	350	6429	6151	24152	11345	22326	18993	14239	3896	20086	1485	24446	3234	11996	11580	5019	9999	22007	13387	13242	12258	9317	1883	22556	13671	6942	588	37	24451	24337	1757	3369	8848	13147	20513	3691	11833	18420	23245	16613	22623	16558	8895	19497	14603	879	18862	9734	24037	5364	11526	22423	11286	4910	13143	2690	13774	12617	495	13319	8579	19324	13506	14969	13324	1564	7422	23877	9157	21213	4190	3332	22796	10706	9913	13597	1318	19623	19489	20592	15732	10689	6108	23837	12908	4324	15450	22955	1820	2010	9804	4890	14707	18719	8319	1648	11986	14300	8161	14108	21280	18834	24258	1284	4689	4514	21992	6046	19976	13151	6950	23691	19163	14429	5679	21923	10002	10576	615	13949	24478	24330	17845	8664	11414	12033	4273	1992	23142	23124	3451	22321	11174	14165	10738	13539	4446	17467	19658	14381	8231	14733	13449	12725	5712	14262	24404	24273	12412	5909	8807	17037	20781	12784	24039	537	12772	12078	2054	6063	1621	18534	5853	22544	22079	5924	7413	7364	13028	1990	18073	14844	7375	22038	10588	3042	22226	7805	22453	14827	9649	22195	8392	18548	745	13267	4161	21580	8872	12618	15119	19427	11407	11919	5935	1639	10608	14744	5077	12196	9735	2245	3694	18115	21827	12733	8375	11662	3435	20505	22051	2366	22365	21115	5533	22706	10541	2257	4883	21867	21205	9597	13836	5092	16116	5170	20484	22633	2949	1321	6909	3086	19434	10498	21754	5963	20573	22467	24130	20338	14627	16174	20277	7434	2213	24323	17665	15170	21964	10856	4303	13690	6104	2970	8063	636	21696	15056	22033	18391	13679	12303	10049	7147	4843	9711	6892	18050	5764	24332	17304	829	2404	12500	22591	3132	21584	21338	10236	8847	16175	7686	21212	7360	11789	17558	21641	8379	4144	19219	2920	11114	18701	21214	15098	1105	6282	20252	11042	12499	1315	13665	7911	6410	21472	7590	5570	5118	6101	24021	10742	9814	2216	23835	16762	18100	19396	23886	13079	6634	20560
134	88	7473	20552	22168	20651	9366	7371	9116	6138	15326	10606	8671	14686	16612	10023	17293	704	7902	4756	4694	13945	18432	15430	22070	23190	5184	7370	20054	2787	3113	9360	19481	15419	1802	7112	19951	19913	13148	19485	4754	9519	4680	11463	6486	9481	16927	10098	15652	3966	19048	20040	16263	17336	19676	22968	684	818	14199	14572	288	7711	14678	9389	4352	12396	4620	15003	1692	8134	14218	4755	10544	16696	8963	17337	19780	6652	4652	13509	5060	23097	4243	15084	4702	16666	15194	3118	7107	16688
222	7	3356	8682	13473	16085	19937	19555	19821
222	2	6630	12115
48	16	2633	8682	13473	6183	9848	12001	19441	18713	3355	1864	6156	12002	6150	20964	19152	23635
48	16	14586	18757	12746	1436	9849	12994	24611	20731	22667	16887	14680	8910	18877	17491	2397	15952
65	66	2524	2504	2495	1187	7536	23603	8706	2485	15687	13027	2518	2520	4723	1771	2119	2530	22072	8601	4629	19164	19542	2511	2523	20930	2503	2514	19813	19544	2351	6810	2517	2499	1890	23766	24164	13346	110	19545	2497	4631	7228	194	16047	19975	10065	19546	20836	7974	18738	16344	130	9062	59	7383	2496	20443	7342	17864	17373	19618	16071	2491	10118	2509	23602	19143
65	77	18484	10963	16863	12368	11618	14497	4100	10824	15681	18767	921	6191	10241	1615	24612	11029	14723	16862	18726	12422	24246	465	1125	10360	659	14963	9630	5775	14516	2123	18440	18777	12044	11030	2333	17546	17564	2243	19001	13211	1493	20190	17566	14026	10535	2117	2436	11383	14366	19611	1039	20550	10823	11460	9874	13085	10620	18595	20719	18241	3967	1726	11896	7575	6571	7131	622	14696	16871	1004	10183	13339	1200	10463	151	17521	7272
231	55	2222	2220	3587	7701	23445	7544	13331	12932	19691	20849	3245	20903	19690	20905	17519	21738	21210	23464	15116	20627	7539	11539	6964	2372	6195	13330	11536	5735	8545	11480	19996	7546	13335	20907	9391	10072	15203	7547	426	13326	22886	7545	23324	19498	22887	23069	19712	17931	15128	4427	24481	19692	22669	23776	24482
231	31	2218	7993	19694	15114	7541	23155	15571	12932	14118	20906	8517	492	5876	12259	19690	12689	22609	22892	4582	4158	10072	24480	4866	3567	12093	4938	5841	6184	4426	20908	23775
306	150	2222	23470	15233	15474	11483	23443	11502	11531	11533	11558	11574	11515	11530	23442	23474	23460	23418	11543	20715	23427	11488	935	4157	11577	23506	23453	11516	4436	11537	11517	11523	11518	23417	23411	23410	23452	23449	11570	11529	11534	11538	23428	23492	11524	11572	3876	11501	23493	11522	23496	11546	23478	11571	23476	23432	23398	23399	23507	23469	23420	11504	23403	20034	23513	13335	11541	7543	11500	23473	11499	18576	11552	23447	23446	23435	23425	15203	23483	11555	2987	23441	22888	20159	23448	23486	23454	23508	23430	23433	23419	23477	14549	23431	23415	11573	11509	23456	23436	23437	23455	23488	23482	11567	11477	22886	23501	11481	11490	11512	23472	11511	11579	503	23412	23438	18577	23462	23440	4063	23480	20716	5842	11478	11559	20701	400	11542	7538	11562	11575	14816	14842	23406	11507	11544	489	11527	19872	427	11551	21004	6210	404	23491	23497	11510	11576	23409	23466	428
306	149	2220	23443	15203	13332	23410	23470	11508	11558	11546	11531	11515	11574	11501	23406	23452	23491	23473	23419	23433	11516	20716	23453	11570	489	20159	11500	23449	23427	11543	20518	11522	11524	11518	11523	23493	23422	23478	11483	23442	23506	11488	11534	11529	11571	23475	23496	11517	11504	22462	22689	3570	11530	23417	11537	23492	11533	23411	11538	23432	23476	23399	23398	23409	23438	23513	11572	23440	23156	23420	13333	11555	15233	15202	11577	23460	11512	11511	18577	11552	23446	23447	23477	23488	23501	23441	11541	4157	23483	6210	23486	23448	23466	23430	23508	23418	23435	2987	23415	23431	23479	11576	23472	23437	23436	23482	23425	23455	11563	11542	20411	11579	11481	11499	23456	502	23469	23412	18576	23511	23403	7542	23497	20715	20701	11527	11544	11562	5842	404	11477	20136	20148	11559	11551	11513	11478	935	428	11575	593	22888	400	23474	23480	11484	11509	23507	23454	427
79	45	2261	20137	7152	5821	21922	21602	2457	7646	6225	11626	23606	17930	15026	8183	4179	2262	24355	13515	20012	21671	13119	21842	18888	15014	23851	9728	12817	16287	21135	5713	20945	17689	20917	23076	16598	5782	2776	6793	15093	5930	2895	7156	17773	14595	21067
79	41	10294	18049	7939	4545	2833	13384	3075	2457	16508	6225	19501	3061	9837	10977	22567	4110	23984	22320	13898	995	4502	12158	479	16240	22221	15359	15363	13612	3422	15942	20885	17488	3784	22232	14324	17878	15948	14032	7156	8562	23237
93	43	2261	14378	14894	3511	5596	16324	19621	15965	18145	18876	5301	15112	3473	5599	4713	21312	2172	3580	5848	18144	15018	7297	18986	22437	8701	13600	9728	9918	7428	22536	21067	20140	2628	1306	13899	7065	12354	2466	14758	6218	6557	8699	21945
93	37	10294	14378	14893	2218	6549	20373	19622	17412	2062	10009	6217	18292	17760	14340	5854	20699	22491	11400	23176	4060	7365	15456	23161	479	15359	9969	13273	23237	16310	8653	23122	10195	3825	12075	1163	1810	22921
111	56	2261	20137	17431	21091	20511	5509	5916	19758	14962	20018	15997	15107	24325	21815	11056	11057	6225	16595	21652	17930	8183	7164	21709	9477	21816	7654	21842	21460	19827	21677	19964	5716	21370	21369	527	8903	17264	13050	20901	7156	5693	21338	17459	2182	9551	18667	22822	1918	24335	5782	2776	21341	16056	7777	12794	21794
111	41	10294	18049	19509	15491	23984	22363	2218	14313	5988	10860	5229	24325	18014	6225	20878	10977	11001	12158	5423	13612	23237	13384	3825	6516	8917	7156	2736	10664	5165	18259	13591	17551	5445	6701	22232	14324	1529	7619	10565	15942	20251
164	499	4980	3952	6713	7113	7452	14547	16065	19984	23802	4236	8012	4942	4765	13279	1627	12742	20656	3666	15911	7735	17116	16647	13025	23016	6647	17026	20051	16244	6295	5027	24095	1471	17907	1467	17111	20857	17660	13503	16689	5704	4891	5614	3680	7304	20111	9076	1985	16983	9977	19015	749	20325	12757	24515	19440	1830	3177	3917	4452	9671	16710	18546	5746	9680	18766	24231	3805	4450	1964	9670	22991	19885	3972	12990	16816	3122	24536	686	3947	16913	6780	4941	12756	4171	3706	11424	4005	17508	22806	24463	16905	3649	6492	19095	15839	7784	19588	3648	6676	3639	14657	854	8686	19495	6612	1848	13541	12939	13344	4423	14225	20612	15736	4585	6477	16349	17688	14395	5141	4039	4970	6945	685	17084	9370	22568	23888	19102	13365	16635	17955	4543	20734	16814	22588	786	3610	13534	3775	2759	8371	2014	23139	14164	20596	6770	4390	16923	16309	17663	6868	4785	3148	9328	9548	17091	20875	16339	18531	7620	2340	5680	17302	2378	2584	3679	3752	5756	13024	5017	9307	20572	14599	17909	792	12052	23017	5818	16019	17087	17132	16662	4449	18909	1807	7969	8435	19211	3878	9490	3961	1473	9192	2328	2066	17063	20380	16096	16648	17008	9418	17025	1777	11194	12051	14934	887	16890	15357	14399	681	1619	2792	3998	9521	9642	9675	4461	16134	17114	17329	18091	18615	22212	23075	23127	23281	24211	24555	12307	5021	3617	5758	9517	2715	9932	12299	8324	9632	16828	24230	19212	5024	17962	16138	3924	8472	16052	4957	7863	19204	19203	19205	12436	4735	12519	19794	18726	9442	22573	5757	16912	20258	9368	18509	22586	20985	17341	697	3928	4699	5616	19034	20532	5619	5617	5620	6081	6082	16969	6694	6693	8436	8434	8546	12300	12591	14066	14542	15847	15848	15849	15859	15860	15982	15984	6673	15985	15986	15987	16898	16899	17023	17908	18981	19229	3927	20112	20113	20115	20210	22575	22578	22579	744	4948	24210	2966	12593	17082	20900	12358	689	13062	13063	13064	13256	13257	13258	13259	13260	13261	13262	6674	6144	19891	22604	1303	22047	6695	6827	5819	6826	5114	20003	10359	15989	18583	23366	23364	6672	22216	22210	15341	15342	22215	23365	8801	23367	16677	22211	15332	13292	793	8680	6623	19214	15277	16251	16252	16253	16254	15345	17136	17297	22584	22585	3647	7281	6781	15070	14951	20326	13065	5582	13061	16678	5615	4003	3609	5037	2267	17022	17391	2096	19213	6767	4835	4834	22021	8884	10135	9151	16205	17853	20212	3707	17343	8023	13386	17024	16280	16281	16282	16283	3646	5115	5618	589	19999	10134	1717	15331	10130	14824	3374	22577	17961	3319	10137	10129	5762	4410	14656	15862	3645	3320	2800	3315	3318	3323	3316	3321	3317	3322	4024	4448	15863	15864	15865	10132	13475	16060	10131	5808	5030	19038	2091	9674	19215	2156	22214	10136	14162	12644	10128	1976	2409	7878	6240	15983	12341	4583	852	17323	5800	10133	20114	22580	13513	22213	8650	5814	15781	3875	8219	14398	8420	13361	12346	18724	5621	6779	8684	664	19053	679	2017	20002
164	1	17020
99	484	4980	3952	6713	7113	7993	14547	16065	19984	23802	8012	4942	1627	12742	20656	3666	15911	7735	17116	16647	13025	23016	6647	17026	16244	6295	5027	24095	1471	17907	1467	17111	2156	13503	16689	8420	5704	5614	3680	7304	1985	9977	19015	19440	1830	3917	4452	9671	16710	18546	9680	18766	24231	3805	1964	9670	22991	19885	5800	3972	15781	12990	16816	3122	24536	3947	16913	6780	4941	12756	4171	3706	11424	4005	17508	22806	16905	3649	6492	19095	19588	3875	5814	6676	3639	14657	854	8686	19495	6612	1848	13541	12939	4423	20612	15736	6477	16349	679	17688	14395	5141	4039	4970	6945	685	8650	9370	22568	1976	19102	16635	4543	20734	16814	22588	786	664	3610	6240	13534	3775	2759	8371	2014	19215	14164	20596	6770	4390	16923	16309	17663	6868	4785	3148	9328	9548	17091	20875	852	16339	18531	2409	12346	7620	2340	5680	17302	2584	3679	3752	5756	13024	6653	9307	20572	12341	17909	792	12052	5818	12644	17087	17132	4449	18909	2017	1807	7969	8435	19211	3878	9490	3961	1473	9192	10128	2328	2066	8219	13361	17063	20380	16096	6779	16648	17008	9418	17025	1777	11194	12051	14934	887	16890	15357	681	1619	2792	3998	8684	9521	9642	16134	17114	17329	17323	18091	18615	22212	23075	23127	23281	24211	24555	12307	18724	5021	3617	2715	9932	12299	8324	9632	16828	24230	14162	19212	5621	5024	16138	3924	8472	16052	7863	19204	19203	19205	12436	4735	12519	19794	18726	9442	22573	5757	16912	20258	9368	18509	14662	22586	20985	17341	697	3928	4699	5616	20532	5619	5617	5620	6081	6082	16969	6694	6693	8436	8434	8546	12300	12591	14066	14542	15847	15849	15859	15860	15982	15983	15984	15985	15986	15987	16898	16899	17023	17908	18981	19229	20112	20113	20114	20115	20210	22575	22580	22578	22579	744	4583	4948	24210	2966	12593	17082	20900	12358	689	13062	13063	13064	13256	13257	13258	13259	13260	13261	13262	6674	6144	19285	19891	22604	1303	22047	6695	6827	5819	6826	20002	20003	10359	15989	23366	23364	22214	6672	22216	22210	15341	15342	22215	8801	23367	16677	22211	22213	13292	793	8680	6623	19214	19053	16252	16253	16254	15345	17136	17297	22584	22585	8881	3647	7281	6781	15070	14951	20326	13065	5582	13061	5615	3609	5037	2267	17022	7878	2096	19213	14398	6767	4835	4834	8884	10135	9151	16205	20212	3707	17343	8023	13386	17024	16280	16281	16282	16283	3646	5115	5618	589	19999	10134	1717	15331	13513	10130	14824	3374	10136	22577	17961	3319	10137	10129	9674	4410	14656	15862	3645	3320	2800	3315	3318	3323	3316	3321	3317	3322	4024	10133	4448	15863	15864	15865	10132	13475	16060	10131	5030	19038	2091	3177	686	17955	4585	4461	15839	13344	16251	17853	18583	5114	15332	2378	9076	4957	4891	20325	23017	16678	17660	17084	4765	23139	6673	3927	20111	15848	22021	4236	5808	14599	4450	14399	23365	5762	12757	23888	16662	17962	24515	3648
99	7	7452	3587	13279	6653	14662	6652	13808
112	299	3664	20656	6838	4453	17907	1467	4994	19417	5614	9497	644	20111	16602	8663	20325	12757	18766	4886	3122	686	16913	6273	2925	6133	4171	7766	19890	19732	17769	3649	6849	3648	12883	824	15736	3151	685	23888	5135	16814	786	6240	3133	14156	2442	16206	4785	9548	6858	16339	15851	2378	15861	12359	19799	877	18893	12341	19785	17909	5622	12993	15783	1857	1678	4274	12644	24215	4034	8435	2914	14172	6118	15561	6665	4909	17956	4287	6179	8657	16648	17025	8808	15357	6847	22190	6679	20732	6310	9050	14725	20803	15745	19051	17062	9932	20053	12299	7177	5621	5024	17962	13187	2252	16912	8394	20258	2210	2139	3190	2065	12682	4911	4782	5815	7795	8294	8327	9499	9295	9243	9303	14235	14403	15327	16099	13157	15735	15656	15829	16451	16956	16901	17612	19142	20856	22722	22574	17950	16368	22571	18712	14834	8738	20646	3928	4699	5616	5619	5617	5620	6081	6082	16969	6694	6693	8436	8434	8546	12300	12591	14066	14542	4587	15847	15848	15849	15859	15860	15982	15983	15984	6673	15985	15986	15987	16898	17023	17908	18981	19229	3927	20112	20113	20114	20115	20210	22575	22580	22578	20103	22249	22602	14726	16988	14396	22977	6674	9665	6672	3745	3713	1367	8801	6007	16621	16604	19418	15332	13292	20563	3432	14717	4653	6869	6031	9384	15572	16911	19016	19199	740	8680	9372	9367	3103	800	15087	6690	15070	7775	5933	13363	5615	6830	17763	17022	7206	19054	12597	5676	5677	17391	16277	14398	6862	1364	2467	2469	22021	9681	5025	16205	17853	4418	4419	17024	22818	18700	5618	589	23251	1792	14113	15356	15331	695	6689	3374	22577	1686	1687	24228	24229	2710	8804	15285	15862	3645	15863	15864	15865	1323	13475	16910	16027	3242	20942	1587	5115	2064	16899	20043	8472	3212	16909	22579	12788	20320
112	103	3665	15911	6838	4454	16065	6671	18898	20739	9914	19050	24216	20326	1717	3609	17386	13503	19794	17030	22615	6669	4980	7762	19514	1978	17660	16429	12884	9244	4585	16923	8870	16921	2043	4836	15852	17302	17094	798	20650	24554	6031	12447	15782	1859	15637	852	19056	22638	6117	22600	17331	12642	19971	15347	14726	14510	22276	18836	801	5747	13187	16341	24536	4886	12683	699	4269	3506	4588	13579	20262	17952	16989	6118	4417	5719	17062	5034	3708	9513	3430	14973	23348	9371	18894	5933	23077	665	5603	22619	17089	6852	16649	6840	2091	2271	20993	14113	1787	786	1781	1322	4390
115	92	4113	9250	14064	24014	3394	10551	7388	5226	14080	16943	6000	23315	4355	8950	23973	23644	23746	10909	23558	16791	3792	4095	8048	17456	23954	1949	12764	18976	8245	871	14281	10599	13822	13706	7260	23175	18030	16859	13663	11376	8027	12553	20631	16807	4881	21022	16730	13915	1725	1198	16768	16765	10481	18804	11804	12760	13076	18033	8646	5407	5183	16758	1750	24195	11351	7727	8303	7883	11213	18330	9903	620	24464	15487	22355	16749	767	6529	6358	23645	11823	9135	6353	18009	5606	5458	15556	10433	11475	17999	3482	17593
115	39	2050	1961	6308	14064	23189	6306	6811	20658	20169	8006	9862	8666	2888	805	12363	2890	15836	6958	4258	6675	14566	2891	2086	7790	4189	15250	12397	5816	15251	6307	7989	15003	24176	3613	15368	815	14527	14119	16671
68	49	5488	21741	12421	21262	7341	17165	12367	20162	2161	19905	11626	7750	21039	6110	7968	21427	8898	17428	12648	22001	22843	23361	21996	20652	14589	21470	24105	17264	8403	1321	3632	10220	20369	21796	7145	15032	4431	21225	21725	17656	15524	21407	9679	21520	20892	21998	8669	7150	21066
68	40	14319	6320	10930	3063	15636	10049	8924	15448	20400	11394	22492	24269	8081	17697	22659	2160	16532	18296	14520	9619	1114	23575	20652	15220	10501	20231	13384	10342	22562	13040	10920	5055	13861	10604	18015	14896	14043	14506	16665	13969
207	4	6138	7902	3966	9366
207	3	6138	7902	3966
206	5	6138	9116	10606	4724	9366
206	6	6138	17293	13509	15326	14089	15419
154	60	5628	6403	14064	14295	17875	5399	3405	11048	23936	8031	7991	22034	5379	16943	18010	18356	8278	24456	9024	9472	16934	4536	15680	2674	14109	12588	8218	10448	5409	20743	18843	720	22976	8714	16940	7439	5406	7614	19071	22999	5678	24275	16731	3064	5894	6406	10739	10933	18572	3158	16867	1642	1750	10646	8782	17829	8760	14569	10631	10929
154	54	17875	1188	8031	23746	8075	24026	6403	13199	11161	10291	14064	6194	992	24140	7641	7332	22607	6213	23956	6406	20139	8218	8104	12479	18839	9209	924	13294	18459	13077	4109	4538	11687	1653	658	20451	5218	10711	5346	7845	2746	18982	1023	7991	1143	4628	18372	6000	10597	3826	22976	13872	13162	16501
7	406	6191	8097	9008	10291	11095	16740	16482	17566	9595	20070	4103	10955	12379	14050	6213	7286	5372	8223	4104	10159	3796	12699	10551	16141	9603	22034	1384	1930	18171	11458	7981	8950	18814	8299	5009	18840	19196	22279	4099	8093	19003	3295	13068	4204	10924	15384	10994	6575	1002	23617	14462	16543	934	9131	18848	22140	16196	7608	14057	17988	23558	17993	6394	6397	17456	14307	4365	17984	17564	9181	5995	9470	9212	23620	2107	13801	5979	11160	5496	23182	11076	11812	7728	3045	16646	22218	6009	17713	6512	18231	3084	18526	23555	23204	16772	8125	24606	3090	16858	17496	2778	18189	16549	6743	1943	6717	18187	13288	5048	5355	5409	17698	20243	3537	10753	22243	8561	14281	23578	18194	3956	10482	17999	10451	10599	13706	11672	14864	8714	14010	7895	4209	12376	23995	8265	631	8920	23175	22971	639	988	7214	22980	10961	5176	14070	5994	7635	10685	15492	6190	8216	3438	19812	11045	23660	10964	19353	10479	9839	2330	7617	17695	10715	3264	11203	4146	18179	13704	8169	16789	6657	8062	13991	9280	2130	8917	17579	9351	19313	16757	10725	10757	662	14480	20976	16807	11051	18490	19469	11170	10552	15679	23968	1199	14561	16861	1102	10396	725	10437	8026	18944	22115	11807	18209	4360	2395	13610	5378	4342	17712	2661	7136	12986	16620	20539	7647	3797	6318	10259	994	16664	2243	12783	5986	16146	16765	16734	10572	11804	8045	19819	10595	13482	11060	11974	10720	1894	19232	18445	11590	20820	17752	19072	20066	18008	20558	16489	3201	5207	18166	18141	14288	9602	11646	4078	8532	16985	11153	9225	17575	5527	7682	16758	13307	13678	16471	20469	15857	9068	15962	10432	16542	9232	11224	15511	10904	17173	19829	7636	18776	10293	3215	7864	17200	19721	17184	13787	14179	11898	13060	11465	1537	20239	3240	23093	14861	12153	17593	19898	18237	14092	15295	22272	10769	1693	11920	5993	17455	10467	1832	18196	23394	6636	4405	22356	12560	7593	10428	19957	24017	17492	13313	23317	1545	23944	15509	14925	18185	24016	16838	14370	18403	15539	1182	965	16528	13773	5391	1958	5875	11334	4531	13263	15217	5104	4046	14292	19472	19524	13221	870	13306	13776	4484	18777	6353	18009	7948	7285	5967	16667	15156	22231	8614	1530	5605	17608	16386	19201	23976	18491	13918	14979	6214	11209	9032	17540	23992	18226	4192	16123	11426	10511	11856	14081	3072	17633	11101	756	12371	3311	23043	841	2668	4536	18406	18797	16008	5549	3285	2438	5264	8473	20561
7	121	22881	11118	22929	22904	22931	20653	9978	13092	16243	22893	22921	22910	22900	5324	8875	15393	22913	3186	20332	14641	22898	13094	20420	18882	18138	22934	23532	14932	22915	4407	22902	805	17868	2121	4639	22895	4622	13829	17838	22918	22919	23065	23750	4188	22937	17364	22928	15424	22930	22907	9189	19292	23259	22897	17617	22923	922	3243	2903	20232	2270	8112	22916	20077	18286	22926	13159	22896	13956	22922	3225	22903	1472	13553	18755	1712	17478	22906	19224	22905	20873	5501	3833	22598	22914	18044	22917	22912	22936	9355	22938	22911	15809	22939	2695	6361	7108	9058	10018	3994	19930	16249	21000	6001	9946	22901	7644	17672	22927	2625	24174	19305	22942	5499	22935	733	14967	18137	22924	22899	13863
165	47	5775	12379	10159	13434	9908	9614	6746	11055	1733	18233	7848	12368	17548	6359	13704	14351	10977	3229	16861	18850	13915	13195	11215	22995	16915	22310	14928	17461	8226	15295	8689	19373	18606	11141	2178	24016	6526	5987	8763	10679	16945	13149	14506	19756	7132	3276	15487
165	48	16701	1320	16058	10114	9154	16053	9164	11056	11057	19923	21559	7848	1187	20451	19432	6958	20137	8183	11946	4709	3882	2888	8111	1372	8134	3570	21237	16273	3613	7790	16049	13936	23348	2224	17347	9561	4292	6957	6526	8663	20819	7752	17747	8006	20892	15261	15003	17689
1	38	5324	21000	9058	22910	17868	12793	23750	22928	22911	9198	18882	4622	8051	22598	22897	22938	20232	22933	3946	18504	4483	20859	8485	22205	15691	24393	11332	12199	8383	2676	3703	4270	22941	18678	7791	13391	22904	637
1	19	22940	364	4743	8131	2032	4840	2034	22870	23767	2033	12449	19945	12199	22984	3741	4541	3543	11659	20577
204	12	6194	18839	6573	22030	10448	8041	15092	5453	6699	23101	10631	11192
204	3	14686	5503	4753
153	37	6194	9250	10291	6403	14064	17055	13162	8031	4710	22034	9002	5379	16943	10903	7554	12479	9024	10399	23746	13077	12211	13801	1143	9209	4368	12588	8218	18372	22976	10932	8714	661	6406	13199	4818	8760	24268
153	41	11003	22034	5226	22122	23621	23936	5399	8031	8760	11062	14569	14064	22607	1653	9024	11075	8102	5628	13199	19607	12588	10932	23956	7638	24268	24412	13073	8742	2746	11358	5218	4536	1642	7255	8782	8041	992	629	9472	3405	6816
100	21	6642	24582	12589	16141	22656	3295	23644	23182	18591	14450	9132	21022	19385	8997	2129	8646	8763	11294	3843	3311	9281
100	21	13215	10632	8727	9181	6642	8542	23746	14050	14057	24582	23930	10599	19814	7647	19642	14070	6625	14450	6512	13482	11698
101	18	6642	24582	14050	11698	19814	23746	14057	6512	10599	14450	14070	13215	7647	13482	8542	9181	19642	10632
101	19	22656	14450	23182	1949	9281	19385	23644	18591	3843	21022	11294	8646	6642	8997	3311	3295	16141	2129	24582
90	6	7473	9116	10606	15652	9366	7902
90	7	4754	8671	9366	19481	6138	15326	7902
255	179	1013	12422	18333	9595	16871	9217	13291	998	11080	17638	4220	23982	6510	13688	19003	11837	11785	11205	9230	6314	9146	20233	15191	2434	17986	10944	3668	8721	9007	3598	4537	10466	7665	12980	5123	896	11212	9607	11812	23966	8054	10953	5698	23004	6002	18352	3090	23314	13288	23350	10420	11064	9298	17057	20171	11854	22805	16184	17973	9222	3943	7573	2047	6217	14696	24004	5238	5802	9009	11047	3536	14660	10685	176	12565	24578	24570	1161	5206	14477	13898	2126	18734	18174	1953	7639	12972	10973	11091	4211	10348	11284	14145	16555	11350	1539	15203	6587	1640	19720	24439	10622	22476	628	13813	16793	10998	23991	16459	4345	22217	22307	12568	16496	1858	3289	14288	9225	16185	6833	17197	15589	1115	22262	1175	109	105	16218	161	128	171	20898	14672	178	4151	197	126	172	18895	18078	7298	235	95	622	237	12998	238	240	20882	242	4046	15923	895	250	7285	3365	489	8938	264	261	263	15416	280	22203	2682	24003	13081	7941	11310	13661	11458	7678	23933	12515	5070	10990	253	20690	8981
255	177	11103	15546	15447	6832	998	8216	24003	16505	22136	17674	4220	10446	6523	5203	14054	16713	22217	23978	9604	5979	8518	5031	14462	11854	10944	1602	8934	22140	8722	5215	16185	24009	7553	24006	23004	5070	13761	14752	2668	1451	10161	7993	13333	12886	18353	13675	1129	6514	23351	10694	3652	22323	17058	5796	4222	11000	18858	11270	9221	17812	17632	2046	5854	24405	6389	3598	11210	19419	1953	8043	13308	14660	9524	170	5991	24576	12071	1162	20876	10644	13398	2724	13438	1906	2722	24578	12972	10972	13083	4215	10992	11281	1205	11350	16555	15202	5627	10519	17184	15182	15789	15896	13493	16560	16793	1113	18328	23393	19070	11785	18309	18202	5518	11742	9111	11812	11672	14296	17197	14092	8750	6191	10966	105	102	464	137	124	166	1851	20319	172	1337	195	122	167	2104	12763	7296	216	94	14696	217	11740	218	220	7941	226	5685	4346	896	237	8146	19929	4995	18895	245	243	244	15416	262	24533	6416	23966	20882	7575	895	19592	1595	4348	1009	22218	14242	16863	239	12228	11091
232	39	1013	10912	10990	22810	7678	13683	6574	2131	3737	13497	13430	6808	9230	17227	13676	17235	23988	848	4745	17251	16481	14351	13693	7847	16611	10973	10970	6745	13422	17243	20067	3844	14171	6396	7201	22816	14567	11682	987
232	40	11103	9228	16863	4133	4348	17234	4107	10974	19882	23204	17423	14030	9604	17231	19530	24485	9119	9229	13687	23927	11095	11231	14765	4100	20542	7958	10972	2773	10907	14654	17232	13563	13690	16525	1651	7761	5063	8938	6742	19881
208	282	17834	19402	22965	10059	13521	3445	19396	3023	2621	13524	1225	9484	17516	16970	23676	1265	8232	4946	9777	5286	9807	5563	524	23758	18995	3256	22087	17143	570	17286	21454	1312	5340	2944	3687	19339	15272	3731	17217	19049	8515	19130	22086	12653	10219	21270	4056	15196	16894	17169	10386	24376	20358	7487	8960	6128	23650	23815	12394	22051	17642	9753	20588	14661	19727	16190	16413	23882	15980	15021	19770	20477	20762	6921	20871	16430	2688	23866	21579	1409	2563	6101	9485	8500	13576	15375	21561	7207	18553	9767	23662	23795	7450	9778	7690	9812	15604	9720	9820	17848	15799	7471	1424	20409	21389	5708	3689	3690	19397	9471	20870	5078	21697	1253	9706	5946	5489	7101	21778	15050	9780	885	22841	15189	18873	15348	9520	2294	9808	24391	18281	9101	8505	1206	2565	15611	23356	15409	19903	9968	20174	9	9890	12949	12621	1676	6087	4868	7412	2639	15525	10207	19828	11125	9496	5952	1345	2162	11409	24385	21536	8388	18280	16109	19830	22040	10225	1346	21033	577	9880	2277	16375	1315	8658	7892	18765	1423	11657	12038	4551	3507	12961	9709	2811	9055	21028	19698	3909	4641	23716	21302	9398	903	9878	20347	5298	22424	17904	12701	5904	13131	24389	20688	4477	3494	9702	13091	20761	21252	23788	7789	21297	9943	5504	19837	579	12751	20424	9700	21481	7368	6442	15420	16656	12750	20337	16055	18099	23806	18062	24199	21643	6280	829	11415	11290	20414	16013	15738	5833	2435	11526	13143	18544	5111	5956	19877	8319	11413	5852	22643	19678	13110	20177	2673	23810	16895	23914	9112	5925	5906	21136	12295	14082	16213	13014	9976	22500	8258	1228	5950	15969	19532	4196	24577	23783	15713	16663	21428	7144	9755
208	168	7624	5029	9066	11003	16597	23703	16480	18492	11794	17449	6536	16725	4946	6182	20605	1841	15527	4591	21587	17985	5118	21264	7416	21298	14621	6580	20311	1235	21871	480	15834	15195	18598	18808	19778	21690	7831	10355	18413	3478	12296	8843	1632	19637	5092	2216	4729	18391	20095	11084	7238	3467	21723	11287	4684	11257	1999	4137	16994	1214	20522	2810	19697	22275	12224	469	16546	9601	2802	2660	11204	6328	4413	1238	20512	21043	8800	8641	10596	17345	12130	8211	10334	14095	9984	16308	23224	17215	22522	7951	1657	332	8243	22591	4359	21140	1441	12802	10869	22395	11236	21141	16174	9554	12878	19990	11652	4144	7393	10531	17905	21378	4802	20391	10474	23623	491	16841	14000	11592	6460	7163	519	22241	4229	24054	10931	9536	11462	7700	24107	10680	10319	14562	17285	9059	17970	6815	24172	9374	12043	1000	20700	6280	23932	21068	10563	14855	12289	11340	3382	1854	6923	4210	737	22566	1085	20339	11989	18822	11670	22581	3223	18703	17670	10888	19961	16145
209	282	17834	19402	15713	10059	13521	21428	19396	23783	2621	13524	1225	9484	17516	16970	23676	1265	16663	4946	9777	5286	9807	5563	524	22500	23758	18995	3256	22087	17143	570	17286	21454	1312	2944	3687	19339	15272	3731	17217	19049	8515	19130	22086	12653	9755	10219	21270	4056	15196	17169	10386	24376	20358	8960	6128	19532	23650	23815	12394	22051	17642	9753	20588	14661	19727	16190	16413	23882	15980	15021	20477	20762	6921	20871	16430	2688	12295	23866	21579	1409	2563	6101	9485	8500	1228	13576	15375	21561	7207	18553	21136	9767	23662	23795	7450	9778	7690	9812	15604	9720	9820	17848	15799	4196	9976	7471	1424	20409	21389	5708	3689	3690	19397	9471	20870	5078	21697	1253	5946	5489	7101	21778	15050	9780	885	22841	15189	18873	15348	9520	2294	9808	18281	9101	8505	1206	2565	15611	8258	23356	15409	13014	19903	9968	9	9890	12949	12621	1676	6087	4868	7412	2639	15525	10207	19828	11125	9496	5952	1345	11409	24385	21536	8388	5906	16109	19830	22040	10225	1346	21033	577	9880	2277	16375	1315	8658	7892	18765	1423	11657	5950	12038	4551	3507	15969	12961	9709	9055	21028	19698	3909	4641	23716	21302	9398	903	9878	20347	5298	22424	17904	12701	5904	13131	24389	20688	3494	9702	20761	21252	23788	14082	7789	21297	9943	5504	19837	12751	20424	9700	21481	7368	15420	16656	12750	20337	16055	18099	16213	23806	18062	24199	6280	829	11415	11290	16013	15738	5833	2435	11526	13143	18544	5111	5956	19877	8319	11413	24577	5852	22643	19678	13110	20177	2673	23810	16895	23914	9112	5925	8232	18280	7487	22965	16894	9706	20174	2811	19770	24391	5340	21643	2162	6442	4477	3023	7144	579	13091	3445	20414
209	168	7624	5029	17670	11003	16597	23703	16480	11794	17449	6536	10888	4946	6182	20605	1841	15527	4591	480	21587	17985	5118	21264	7416	21298	14621	6580	20311	1235	21871	16145	15834	15195	18808	19778	7831	3223	10355	18413	16546	3478	12296	8843	1632	19637	5092	2216	4729	18391	11084	7238	3467	21723	20339	11287	4684	11257	1999	4137	16994	1214	4229	20522	2810	19697	16174	22275	12224	469	9601	18703	2802	2660	11204	6328	4413	1238	20512	21043	8800	8641	17345	12130	8211	14095	9984	16308	23224	17215	22522	1657	332	8243	22591	4359	12289	21140	12802	10869	22395	16725	11236	21141	9554	12878	19990	18822	11652	4144	7393	10531	17905	21378	4802	20391	10474	23623	491	16841	11670	14000	11592	22581	6460	7163	519	22241	24054	10596	10931	9536	11462	7700	24107	10680	14562	17285	9059	17970	6815	24172	9374	12043	1000	20700	6280	23932	21068	14855	11340	3382	1854	6923	10563	4210	737	22566	1085	11989	21690	9066	18598	1441	10334	20095	7951	10319	18492	19961
172	10	7230	8134	10114	13272	19722	22880	4572	19920	20664	8606
172	10	16761	1595	1200	9206	18188	10339	9080	5036	13588	14254
66	70	7530	17773	22704	3758	21624	900	980	17165	22260	14962	16053	21739	13966	20018	17	11626	20011	8183	15081	13406	6093	2955	24106	21104	20894	12384	14491	8668	12705	12011	21771	12010	4888	14402	7222	8985	17068	20901	2056	4778	21107	5574	14889	21392	21917	21131	9291	16189	1456	4734	21194	10688	7094	8456	21896	21387	7770	22318	19105	6471	22375	20917	9220	12243	4992	16595	21470	6092	21749	6619
66	31	496	8562	19996	2218	1300	22320	4649	21526	2028	3902	2079	13898	3546	12787	23122	3827	20023	14117	15400	22572	15966	5287	14783	19325	17646	8846	429	19037	22943	15114	3395
221	342	7332	8244	10955	17434	14498	10618	9837	3456	18897	22132	16438	716	6331	15307	14058	12504	18677	7284	11349	3715	10942	18184	11802	1656	6397	5014	10413	11724	16448	13801	14109	13657	1613	24008	10988	13447	7953	3802	22245	18444	18240	22670	11122	7576	22368	1122	9210	19375	6351	6125	2774	19349	14001	5429	15469	13873	10418	1597	15490	7957	11192	5869	10269	11432	6709	22495	16457	22247	748	11725	18936	1744	10515	1302	16721	3298	9118	10984	9611	14060	14552	15563	7552	2333	1127	8929	1090	14047	16384	22304	5228	13699	4569	6052	8452	11592	11644	24187	4134	12608	24340	11757	5752	2726	10654	8228	20293	6091	4873	19374	7939	11148	4115	13624	603	3422	2680	7614	14921	4092	22434	17622	15175	15513	4399	24414	13781	5464	12419	602	7611	11170	10960	14461	6576	13902	24441	13700	5066	23194	19474	12514	11955	1358	959	10536	1641	17100	23392	7945	18796	15210	1406	12158	14720	11818	4415	12564	7579	10530	16750	5678	23945	16484	20694	5470	16664	2436	11884	738	23235	7637	18454	24087	6712	5126	10397	1585	2057	10629	8841	8168	11215	20531	6407	5395	16093	2143	19607	9027	10884	22360	18000	1899	10457	20487	12834	2745	18423	5894	6875	6376	14063	5147	1658	24506	8236	22601	9078	5182	12578	7914	15305	24440	24438	8999	13618	11744	20313	11262	23561	22125	3790	11729	3219	1470	24184	16618	16241	6382	18201	10845	5175	17870	24011	20240	4752	5081	6899	18517	10836	6896	23748	4234	5422	16377	11965	12080	11311	13842	11099	8647	18034	18704	20249	773	24505	11969	4143	8851	23165	5404	13975	10467	17120	19331	6188	9271	9654	10015	7593	15964	10313	6473	901	1852	3650	18809	7574	12291	4971	18830	14371	5165	5568	13263	1520	20720	1353	12801	24025	17607	10659	10908	12145	24021	11622	4905	3487	11678	18730	3480	19269	9270	6540	6555	20791	18887	5119	18254	10480	19860	3161	11038	10444	14506	6053	1940	3072	1904	14048	14971	10716	10385	11325	20578	11913	17871	11977	13707	18391	22290	10839	3335	13281	18219	11782	8965	22999	15205	15893	15302
221	77	17064	10640	14566	16058	17219	4652	17502	10096	24176	6269	6966	10068	14679	9366	5816	19734	20451	6306	6958	17196	9092	19431	17747	17346	13326	6354	4694	13957	12853	9865	14996	17347	2888	6256	23097	16666	19093	5700	20778	1692	4048	23249	13090	19946	20851	21842	804	6630	12721	13451	22895	8667	14992	4487	4280	6946	6811	18350	16198	4841	7473	17298	17294	13251	13092	13808	3351	10114	16671	19509	15003	5857	14565	8571	13409	7699	15059
122	115	7416	20008	21264	5305	9601	21716	2299	21153	17021	21795	19968	7767	4475	850	4591	2821	19687	2308	17800	301	6897	21068	1591	6495	20052	20965	21587	20982	6678	469	19218	4511	23616	19778	21253	7105	7827	2151	21137	4845	14839	5193	806	19018	21832	12878	17484	13123	21654	2211	2160	21728	14855	11993	16212	9374	3016	3247	21480	21148	23908	5828	21266	6094	11338	21837	2992	22744	409	23073	21843	16597	12084	24158	18697	14391	21529	21700	2620	20416	21722	6553	1334	2366	17215	16002	14423	17449	21206	7460	6968	5331	2930	1773	12446	1237	12852	15013	2462	12808	3199	2214	21278	14948	13928	15278	7135	18695	21973	6109	7468	6369	21298	21362	21714
122	126	2630	8127	11143	3425	5305	9601	2853	18057	10771	23735	18422	10571	7767	16949	850	4591	10603	1385	9257	7570	2308	17800	301	10553	18588	17362	7940	6495	14394	20052	20965	21587	20982	9835	16517	14468	19218	4511	11847	7587	3271	20998	7105	14503	19601	5451	11957	14839	22449	806	22142	5168	22237	19527	5353	12610	3232	2160	11196	6876	14855	11993	16212	11112	3294	20562	10798	15558	21148	23908	19753	21266	1682	20277	11338	11070	2992	22744	23073	21843	5358	1090	8047	16554	14392	14391	21529	16837	6140	20416	13084	4487	23249	16666	13714	17356	18139	2366	24460	10796	17694	14476	1591	7824	6968	5331	5671	6859	14379	10874	7741	16785	14387	7700	12154	6929	15278	7135	5359	21973	6109	7468	18587	21298	11970	8039
297	65	8397	17434	6425	5540	9640	4721	18108	15600	7106	21950	21844	20168	21232	21989	2264	5344	22719	21962	20367	22299	19334	21608	24108	6903	9764	16048	21613	21468	23844	6959	2263	8597	21939	13374	321	10528	23801	21243	21560	22381	13375	2116	3191	21138	6618	13376	16960	17283	24080	21765	20726	523	356	22951	10190	17902	8699	22005	21332	19737	16077	20987	22537	2777	21042
297	22	8398	20139	24071	2261	20137	13050	21979	24399	3758	4545	23844	23362	13373	19572	22380	7734	21938	20461	17282	14682	8698	20986
323	19	7902	10606	8671	17293	19481	15326	9519	15419	16263	11463	8963	18432	1801	10023	4755	9366	16880	822	15403
323	9	9366	7473	9116	15652	5184	10606	20651	22772	1802
329	2262	8015	7946	11109	15095	22199	14383	23087	772	10506	13620	18487	3081	18411	5811	15443	5232	11134	10464	7287	18540	13901	975	15918	13223	11827	7812	16520	4316	4296	18924	18404	8618	4822	13768	2871	16332	5314	17181	10859	24348	14479	5772	18418	23026	10922	23577	23666	10393	14017	5367	15296	8221	6084	11429	11830	13961	3080	6100	16475	13739	10199	22447	3807	4422	13809	22404	22406	20629	1702	5224	8529	2837	963	1511	14348	5265	13418	8250	6835	16172	1620	7811	5780	1120	16672	15458	19381	2072	11880	22387	5347	7612	22225	3872	10975	20406	8189	10797	10566	8746	9531	15533	7270	19529	8479	11251	15950	11779	8484	2460	17635	13356	11442	4606	12535	6291	24619	15323	15219	20272	20285	855	16561	727	2663	5210	22408	16088	18515	10868	1570	7684	15567	24591	5558	4338	7154	10721	11344	868	3216	4300	6147	5245	14344	5672	16775	11207	16527	14065	24042	23622	1573	16330	14465	10897	19612	19118	3092	882	769	14323	14277	13869	8267	16257	13965	7613	13635	10244	13984	15476	13783	7302	13486	8222	13222	4613	1442	15480	3085	5417	8239	13868	11796	16781	24113	1496	5269	2744	13848	13179	7414	7155	16509	9844	14322	12357	1040	13803	1032	23274	5477	13495	17682	22416	18005	5744	14432	3820	176	11278	13645	11017	10965	11137	23377	10449	8188	13232	1561	6338	14018	18056	12655	20281	5004	5799	20276	16844	14540	5394	7851	19382	20403	11144	10692	11267	18801	18017	5272	18246	7202	11395	10326	19114	7956	16836	7917	15312	11428	23667	14393	7589	7955	15176	15460	14368	8860	1052	18393	9028	6751	18210	18998	14436	3106	10102	973	4323	12659	7852	10274	11858	23115	2144	9041	15358	9944	14339	5054	22102	2335	20974	23137	17506	5243	12505	18007	18625	8730	13702	18012	13817	24531	22451	4015	8287	23387	19429	9176	11026	17202	933	4320	10982	10489	13621	10185	7289	3091	2729	22446	11254	9693	6750	8273	9832	15507	15766	10581	7809	1083	19356	24574	14671	13943	16708	16513	11870	14037	5724	14703	18799	1731	4922	22452	11686	24223	17504	14913	22472	8141	5197	2898	18316	17823	14486	7947	15932	22561	10665	7116	16381	17578	7572	16935	7988	3812	3167	20230	5275	24557	13625	11446	4160	14310	14438	14433	12497	6641	15275	1527	1571	1286	4526	18596	11860	4315	20236	11888	3409	8197	17397	9613	14042	20199	23041	5360	4437	1823	10271	12424	777	768	13667	7212	10495	11829	13754	17664	18513	5042	7248	22436	14349	12534	1552	19266	11881	20287	18833	20191	8246	599	15501	14920	15917	13982	11184	8811	7279	7240	13214	2865	23048	14734	15146	14142	22396	6347	16707	10406	19355	20250	13989	5047	14753	17977	13234	20874	4527	22056	12458	16786	22183	13894	7261	10538	13735	18343	15667	8566	4311	14794	11890	3304	18040	24032	19582	15459	9290	3822	12048	11087	3082	11736	1551	1375	3297	1021	10882	7441	5641	20200	19445	9692	18320	6741	19135	1730	12212	16439	15299	22185	1168	23541	1098	8248	15485	5769	16751	11784	8220	11178	13771	7110	11362	14343	6880	24561	12455	9211	2875	1082	1144	11283	18819	10425	13858	5647	18252	20614	22029	10569	12575	4878	8214	2440	12579	16340	10683	722	12105	16539	17636	10300	11246	18304	5260	13639	784	11259	20056	7952	13638	5248	14325	18305	14691	19315	9284	13636	1735	5526	18335	17185	11792	18483	14361	1541	22647	22825	12457	624	5050	1576	24503	13268	604	23117	13510	14173	5044	23113	5944	10503	5629	7757	15496	5311	16986	6168	7249	16474	12585	6732	3108	1219	8486	1283	958	4182	16819	5273	16333	6334	19253	11346	9896	15267	6428	16771	2743	11828	10821	24055	18715	11457	5884	5211	18032	6192	13581	14512	23386	11836	17533	5455	11799	15672	2141	5478	14364	5778	2136	18984	6165	18265	15919	2872	18530	7291	11295	13731	11273	18317	14698	10112	8007	24329	5428	10516	1554	20966	23173	11883	3800	16839	10262	8107	20255	16581	5401	6089	16171	460	19609	4254	14455	20245	6864	14487	24434	11603	6051	7938	18154	4832	18398	1100	13303	7655	6357	9208	11936	17762	13770	5638	22391	17809	13655	1705	8251	8826	14146	16234	7972	11815	24598	17604	23020	16422	9504	22693	19042	1160	13218	10582	13795	22229	16111	19225	20292	9300	16110	7849	1018	8538	14490	10431	13181	24326	4826	14968	4748	14055	1740	10144	2439	5045	19383	13247	18903	16087	4517	9606	4136	23035	9202	12209	1080	6878	6097	13716	10784	6586	10332	8271	613	3818	13834	13939	5221	23049	6541	11307	1307	15820	13750	15090	1902	8058	23730	14837	7658	1060	3813	19654	11268	6375	18764	3815	6882	12456	13762	20674	11874	6368	23044	10890	9299	12433	19011	14609	13637	13641	1536	14614	8407	18803	867	2879	5759	10782	16849	10579	16873	6454	4917	10391	11155	16582	8279	8534	13629	16259	15437	18161	16857	1131	18800	11306	13220	18412	24243	19259	16865	22383	10500	12453	17925	9851	1167	22397	19619	11445	14457	1234	18414	14515	10768	3310	5290	1195	19602	16462	4612	20564	11873	8539	16444	1489	9926	11875	11019	13767	6503	7326	10252	5774	13171	22376	1550	24575	7559	8225	2140	3233	6881	10575	3791	2856	18059	19565	16563	6373	20273	10785	22055	1557	17976	16583	9904	19800	7097	13167	18621	8242	23947	16565	13703	11175	5049	16201	1020	1066	4571	13738	20996	12684	13656	8237	23957	11016	11110	5438	1078	13878	17675	11885	14005	23086	12675	1954	10748	14652	13644	8074	22060	13037	13973	22118	24516	16936	13818	13235	18310	22405	20224	6719	2331	18253	13988	24534	23964	18178	16194	1280	5805	24317	7810	14454	19268	20841	16674	15555	10570	14075	2666	13864	18218	914	13653	22187	13856	10286	18244	10657	16469	5310	8743	18901	15845	4321	20428	5252	4592	742	22054	1086	19519	17634	8083	5279	6086	7098	10667	12217	8114	17005	1694	24272	5266	5761	11438	4149	11378	11140	14440	18355	4746	20401	15922	24427	4378	24567	23388	22550	1146	20615	13507	11264	7252	9043	5721	1011	17969	9891	5776	24605	6568	6659	3407	5798	14710	1103	17553	3886	11716	14443	24617	15494	8010	11343	11279	15961	11190	10254	1544	18415	5625	15325	13815	16609	18020	19276	7657	7303	1546	18312	18832	8713	17926	13646	15218	1043	13736	24053	23040	10247	7936	1547	14591	13978	10740	10896	11363	24221	12574	8567	7844	15010	3413	15535	18327	4090	13749	5261	13275	1931	2734	20201	13236	9036	16855	3669	779	18538	7109	13895	16491	24579	5773	18802	7687	11600	14074	9512	7443	14434	1582	18224	4611	8451	11444	15293	18902	13276	13799	7205	6707	8240	14608	13727	6383	7253	1722	7615	6207	19500	15666	13628	22124	14439	14022	22192	17505	11772	6590	10103	10273	4031	10189	18169	10663	1047	6927	4009	12119	15537	8489	1084	1495	13648	6658	14200	3157	9000	5797	1753	16286	1868	19250	12054	18567	8810	15930	14388	20980	18234	1668	15065	4914	24259	20659	6643	19270	11403	7601	18123	16564	22116	12281	15470	14492	12337	1446	14880	9936	13882	24318	23273	6592	11889	22441	20279	5157	18601	5330	10255	24433	12509	5656	5043	9917	19073	600	12159	11185	10791	3418	4330	10504	7944	5584	15352	16729	6542	16519	1350	20896	24007	17881	11240	11375	185	5436	11866	9949	170	5370	13821	19248	16580	5583	17536	14224	13765	17996	17522	15963	14610	16301	13734	1743	22388	14244	20183	24193	20753	22654	13919	19458	24430	8076	12571	15855	14178	13425	9380	18485	9897	626	22493	1075	13658	20755	16094	23310	16082	20804	24428	15927	6384	5387	5253	12081	19013	9698	13942	11456	5655	23094	3821	8728	19614	5517	20864	9289	11188	19459	14881	20752	9350	24001	4926	23106	1970	6462	17186	24568	5812	9134	13744	11249	14600	2459	18486	3088	24248	7203	15944	24580	13976	15290	15063	10586	20681	1107	11243	22133	18321	20680	24260	5810	22233	9204	2924	22266	22134	15532	10364	13630	14519	14470	10400	22403	13650	14862	12414	12459	5216	12576	11455	6817	13183	13701	13880	22420	10390	24552	3087	19267	5368	17856	18846	3166	10562	16235	1348	6812	10899	11966	20812	5289	8078	12430	11660	10200	9623	8625	5354	9020	11237	16455	23591	2197	8009	8108	16788	6644	5155	24540	16419	24418	10767	11443	22240	11633	24305	23270	1824	9505	11867	18407	11024	11811	20274	8449	16418	23266	7597	1049	5381	16682	13664	20981	7629	4194	11631	22248	4332	15554	19537	5882	7807	23311	24311	1065	12583	7183	13589	15091	11882	16443	9905	1513	24308	1507	5886	18054	24036	13970	10693	10105	8241	19257	12102	15924	14895	14445	8008	13608	6200	24315	1377	6497	16559	24564	5448	72	14427	8476	751	8540	23376	1349	6522	9193	19014	5304	1233	4068	16709	24419	18851	86	9894	23206	5883	23268	1416	15920	15921	11791	10583	5244	16607	18821	1149	14431	15786	15788	18371	23210	23025	1359	18824	12570	13231	18323	10529	24603	19231	10392	1968	17630	24238	19277	906	7440	20057	22435	5793	1070	3303	15311	13651	18585	4918	1822	909	11018	13243	18332	1900	14041	3107	11314	11322	24168	17498	13246	6367	8623	4814	17842	1512	20566	24501	16769	23374	19251	15488	10819	9893	6479	7096	15324	1936	1185	207	19176	1972	13462	24529	13168	3819	13855	20432	12548	24030	5657	10537	8482	6607	9933	23215	10864	14693	11440	16937	2859	15483	1860	10852	20196	16530	5196	14441	1892	13977	13571	6570	4929	6374	11180	6703	17530	6380	3169	10281	968	15137	13712	13709	11441	10898	24314	17527	18390	23083	11242	11151	15489	11720	11179	11181	20805	24239	8284	1501	15486	22421	7160	16420	24254	4271	7288	19258	13940	9231	1042	6186	11384	5046	17613	6731	1747	13184	10327	13176	19788	15949	22186	16334	15309	16658	1553	11309	6356	7445	22364	24618	22367	7095	7943	20198	1732	1737	2444	24528	18251	16847	22305	23243	8688	19893	10577	20788	6640	14607	11397	18247	8190	16023	7301	24286	15197	19140	17872	16950	1728	23284	5653	8061	11159	7954	1739	14003	8690	16327	1497	9269	4506	8192	4830	14038	19461	13971	12409	20185	14078	2664	19330	18813	9950	6639	17497	9940	14104	17610	17854	23320	24553	739	875	4923	3403	10494	1387	17972	872	9608	9831	14004	14601	6160	20991	8814	13944	14369	5247	13824	13649	23242	1087	13169	8186	17832	4927	18541	597	8187	5472	12673	14851	5803	18926	1041	12161	2209	19719	2059	22429	13990	5522	5156	7814	16302	5471	14389	1764	13669	13652	4920	24607	9834	4507	13941	18844	1019	13038	18614	13161	15495	4499	10394	18613	10253	13355	13173	11751	19260	15560	13613	11401	13283	11437	5199	8057	4921	9938	4097	23322	23272	12207	5154	14927	5714	22058	15008	4414	1745	18574	16572	13626	3410	2424	3284	13241	11632	18221	16599	13170	14360	7283	6548	5271	13640	19234	22419	13174	13300	7560	3808	10777	2711	5630	14073	13814	18368	13756	6733	18324	16021	2730	15089	13237	19475	23285	24423	14924	20613	5140	23305	11893	22377	19235	11050	24035	14474	8060	15929	8126	19585	1912	4298	20825	866	10284	16239	15536	11176	5205	10843	22998	7962	1834	19312	11405	17687	14131	4609	6930	9899	4377	1046	19615	3164	13745	24267	17704	6355	18609	135	162	1096	5255	15790	173	14138	9959	10934	22973	5779	6730	18810	11372	8101	11835	8018	783	15776	14521	1479	16118	15455	16499	12014	14711	23085	1141	6795	19236	14507	11834	3067	23373	19278	23330	17537	10813	12510	15502	11937	6645	6606	1081	15725	11324	4367	1196	3159	8644	15892	4919	4885	16211	5809	8861	14111	5942	8478	18963	20188	23244	13586	15550	13584	10162	11695	5768	15751	7462	11321	16577	10106	15844	3412	1765	18375	13212	18938	23283	7250	18319	18357	18228	7642	10567	1220	14020	23345	20774	2125	7213	11359	8980	14648	7659	14714	1099	4162	1599	8648	966	19262	10395	225	6646	7231	24264	13662	7442	4733	23214	8193	22359	13297	9620	5633	3047	7850	9590	14027	4395	18532	13647	20197	601	690	3168	3162	10532	7937	11381	9627	12124	729	23241	11317	10584	13740	10580	3312	224	6415	11774	9378	7331	17624	13582	19272	5295	15926	227	12215	12454	14446	6622	15292	7882	236	231	5291	8825	19608	12480	7603	1515	10275	10030	14517	13410	12382	1095	4334	9618	5634	10701	1504	15559	7950	13755	7403	6056	6426	11269	19438	3183	7327	14355	22053	18260	8198	1192	15007	11171	5313	12946	14072	10770	18708	7986	18378	5450	5771	5898	22308	9843	11302	13502	1194	18735	14692	6003	23050	15484	11275	13826	20184	17383	9842	24255	2662	4331	23948	17824	19422	5940	22197	4404	11252	1560	107	13979	7602	24532	15498	20668	14337	16562	7254	16941	9836	12108	20671	24587	17534	11327	132	5223	14619	20300	20289	14700	10751	24304	18140	10849	8274	11798	13274	8930	14356	19273	8396	12140	16801	1001	9005	13239	8992	1500	11976	15473	10424	22407	15928	23321	20209	10168	1542	1932	5235	14093	6591	7577	18861	13933	23344	12569	19702	11255	7759	17529	5730	12782	7740	4855	19012	9207	11739	2826	16797	1071	14442	5434	10831	20302	13240	13920	85	5251	16746	10561	24034	10257	15266	7179	11453	22374	272	16574	24316	22184	991	24517	10251	17943	18369	258	9621	6330	17420	23276	10949	14532	7580	22242	6560	13393	3156	2560	5270	3417	15787	6774	23589	16939	24550	16610	14435	10249	168	1045	24422	2559	20062	23559	23733	10346	10121	24334	3054	14976	11869	19421	5750	13732	10415	13587	24002	18111	13729	14531	5449	11300	11370	13172	3404	1734	11848	23313	19275	9616	1420	12126	4011	1050	16566	23180	14494	14499	22268	5632	5897	1881	9900	19244	8276	1166	4302	5237	13811	16669	8166	23523	14168	3416	17722	13225	17971	22361	12572	11305	12559	14539	5431	8685	9625	24027	8480	14701	1417	7290	9201	8098	14563	11971	16531	13796	1069	6478	2742	5326	12584	23107	6346	5439	8133	20756	13465	10991	8812	5294	8138	10744	13230	22678
329	583	6626	15153	3951	19970	7028	3964	7021	481	18385	11467	7555	4575	15749	17895	8001	8675	20492	5639	17141	4568	24173	12018	7020	17500	2085	5061	7630	13004	3386	20094	916	18752	18645	7512	10117	15427	7003	3187	4966	13532	24182	15707	7080	18466	7038	18883	14266	7140	2418	10243	15124	7024	7027	17743	1452	7075	8633	23288	7044	16931	486	5734	3529	7828	3697	19921	442	9197	19360	23773	8942	20977	4934	17071	19484	19101	8135	24096	19134	17476	17450	13439	18779	12533	8427	4006	20811	22685	18302	7073	9696	3041	9483	23151	23015	7029	13285	8300	7004	2429	3612	434	22740	16917	19133	5880	4603	9666	15404	24114	9122	14596	11469	7821	9660	9462	12466	1327	7032	3155	7014	22616	15955	10113	438	7042	7010	18646	897	3597	432	7037	7043	15160	17140	7822	18630	7054	4824	8678	11433	6284	18870	2083	20098	13008	11752	18046	16355	1710	18269	7074	4561	7081	9982	482	23039	15746	2013	22765	15123	7078	17001	1357	14223	19061	15	17715	2155	17625	16702	17503	7239	3530	2149	18635	1074	18449	15121	18896	4559	4565	18881	16590	11712	18643	22284	9979	7267	9736	435	18664	2036	4860	16221	12056	447	3561	15390	4457	8795	7023	3527	16312	9394	15127	15785	18666	451	10242	22745	4823	12177	15139	6255	3911	2012	20707	17468	10381	1617	483	4563	2035	12679	17000	1919	23896	13158	3578	10063	4784	7444	12478	23079	3419	7077	441	3555	22763	23262	22741	16848	13511	6998	11561	7031	12981	24226	448	3528	440	22770	7062	7048	14730	7016	7006	7079	3549	4557	13501	16225	17074	8805	23152	11891	6986	3997	22761	16692	22189	7025	7005	7060	4532	18516	2109	5661	5660	16	2748	17027	3554	7072	7009	11705	4558	14655	10028	11468	3625	6931	16232	16694	17627	7071	23640	3726	11945	18095	20925	7051	17398	937	3531	24466	3769	7404	15140	3263	18890	19958	7034	431	14407	926	7556	1898	4806	4564	23346	16299	12452	4962	22861	2380	17946	13980	4560	3486	22767	6996	10238	12223	20038	7057	7019	15185	17477	23150	22946	18649	433	22742	17490	22679	9733	7083	17046	7056	7085	12539	20093	7000	16884	20039	17913	3949	15798	10316	443	21015	5663	15103	19292	2037	7066	6488	7055	18641	22884	4639	2903	22797	7001	17501	4067	15102	6220	7069	18754	7067	15126	7053	23289	24292	436	18629	18682	8827	15122	452	15516	13329	20708	4638	7040	3239	18879	7045	7047	20799	3571	7035	15421	6997	7046	4974	7039	7830	7059	18465	3337	17736	8866	2174	15319	3400	3846	7011	20418	7036	12218	7026	18644	7007	7033	7715	7084	983	2082	7050	7030	12237	7002	16290	2084	6627	1611	7015	6999	7012	23864	9319	3557	5071	7061	20475	5588	7017	11466	3193	17744	3556	3553	9387	3576	449	13474	22764	18648	3562	5145	1309	2075	437	15720	6985	453	8253	11548	485	7479	13353	12517	7052	929	13420	18632	6799	8970	5190	16586	13264	735	13043	22738	15956	7996	15719	7865	10014	14776	450	4187	7520	16154	12087	20698	22945	680	15575	16691	931	14564	18770	16690	12350	3341	19062	2623	18642	19723	14831	7018	3453	7517	7041	18868	15125	19043	15406	3427	499	18651	6608	7557	7089	7022	17730	846	10027	7716	5664	6784	3552	24595	8292	18647	20037	5662	11624	11703	7447	2606	7070	498	5659	19361	9732	488	10119	3560	14151	14413	23227	22280	18864	23011	20676	17151	3112	7068	1325	23038	8230	15118	20035	9482	20624	5189	22766	16226	3484	7049	7013	23229	9267	4805	20535	15686	1326
342	8	7965	11741	6096	5576	18627	16230	16314	12475
342	7	59	186	3661	8706	12366	3660	1187
269	43	9311	1335	16324	525	21164	18145	6135	562	12635	5299	9494	3901	19598	21435	9668	21869	22545	21437	4977	7523	19379	7478	4599	21165	8655	21519	19562	22263	1484	7920	21901	22063	21191	21040	21108	3010	12354	8699	13554	2958	2175	3000	7426
269	18	9865	5338	20373	9227	17646	2062	13360	16298	16634	17061	10009	4959	7773	5072	18135	4624	10195	1810
157	314	9116	10606	15297	20913	8671	17293	6525	2851	23608	1105	15326	10774	16739	10877	1696	9519	18441	15170	23619	14199	17985	3127	5447	22522	10382	3923	3089	16263	10429	11463	11399	8963	22354	4319	8641	18432	1613	873	22677	3948	5060	7099	10889	5118	10997	10590	3293	3043	13392	10541	17320	5208	10708	5718	16845	6410	3849	22062	11670	24284	10573	13088	10470	7823	5274	17693	17701	3296	22442	9272	22373	14458	12156	6241	9591	1566	1090	10723	18573	18940	16715	14677	13568	11253	10704	10892	22342	10456	10742	945	6989	5006	21021	2213	12152	17495	13228	10325	3071	6670	10589	15624	9015	5976	18160	19816	4021	778	14473	15302	21610	4796	8151	14505	7587	10491	20263	11658	19966	7257	3385	3196	10931	5087	18416	18489	5476	10987	3871	6166	12955	16661	8533	17694	17003	15910	724	10524	11168	2190	5427	9833	10727	4616	17595	19527	19962	7648	20546	5105	1287	14836	20979	11596	5377	13857	10871	18402	22398	5823	18159	13177	20323	10023	1230	7853	17846	12674	3270	5505	20972	11165	16608	16837	22234	7569	15317	7590	1568	2659	18164	16200	11113	13893	10884	17676	22188	6564	13546	6567	23731	18022	18604	18588	3653	19604	9960	17454	19434	18050	18344	5268	18219	14524	8236	11236	5293	11162	23657	5182	5749	23967	13892	20888	20692	11241	663	11781	14820	2739	7354	842	1470	15635	6577	22142	10893	8695	1145	14136	15453	10032	20391	3180	11758	12080	11311	22112	23937	10171	15298	18006	7356	20241	1288	2683	1959	620	10434	20252	20202	11709	16874	12204	9271	22608	14274	5239	15136	17590	15897	1998	2712	10174	20430	21263	19750	4304	19181	12125	7928	20231	18474	18763	13341	822	8536	17525	10674	20086	24451	5364	7171	15403	12070	22706	4324	21351	23556	4732	14429	20684	7905	22453	12196	18055	5513	11174	11034	19951	4971	5968	7434	3300	22558	13494	6242	14628	16826	10787	13624	5359	16553	14342
157	27	6140	4487	16666	14780	13198	693	23249	24250	17356	13714	19991	7127	5745	8986	16920	5520	8643	7891	13839	5121	15004	15002	19294	5090	20204	19753	6138
282	126	9018	9595	16449	8069	18175	14312	14330	4525	15889	467	8053	10924	2735	12374	1534	1602	6515	7598	7672	5366	5804	18856	14919	13997	3358	12356	18858	18194	12228	8137	11383	8859	10594	6178	14153	16560	8091	7330	11154	8488	2127	11093	10277	23133	1950	11129	10715	14477	17591	5410	10757	12182	23239	746	12991	8613	5378	22798	6318	1640	4875	11935	10959	11152	16114	9898	6376	9224	12851	17998	11089	6409	9273	2642	6404	18805	13233	2667	11465	8786	22793	1180	8046	13713	10793	23394	22802	13692	15246	8247	22801	17795	14830	20600	13773	7858	8497	4082	22315	22348	4484	13666	5495	22129	20296	22231	23996	8629	1637	10801	18491	2394	6214	16446	17540	23992	16952	10350	7606	11325	10422	18853	3796	4813	9032	16438
282	19	1606	22867	22870	19946	17683	3922	14410	20451	21219	22524	15659	17798	17305	1605	2678	22800	15902	4356	19333
59	788	8870	3506	7976	10668	23145	18686	794	16649	20029	4014	1374	4686	13596	5023	4886	1827	743	15413	14973	13579	9244	6133	6117	2973	20259	12883	824	15782	17386	15637	8528	24554	2272	22486	16137	3151	3491	9518	5135	20942	22043	20104	3133	17154	3431	2271	12286	15346	23121	19746	696	12753	4269	6669	22978	4387	15861	4779	4420	4792	15347	1843	12285	12399	6146	5034	20724	9245	6666	15330	22569	877	853	12695	19738	1857	801	3430	13684	4274	15068	20397	16818	2914	16914	20640	16679	1914	1849	14172	6118	2907	4417	1859	12749	15085	16817	22613	4287	5258	22428	944	8430	1588	6310	22287	12598	22427	796	702	3188	4924	6527	9050	12860	14725	15351	15566	15875	17410	20803	4794	17009	20385	6852	13189	5835	12348	4981	10079	4867	5038	9371	6829	16357	4968	641	20053	17301	709	1431	1474	1713	2634	3402	4626	6239	4976	5932	851	2064	3931	6845	7177	10193	15343	17086	17328	17332	20334	6860	3711	7138	6440	10125	7934	8754	8849	9664	699	9861	3708	1826	6030	8755	13187	14984	2250	15866	15141	12596	4588	15355	698	795	4425	8758	667	14510	20938	10050	14251	14751	15193	11850	16276	16830	14750	16957	20213	24490	23092	4004	3238	2137	8440	14129	22964	16893	6419	1845	17944	17960	9683	1780	17260	1778	2648	20315	23120	2210	2139	3190	2065	12682	6821	12683	4911	4782	5815	7795	8294	9499	9295	9243	9303	14235	14403	15327	16099	13157	15735	15656	16451	16956	17612	19142	20856	22722	22574	22788	710	3096	4776	6433	17322	17900	18467	20027	20499	7501	12279	17950	16368	12788	22571	18712	14834	8738	17342	20646	12789	15061	1663	3655	17287	17306	6663	11392	13886	1665	1853	2044	16366	4587	9268	4421	5748	6677	6828	12138	13023	14236	14404	3209	22249	22602	1362	9304	6727	9871	10124	9415	17339	5719	799	16906	19638	24214	12884	2635	6840	20004	2266	20262	14726	23077	20386	4643	2045	1383	5146	7894	14175	11760	24527	2157	16988	14396	22977	16908	16909	13601	14250	9665	20574	13682	16673	10192	20006	9673	5673	3745	3713	5603	17963	20830	16621	16604	19025	22288	17292	17321	15640	16623	2042	16311	15329	19981	17390	1825	8439	4382	4384	4383	8441	4385	8442	14405	16350	20957	18381	12642	1831	20376	7243	8443	17325	5337	6660	5028	20563	9963	4969	3432	4542	4494	13551	14717	4653	6869	4827	24457	9191	1407	17085	1839	3736	23148	9384	15572	16911	19199	740	16676	12398	10053	19735	16148	4642	9372	3103	8373	20421	2655	5026	5934	15585	16288	9684	5870	19226	8401	9685	4509	1483	4002	17952	5683	16878	16392	16372	6844	1962	17032	800	687	4656	6934	16984	4018	16363	2656	19806	15340	4380	3583	16989	18468	6690	7775	16147	3781	6870	5933	22680	17083	22589	17324	6661	1989	3774	9513	4391	15076	5747	3786	4586	6475	14739	13363	20914	1027	6825	17388	6871	17300	20320	13364	16964	7244	3593	16600	8845	1030	3592	1031	2058	16367	17768	17256	834	665	6830	2158	16358	16369	15333	15334	15336	20214	14806	14808	14807	14810	14809	14811	14812	14813	9529	14798	14797	14814	4289	3210	3211	17006	15840	5919	20816	1669	17435	15784	20221	6769	8372	20984	7206	1029	20618	17291	3682	6768	24493	20261	8856	19054	3770	12597	5676	5677	14249	1630	1628	1631	4828	1629	797	808	1371	2547	1492	1491	15328	2546	3999	4955	5601	16485	6735	5600	6734	4975	6545	7890	6654	6736	6655	6544	14246	14247	16207	14255	16811	24227	1670	17327	20000	20216	20001	20217	22517	24494	1476	3640	3643	3642	3644	3641	15069	20988	20989	20990	20218	20219	20220	16904	16277	4000	22576	6862	1364	2467	2469	6863	4581	5000	8305	14803	14799	14805	14800	14804	14801	14802	16359	9681	17014	17326	8306	22336	22337	19055	3754	5025	1435	12790	4578	7505	20422	16262	5732	3189	9308	3912	666	6851	4416	8940	20741	1776	18700	4783	19801	23251	6119	9306	16360	682	17211	2702	4989	6292	14545	22619	17678	6617	14611	6842	20644	16897	1666	1792	14113	22650	1787	6848	16628	20207	802	9373	5022	16348	695	652	3212	6689	9663	14546	1749	8400	12284	15072	17155	12389	6865	6843	6145	9383	3835	12643	15281	14548	16365	16650	20821	12595	1686	1687	17094	20733	1076	15988	24228	24229	2710	5033	8804	15285	6309	15582	9672	9498	16390	5016	8445	19033	8444	19047	16910	7245	4892	4381	12638	1587	16027	18929	6818	6819	6822	6820	6823	6824	13952	13951	13950	4037	9305	3619	1844	16681	3242	6538	15783	15825	14161	1683	9155	19112	5607	4035	23348	20318	8327	4780	4418	1779	8394	16601	15335	22172	24488	14133	16901	4419	1711	15829	19539	20103	16881	701	1382	2338	22782	15814	1367	19016	22985	17763	6667	8808	22818	17031	8809	20215	4394	6252	16813
59	18	6476	10054	836	16817	20911	2916	7961	2273	22042	22625	15936	5719	17349	8619	12594	4968	14527	17340
163	29	9865	15114	21526	14426	22269	8530	12549	3904	18435	18660	4541	6148	9040	16361	329	2027	24124	19512	16977	7380	4761	678	22074	23299	8881	671	8603	8667	1320
163	27	22247	20268	12800	8511	22269	16198	7999	22450	6946	6037	13904	16861	2423	14301	22316	4240	4239	19512	16977	13591	4707	22241	22074	15109	13808	7637	12379
317	65	11095	10411	4797	8223	11071	11033	10696	13555	17756	16753	8991	11208	1816	7565	13194	1922	5529	1644	23074	1742	3954	13769	6043	10786	11365	16445	6167	4879	10623	14554	16458	4744	11154	4301	20458	12841	12411	13383	12983	11364	13595	13696	13681	11231	7664	1814	16955	1817	17246	15187	6509	1851	20898	23199	7258	13707	19002	5967	11852	9210	3286	15209	17589	2088	12405
317	65	11231	13194	23074	7824	17756	11033	1644	20458	11071	13696	6509	12983	1817	1814	10411	2088	7258	10696	4797	16445	17589	11364	12405	11365	10786	1742	16458	12411	13383	11154	6167	2687	14554	3286	13555	12841	4879	10623	11208	13769	13595	16753	8995	11095	17246	7565	5967	1816	7664	19002	8991	20898	1851	17280	5529	9210	15187	16955	10754	13707	4301	5225	3954	1922	6043
54	26	11095	10037	16492	16525	1651	9119	1200	20550	10786	23999	14654	14289	4374	19583	14030	4119	12841	23393	14765	11231	12817	11216	13563	5063	4524	2773
54	26	16481	10169	12639	14171	6396	11059	23988	1200	13451	11365	10968	13422	12805	2693	19583	6808	4126	12841	16459	14351	12817	1880	20067	22816	4524	10970
257	58	10951	16871	1595	961	10525	18599	11458	23259	23978	24436	11205	13194	4093	3598	10466	16556	5463	9470	18172	14437	6002	3090	20237	4496	18019	12498	10672	14153	10685	7581	10277	13689	24297	15586	11187	17712	20445	13833	9017	22942	16093	13896	20066	9793	12741	13678	15962	15271	5328	23023	20496	18768	19787	9042	14931	18595	18405	630
257	25	8091	998	9524	14516	18370	22273	10463	10618	10411	6191	7553	13588	12886	1292	11208	18202	9931	4925	16067	6990	1184	20550	2002	1200	857
139	22	10951	3532	11201	22104	12040	11730	15943	23620	19365	23625	8095	13850	5206	4146	10484	11132	911	19426	20248	23171	2682	5707
139	22	23620	12040	13270	24069	11012	16394	22140	10519	23138	8053	5705	12766	16516	5009	5355	17599	11212	10964	14752	6416	3541	18002
252	41	11713	23857	10547	14940	4255	13477	13347	10140	12666	614	5938	13481	9855	22799	3350	3358	819	6628	1799	23333	1886	4935	4259	20601	4632	18581	3898	22803	18913	4357	13476	18384	22793	4781	8585	14830	7858	18798	6550	1803	18386
252	31	8134	19920	16701	12397	3351	13476	12994	12516	15425	2633	22790	10114	20654	12169	3342	19923	15670	18096	7350	1436	13090	19937	23635	23760	12347	1331	2352	20087	3602	16303	4695
274	288	7909	19402	19715	6061	22515	2852	15991	19089	9995	17839	831	18680	4889	19635	17170	19847	21152	8832	23834	18427	9544	21951	4408	4715	8318	7431	21422	17935	13521	3013	20872	7225	13106	1225	9769	12649	6472	22159	2915	17043	14559	19993	2279	21605	14853	953	21490	15056	10004	21247	12889	17366	98	7321	17514	9677	9822	20484	21930	1795	16833	19301	10212	20783	7223	5839	21049	5901	19857	14915	15389	14787	10439	21178	15712	8402	17015	10005	7280	1299	21884	5763	9084	21103	3279	12653	23673	6599	20641	18874	3688	13456	21593	9802	7713	2260	7408	7344	15131	19965	9705	14788	2573	23661	6128	5532	16631	16078	22949	17149	1454	12624	21641	1226	1356	23263	9408	23790	21599	23383	21970	20528	21640	12930	2948	9327	18456	555	22633	1836	5493	9046	24281	5702	17836	20609	13380	8453	21257	21617	9819	3006	20033	1247	16592	2549	16097	23814	20573	4566	8716	12795	3631	1960	5973	14102	7	7471	6888	14241	19412	12869	18276	6134	20870	9721	24299	12906	18475	2569	23794	15339	16951	21928	24364	22828	17224	24383	4455	20916	12917	17719	13192	20390	19627	18069	13130	12904	23677	9968	18100	9532	14891	9872	7146	2970	17898	13498	8522	2943	17511	15793	19895	8879	4675	22004	2809	19728	11610	6924	20348	5906	21358	7189	8524	19616	13415	1229	24295	1266	18970	9811	22987	23546	11942	23109	3172	23715	24365	21364	5598	11298	13131	18268	10377	3542	16409	10335	23785	12903	10376	3914	9341	10322	11587	14044	24277	17626	24148	1788	12162	2819	14784	2135	15727	23291	3251	16591	12633	24352	11717	24368	18838	3475	12303	12913	20592	12775	23124	2	20158	1035	5491	15739	12907	22079	140	17735	1265	16687	20211	14238	15830	12007	5201	24145	14997	2760
274	64	17766	3351	20594	15952	23635	4700	18705	12994	22667	17075	16090	7627	4695	8134	14258	20362	8910	20500	14749	18290	24559	12364	8111	23060	18501	111	20853	8005	19577	97	90	14680	15748	4186	8839	21543	23900	23902	7518	15425	8296	16887	19920	17866	16062	16306	19937	13090	19926	9190	7350	18747	24136	10335	20709	14945	12386	2397	16292	330	7704	1436	2714	24050
277	1	15444
277	1	6630
24	129	17345	24298	12315	21607	15527	9601	20605	10789	20512	8395	21632	4573	21335	21141	9984	21723	12224	19978	8735	8740	18558	16268	5845	2644	301	670	1591	21587	469	6054	6106	1157	4511	14848	19778	21809	1758	23255	7105	15278	16479	13531	6109	22795	15098	22713	3600	7742	19808	5731	13367	22620	8652	21475	7911	22777	14573	8470	21702	21292	15673	14855	6467	3247	24443	23629	5828	8973	1715	6246	13328	2942	21843	24470	21151	19620	4716	9172	21700	20784	2620	11652	12729	5502	23331	4958	12826	20416	31	21933	14046	20814	6553	17359	24048	16063	16963	21090	24608	9597	22535	23224	16997	20685	314	17725	7472	7340	17765	20639	15088	19906	20527	21659	24475	3199	3916	21992	21278	21081	7805	16202	19345	2369	4706	11386	7167	3223	18657
24	126	5084	20284	12315	21607	22677	7434	9600	9601	10708	10789	20512	6427	24511	5723	22563	7278	20730	9984	21723	11800	13993	719	5159	18558	16268	5845	18417	301	22994	1591	21587	2658	10738	6106	23518	4511	5411	14458	13777	23255	7105	15278	11862	23249	7686	6109	22795	15098	10498	10833	7569	18207	5178	13367	3391	23537	21475	19124	22777	14573	8470	21702	21292	15673	11430	14855	693	3247	16666	6140	2669	1715	6246	10723	20781	21843	19030	18160	4716	1662	16401	20784	11652	13392	5502	23331	4958	20416	22601	20886	19255	20814	6553	13714	4309	24048	11832	11940	12206	22535	17702	16377	314	17394	8784	10553	6939	5012	20527	21659	3948	22238	3916	6046	15466	4022	18597	10799	2369	1157	4706	11106	22558	13245	3223	18657
58	116	17358	18131	22893	9978	17093	22919	6102	13829	15424	13359	22928	2716	9198	12415	15890	18129	17240	22897	12966	22938	22909	23769	8797	8857	19950	22205	14932	19931	3891	17417	23466	17462	11479	5094	4489	1014	18044	11574	11557	20636	11535	3851	7897	14939	11578	23506	15401	1863	1866	22762	11523	11518	18966	23452	24218	1343	11556	23428	23444	23471	23463	23476	23507	9025	23503	11506	2646	18508	23447	13314	23229	23446	11489	16020	5100	11520	11568	23397	5102	20089	23400	9420	23454	23477	11461	11563	23424	20083	23429	5098	23412	23438	23457	4522	18143	13316	5101	14555	654	985	23498	5067	19836	17666	13026	3939	15797	22920	18661	11505	23750	18132	1472	9188	23418	11118
58	101	12994	19515	3342	2397	24573	12697	13828	15425	7516	24175	18967	8134	4767	8592	6199	12664	16064	14871	1436	12965	24076	8631	6531	9689	7350	3945	22204	1298	14868	12260	18740	14674	23722	14986	19528	3993	12957	20028	13090	14770	8821	16967	16887	20630	12387	22667	8551	6893	24217	17729	7518	3588	2352	15283	20087	23754	17066	16090	2672	23635	16882	6257	19413	23228	3870	12242	5342	23125	16685	2636	15148	23613	22785	22044	19926	12169	3739	13453	2464	23658	16954	17779	18785	22975	2364	23147	18977	8111	19191	23260	23375	19835	23627	18920	19863	22281	13668	3832	14409	4633	14865
35	64	17125	4214	23351	63	17096	20718	14659	4213	2110	23339	7309	7310	7835	4219	18478	20777	23098	22611	7299	4388	3457	16805	2047	18650	2231	16804	7494	13925	14211	14216	1161	14208	16250	17081	16028	9430	19591	24046	11927	17095	9688	18351	17058	20717	7308	2111	22511	17860	2229	3590	9431	7496	14206	22510	9475	2232	16029	4389	23340	4216	9476	17861	4460	2230
35	2	4764	20167
283	201	16764	7286	22275	9837	18930	4355	650	18568	8093	14963	6401	1002	11013	10469	23999	23182	23970	20501	23306	754	18444	17648	20547	4313	5670	3714	5869	8519	5212	23993	3956	18900	16089	15563	908	23212	1412	14450	9281	17584	635	6052	21017	1555	14477	9280	18314	10725	12432	2691	17652	13452	16861	1358	20447	9033	3843	6982	11688	2661	16620	23945	22439	6318	994	12783	13195	23590	10250	17228	936	24439	18707	16093	15300	19564	8088	11590	18423	5222	10290	17104	6376	9078	9224	18031	6498	18689	1973	13871	1108	11729	5277	2433	20242	5264	2732	1324	15934	9232	11351	15511	17173	7864	11072	14115	17461	11465	5465	13842	458	18167	13713	8049	18197	15508	10644	6583	7683	18606	5536	13692	17753	6636	2629	22356	15581	17581	16593	2178	8090	4363	22097	3277	5391	11334	1635	2147	5637	10299	1528	9135	13306	11666	8024	14706	4484	17716	17549	23572	11622	3487	15144	8914	9140	10371	14938	1202	23519	16386	23976	9023	1637	24431	638	18491	9954	20791	2394	24327	18887	256	8749	5550	24394	11127	13698	23118	17540	22148	9850	10559	16952	10511	5728	14930	12371	10716	7275	6019	12101	10908	10801	23992	11981	10940	10659	11646	10336	8786	14428
283	82	12994	13348	24559	8134	8839	14408	4767	15161	17199	2714	3351	3925	14945	19956	19944	12386	2305	19577	16887	14841	11926	23771	12006	22790	1436	13538	20459	23635	14770	13090	17019	7124	2397	17866	2099	2352	11761	6149	8409	8111	18096	16090	15953	19291	10114	13453	19555	15771	6254	12169	19926	4633	17729	8816	12257	3115	8692	18611	12761	17782	6319	9645	15957	20654	20074	3342	18290	24050	15698	23068	14159	19083	11655	14674	6814	7780	12072	2696	16191	19937	24076	7788
241	4	17875	13185	16980	3405
241	1	17683
108	6	19722	19937	5877	1363	23080	19920
108	6	9637	4259	2946	10547	16248	2007
247	3	18767	13429	14024
247	3	20654	9667	12994
105	55	18853	16449	18559	18561	1656	9838	10298	22117	2775	1139	14285	3273	23997	15893	12541	18198	14448	957	13960	23543	4360	18507	11391	15314	2834	11098	9441	13840	19206	18141	1091	22809	6388	11921	15301	1183	8850	10475	5468	9610	13306	4497	16512	18911	16778	11622	15156	12482	20746	5376	1904	8034	10486	3785	17988
105	37	22904	23635	12363	9978	12994	6448	22921	22931	2270	22916	22908	3628	22893	20577	13956	22913	19224	8134	2268	22922	22932	6308	22933	22881	10062	22934	3342	5324	4159	22969	22923	24057	5499	17478	13829	9058	22790
205	180	18806	21425	18294	17781	7732	13523	21781	19024	22250	20371	21181	4241	22094	21371	315	12880	22966	363	21433	3123	14585	20317	552	16135	20569	5954	17263	23845	13548	11589	12626	2589	20837	23850	20946	12807	15373	17122	15049	21349	9086	11647	11330	9571	21538	2757	21375	24510	2473	19504	19399	13193	21811	24331	22629	21974	22209	8720	3204	3935	3008	23061	18338	22002	21193	17758	15880	6072	21174	18272	21105	5593	20580	21663	13500	21032	14059	17936	19300	23811	22503	416	12088	4899	21075	862	9386	23027	22465	8410	3698	23817	10235	4901	20387	22027	22626	3903	6963	7194	21863	1975	3280	2927	21985	22526	12997	23058	10110	7987	2587	21099	19764	13005	19508	12620	3037	8819	4401	20842	20943	7719	21792	2896	2755	2790	10210	9740	16657	594	8393	6418	2586	17441	6969	4248	21485	316	21742	22000	20468	21851	12999	21417	3314	18549	17602	13102	8160	21821	21524	4488	2881	17279	9639	22015	14922	10149	199	18389	9105	15807	15044	18731	4075	15082	18443	14620	9293	21516	19321	17374	21937	20525	6070	21446	7406	23354	8867	2570
205	93	6634	2832	5795	17449	8924	14328	11011	1114	10950	4376	8079	22131	3278	467	2860	9016	8275	23084	10920	8243	13791	5443	5353	15270	10590	9021	11399	10709	15220	12546	11074	532	9619	11114	14043	11204	16435	999	4306	3105	4486	13150	7623	9910	15796	6095	10798	8270	2739	14341	7561	12338	18794	1296	7358	19265	9820	19871	20998	12444	9807	8065	9968	24054	4333	21141	18280	7823	9740	8475	10619	15448	1748	519	22562	17609	8502	18999	13040	12603	12315	9782	17099	8431	9047	20616	22010	22986	19363	1268	15291	9010	12489
187	2	18751	15452
187	2	16626	18690
97	264	21170	39	19321	16177	8867	13523	2248	6511	19024	21806	3744	18906	2609	23707	1399	11107	21618	20511	3262	3076	17387	17033	8946	308	20525	21474	19111	11939	16178	4241	1314	2283	20536	10669	21473	14962	21217	2870	14675	11248	24397	341	4073	12748	21162	1453	16373	3333	21443	21398	15012	21237	9990	9186	21539	3942	21395	23827	20345	9559	12807	9873	15049	21349	21826	21715	10039	22530	22341	22846	6879	21221	14639	19504	21273	21365	8645	22003	17389	21145	20026	14594	16820	24073	7654	9104	21516	23800	21653	22296	21193	6158	6933	13372	21554	18907	14035	9053	13520	24407	21918	21200	8604	16922	21438	2134	14782	544	5511	19703	21429	21892	3915	20958	10736	19666	16338	16054	2040	7421	22457	21886	2259	15521	23856	468	10743	5535	4476	21182	10188	21452	5694	13052	20143	21689	5739	5716	2023	21471	17274	20343	9818	12010	21720	21284	17978	25	15608	19279	6175	21279	7394	20387	21799	5195	21744	17552	21379	16822	3903	15622	15823	21128	10218	7526	3890	8705	21945	12276	17363	21392	6098	12871	21978	21098	21319	21817	12460	21094	15027	17355	4766	21592	9067	19696	15075	11627	21457	5711	13899	21493	23894	4238	22834	10058	3325	18988	20124	22298	21896	9551	12628	14910	21440	21485	13897	20351	12354	22842	13201	9557	9775	22312	11929	18092	8003	8160	13101	16999	20521	22832	17780	21524	10670	21752	2881	21601	9788	22972	10233	2979	5927	21244	14191	19625	3762	13191	21600	19158	21779	21226	21949	814	7402	8710	4174	19405	21479	4463	14685	19150	20744	1673	7718	21615	12011	2181	20149	4621	21433	1485	11628	21260
97	51	22892	8545	21250	4649	2029	20742	22984	2218	21186	21474	22320	13416	4493	1300	19850	22572	4648	6602	18727	12328	16454	23146	17457	2079	17470	474	24262	5545	12975	15360	4435	22866	14117	8419	19091	12980	7779	24480	6236	5287	13898	7829	7548	14118	16036	10195	15363	21952	10202	19512	3540
180	27	21838	525	21164	21180	7208	9466	8906	21776	21383	12005	21211	21642	23844	21165	405	21348	18551	21163	19562	21631	21801	4939	19217	7306	21769	22032	10181
180	11	17336	19048	22168	4680	17079	20054	9389	4257	20552	12525	19369
284	51	22130	8982	3056	19483	14375	7178	18930	16164	5214	16753	17248	10824	18170	2675	15681	9235	11078	18187	11029	6365	17251	10438	9508	4085	22110	9234	23941	18227	23977	13747	10452	10412	1358	2436	10336	23395	6412	463	13078	18237	10844	10879	18491	11031	4116	14592	9983	8115	10681	20541	8176
284	36	12994	23580	17445	1436	17127	7788	22020	23763	18506	12004	8111	2698	6254	14674	8910	12470	7518	2352	19920	18875	14867	19926	8692	2397	3978	13090	6274	13887	20581	12761	7124	4633	9667	11892	22281	7708
239	1	20995
239	1	18753
315	7	22661	11914	15711	12804	8170	14843	9952
315	6	19920	7350	10114	14769	8134	3993
147	403	21264	1214	12802	15527	21669	21335	17806	18822	4475	4306	351	10564	18004	3127	13883	2051	19687	3063	2308	21763	670	14878	8833	14621	4247	6559	19219	469	8703	16617	18695	18703	10553	7550	2165	19094	6534	7434	19778	691	1575	6648	16774	4809	6249	23611	21883	17069	15278	12720	18691	4413	7827	10889	3379	20483	10997	21378	13928	15098	24123	21621	20007	3856	13685	22153	24442	4019	22566	12296	5917	12058	13967	7461	19122	20452	13340	21337	3132	10781	15649	17444	21702	22062	22332	841	1991	21093	10573	1618	7570	21313	21078	5168	21980	3016	14458	14605	3973	2592	12156	5167	3145	3247	13746	15255	1566	21830	5828	14174	22244	4290	24089	8256	11386	3220	22431	20553	12120	10099	21837	15386	10742	20429	24375	5764	17670	2929	21891	2670	2969	24340	11732	22490	6203	16535	2318	2428	16597	10306	21924	13751	8904	7841	7833	3883	19601	18451	20105	7119	5169	15268	7908	20440	13902	2194	24458	12057	19961	16202	18329	17786	1641	724	15520	7503	18587	9833	5500	10727	7176	5534	12491	5895	14286	22865	19084	5105	20604	17479	24104	13793	417	3128	20416	11039	15138	5107	10649	19319	13763	12045	11165	6553	4246	10093	23552	19632	20270	18597	7763	15641	1439	6859	18791	19791	23849	14341	4812	3001	10111	17352	12722	21835	5737	2873	3228	10166	5293	16536	9224	9597	1572	8847	21574	15767	6971	23540	154	15019	10310	20692	12261	4510	663	15835	2410	9242	20902	1586	18257	14425	12989	23177	18079	2686	9226	10150	20437	22220	20685	1156	12714	4164	1751	13245	3889	10818	17865	6968	17692	1773	8469	314	2112	22519	1055	12080	5073	21228	21059	22552	24477	19859	10314	8385	17765	20686	20639	21706	20102	1237	10176	8836	24342	18631	21367	9063	5134	13385	18639	10317	16759	5498	19295	9331	17645	12205	14170	8513	20527	14157	11978	1770	9543	23939	6230	11390	10334	10308	1260	1209	5005	4951	12661	5239	20316	12094	20430	2390	3785	22595	23702	24206	19995	16888	15205	20024	9125	2138	2976	7928	2617	20231	10497	16978	6983	18837	14626	16900	8433	11629	6929	20599	1290	21708	22326	11580	22007	13387	13047	11833	7171	13774	5557	14021	17787	7259	18610	1318	19623	5550	21351	13724	4732	13949	17467	14667	13449	24520	19450	19465	3888	5696	3694	14505	10434	21832	16824	9272	11735	13566	620	23316	21827	21137	8780	5505	1498	14760	8784	20323	18479	12735	494	2256	12582	5077	2989	3022	14899	21659	6712
147	104	12994	23635	8111	7350	13090	2352	1436	15698	19807	3342	13499	3351	8134	2900	19926	15151	16887	4717	12516	8910	8406	7780	19937	19291	15952	8839	15425	9488	16090	19956	11609	20028	17157	17092	16831	643	22790	3742	24076	19920	23382	13345	6814	12386	23900	9930	11655	14870	5652	2202	24499	7866	12251	18501	14586	2633	12664	23125	4993	23804	14623	22204	8592	16305	23355	15765	4023	16701	20333	17199	20087	7702	20150	23547	7518	14945	4815	10044	11926	8816	7627	20677	22489	3356	16303	24559	16351	1873	4574	6260	18089	11661	19346	2206	5124	4337	14769	10114	8609	23631	17121	23755	15957	8715
26	372	20342	22883	18016	16947	5400	21	11157	465	4601	5214	147	892	24019	10535	20582	10963	18024	18496	20254	623	22878	15681	1534	8537	52	23005	9239	10167	18241	10936	22071	22	10988	13298	10471	15414	16272	2962	9238	10995	8059	23002	10360	23971	293	289	23000	4936	22644	19436	19648	9694	285	18193	11029	6365	762	23951	22882	57	18001	3163	9004	10978	304	16862	15067	7668	14696	16086	4813	383	6710	17546	7675	17997	893	157	14929	22110	8734	399	338	312	17103	9596	13722	50	1946	141	311	22876	8796	360	47	1125	1493	9507	11217	23008	142	358	310	23136	156	158	155	389	4659	10165	384	294	4681	10979	17580	13721	41	337	23007	392	13075	146	10430	5425	27	354	15596	7628	362	8099	398	17521	10324	16942	6722	3421	10450	3860	3859	23001	6363	17828	4120	8772	10823	10651	7673	18859	11081	11067	16877	10822	1173	10410	16654	421	17813	6412	60	291	13200	295	18183	391	33	49	407	10241	9874	9194	12388	367	419	12187	6718	10398	8931	760	322	18440	22139	16321	14366	14187	370	150	11636	9029	6726	8122	19647	414	23009	9594	9133	16545	425	390	138	26	771	18852	290	11014	17707	770	16747	20253	13213	43	9240	4089	374	18857	8066	29	16500	20127	415	9074	18620	23582	1124	1951	14367	6067	408	139	10925	145	8028	8952	6721	1289	16515	18529	9276	6714	23739	4998	23926	23742	323	55	320	18522	422	20307	24115	16511	1526	6758	11683	9251	13339	20190	9130	6757	18346	6378	23584	48	23563	9182	8029	18039	8509	149	388	2477	1720	1893	8932	23744	8984	11679	6723	10902	23737	20621	11701	6288	4166	380	8723	4141	6756	17596	9279	9026	8770	2008	11379	12106	7725	5479	24405	24203	336	6753	413	9179	17810	18410	15899	23309	1615	2723	1614	4498	13512	11292	10826	18181	622	9138	22636	375	13205	9525	8913	9274	12184	12554	16541	6724	9254	1909	46	19640	144	3165	3599	18151	23010	874	6399	14155	299	412	12657	379	5202	12193	411	2124	148	7640	420	4698	2478	313	23089	361	353	366	23	9129	423	989	23696	10164	10919	10444	371	8064	11685	8123	24246	8979	16163	1907
26	100	19299	8706	23602	2541	23766	2532	22072	16044	2504	19146	19545	4723	1771	15687	1187	2538	23535	2501	2522	16042	59	2484	19549	15418	2351	19544	2528	4629	10065	13346	2531	2512	2520	16284	2513	2483	2536	2510	2490	19943	2502	2493	2507	19813	13278	2533	2524	2505	24164	1890	23768	15832	2489	16043	2515	19551	2529	2516	19143	8132	186	7974	2506	20836	2514	23192	194	3660	2482	16972	19548	19145	22525	7307	19149	7373	2500	2530	2543	23280	2481	2525	2509	19144	2497	2539	16272	2537	143	13027	23601	18582	19618	2494	23603	16046	3152	2523	2492	5572
237	2	22221	9149
237	2	9149	22221
185	37	23064	5070	24322	13715	5332	6335	14762	19892	11642	9574	11585	12235	3100	22539	7493	23414	5091	9391	6861	20526	16889	8788	11485	20411	19922	3269	4655	15110	7714	23069	19210	8179	8779	19659	15436	15120	19959
185	9	7350	8134	19937	19920	16701	19722	12397	14039	8692
151	82	23064	899	19694	2217	8164	18350	858	7376	15114	3543	14117	24480	21757	16247	3185	20827	22338	14118	2225	20794	12069	3330	4747	23126	18085	656	3853	20908	18660	1339	17728	17482	11377	19713	7374	18503	910	17685	7381	18654	15229	2324	17851	3601	10309	7803	15803	12586	2218	9972	16976	10071	15227	20529	14821	18149	23141	7992	21912	19922	3222	5497	17658	13317	9738	5074	1689	15159	1828	3766	22278	7839	20586	8667	4235	9577	4651	14688	19692	6451	7382	13315
151	34	16335	805	13935	13723	9154	4680	7889	14120	4620	12979	13808	17747	20180	17272	15250	14858	9433	20379	10098	4963	6308	20978	6546	18147	13945	2799	13527	16675	3869	23261	9092	4028	3049	804
167	8	23728	2550	20533	14959	6630	4032	8824	23604
167	7	10064	3362	22961	23264	1189	1608	10024
225	7	24445	17330	759	6688	24064	17053	15361
225	7	19621	22944	9731	24065	24066	20638	1379
80	1	12567
80	1	4118
119	2	950	13728
119	2	92	76
170	1	19963
170	1	11821
190	21	19963	18671	3589	4459	17858	7835	859	7836	20777	17097	17859	22610	13322	12462	11927	17860	3590	24495	9476	18668	3591
190	13	12969	18670	3587	16231	17857	7993	858	3544	3353	12461	11928	12835	6006
336	4	2849	3313	18023	11347
336	4	20653	22928	10062	3186
109	17	8422	10297	24268	13559	15935	10269	717	4569	8452	5542	1128	10127	10839	14861	24013	19849	5227
109	9	19082	16397	10547	2678	5040	23857	23333	2018	3500
275	107	3873	9930	12365	4261	11840	11931	15748	16632	22340	8609	5148	16061	24271	12066	8448	24049	6262	6268	6539	23759	23762	11222	11329	11080	12664	2707	10154	14625	12079	20792	13688	19003	14054	19291	24294	23978	20022	4877	11007	10592	18746	2593	20544	19669	9607	18481	16629	14752	3090	22694	18193	15699	9071	9340	18173	18125	6547	4285	3885	11083	15422	10940	18230	6159	24020	24242	24052	22864	4076	14477	3261	24452	723	23985	17171	5437	2750	13432	7825	598	8205	18842	10410	10478	2413	13813	23989	13697	11186	1282	7652	3367	22372	11219	14296	22123	2869	13841	12875	16218	11312	1171	20626	18392	9924	7776	12376
275	55	9945	12994	16919	9196	12065	1986	1291	4206	15410	13090	19926	23769	11661	23635	8111	19942	24190	8110	3926	12390	3351	1338	7702	6260	23631	20835	16588	9866	15694	24076	15398	4647	8109	20941	16639	16640	6258	14795	11619	23256	13389	1331	5866	19870	4632	16683	19927	7896	12339	9867	4033	17350	23258	17199	3602
184	63	6256	2217	8164	20602	23470	478	20935	16798	1977	1609	8562	5854	8683	6217	12844	11553	23464	3100	11549	12129	15937	11464	11545	331	18292	20908	23254	8968	20050	62	18503	492	20782	20485	16204	2218	10052	4521	17457	2450	8212	17673	17261	7548	12231	11495	10173	15704	23069	23861	18142	10031	12305	19659	5008	5485	12241	4858	24497	18721	13529	19694	3950
184	36	12994	23635	10246	14674	12169	19920	3351	1436	15957	18773	14222	10036	20333	14945	4516	24076	17866	19926	15425	3342	16887	7776	20028	22787	2397	9203	18918	8215	4183	9689	20079	2448	14245	13090	1419	8134
349	636	21477	21586	1262	13116	16423	21432	19402	13118	3744	21133	20025	7748	10143	3586	11107	10226	20129	21597	21583	6953	16178	9640	4721	2777	18108	15600	19772	6095	5830	16352	9091	19656	7165	3123	20344	2258	4670	19576	18728	23845	15713	10059	17935	19401	21805	21834	4902	9990	19396	9754	2257	3023	539	15378	15105	23835	19342	8	22778	12444	16587	1486	6925	20345	2915	22089	21258	4057	3630	15613	14826	21633	21260	694	10010	6484	15827	7126	7457	2760	16663	21698	24208	10003	10153	22717	2650	9315	3505	21446	23786	9813	904	5563	10211	5951	6615	13193	56	3686	8943	24233	4176	9424	23359	23846	10232	4672	1256	861	16820	24367	14278	10001	21847	5829	12464	3731	22209	15981	590	24387	3204	17217	3777	21139	12653	13580	7337	8508	21989	21042	8958	6075	9444	22719	21653	21270	17169	11335	13490	15794	2021	2246	5983	8835	22458	23595	19010	21609	23661	6128	21848	19532	9779	23650	23815	12394	20598	1356	1761	17642	20588	10000	10815	12924	16413	22468	16015	17375	2566	18996	16421	16316	21608	19707	1760	19486	22294	19770	9164	20929	9364	23807	18979	20762	6921	13120	7483	16430	2688	9764	19683	34	5493	19773	24083	9805	10074	21688	21579	15051	15729	21685	6609	2988	4676	21050	18749	21190	2377	16592	3396	12393	6910	8379	21074	21958	23814	13576	15375	21561	14192	7233	23203	1462	7349	13109	9767	23662	21833	23795	9395	8149	17738	12471	21053	9817	3472	3585	9778	7690	9820	3969	17848	5905	9491	9976	10749	23167	20409	21389	5708	9985	3689	17797	19391	19460	515	18276	9471	20870	9721	12680	21188	4598	17739	24382	21363	19840	14221	9388	21697	3634	1253	23354	13455	9887	11418	19534	9706	5489	7533	7101	11664	13046	12855	21920	22841	21419	12092	1438	20156	18383	9520	22465	5302	8428	18281	21102	9101	6277	5	12353	15611	17901	560	15379	20036	21019	16014	21390	13096	10208	23887	21662	9081	21591	21251	23615	17563	13130	19513	8260	22049	11995	9968	4163	24351	2357	558	9262	13128	9	21783	8386	21511	19393	12949	17898	321	4052	6087	21112	3146	14400	7412	2639	513	23545	9967	11	15793	19174	10207	23801	22253	1390	309	9539	12632	21872	2022	1092	22456	12724	11125	5952	17425	15978	13133	5128	11409	21536	5999	12960	12620	12723	9088	9345	9991	21094	6952	17885	21695	10222	4478	14875	333	9443	22840	19745	18280	22040	10	18093	13017	10225	14681	8891	24371	6005	4621	21560	16375	1315	21588	16245	2314	21290	21504	2019	21347	19502	11657	19505	4551	3507	12091	21661	17034	11942	20178	15904	13115	9435	21401	10258	21028	21630	9746	3909	19763	6114	21302	9398	11404	4896	21959	10210	19706	1227	23102	15308	22298	22208	12035	5958	16144	3198	6418	9869	23063	2586	9401	12876	24359	23253	13131	24389	511	24360	19359	14860	15377	6111	22085	9702	7752	5959	24373	21252	2786	9853	23684	828	14995	21297	5504	19837	2782	23468	579	4668	10376	6908	17890	20424	15617	18103	12726	3142	9102	3258	902	21964	21161	3684	21765	14633	21966	21224	15663	24278	15420	9264	13201	18675	6070	19888	12463	13041	17270	16261	21724	8155	2937	19153	24102	5506	21242	21173	23193	6280	829	19762	22066	13099	11415	17303	526	20414	4979	16407	21343	23710	9399	16013	15738	5833	21524	24236	8460	4488	22623	17162	3475	13143	22972	21788	14186	14128	16802	2020	12133	20607	23877	9974	19489	13408	9648	8319	7901	18122	16001	23898	9385	14949	24577	5852	14632	15519	19976	509	18136	8182	22643	8583	2673	14733	12725	15807	1347	22401	5710	19774	15872	22635	8157	18073	3762	21600	2281	18548	21919	15895	18424	21949	23914	22026	15974	316	17143	3698	531	6004	22061	9484	1372	18338	2169	23810	17843	17932	18287	19202	1676	13552	8658	4900	4946	12134	4056	17250	12631	8002	19757	19896	4899	21481	20585	24300	10228	16894	12872	10615
349	408	11227	23538	3056	8065	12558	4305	5029	10191	23749	18845	23990	6746	9730	3291	23968	16869	9622	2088	19065	10294	10429	5166	20305	10774	956	10473	5398	13555	9438	11061	16860	17670	11003	11070	5441	11199	1000	16549	16480	18492	1281	16210	8116	15643	4810	20295	15558	20971	20071	12699	14379	17985	24140	8243	10798	22567	1700	10722	18021	16735	3055	10888	16845	7945	7473	1910	24462	15385	23984	13837	14923	2876	19525	22677	13782	18349	5002	5914	11864	15297	3478	19120	10881	1517	970	13612	5966	15461	22019	10752	6979	22730	17449	15066	10714	23029	10574	23934	20311	6748	8143	6536	13802	6516	3825	4125	8039	2737	21632	15834	8709	2860	22554	4798	18732	6381	18600	18165	11112	2580	16546	7831	3223	10355	18413	12344	12296	1632	18910	8302	5092	13861	13998	4200	462	15304	4319	8917	4306	4883	19265	20095	2840	7238	3227	21723	10476	22449	14154	13733	22426	4684	490	1957	10621	18408	21050	10913	16721	10874	10351	3305	13853	11863	12745	20522	11623	5225	6333	1105	8536	24185	9059	11599	14032	9600	17569	5118	7278	11204	17579	6328	23132	5457	5467	20512	21043	9022	11746	2845	14380	23043	13485	11271	9835	23168	8641	11100	945	6431	10596	11800	22232	12130	7900	1869	716	17226	9984	14328	603	24460	4800	3060	12959	22474	5519	8487	12677	22591	9840	10872	15678	22520	12043	11156	1119	14015	5646	10248	10873	1296	19540	16140	11168	23304	15497	1841	23032	1773	6341	23184	10604	22395	16502	16725	4268	5352	3214	467	18965	5416	6011	3884	13643	16551	20730	1704	13186	14663	9554	19990	11472	9833	10600	7886	10563	21695	4369	16215	4144	18811	7393	10287	2146	5065	1012	8541	4802	20391	8783	2687	11037	13032	9841	2954	16841	13867	11592	16886	15909	10811	1945	16214	18808	4193	16295	22241	3795	24054	20775	12442	19127	2145	20226	21141	2339	17629	24107	9010	10512	14964	1861	18687	778	14275	7700	8206	5174	8748	4729	10679	5977	457	8851	6697	15646	15195	17970	6815	4333	11239	10832	18022	24172	23240	4111	19750	9615	22657	6580	1073	3012	10682	14253	23969	16217	3520	11714	1523	5012	18205	2733	3540	6280	23932	19372	2658	1697	10352	11430	17855	1079	837	17787	11340	10302	23246	2106	6556	13396	17959	7901	6923	7685	20885	17583	22306	13959	4210	12489	23245	20633	10278	20950	1955	11261	17831	6402	1085	24454	4796	20435	1934	11215	737	10492	10474	13784	5085	10759	8017	2430	18571	14280	1657	18598	20303
183	319	2177	3348	19570	18498	12324	7644	16389	15234	3511	11398	17804	18295	8000	2643	4726	4636	8882	4493	20557	5509	22736	3101	377	16091	15117	20092	2221	17238	17421	4816	23470	18502	8471	2030	3953	21526	12787	19060	3036	24480	15997	18106	19622	21757	65	66	67	74	80	83	100	96	114	104	134	133	163	174	181	182	14426	6225	22196	19869	2191	15705	6120	890	13909	19179	15150	5706	381	23451	14576	23443	17930	23549	3575	23504	2645	22088	6508	11498	11531	17948	11554	11528	15370	12704	5097	11547	20649	11553	20794	1838	24109	23155	5703	23464	3330	22792	17177	14181	21589	4747	24186	19132	12926	2354	11549	20704	23417	17242	6015	21842	23410	7343	18085	656	11545	21361	12093	15954	14526	6452	20523	15675	12330	3677	10151	11536	13832	17333	11663	21733	9682	8660	17888	17353	3050	1388	12321	11564	2074	10115	13323	660	5725	10387	12026	1897	21692	9121	193	12577	15423	3920	62	9474	2188	21680	8778	7521	7734	13320	20768	24075	15229	20697	69	19494	3887	20121	9942	7382	19178	23057	23870	15130	7803	16393	23693	17076	9152	3582	8309	4470	24240	5574	11846	17807	12167	11842	11620	21533	22869	14232	18124	9393	14270	4292	21938	9326	12708	5658	10761	209	20711	19106	14543	14992	12361	21142	4464	8739	11560	21994	11790	14184	16022	15392	1791	18957	11853	17459	12978	212	219	19298	3667	4202	20537	13317	8881	5074	3877	4252	11495	22824	10522	3349	22594	13020	9551	12616	2011	21387	9586	9142	14901	7923	8167	3852	22642	12256	2803	2376	2466	23338	7839	18914	22618	21199	2288	7266	5902	9644	5339	20765	19157	21346	5188	11908	17657	6270	8464	19180	6909	2912	18117	2753	3732	18714	10245	22663	15016	3140	14635	13327	4906	18634	12234	3347	21024	23512	18045	24285	21558	17887	19692	10321	11406	16883	24112	2245	17384	13954	20844	4589	23495	18943	12586	16965	6234	24615	20173	13427	495
183	111	1147	12994	7350	13090	8134	7508	15425	8549	2397	8111	4695	24028	2352	19937	3351	11661	23635	16090	1988	2714	14674	15426	4232	4472	8839	19341	14945	24050	4440	2168	9411	9410	4441	3434	24559	7316	13453	2824	15151	2552	19920	3194	20047	9453	21589	7518	20333	20028	14841	17866	2448	18773	4993	14222	22790	12169	3342	16398	16887	6531	7172	9188	15161	10114	9500	15842	19926	22734	14709	17361	8590	17157	18455	14986	11615	20087	16387	24076	7125	4985	10239	12266	6649	11130	7626	2446	3614	8876	22703	12128	4851	16303	1436	20818	18918	22339	22596	10747	1421	24448	17432	14039	16903	23658	14769	15135	16882	15698	23554	8499	12516
227	419	3506	14220	4072	3666	23016	8593	9501	9153	3138	6853	4891	23145	24043	9076	9977	1667	13596	17788	4886	3595	14397	1664	19971	5623	1978	9244	6117	17769	6849	18948	824	17386	15637	8528	24554	12181	3151	3491	9518	5135	16879	20104	3431	6662	2271	15657	12753	3470	4387	6631	15861	9155	4420	15347	1843	12285	6146	8757	9245	6666	877	4780	12695	20005	701	19738	15783	2893	4274	19052	24215	20043	1914	16149	1849	6118	2907	15561	4964	8120	6665	22141	14025	4909	24623	16391	17956	6779	4287	5258	8808	14399	17770	6679	14233	20732	944	8430	1588	6310	22287	12598	17009	15745	23281	6852	5021	16347	8438	19051	4867	24216	20053	12438	1431	1474	1713	2634	2338	3402	4626	6239	4976	5932	2064	3931	6845	7177	10193	15343	16601	17086	17332	20334	6860	7138	6440	10125	4394	7934	8849	9664	17331	15866	15141	6535	15355	698	795	24137	1779	10050	14251	14751	15193	16276	16813	14750	16957	15825	20213	24490	22782	3238	22964	4275	17944	17960	1683	4447	8394	20315	22172	23120	2139	3190	2065	6821	4911	7795	8294	8327	9499	9295	9243	14235	14403	15327	16099	15735	15656	16451	16956	16901	17612	19142	20856	22722	22788	710	3096	4776	24488	6433	6538	16881	18467	19539	20499	7501	12279	12789	1711	1853	2044	17341	5748	6677	6828	12138	13023	22602	1362	9304	6727	9871	14161	9415	2635	6840	20262	1383	14175	11760	17031	16681	24527	14396	6850	16908	16909	3750	20574	16673	10192	20006	9673	3713	1367	19418	19025	1844	8809	17292	17321	15640	16623	2042	16311	15329	17390	1825	14405	16350	20957	18381	12642	8443	17325	5337	3103	8373	20421	2655	16288	16270	5870	12599	22725	16313	22726	17952	16878	1382	16392	16372	6844	1962	800	16363	2656	4185	15340	18468	3147	17324	5607	5150	16902	22506	15814	4391	15076	5747	3786	6475	14739	6667	20914	6825	17388	6871	16964	14133	16367	17256	22985	14249	15792	4000	22979	5602	17014	17326	5025	1435	7505	5732	3189	9308	3912	666	6851	6765	16812	13386	16280	16281	16282	16283	20318	23251	6119	9306	16360	14545	17678	6617	14611	6842	20644	16897	19935	20821	12595	1686	1687	17094	24228	24229	2710	8804	15285	6309	15582	16390	8445	16910	4892	4035	12638	1587	6818	6819	6822	6820	6823	6824	13952	13951	13950	9305	3619	3242	14404	14236	6838	17900	5033	17328	8663	20027	7894	13157	4586	22574	17322	6661	16277	4782	15782	2210	14834	709	5815	2045	22249	3711	14172	851	5933	22288	8754	15829	22977	5683	19981	10124	9498
227	40	12592	7859	16137	6713	7537	18306	3681	20466	19004	9676	7113	1089	8756	14397	19056	16429	5335	5023	9915	2272	2652	743	12286	6419	19033	22276	22691	4001	8437	5719	799	10194	6252	17339	7242	3751	6295	14252	1850	6838
263	104	14658	13362	20703	15801	20058	14242	17163	5192	8707	17493	858	1810	15768	10097	496	478	15968	19869	13198	5520	20844	7464	8530	24188	8562	23581	12844	12704	12549	10197	4837	3330	4747	22735	15996	18435	18292	13898	3853	10205	10067	4589	20675	6653	19230	8196	20050	5667	3920	18716	22872	2188	9448	14213	17794	6549	20046	9152	1858	15227	3573	4094	2360	14110	2361	23324	17150	788	18943	22690	11493	913	11492	7372	19493	15570	17658	8881	2329	22854	20109	8853	2400	24291	22594	671	19077	1261	11491	2376	3766	8421	10195	7839	10550	14420	20586	2789	6304	13315	16059	24497	19451	17197
263	63	17747	758	20330	15003	9154	13935	8704	7367	8698	19991	17130	3758	19411	15968	6140	6139	693	20904	4697	3718	7889	17773	2799	10098	9093	16058	17272	1911	13808	542	21217	9964	3473	4680	14571	2891	17290	5785	9463	20978	23279	16675	5596	5544	2887	2290	17194	12979	19288	14732	16335	22301	20180	22594	3869	12354	9092	7754	6976	12274	24497	16666	17197
326	18	14658	19694	8164	15114	12787	16192	6895	14660	18660	6297	24569	20055	19451	1392	8888	12234	18670	15571
326	19	14658	19690	8164	23445	22892	5545	16192	6895	22856	18660	19713	24569	20055	19451	16930	8888	12235	18670	20849
47	44	19817	14774	11291	8291	18748	24573	13248	15933	8559	13265	14863	12246	14722	18430	845	18472	6205	8638	4040	4944	4168	6977	8282	4169	4999	23369	5945	17077	16170	4045	4221	4662	23370	7477	4791	2548	4854	4789	19188	755	12864	9473	2456	8635
47	5	19817	3735	23096	13178	24559
98	36	19817	20417	2305	2816	15703	9339	18130	14202	14243	18430	9177	20356	23865	22731	22471	8121	10549	9203	7983	23853	23100	3364	12864	9473	15813	19560	13058	20530	1790	2750	22974	13277	17172	17220	14406	19889
98	26	19817	15693	9409	6047	8574	12881	19561	13178	18612	9523	18461	981	4751	13574	6519	15812	8910	12055	1024	8672	17949	24548	23554	19655	7758	2911
11	3	24346	21713	17771
11	2	7667	18462
262	878	9558	1262	22628	10056	6511	6935	7482	17409	21573	16182	17265	2852	15306	7748	10143	19765	16996	14097	19826	23181	23515	11107	4515	14256	15808	21020	831	5874	14045	21381	308	16362	6953	22664	6316	22014	5129	24094	21525	21510	6095	14755	17910	4978	8466	14962	21986	2161	10006	15522	341	4073	21048	13048	2785	22966	38	6251	4839	15940	3123	17289	19982	18088	9544	21467	6057	11360	22157	11056	20344	8596	2258	4670	19733	11057	2087	22164	7431	16585	2665	23014	21357	15713	23648	17935	21146	14886	21997	9083	6204	9655	21428	2932	9754	2257	17930	21010	23783	21006	8595	563	1225	20585	14818	18511	2265	17516	12444	9045	9787	21681	9413	8908	2915	16970	4057	18110	15613	1917	14826	16011	21260	694	20338	21522	15827	17168	19993	21605	2760	335	9171	10153	20587	21749	8232	21489	3336	4859	6904	21551	9315	21147	22846	12636	4946	15977	15615	19809	4138	6219	5132	16108	5563	6972	5951	17195	6581	2570	8645	3686	20450	19803	18426	16833	3848	13406	570	23846	17414	23813	2699	1256	16820	7204	19894	20606	2242	5340	17072	23326	21296	4863	15254	20669	21847	19339	2292	17777	5829	12464	8720	456	17217	10005	21555	14974	23062	24084	15769	17918	2159	5539	21758	19154	8508	17273	11496	16399	9314	17574	578	6075	24400	22891	9444	1330	12190	14123	12899	21270	2404	169	4056	15196	12623	17169	19463	12083	21887	19407	2090	8465	12897	15591	9173	2021	344	7102	2260	3730	7408	14035	22836	22458	23595	21609	23661	20603	15252	14125	6960	23867	16203	19322	401	23650	9827	22206	2302	21770	13293	22848	4027	1761	2301	20687	9753	19752	10000	4251	21120	21069	5106	16015	9886	17375	18264	14248	22507	17052	2566	12437	21106	21649	22081	12728	9164	3224	10615	22645	5533	21372	23807	18979	8289	7483	9572	9854	6551	21880	15822	6033	24083	9805	20505	20858	10074	21688	20712	15005	19666	21829	14177	3244	10234	15975	10090	3958	21617	4055	6609	18060	58	14999	7305	21050	7453	21502	16592	15631	1389	12393	115	5921	8500	14990	14907	23203	20378	545	556	9123	6954	20921	13958	7151	21034	23687	21492	4679	9757	22295	13454	8594	14574	14575	2171	7450	9778	17936	15604	3773	9820	19131	1718	9719	21122	7471	21011	3380	4064	11588	20082	20409	8307	5708	15381	2615	7485	19412	23796	17797	20508	11421	6134	16066	23524	7396	9721	6919	22065	21188	21942	21115	19168	669	5907	10878	21471	23842	21557	1654	4677	9797	24161	19155	2767	21514	1253	672	16076	21666	9887	13266	11418	3441	19454	22328	2756	4899	8412	4070	2949	5489	5783	4685	7631	21813	9452	21778	9780	9723	18087	20366	17850	5827	9363	14883	21419	6993	21057	17045	862	3257	16199	22465	21836	4838	21080	19846	5	17719	2565	1829	21079	564	21073	24224	10235	13096	10208	23887	3371	7394	22165	8575	23144	20413	17223	8838	13015	15409	13014	13130	1626	9397	6898	19311	23789	12796	6936	23901	16594	9633	2164	21547	22049	11995	9968	13049	20744	17644	21472	8457	24207	5122	21823	10891	19789	7194	10228	8386	8403	2970	19393	9801	7792	1676	1840	9652	6087	1672	1244	8702	6441	21626	12297	20926	23545	14189	21855	6447	24300	5357	2953	1390	22641	23912	6371	12332	15621	21567	20524	7144	2545	21132	21018	20516	9570	2809	19728	2405	21852	6098	5573	12871	9994	5952	1345	17425	20369	15022	5565	3837	21614	21131	11737	13133	11841	5128	11296	21450	21796	21817	21536	12620	19021	11983	21077	1884	15804	12032	17153	7465	6952	22840	8889	16189	6900	19830	10	21358	9771	16411	13139	20357	8891	8312	20441	4492	4766	4621	5729	16375	20394	23843	1315	3184	21183	8658	17937	3254	7719	13525	24372	11627	3526	23248	22587	1369	21856	21457	11657	2616	20453	18970	13599	19505	4551	6446	6438	9786	12091	12627	12239	11942	15904	21458	18925	5937	21774	2811	9055	12707	3435	19748	24370	8599	21968	21630	3909	19763	21899	17411	20866	15779	4896	16105	20461	1895	18267	22540	9260	23102	16264	22045	20381	5298	10687	8375	20506	5958	18109	17904	9401	19156	12641	19897	19779	21497	11342	11767	884	13131	886	12024	13342	22046	14860	3493	5689	876	3965	13003	21297	12703	9943	5790	5504	316	22812	23468	579	14756	6908	12726	6464	23683	2095	22542	8777	9966	20770	5095	9341	17724	12031	17044	11628	15420	10224	11587	20176	546	12097	554	9775	19839	6253	24277	21635	17843	12162	645	21550	15802	22543	19017	9292	21674	21710	22084	15744	21269	6196	6280	829	5567	9868	11583	11415	21867	17028	21156	12633	9160	19688	21282	17438	24446	18951	20149	2435	23833	8290	23076	9638	22623	18989	19749	2881	15030	3475	21333	12303	17448	19324	2815	17665	6455	12133	15574	20607	21276	14745	21639	17919	18544	7486	536	19464	4262	12775	7743	22498	11986	14949	11985	5852	509	18136	21866	16337	19678	13110	21786	2673	1981	9815	12725	15807	19774	8159	15872	22635	8157	18073	17623	14844	21812	20764	2281	5935	15974	21030	10322	21983	9485	3630	21033	8598	6879	20178	8844	22468	9569	10012	9067	5039	9701	9557	8160	3333	16687	21760	14784	22965	9819	577	7351	902	15375	21386	13071	21974	23879	19976	1399	23548	9439	22089	21943	21265	21433	22833	6298	16017	16424	3325	24102	9471	19680	3921	18493	5552	8961	15651	16409	827	21542	4043	11409	12404	5483	17147	3915
262	454	10798	5229	5029	18152	6701	18495	16846	12041	8326	19444	2580	11052	3055	10854	13797	9730	18216	2860	1928	11003	22430	23984	7686	13484	996	20339	9575	16083	10981	15269	15512	2088	22357	22221	16548	5085	15527	9059	5166	17449	5178	22448	15558	18480	5988	18191	10863	20122	8039	9064	1578	20865	20311	10915	13555	13862	16787	20512	4229	11361	18014	12344	11886	9601	21140	22369	10714	12428	14342	1869	17670	1157	24460	2240	11117	6427	10621	18168	23703	6225	13566	14380	16597	3012	13786	4297	13282	18816	5423	13851	13861	16477	15643	969	1700	14095	22438	5011	9841	21604	22657	1910	4333	3395	8621	7419	3063	10330	14334	8632	12547	21730	20238	12408	18349	14483	18860	11864	8729	10788	12557	14060	17985	9066	20415	5966	22995	19540	11399	1295	6979	6580	972	22317	3406	19610	16130	6405	13772	14878	20266	9022	1841	12558	18395	23623	4475	3267	1583	4595	12513	13733	22520	8243	18571	10372	6011	778	22432	5636	1449	2876	3180	20295	22107	13705	19697	15750	5413	13998	1704	13867	8843	20091	10155	23922	4341	11472	19120	13802	11340	5972	10774	13392	6746	12512	14335	2840	10248	3066	670	4400	22426	3827	15195	1531	5363	1682	21050	22219	20275	1214	16784	9835	11623	5353	12043	977	13033	16494	5770	7760	2218	16886	12224	18814	5012	20745	9600	8151	2802	13791	11204	519	5225	17176	4314	2845	14379	16785	2736	22627	18297	8641	20494	6431	17549	2430	23201	14282	14284	8211	8203	13784	3496	18391	18050	14328	23955	3721	5064	14524	4800	17569	2004	16525	22366	22413	9840	16503	12800	3301	18451	17844	18808	23184	7099	945	10737	5365	14412	10196	2427	16140	11863	19517	5513	13069	8117	6709	6536	1773	3061	11599	5822	2737	3272	4336	22395	22241	17690	8740	13854	4268	3231	24159	13877	10604	957	24347	10700	23560	13789	23574	20605	964	9256	18212	14663	13922	11139	22392	5055	19990	12829	24584	3497	22062	19265	22222	1660	4137	3447	22069	1012	754	4802	2051	20391	10474	20781	4398	22320	10541	5108	21351	1368	8829	16841	16057	10921	10802	3306	14384	2581	467	10492	17970	1529	3535	17905	6241	4193	20400	5941	12442	12085	16471	14012	19968	10496	22074	5375	24349	15291	20667	17790	13843	17463	12375	7700	17110	24107	23122	5397	2897	10893	17559	24454	19750	5118	3944	3539	410	12952	9270	14000	20306	10589	7905	19297	9829	20181	20604	3232	19518	16159	18242	10881	9450	6280	23932	15109	2658	17645	10588	19687	23551	24206	12139	12289	17488	10946	19512	15513	13228	5080	18721	7900	2106	7619	3382	23179	8995	5447	11229	1967	6923	17583	7416	4210	3884	23245	4111	20633	10278	4318	14363	17539	5969	16200	22534	22606	4871	19831	21491	10334	6137	16447	4322	22131	18535	6729	9554
176	7	18131	5306	6420	7881	18563	17172	22470
176	7	18133	2441	19932	7881	18593	17172	835
88	12	17070	1916	13097	18471	1891	4625	12693	14023	2703	12362	16705	12612
88	6	23196	16417	9052	15671	17392	8263
75	23	4540	8873	12429	4864	9218	23607	15257	15819	9075	24509	5308	21001	24138	18429	6519	14103	12656	12484	12637	7529	9867	2696	9196
75	23	7621	20047	14865	11797	13887	14735	4820	22857	3387	6176	5307	8751	1341	17131	6518	3226	23070	2579	23858	4861	8560	2698	16061
168	25	4540	9848	18921	8873	12429	15257	15819	9075	24509	21001	18429	6519	14103	14933	12656	12484	4199	9196	1986	22950	23607	24138	13473	7885	9867
168	25	7621	9849	15256	20047	14865	4820	22857	3387	6176	8751	17131	6518	3226	3979	23070	2579	2551	16061	8448	2761	14735	1341	12746	7884	8560
320	58	24245	13094	23862	4864	12055	6048	5308	7125	12665	8611	15842	616	23636	23618	17080	15434	14650	2342	17782	18679	20074	12262	12302	12761	8564	1986	1294	8448	10107	24077	16487	12240	8607	12520	17784	16249	13092	16166	13093	8112	3611	22144	8634	4763	15838	23853	22930	13160	11910	19941	22597	4518	10019	4226	18912	6254	24393	14245
320	9	23635	13090	19926	8111	3351	10206	11911	14918	10747
246	41	2495	2535	2521	15445	117	2518	2486	2505	2498	2543	19549	2530	22072	4629	2511	2523	19724	19813	18582	19547	2487	7585	16972	23766	7373	2489	10745	19546	2508	2527	7974	16070	130	19633	19543	7383	2519	3764	19550	2534	8587
246	34	16919	19166	6531	15444	19956	13535	2352	19937	5807	19722	1331	16701	20964	15690	10114	16799	4657	7705	9117	8134	2489	13540	7708	15177	16303	19947	16417	16882	16633	19543	1419	19725	20654	14769
278	55	9661	16642	21262	15431	22799	6225	819	17930	6628	1607	4990	23655	22191	20534	1799	23726	18579	22843	2371	3050	20655	2005	18913	15353	13476	20108	6629	821	4503	22300	7513	3246	8585	10008	22801	4256	20600	20793	4140	13129	17657	9856	1803	12617	23298	7777	20764	12618	9855	21134	2642	15432	23727	13600	3481
278	54	8585	1331	7777	15431	22803	22798	17930	815	6225	21546	6629	1800	4255	19082	19281	3481	2006	13477	23727	3076	12425	21134	5611	2005	15353	18913	2371	2895	3358	2946	13419	19587	9592	20793	9661	13600	22799	20601	3246	15432	655	8717	9855	1799	12618	3671	21262	10026	12617	3050	4140	23726	10008	23655
177	5	15361	8293	22293	8776	2986
177	1	2238
173	29	22264	8818	11704	8733	19185	19670	2771	13453	22639	1716	4013	6272	4705	23183	18920	13467	19980	22551	8839	7417	9259	12940	3834	14689	15147	5257	12477	12063	9934
173	15	19777	5645	13089	6012	12686	2830	5609	7666	2828	16414	8840	7418	4937	19974	6153
250	9	19080	16389	4726	2026	15230	17360	14955	17814	18710
250	11	19079	19078	8605	19974	17897	17142	12691	19471	2325	3383	15226
169	4	17434	10786	11365	10528
169	3	20143	21691	20142
13	1	12131
13	1	3940
14	244	21326	6935	17265	2852	5825	19826	15593	21020	24094	14755	23704	15522	19487	4839	13103	20808	1784	18088	9544	11004	11360	8596	19733	3783	13352	23648	14886	17147	6204	2932	18493	4491	14746	9045	9787	3845	1917	20642	13125	19766	18274	21605	2417	20509	21551	17510	13338	11917	14122	1264	7321	21421	7188	17414	19858	7351	2196	22634	2159	9314	17911	5552	14123	21512	3604	12623	9113	7912	15001	15905	6960	9827	22206	21065	6422	14622	12709	16142	2804	16026	15822	1243	10234	15248	18692	6954	18288	23687	21492	15724	8432	838	510	19131	12404	21679	17518	6888	7485	22716	19902	23597	669	4677	8598	672	17338	21888	14127	8412	2949	382	14076	9363	17045	16199	19107	21080	19479	21233	17208	19115	21943	1626	22228	21113	12796	19845	17644	10228	7792	1840	21317	8702	13071	22849	15793	4675	23674	6298	2285	15651	17927	21377	21983	11296	21796	9533	12034	14738	6613	23873	18277	13139	21386	6915	8312	21203	20467	1369	11617	12264	24601	13519	12627	11942	21458	18925	12707	12910	8599	24498	1227	3581	22540	21927	17524	22045	11630	12086	11085	18871	40	9057	15376	11342	12024	13342	5007	9885	6464	9404	8777	9341	10322	4230	11587	20176	24277	3709	21635	12700	12162	15802	9791	6196	19762	17906	22653	19680	7366	10100	12633	19688	11717	23833	12303	10375	20359	12775	7743	8161	21280	1270	16103	23124	5853	7764	4664	19202	8580	9454	8289	5106	22628	24145	21820	21951	16687	21942	3336	22164	21467	12899
14	185	6580	11287	22275	1209	1214	11003	20339	15527	17449	23703	10863	6421	20311	8752	7416	17345	20512	4229	11361	9601	6536	21264	1157	2240	10621	1812	18492	21141	5029	13282	6495	17945	20897	20257	21604	5118	21936	3063	15164	18470	3089	7550	6525	17852	574	9066	7352	15207	20965	14878	1841	18557	9087	4475	6897	4972	9534	5086	5143	15636	19697	18191	13705	14621	6328	15170	8843	670	16725	53	13033	7760	21491	6467	8431	23255	13485	8151	6322	19671	14855	519	10783	23598	13028	22606	9835	1235	24098	6109	23201	4809	7624	9363	3721	16200	21803	17569	17778	18535	7099	22227	20605	10737	18026	5513	2737	22241	6137	467	15209	20123	12561	16597	19523	4750	22534	7238	5055	10046	4237	5408	15463	17705	22069	19084	17670	13526	15647	1368	10272	1464	12590	6923	19831	10492	17970	6241	24054	17523	24107	19968	18703	491	20685	6815	21871	10310	17110	16174	18808	12952	21706	10468	11340	6965	20181	9242	2211	19518	21667	9450	15868	6729	18931	17645	19687	18451	16756	20091	3227	16479	6066	20182	3467	15195	22952	737	12431	23922	19233	5384	472	14379	21140
230	39	3587	7701	23191	20849	11494	19690	23654	12600	6801	11488	3153	11577	12531	14377	4201	17242	11570	2372	6195	13832	23503	8545	19996	8572	20907	23413	17433	8753	6155	22669	17480	18303	3344	17931	19761	19692	11500	23324	23069
230	31	7993	2218	19694	8516	15571	17174	15362	18449	2036	12689	3134	3574	22921	5876	12259	4866	22892	15114	4158	5284	20906	4731	11895	12112	9845	19660	8000	5841	20908	3567	12093
89	4	16871	24533	12885	14822
89	4	16932	14518	16498	1950
94	246	21411	1262	13552	16423	21133	15733	7748	22017	10226	9459	21874	20129	8946	6953	6316	5832	2894	16143	21535	24560	363	12872	7718	17	3123	11056	6225	19576	2087	3034	2665	10296	23845	1516	21834	9655	9990	17930	1486	6925	21258	15373	21633	5474	21749	22717	9315	21446	23831	2473	23685	13193	23119	2977	24171	12706	23359	2699	4672	16820	20610	10001	21847	8720	3866	21995	21405	23062	18434	17574	18338	18146	6077	3865	21070	8425	15080	8835	21076	15168	544	10815	12440	4233	16421	21704	18586	15599	13010	6033	7495	15975	2259	12178	14192	10743	22612	21053	2171	3585	17936	12028	19964	23167	19460	515	2406	21188	20480	14221	9388	3441	12267	11664	5827	19026	22465	516	21177	17731	1254	21102	3698	7458	9458	20933	11995	15602	21823	13518	1240	21107	8403	22673	3696	19174	21985	5475	2186	21872	19160	5508	359	3837	21131	19228	9464	12620	21937	9345	8819	19745	18093	24380	4621	5693	4945	21661	15904	18127	10258	9333	21630	15779	11404	21959	23102	15308	22298	3198	23063	19779	24360	7712	21545	17555	6004	2786	21981	22845	16958	18094	21819	21581	6650	17957	22537	5709	13201	16261	21305	2937	23193	11583	19008	12134	526	24526	18892	21524	24236	22972	21788	12133	2776	10233	536	19464	21360	7901	21940	9099	20747	15740	14029	21786	1981	15807	19774	2677	21794	23292	21616	7320	13516	6502	2269	3762	21919	18424	21935	22026	21139	21799	21019	21347	1995	6993	7194	21050	21573	12859	23515	21962	21433	4073
94	163	10977	3056	24140	12558	18845	8016	13797	14336	11199	4305	23980	5644	2088	22221	3069	23984	22113	11001	8744	20303	14385	13555	13287	6225	11061	20404	2665	22272	1517	18168	16549	20071	12699	17561	22567	15678	3395	24462	14764	5459	24454	5002	14152	11427	15465	20415	970	5966	4260	10752	6979	8117	9830	16130	23969	8830	20251	18336	5014	18600	10915	18408	17549	5445	16717	462	18815	4400	17589	20122	4396	18208	7990	18814	10969	3406	5457	18212	18118	2845	11805	11271	22469	7900	3496	20949	4800	20884	8032	24179	12959	16140	23955	6705	11221	7114	7178	18965	12041	13643	16750	9256	17592	13843	10600	2834	16215	3823	7588	1012	2736	14716	15909	16214	4193	20775	19127	2339	17629	10512	1861	8206	5131	20186	11150	20435	457	5751	849	15316	13487	15669	10639	14544	11714	3540	1697	3514	13080	1079	5063	10302	14324	23179	8995	7901	6402	2863	461	4501	2721	4111	8865	11054	11261	17831	8143	13032	18688	6709	21050	24347	23934
103	77	1262	17781	21806	7406	23707	9459	20129	21701	6316	2283	21300	14190	2785	16373	19576	17371	16587	6925	20551	21715	6173	21221	2473	21703	21974	3777	23123	15080	15742	1600	10815	21038	8584	19400	21032	3003	14192	21590	21833	21198	19460	9647	22156	21188	9818	3441	23391	21889	17268	21872	21088	19764	21504	5692	18988	19150	12874	2786	316	2899	23303	20364	22505	17270	16261	2937	8014	23891	536	14417	21303	17269	1865	3624	4736	1876	14825
103	39	962	4343	17699	3439	4317	17561	11887	5231	5382	10862	20309	22564	11061	4880	11145	2422	11199	23983	4738	7679	17549	18537	1172	17257	14040	24185	2829	18815	2845	16162	17178	10045	457	1212	20956	23207	12049	12614	4088
287	14	22747	1014	15412	13938	10083	1847	30	18143	5068	16238	10401	11639	18966	11461
287	14	15952	3351	3829	4184	13090	15906	1847	2364	5069	13453	12169	15148	9420	18967
327	209	1595	16863	4348	16505	5233	998	6514	13270	24006	11006	24069	17674	4099	18202	14054	14242	13779	19592	23978	7553	11785	9604	9352	19419	5031	14845	11859	14516	14462	23946	1602	15546	10944	22140	5461	8722	7888	3598	9605	10927	11103	24009	22136	1009	17599	9253	1113	17632	11742	5215	11012	23620	896	1292	5979	17812	5627	23970	10459	11812	23966	1129	22218	10953	19643	22323	22128	23004	14752	4995	9298	15462	19116	11447	18858	16184	5854	19256	2122	5991	18797	18353	12228	7525	16752	14696	8859	8043	11210	10992	1451	22325	6742	10161	15896	24578	24003	20876	7296	10694	13308	13670	18239	10907	23393	10972	16732	11270	13438	13083	11091	13673	11284	15447	5989	13761	1162	11059	16555	11350	11274	1640	1993	24533	15182	13290	6416	10841	22514	17058	19070	13398	15789	18409	9019	18328	170	9111	7941	5250	16185	15548	943	14296	1115	10458	17184	15271	12763	6523	10966	105	1851	137	12071	167	5796	1337	3814	15009	10644	166	216	195	217	12202	2722	24405	124	172	2104	218	464	220	20319	12203	23069	226	94	3652	237	9349	239	122	11740	20882	5685	245	244	102	243	262	15318	8934	11837	18309	5518	4222	23351	4215	7575	18895	22217	1906	4216	1205	11854	11672	2046
327	211	11458	10990	7678	998	3065	16871	13288	3532	7665	13034	11201	17638	22098	12568	19003	5070	8488	13661	11205	10466	22217	9230	8315	5802	9146	10445	1534	10525	20233	23985	17986	12422	2434	3668	2685	8721	16641	5238	13082	9605	1013	4537	11080	23933	8519	7357	10998	7573	1858	9007	23620	22104	12040	895	11010	6314	3943	6587	16394	5233	14288	24003	23314	12515	10161	6391	23952	9298	8570	12980	9607	489	22323	15454	3377	19116	10203	16185	3598	6217	23042	11200	12565	11208	18352	20690	2572	10453	622	17591	11047	10348	8054	16008	11682	10953	22476	7639	23966	13291	5206	7298	10420	3536	13753	10460	6745	16459	10973	14077	17973	18734	11091	8981	17599	11284	18333	18570	11212	1161	15447	11350	16555	11277	5705	1008	22203	24439	9248	2682	11276	22514	17057	4345	13898	10622	17812	1594	23991	176	3289	20882	9110	11435	12214	6833	8750	8988	19720	5463	18078	6510	1175	109	20898	161	24570	172	20171	4151	6883	14694	14477	171	235	197	237	15237	1953	14696	128	178	18895	238	16218	240	14672	19659	242	95	13081	11064	250	22494	253	126	12998	7941	4046	264	263	105	261	280	14010	10944	16713	22307	16496	11854	23350	4211	11310	8938	11785	18174	4215	14145	15191	9225	2047
56	95	21415	21559	13552	19321	21647	15677	20371	15306	21474	21300	21473	21051	24397	6131	3429	3282	15743	21220	9559	24198	15373	2181	21349	21376	19775	21309	24492	7337	9564	18907	12061	6955	21438	21069	7430	14727	21038	21097	15975	2988	21711	4719	9752	20813	4737	7531	21444	2025	23811	3663	9161	21629	21188	19059	21414	19151	21396	5194	17965	21511	10218	6098	12871	3009	4766	15075	16796	12628	530	1755	10616	21242	21173	4488	19875	8376	14128	24088	20410	5844	18693	22006	23907	14970	8257	17920	6060	13505	1865	21155	4007	17250	21465	7196	21311
56	45	8491	18233	11202	20884	10914	22347	5278	18225	17571	1937	14347	10719	11172	16853	1097	17509	23979	22786	11696	3492	9012	10440	8194	10341	8103	18408	12313	18203	7877	18249	7583	1340	2845	17696	11692	8771	22385	9509	18638	11689	1942	2192	8087	6747	11693
288	55	22746	10084	10085	7316	13305	471	22756	22755	22753	22759	22754	22752	9414	19931	7446	6231	19684	15411	14583	1014	11844	11121	23764	22760	18966	4195	11604	16136	13480	10082	10088	22758	17419	22750	24086	14582	10086	19148	13442	470	10087	1847	22757	22749	6232	30	5067	5068	18476	18477	22748	13443	20470	13479	16010
288	65	2352	2431	12386	12319	12067	14419	3588	8588	16191	22755	6866	19195	18148	3485	4462	17240	16010	14159	6232	19148	11121	7515	14584	14582	12957	9362	14084	19834	19684	10086	22760	18967	11604	4195	19041	15674	13479	16887	22667	13575	18778	24029	18741	23754	8531	14583	16387	7180	1877	10490	7172	30	9265	22751	6231	1847	23375	6130	18477	18476	19416	5325	13480	5851	19931
150	15	2465	20645	4350	7697	5608	4344	4777	14885	22863	4742	1360	12275	7879	1707	4937
150	5	2455	6303	4351	7967	7880
186	11	13073	10711	1938	16790	924	3811	18636	661	15665	18843	1487
186	7	6308	17683	705	1961	17838	19369	4688
233	29	23770	22892	24247	16930	21014	500	6055	21526	13360	22856	3544	1304	4604	3950	8545	6653	19996	18135	2991	4279	9227	910	16793	7994	5843	22496	12926	14660	12235
233	26	17646	15114	10141	1392	14577	2643	9392	6055	4747	9449	14660	7993	500	17469	3950	22892	6653	3546	16634	3748	3879	18670	15417	24480	14658	12234
276	34	19694	17348	23767	10069	19945	10368	23155	12235	17470	6223	6424	2374	3629	7374	22331	20526	19409	14418	14197	19106	19922	19660	23302	791	20702	8421	8779	4235	15149	3140	13327	11406	15436	19892
276	29	8134	8111	19926	7230	13272	19722	13090	815	3975	19923	19937	12397	7350	8682	23641	23635	8712	16701	3981	22790	16090	24028	19920	23697	14039	13370	2352	14945	15258
280	18	13547	4525	1651	8537	8064	10477	11081	11053	4132	13905	1614	16776	10659	10879	10269	1615	18197	2416
280	18	24122	13180	8091	11023	10463	2416	18016	13194	4131	6216	1615	7274	18197	10452	13827	1614	10659	10477
129	24	14135	22892	6552	23772	12351	22196	2645	1472	15780	17016	16361	17803	2332	8309	16977	5587	13156	2572	6992	2980	14897	13836	24235	3882
129	24	16774	16447	7229	8096	15223	22196	19610	9237	10680	15456	2423	17803	3203	8309	16977	11046	20605	7525	15493	2980	10319	21021	24235	18850
142	107	18449	7031	15427	2429	7003	14421	15126	1919	16917	11712	11945	2036	7029	9319	16221	3554	22765	7512	20412	4558	12743	9342	10113	17625	23227	3556	20039	10315	12177	4291	454	7069	7080	14829	2012	18971	18656	17500	20073	15956	20925	5665	923	20977	5660	22946	484	2071	16586	455	1611	7162	937	17684	12237	18642	13353	4564	3551	5664	16290	17071	5071	3558	17715	17501	5145	931	18890	12981	184	109	105	431	208	131	125	205	213	8674	214	9646	9733	201	23287	183	230	226	227	236	231	7008	136	82	3529	242	245	10312	264	267	282	259	7054	12517	7030	7479	102
142	85	12600	19555	18313	2420	2448	12527	22551	18941	16916	11711	4849	6801	9689	16326	4801	4695	12385	12968	23631	12257	3115	20106	19807	11594	14770	23226	14598	12254	2356	2641	16303	20099	14769	14832	14194	20100	4712	13370	3733	17129	22596	15653	20924	15444	20654	8283	14166	12245	10114	1610	19171	4633	12744	4038	20731	18915	22339	7350	17070	3768	3170	20092	15190	17393	17214	23037	20557	18096	14181	2901	12008	23286	6792	6452	8134	1436	10462	13164	19662	20705	11992	2633	12516	7918	14586
346	32	6425	19758	6171	10669	14962	2894	21815	20895	3759	10533	21160	11998	20894	21445	21095	24142	8668	21507	527	12812	6530	10528	7156	18263	17650	12839	3154	4294	535	16636	23390	14741
346	31	18396	3438	3287	3057	4139	9581	11778	14345	13484	1660	10758	22309	10447	20096	17592	10834	16488	16476	4371	1952	22557	11930	3714	22222	12839	11328	14253	14338	5276	22127	9003
325	450	19402	22715	15733	14988	4515	17899	13517	21020	14045	8021	19090	10227	9427	5129	14857	17170	9821	20460	22708	9653	16307	21164	9542	23777	20141	24058	15276	13807	17883	1268	15382	11056	2258	4670	23550	21274	17209	15616	8156	21997	21500	13557	2257	22844	9998	8320	9986	17922	5837	16743	22159	15877	20383	13336	24127	5561	9324	17043	13405	21865	19911	7377	2760	9056	17954	20168	12873	10230	23915	12967	16315	557	21247	5286	6949	20392	23067	24090	2983	17143	17138	19857	9580	1410	12902	7389	23820	5480	15761	8310	8311	3687	15272	8402	3024	17015	21895	3206	15998	15769	19838	23799	3279	22459	14904	578	10075	17746	7522	4056	2365	21336	17169	24162	1274	7874	4177	6444	6387	21063	20146	6941	15762	23329	20222	16343	4762	23595	21154	1215	16078	507	16203	23819	19322	883	21562	19334	1356	24103	24362	1267	18264	21449	14792	9158	22707	15380	21627	9552	14645	17742	8382	17099	20762	9402	12887	19967	8387	11948	21946	3720	21318	1373	58	8557	23328	18533	19760	3396	1389	23916	9485	14990	21238	545	5013	6078	22152	2597	21566	15979	1273	18097	20771	8944	19131	4773	15799	20015	20013	20769	5957	1768	22716	17797	19645	18276	22161	6922	22648	7345	21369	21942	22096	18340	1425	4953	15734	17206	21666	21143	13455	18382	18	4155	23782	15737	2807	14127	22328	19086	5946	19394	35	10221	14180	7448	5483	15050	6443	10055	1438	15023	21222	7524	16176	16687	19323	20595	6789	15869	8428	22649	18061	12917	2255	6282	23682	9318	4207	16346	15374	23828	17415	23082	8261	15192	19309	22467	17049	14	14182	18105	17107	22175	19672	8457	12922	15634	2758	18083	5949	24151	14905	15976	4052	9768	21030	2639	4956	19743	9454	20504	9539	19828	533	15973	16406	541	22004	16037	19031	11610	9859	21377	15614	6656	17188	21087	7528	19161	9261	17378	9701	577	646	1250	9711	572	2591	13415	3683	20467	5528	7157	23248	19502	19682	23920	7910	3477	20448	20178	3498	23614	15995	2280	8506	21877	9746	376	803	16402	16403	9461	12667	12856	13402	19476	14636	511	1675	9973	21252	21388	23653	12895	21380	5537	17957	579	14998	17408	12651	24324	902	17124	15752	5490	23353	10322	15663	2805	9756	21041	10007	1271	12039	6471	3143	18099	9292	543	9423	23899	12630	19726	21606	7366	24352	20931	19159	13011	16038	15610	7158	13506	21639	18544	11857	9656	7426	2958	22402	11413	9699	18452	17934	2883	17427	24280	19007	24092	1760	21116	15020	3509	21323	19085	9877	18114	2596	14817	14884	2938	2978	20336	22274	16180	21463	13522	18553	21932	23109	12499	23821	9095	16006	21880	5974	21853	19876	12316	13379	21437	881	13138	24374	13955	22052	12935	21696	18554	5020	19109	3688	19393	22543	16375
325	447	1265	21082	980	9995	17899	19916	18255	20339	24396	21185	5570	7645	568	8961	20460	19847	3685	12865	17739	6014	9879	21165	7225	7185	20143	20042	14627	9084	20179	9165	21304	11057	4670	20344	23549	21275	9436	20392	8	15618	506	9882	21913	19318	2913	11341	839	13144	21914	16744	12888	9187	16362	14989	16229	8387	12710	19912	11950	14559	21731	8153	8959	2758	1714	21608	5591	17051	5922	7346	21071	5907	21672	22087	2952	10214	21154	13632	4859	12949	12010	9580	24147	3787	24406	9997	5480	22257	688	5363	9710	17516	15712	3867	3778	16175	3521	2421	7793	5018	19909	20786	19823	21169	16076	19287	9403	22548	23783	5514	8404	9968	15992	17741	7873	10607	4897	19308	4366	4550	8493	22399	5738	402	16343	15601	16182	8011	12183	4673	21885	22507	13120	16424	2993	9823	7106	15378	1761	2301	20489	15055	21448	9493	18996	22712	12631	5528	15034	23787	22067	8382	20918	6921	2292	21925	9857	21849	11948	23828	10157	550	22804	1389	8556	12715	21542	9725	4666	115	2948	8837	21276	22956	23887	22621	9817	13016	1245	21802	10236	9760	12918	24377	7802	8151	14558	7207	22302	3375	22518	19403	13124	19902	9887	20887	12924	19901	14099	22091	23675	21370	20506	4562	18340	1306	3339	6276	3007	17850	21241	15036	19415	18	19310	21397	8458	19454	9454	12332	2053	15525	511	9770	17379	14180	111	13046	18553	20515	5948	9635	22092	21223	21854	6444	12627	747	15775	2825	19856	7237	15374	23720	5923	6283	22718	4208	7745	17415	23649	2480	23082	24282	7360	19309	3019	5960	5913	23847	24169	18100	19626	21887	19969	307	5096	19031	17742	1405	19798	21695	17898	6952	21214	2405	7368	19842	13141	6613	22727	18473	1206	13053	15597	6181	23296	15047	22082	5666	581	15046	9885	4833	18769	21777	1248	7361	13634	8576	1250	19748	2811	13598	23716	19771	573	12038	18102	2370	20467	21840	6481	23248	12961	703	6974	8178	14636	20449	19763	8708	22456	23822	14105	18975	19571	23913	21746	10047	16403	12025	20408	9712	19896	24130	9540	5831	21029	17213	9776	24577	9106	17381	24093	21197	15754	13054	5504	8209	17408	3620	17416	12097	12694	559	3570	4696	11587	9748	13456	22039	14898	19810	13102	21227	19105	15854	16213	13506	11972	12890	2990	9170	54	17303	10100	24368	6197	24337	18550	21089	16032	16345	5712	14745	20177	22655	9656	2958	2175	9690	19397	9485	5953	21930	2884	5590	4446	9097	23868	9081	1674	5015	9313	10404	22773	15760	20575	8280	18283	6901	16066	19307	8495	20436	7533	19306	13525	19698	21530	14683	12500	18628	24091	19661	21265	5975	24384	23684	23520	19193	7523	10614	22093	2612	9747	22622	7751	7087	17048	15057	1756	5901	7305	21867	4551
268	14	22292	7504	7467	4272	3895	15753	18365	18363	18360	7410	18362	16325	8681	4012
268	12	14259	17311	17310	14260	17318	17315	18358	14770	4633	3351	18362	17309
37	1	11931
37	1	8609
245	90	23122	593	20148	3572	5332	13333	22546	7090	19691	15233	20518	24525	3245	23004	504	20672	14888	14914	18584	2148	24483	20714	6227	20715	479	23484	6967	15116	8793	4436	8787	7539	15129	13330	22532	18658	20713	16891	23414	7546	13335	10072	13334	15203	7547	13326	22943	23116	19506	7545	20716	22256	19959	21036	14975	497	11485	6594	17483	1623	15086	20411	1783	2823	6174	22166	22887	4060	15475	18431	19492	14994	19861	7542	427	21956	21004	24481	24160	11487	477	7086	23514	12230	4059	3876	12980	9515	19210	1255
245	3	348	2016	393
25	8	21781	17102	9315	15152	21783	12032	22371	17920
25	7	22370	24071	23984	1793	6341	5983	6381
145	45	3594	15234	14230	17897	12229	19556	7697	5332	12449	24525	1246	890	13909	14576	24483	4344	11585	4690	19132	20136	13427	15954	898	23414	7546	5091	9391	1897	426	12448	11846	5658	10180	20135	19861	7333	19157	428	19872	12012	427	6616	24482	8000	2031
145	23	17958	7508	16887	2397	12383	19555	19920	8134	12646	14945	4633	12994	2352	2552	16701	17137	23635	8111	16882	11130	10114	1436	12072
226	2	9188	2108
226	2	7343	2108
149	6	894	888	23895	23252	22099	20549
149	5	2108	22481	16129	20960	23586
281	39	1841	12639	2833	11365	14838	14289	19597	1821	10880	14030	5742	10985	23699	11154	12841	6023	10970	10676	5984	7224	9962	13562	9214	16990	23295	23199	10486	20444	7979	16728	4811	19790	15173	22106	24010	20458	6216	11094	4310
281	42	6738	16492	7224	21691	23699	12805	754	22035	24022	15198	6121	6808	13390	11094	14838	14554	12841	10970	2773	6023	6191	10676	2833	23295	13431	5001	10486	9962	14654	16990	13562	7978	765	4812	4915	19538	24010	22106	11623	20444	13905	14462
266	2	14378	14833
266	3	7519	14378	13162
243	11	6838	16605	16050	1804	2972	8494	3893	2470	16079	22506	19796
243	2	6839	6296
144	110	22715	22094	9653	19424	9091	16486	7221	5300	21374	8153	21498	12859	22036	15201	17837	21882	861	14884	8468	15565	16961	18565	12468	23061	21350	12863	23140	4817	15831	21334	20367	23713	4233	22710	18113	6903	9764	17862	21056	4669	12563	23872	22847	16304	16364	21613	6959	8597	13029	23714	17863	19172	19103	19520	21751	21112	513	3459	4402	23801	23058	12892	2755	19986	6266	21461	3191	20	21732	19162	16033	8523	2984	6618	2749	7199	538	21718	16039	14778	22537	22207	13806	23818	21765	15663	9748	9456	9763	1271	12039	20726	2999	7246	8737	19008	4473	22982	22951	7385	17647	12142	23830	16077	9336	9099	16045	12921	2479	6901
144	99	4083	7609	12768	5200	18182	5383	20542	5970	18190	12331	15457	21264	20234	13448	16440	4364	6043	5754	14331	4803	1352	6711	9215	9077	14007	13175	10758	10292	16468	6121	11333	6595	13309	11956	2391	17496	2836	8630	24453	14643	16471	13251	2964	11218	7567	8163	13800	11195	6543	10289	10731	20298	16057	2855	14721	3538	11353	3847	12799	18899	11071	19477	4608	22592	14304	17819	11357	4546	12781	12410	14167	18955	16089	12406	19064	2399	16488	14317	19074	5792	11193	4276	2599	20823	11090	4081	8207	10867	11238	19119	15562	6988	11900	1210	4358	847	5516	12771	13484
259	438	21082	15618	5570	9995	17899	2913	13632	1714	4673	16362	980	22956	20575	19916	568	19847	20460	22708	18255	20141	20436	839	16744	14627	21304	20344	20179	4670	9165	3685	21275	21169	20042	7106	506	19318	7225	23549	23783	15378	19287	10404	8	11341	3778	17516	21397	22093	13144	21914	14989	3630	12710	1265	11950	14559	10047	8153	1674	19307	8404	6014	9310	5591	8837	5922	4859	17051	3521	21071	14099	10004	21672	21530	20392	2367	550	22087	15057	5901	6901	9580	24147	9997	5480	22257	24406	2292	24384	23520	2574	2990	3867	16175	2421	5018	9084	9403	10614	10607	15992	6283	13456	5960	1274	7873	8961	6444	22039	19308	5514	5738	16343	15601	21154	12183	8959	17379	21885	14101	21562	9823	23913	1761	2301	12924	22507	18996	9882	21608	2611	19823	2948	23787	17742	14683	7523	6921	13120	9635	21086	21265	9857	8387	17741	10236	16229	22804	7305	4676	21542	6101	1389	115	4666	7207	18553	2952	9760	18283	22621	1245	747	21802	19901	22302	20143	24377	5948	10157	24169	23675	8708	1756	13124	5923	19902	21165	16424	19397	22518	16066	12715	9774	21370	2612	21448	5907	6276	21925	19403	8280	16076	21241	9887	18	19454	2053	19415	13053	7533	6481	14180	7793	20515	17850	21223	12631	24091	15775	7360	12918	14198	9770	1206	4208	7745	23649	15374	4366	23828	17415	23887	7185	9081	19309	22718	23868	13016	19115	2056	5913	19896	5015	19310	9968	18100	19626	7087	21717	2758	20918	7237	12949	1405	8493	19798	17898	23720	21854	8522	6911	3339	15525	3375	6181	12500	13141	22727	21029	15597	12332	24093	18473	22456	23296	15047	22082	2405	19031	9747	4833	7361	21777	2825	19969	6613	5666	1306	8178	18628	6952	21695	7802	8576	22712	22622	23938	22067	1250	22773	23847	19771	19661	21840	18102	13525	5528	18273	23871	23248	13634	12038	4551	22091	9789	12627	1248	3787	21731	13598	2811	18975	8458	19748	6974	22823	19698	19763	19571	19306	573	20449	8495	12025	19842	4708	20887	9313	14636	5831	2993	9712	511	1675	24130	19452	23684	5975	17416	17381	15754	9885	17408	13054	3620	559	9748	19193	17213	11587	4696	19810	14898	12694	15036	19105	21227	19017	16213	11972	13102	15854	22957	54	21867	17303	15760	10100	9170	22655	21089	24368	581	24337	20408	6197	5861	17048	21197	9540	13506	402	21276	14745	9656	2958	2175	9690	24577	5590	16345	4446	9097	13110	20177	5712	18550	16032	2884	7751	5953	23822	703	19099	22092	14558	15046	12865	7645	19856	15055	24282	8011	10214	6074	2370	12888	9817	1426	22399	21185	4897	14105	9436	16403	19762	12097	24396	13046	8209	22548	15712	23716	9725	20489	20786	5096
259	436	22715	21997	19090	14988	4515	9998	24090	17954	16078	20383	15733	21238	18114	17899	9427	17170	14857	9821	13517	20142	22274	9986	16743	15276	15382	4670	17883	2258	1268	21274	14904	24058	19334	21500	22844	9542	23550	4056	1356	10075	21323	8156	8320	17015	15272	23782	13138	17922	5837	13336	15053	9324	19402	13405	21865	803	7377	21116	2978	21336	9653	8662	12873	9485	23915	2983	10230	3206	16315	6922	7225	21247	21932	15616	21123	21318	5286	5020	3688	14884	19857	9580	7389	23820	5480	12902	9402	21853	12316	20912	23899	3024	21895	15998	19838	13807	17746	881	4177	24162	6282	2805	14	17267	7874	5129	16176	9756	6387	2365	23329	16343	4762	23067	1215	2760	10221	507	23786	21971	21562	9746	24103	24362	18276	16203	9158	13557	20168	6074	22459	23916	14645	5949	23109	21437	20762	23819	1438	15759	21880	19967	5561	1274	15979	24127	1373	19393	13013	18533	22051	58	1389	3396	15799	15050	6949	1273	14817	5013	2597	20595	21566	22161	20015	20141	20771	10055	3720	17107	7345	3498	19109	1768	2255	22716	21164	19322	11413	20769	2938	23328	3690	21369	24374	21449	557	15734	12887	5957	2596	578	21143	17797	18	2807	19086	18382	533	16180	7157	23082	15769	6443	21666	21222	15380	9095	6789	15192	18097	22297	35	19828	9318	4207	15374	18061	21063	21946	16346	545	23777	1760	19309	23682	24092	22152	21943	19755	14182	12856	15020	4155	17169	22175	19672	21696	13371	9056	17099	22649	17143	24151	6941	14905	4052	12917	7524	15878	13414	4953	5946	20013	16406	12499	19743	20504	511	15973	22328	12895	9539	23614	541	22004	16037	21030	18083	13955	15614	7528	17188	15869	12922	9454	19031	1425	7910	23821	15976	8944	9261	22707	22052	20934	17742	17378	19085	18105	9711	16006	5528	13415	13522	21627	8178	1252	23248	19161	2591	16375	22648	9790	16687	21087	1410	19911	646	577	8506	15737	9701	23920	14212	18553	20178	21877	21463	572	20448	20336	16403	4956	10750	19645	3509	3477	14636	883	12667	19394	23716	13402	23789	19876	5974	24324	23653	5537	21377	17408	17957	12651	15752	15663	13379	1675	10322	23353	10007	21041	17124	13455	6471	12039	19017	18099	543	1271	3143	1190	19726	22543	21606	9877	7366	12630	11857	16038	24352	11610	19159	9461	20931	9750	18554	21380	19476	9292	20222	14990	21639	9656	7426	2958	22402	21252	17427	7158	24280	19007	19678	18544	13506	13011	15610	2883	12935	18452	15995	19682	20519	15023	4773	9859	20460	10227	8428	18264	8261	21154	20392	21215	3683	22159	6078	5999	15762	8021	6444	2280	17209	16402	21643	902	14045	5483	14998	7522	8402	1250	19760	1267	3279	2758
197	39	18180	1534	13798	8089	8978	9694	5421	1017	12662	8785	5990	7628	860	4101	18859	1736	3830	20877	13200	18183	7217	6395	8931	1135	5412	18525	22121	4084	11679	6754	3801	1982	15908	10844	20296	3599	17989	15547	3789
197	29	6256	4601	891	18500	11988	15592	12816	21	22882	13907	407	380	327	371	326	47	10378	8687	6691	50	15595	10379	151	16272	16323	372	147	349	11636
210	9	23780	13406	20012	21847	21663	16522	5486	15030	21418
210	9	11776	11003	22737	6979	8050	16521	14279	15513	16488
238	93	14312	24581	7671	998	11329	16237	6391	10338	1200	10585	16932	4808	9080	24000	11058	9971	14254	4079	1782	10508	11076	20738	10426	10953	3616	24585	4925	10916	22111	16795	13244	1908	6593	6687	4813	17621	6159	19812	24024	10160	10161	21013	24578	1950	10373	1285	18841	11187	6504	16732	9033	24047	18524	12986	5989	18570	3073	8803	2243	9369	10962	2407	598	11590	1650	6836	15529	14550	11646	11245	15222	6293	6610	17288	14204	11389	13642	8639	23944	19786	13725	3046	12692	13400	8477	2060	9626	24594	20462	2195	24576	21035	7581
238	39	15415	5610	1706	23832	19974	19781	10182	15224	10148	4572	12685	11952	8606	22873	19805	22862	11425	4350	12686	19556	1950	4937	19079	18945	3622	15239	10180	1709	19784	15237	19777	10013	15243	4691	19078	2325	3464	19471	1806
130	4	20608	13423	9449	5072
130	4	4644	13429	9449	5985
175	73	4966	19101	7140	23896	11431	15126	897	2796	448	7081	9462	12350	15960	451	15404	17503	22265	20360	4457	15625	24586	18879	8202	7404	23079	17639	20676	449	6995	17966	3560	5660	2071	16586	3550	3268	18684	3562	10316	7830	5220	18632	10885	203	20678	6994	6608	198	869	431	17471	201	234	229	235	3607	242	245	19139	5524	18607	7076	252	18258	15686	2085	260	279	284	216	10014	18971	3575
175	39	3676	7480	19075	9744	20583	17190	19076	18536	17295	18633	15710	14768	19979	9482	22324	6294	984	4044	15517	22996	5865	5867	5868	19175	8700	10116	17225	206	7064	12472	15236	232	22875	241	19949	255	10020	283	6311
254	137	4966	19101	7140	20044	897	20426	17585	22352	2072	24435	7073	7081	14469	14791	9911	20271	12350	10539	1721	5263	18342	6702	13881	3213	6698	447	22409	15404	7632	19126	3392	10628	1581	14463	17503	11865	12163	10645	3424	15625	9011	4882	10653	10726	18879	5003	20968	5319	8481	12503	3288	437	8202	13981	7404	23079	20676	23160	6995	1488	18971	5285	17966	3560	5669	13775	8909	6327	5320	12954	3268	3562	8070	15482	9901	5626	10655	6042	14318	5220	12977	10014	13987	17880	10328	6984	207	6994	6608	4326	1506	1580	20565	19138	11861	11234	18368	10256	14612	11787	10295	6930	23747	19357	10813	13995	197	1111	192	180	13792	3217	19364	13785	5524	22246	19067	5172	20265	7076	14647	11135	18258	2681	5515	19243	14456	17849	5888	3266	11877	20360	19240	7325	1154	13353	22353
254	27	3676	7480	19075	5569	19076	18072	17190	15710	17295	22202	6294	984	4044	22996	5865	8700	5867	5868	6311	12522	206	196	190	177	7378	19979	10116
96	21	1789	4386	377	19804	10108	4604	6494	2991	4279	23006	9322	2296	17718	7433	2939	6841	22496	15583	1965	20773	18106
96	10	3748	12843	17472	17469	3879	13351	22890	2297	24143	1261
95	21	1789	4386	19804	18106	10108	4604	6494	2991	4279	23006	9322	2296	17718	7433	2939	6841	22496	15583	1965	20773	377
95	10	3748	17472	1261	17469	3879	13351	22890	2297	24143	12843
69	55	24213	1335	7753	17106	4722	22811	12542	10806	24156	19573	3756	20510	24200	4950	8898	4770	7919	2627	2172	21850	12964	2892	20144	14130	13900	23500	13031	16993	7297	21571	12530	22437	21508	20507	13374	493	22536	476	14570	7427	2628	20030	6107	20145	13899	16222	4759	17656	12528	9013	21066	12529	7150	2657	8416
69	13	2063	4683	20638	20706	2061	7891	1440	24066	758	15568	15104	14833	12
52	8	9524	22895	11458	2788	22980	10685	6377	16724
52	4	1595	11884	12096	16868
213	2	12324	12306
213	4	14245	13542	20723	23250
189	274	14383	23087	18487	15443	11198	11134	18540	18924	2871	5772	23107	19631	15296	15846	8136	5265	15458	13796	7607	5347	8301	16495	24619	20272	16561	15006	15552	23622	882	7613	13984	10935	19141	4613	3085	16781	7155	14322	9617	11017	9935	7271	5521	7851	13238	7955	22193	10102	13726	23137	13619	14354	22451	17202	17879	20229	8273	11916	8768	13227	22452	24223	5431	23041	24530	11829	15917	10538	15472	16439	15510	12579	11246	18304	22647	24270	13623	3108	7251	18528	11346	11457	14514	5778	2923	5294	23923	6089	14455	14487	14052	24562	5899	6878	10784	971	1224	5318	5759	757	15303	11019	16113	8685	19565	16563	1741	12684	8074	6855	8138	16194	6085	18218	3415	8083	17573	5266	5761	5209	1685	17926	10624	6208	7253	6366	13648	11676	13461	3963	23036	2922	16564	16777	4799	8044	23213	17827	5330	17881	9949	11681	20755	19013	16569	11456	11449	3088	15063	10364	13701	9185	24602	8480	24418	23378	5760	19537	19014	5304	19245	9510	15921	1149	18371	1763	24603	22138	14014	19277	15311	1044	6744	1925	23211	2859	3816	968	23267	12580	23307	3408	20805	16658	7943	5246	8190	16023	15197	1728	8690	4830	20185	11258	739	3403	16320	19613	20297	10507	5939	9278	4097	18221	11197	22419	18795	15536	11032	11835	1479	16499	5371	15578	19278	22425	23130	8861	13611	20188	1647	15844	18938	15273	15553	4395	20197	24306	8725	23241	17624	14372	12215	14517	16531	3183	17499	12946	19422	5940	16562	20671	20119	5390	19510	1142	20880	2559	11370	13229	11266	16660	14539	5897	1881	8767	16669	9939	13225	7759	22391	5803	7302	15587	1060	19535	9208	13944	18998	15573	17854	14609	5289	14344
189	207	20492	7021	3561	11466	18302	17141	2353	20094	14271	12743	3612	481	3964	3625	3697	18466	19101	10117	15749	24114	22761	17476	18779	3187	23288	1074	16312	15427	7027	7555	5880	1898	4568	8675	2429	9483	19361	3427	17450	18385	916	7002	4962	15124	24182	7051	3563	7042	10113	7024	24096	7005	7014	5061	17398	2036	13474	18754	18646	23015	5660	4784	19360	9387	18630	7020	1309	11945	7010	22765	7444	441	4006	7073	15123	9696	19970	23151	9732	23896	1357	7077	12466	2418	7003	18883	7038	4565	897	19921	2149	8427	3486	10119	1636	7404	2748	3263	846	11705	16848	18629	4806	18881	17001	3193	12223	8135	7057	5734	17743	7045	7053	4934	20811	7015	3239	2695	22921	3112	6997	2903	7043	7004	18665	11712	486	18664	15	19133	7040	1611	7078	7039	23039	12452	7041	3528	7062	7082	6998	23638	15153	7074	10063	3949	7036	7048	7058	7557	12679	2082	12350	435	447	4824	438	8202	22745	10381	22774	22767	18635	432	16917	16931	12774	7029	22905	15516	4603	3552	3041	19484	19062	7047	14223	6608	7080	4457	18516	18651	13004	14831	7828	7075	3527	3558	23346	9197	12218	3556	22768	3554	3559	18648	23289	3419	4563	3562	3530	22946	22740	20698	13264	929	16692
264	25	6589	23617	11021	15545	12413	1022	18405	8091	23133	23986	8146	6501	14031	11158	13678	10263	23994	4424	5585	18768	14163	15912	19332	13432	2330
264	12	17219	24176	5816	10068	17298	5817	2445	4048	17064	4652	6308	17346
161	11	2526	23628	23768	2486	2488	2540	2500	17078	59	17864	2499
161	8	23602	21478	15687	8587	23601	9062	1771	23603
198	14	17659	621	13583	3799	1022	9277	9937	4930	1746	7292	2553	20695	10285	11281
198	9	9228	7131	11310	4349	14449	4128	16753	14144	17562
224	8	13000	13321	15701	12531	15695	23297	11120	6155
224	8	15362	14261	18653	3574	8582	23297	22541	9845
301	2	1939	22100
301	3	3351	23635	3433
270	91	23600	3728	16615	17745	20269	3110	18282	22699	12718	8718	7268	4370	12301	10095	20579	6565	11247	7137	19646	7161	19358	5840	5186	1966	16773	17793	10779	668	11191	19689	9629	553	24033	15630	14779	3861	14160	13545	11225	7592	4485	12269	5555	23958	19521	18807	14740	17133	18162	947	17436	3790	8965	17308	19568	20939	18562	23024	15011	18373	3596	15442	9223	4234	9031	20166	6141	1622	18499	9578	5173	17570	9425	14176	12451	13426	4634	18074	11878	16258	4121	4066	19113	17254	15606	18956	17307	3051	5675	17201	13357
270	48	16965	11843	17276	17278	811	10139	17277	13466	22463	17421	8548	17640	23633	6302	2343	16193	24139	941	11842	13937	4615	13560	12248	8660	13908	11991	4042	19665	18886	4816	17238	18872	22603	3197	3705	17785	9480	4932	18927	1874	2585	19216	20798	4842	15675	17275	3349	7120
49	1	24040
49	1	4847
135	35	7860	6853	16983	8321	13534	4393	17556	1867	12052	20043	20380	14025	19051	5621	5616	5619	5617	5620	20112	20114	20115	4421	6781	5615	15334	15336	15335	3682	20216	24494	4419	5618	1666	9383	20113
135	22	1475	12827	8321	9370	4392	6631	12051	15745	20380	16391	17956	5614	20111	4420	6780	15333	3682	20215	24493	4418	1665	9383
188	35	7021	15427	20094	2418	18302	23151	11712	18779	4457	7053	10305	6608	202	4563	211	121	87	135	164	165	162	173	175	116	197	2353	160	223	228	246	11705	243	136	240	224
188	33	23087	23622	2871	16499	5289	5778	14539	20272	4395	17926	20756	18938	15006	23036	18248	13627	9185	11303	24270	19141	14383	8145	16152	18487	18924	5347	19600	20666	12684	13726	11457	16561	17881
293	42	5061	9197	16917	3612	5880	23015	9462	16232	442	2174	23585	24101	9686	23864	4457	23152	18664	450	439	1357	20977	445	14655	7071	18632	7004	23262	453	3577	446	20399	431	17618	16692	11703	179	482	7068	488	252	12539	12466
293	21	275	265	247	269	274	278	277	251	9482	257	233	270	204	268	215	273	266	276	221	177	255
215	97	3511	17258	3076	20130	5765	17038	3759	23169	15026	22497	13397	18082	10521	17138	19675	21975	21842	24237	23062	403	9465	14616	595	17888	7963	10729	21240	20143	13100	17368	21293	15014	21582	3671	1425	1457	20850	13600	2224	7367	21212	9728	16287	12273	21322	20861	21945	21746	10042	15154	1306	15024	22454	21977	21725	1351	12681	376	19559	8456	8717	18447	21135	18667	10008	22822	9321	9919	5689	17344	4787	22839	2561	16982	22842	14909	19105	21569	9920	5019	17367	7717	9765	21431	2776	6108	12243	5820	5930	3332	11410	17076	5909	19222	17249	9918	18888
215	30	21210	15363	2218	4060	12473	5332	3545	20903	473	11485	7771	479	14117	23514	11642	2220	23122	15360	8846	14888	22943	15571	15359	15086	18618	7542	17551	20905	18576	18577
67	1	9569
67	1	10798
314	3	19081	2031	10148
314	3	19079	10182	15224
321	74	12050	16737	629	19853	10362	13559	12485	19526	13685	841	717	15893	19855	9137	7978	635	2315	1555	22658	14921	7579	2449	11102	12496	11694	19449	22995	9953	4812	12481	7219	22145	14309	22809	2433	20242	6287	15934	18805	5465	8072	23088	10104	1477	14444	4997	3208	5536	13692	19331	10560	4363	9285	12049	7979	11334	20634	10908	4811	16472	23519	19854	16945	6019	18954	825	9850	11230	5227	8925	9150	8639	13417	2394
321	20	8134	13540	5611	19937	17199	10547	22790	19082	12474	10114	3182	4632	12001	19956	19722	20654	7328	14265	20601	7350
203	4	13359	19669	14728	12875
203	4	10094	23635	19920	9867
179	10	13270	24069	23620	11212	16394	14752	23138	10964	6416	22140
179	10	3532	11201	22104	19426	11730	23171	23625	20248	2682	15943
261	5	16625	22455	22410	17098	16651
261	2	16626	17958
71	2	7500	3135
71	2	1612	7139
5	1	892
5	1	12462
127	180	11803	16195	8741	8142	23238	20044	16763	15549	20426	10847	22319	10812	17585	10764	22352	15433	14489	2249	1577	10539	1721	6702	3213	15215	14482	20427	14484	1522	8617	3392	18053	23664	18619	20665	17710	14472	22345	14463	22265	14453	19123	16504	10645	10556	13778	5316	2878	1598	18163	10900	9011	5362	10343	8077	11177	17801	13983	13074	9941	10726	11368	1558	13672	12503	20264	18603	2831	16622	20879	23160	1488	5285	23208	19636	16722	7932	14034	10499	11674	12377	17874	18624	10591	15676	5320	17653	18301	11285	11336	14534	946	16712	8224	10648	24437	11142	13614	5241	5962	16571	13741	9901	10655	5317	6563	5405	7568	19246	14451	20078	1063	6432	7980	10562	11877	10625	23018	17880	10328	2838	11028	13615	1152	22444	20565	16441	11861	23277	18368	10256	2874	14481	7325	14459	15945	15455	16456	10813	11131	12314	6737	13792	4162	12552	12117	19364	1134	5524	22246	19067	5172	20265	22560	14460	18566	18156	16619	1521	11069	18258	10996	5380	23104	11723	16794	20286	6327	22353	8909	5171	10628	16557	20968	9911	14612	18607	6042	13881	5003	912
127	54	14775	17418	22483	4650	8790	23072	12312	20583	18770	5701	4533	7680	4231	20799	8797	4428	6229	20679	4426	3704	18662	22485	11656	2885	8791	8792	9631	6728	8693	20081	15402	2120	7429	7226	2388	2389	7517	17730	3651	2623	22333	20619	3565	12537	5699	5872	19949	18869	2078	23516	8322	24615	8789	19043
234	1	14006
234	1	23709
229	5	11008	11208	11775	20817	8971
229	4	12687	12686	19776	19471
285	11	4933	16426	19650	18878	7881	3517	2909	24621	648	15715	2908
285	11	2401	5510	14729	4821	7881	4265	2909	22286	648	19711	18563
256	22	1397	17387	16053	13966	11056	11057	22497	4679	16522	9741	21746	20132	919	9561	22461	13252	9750	8464	15030	15113	20764	10215
256	22	8288	10952	9614	7946	11055	22497	18936	16521	8464	23543	14371	5642	16328	11141	9312	13252	12556	11724	15513	9109	17539	10215
300	7	1397	4679	22181	14992	9875	21953	12619
300	9	8288	12344	3857	20194	19363	9875	1498	14286	13885
158	1	18471
158	1	6857
155	10	7134	23647	14112	3515	19917	7966	14134	5341	20790	3463
155	7	16009	23108	22379	23855	7710	1627	5027
214	122	13208	18958	18690	6633	1328	6621	24496	14774	8651	9301	4038	7387	7117	7797	14863	591	12246	14722	18430	1913	2654	4807	15639	6778	18270	4169	4999	5945	4045	14201	1796	17641	10175	7781	15504	19188	3338	10246	3727	755	17507	3117	7276	23100	23921	9416	19634	19889	9473	15506	12755	19028	3518	15817	8521	9286	15366	23643	7463	23232	12244	10101	807	22789	24041	3501	812	2798	3241	24180	22303	18786	12545	15099	12053	12219	8765	8128	12982	18334	13923	10092	7400	12402	22652	13852	23904	23919	15951	17193	3937	2038	18134	18997	19286	19558	14767	4757	4041	13888	2764	24572	2105	12445	22590	2456	24559	20331	8204	22993	16278	9120	4662	14763	22178	20206	17007	7643	2705	19282	6205	4156
214	121	3727	1328	18690	18958	6633	23643	17641	19188	3338	22178	13923	15506	807	22590	4169	7643	14722	12246	9473	10101	23100	18270	6778	15639	23232	2654	8765	14863	5945	4999	4662	6205	15366	15951	24496	6621	7463	4156	17507	14774	8651	3117	13208	24559	15504	10246	23921	1913	7276	12445	18430	7387	3518	19028	12755	22993	8128	12219	12982	17007	9301	20206	14201	10175	4857	19634	7117	24041	22789	812	3241	3501	22303	591	24180	9120	15099	12545	18334	12053	4038	16278	2705	13852	10735	22652	12402	7400	23919	23904	1796	14763	10092	19286	19558	2038	14767	18134	4041	4757	2764	13888	2105	24572	19889	7797	4854	755	17924	4807	18786	4045	17193	9416	9286	15817	2798	3937	14234	7781	18997
20	56	7871	15654	21948	21921	20018	1236	11056	11057	6225	15026	18511	4198	16821	2262	13406	4713	21548	17039	20894	10513	15806	19827	21929	17056	23848	7495	10022	23844	21293	21143	21241	7193	21348	18551	17068	5122	24279	21067	5475	21286	7156	21192	5693	21040	24154	2282	13250	21045	13554	2776	7426	2958	15018	15167	14029	2175
20	47	4305	11280	3496	7804	14340	935	11055	6225	9837	13786	3533	20970	10294	11003	956	20961	4150	12418	13612	21929	957	20247	4111	619	4545	20971	10957	14293	18854	20407	16780	4399	5406	23237	15678	11773	7156	12739	2736	5985	16490	3064	5444	11822	14324	4060	4501
260	27	8570	18202	11785	14516	13588	1549	11435	24578	948	15528	18946	3073	24533	16948	2961	15894	14518	4405	10266	9349	2001	857	14694	5460	1950	10618	16871
260	25	8055	12568	22217	10525	14437	10508	18188	24576	17706	15191	11783	22203	8750	19209	24533	639	7586	22494	1752	630	8802	12214	14822	24436	16932
195	33	12941	5356	2962	1179	8059	9085	9694	23389	152	8091	11780	24085	18298	10651	7292	8979	19928	325	918	9594	11782	339	7997	45	10266	44	18410	22636	375	4112	20801	939	1039
195	19	20995	892	2150	15414	16653	12816	16652	707	939	3699	891	19973	18578	9980	22882	15886	4936	17199	23136
307	16	5306	19303	12973	3959	3367	6068	14793	6157	7907	12879	24125	23736	11650	24132	3675	741
307	2	2441	8581
286	22	16166	18129	7707	12870	19711	14729	9589	24571	18126	15838	6010	835	18563	23357	2401	22286	22470	4265	3474	7141	19932	18593
286	20	16166	18132	8113	16387	15715	19650	1809	2941	15838	13488	22470	2908	4933	24621	14729	3517	13489	14406	6420	18563
337	2	8592	12221
337	4	2633	7350	8134	13272
196	13	14054	9376	18856	23951	16783	18209	12515	13871	13666	9906	14979	21035	2679
196	5	3755	12698	13451	4635	22882
228	11	6096	15350	12475	18663	6021	20464	5576	5163	16230	24495	11741
228	5	19956	2633	7708	8134	10747
328	2	23252	22099
328	2	734	9188
251	4	4726	3627	18710	17360
251	4	19974	3622	15226	19471
330	14	12968	21713	17939	11323	11594	12600	6801	21589	10462	20099	20106	13533	2358	18313
330	16	1400	7512	5699	6360	19304	10113	18449	2036	2218	13004	454	12743	13532	5700	15427	5701
110	2	4692	4693
110	1	10040
3	4	20582	23008	23007	23003
3	3	18671	14094	15688
194	5	22723	10142	15422	2437	3384
194	3	15702	4467	15425
309	6	5871	12311	15350	1809	2934	12164
309	4	10114	8134	2633	19920
106	23	19477	18004	13657	15211	15469	8642	5546	24187	13720	6981	13610	9030	10572	1535	11098	22135	1463	11729	18196	9610	5668	17998	5670
106	17	2218	4060	15363	17868	9742	22921	23358	11545	23772	15850	2903	22904	22925	15114	9247	21219	496
152	3	12323	12963	13488
152	4	6547	18128	6010	23114
0	6	9252	1949	725	24432	15900	6642
0	5	10906	11698	22115	3841	14050
345	2	7553	12886
345	2	10466	6002
128	24	4493	13715	5595	2030	20935	13839	19892	3100	6195	4589	20782	15435	19922	5497	11853	18142	7839	4235	12241	4858	13327	24497	11406	5485
128	19	2352	7350	12994	23635	12169	19937	10036	1987	12516	24076	19920	19291	10114	3351	13090	22790	2397	14945	2448
171	20	14207	10384	12342	4212	7835	9429	10642	4388	18669	10641	17095	7391	2230	7492	7063	2229	9475	2232	14209	14208
171	2	2163	501
61	8	16153	4534	3486	17141	19062	1643	1117	3606
61	7	10645	6244	8138	18540	1647	13718	23318
350	1	6305
350	1	6305
10	5	4130	24018	17991	20539	19072
10	1	8091
40	48	23396	23459	6227	23505	11515	11503	23484	23407	23465	20627	11518	11540	11538	23444	23471	12473	23405	23469	23423	23513	23414	7546	2223	23447	22689	9391	23446	11489	15203	23510	5099	23458	23404	23454	23455	22256	19959	6594	20411	654	7538	5849	23490	11486	19210	23428	18431	11557
40	41	2076	23641	3115	15444	16303	16701	13090	20028	13530	18148	917	13272	13370	8551	8602	18773	23071	3588	2352	815	3743	23658	12965	2077	8111	19926	3342	12364	19937	19920	17866	12397	15706	3993	15684	14674	12435	23769	12994	19722	14039
265	14	23396	11494	23434	23408	11505	23473	11525	23446	23483	23461	11497	23416	15399	11486
265	7	5184	10606	13445	4353	22968	23447	11463
131	7	12222	20947	4012	12416	3740	19533	16916
131	7	12222	20947	4012	12416	3740	19533	16916
133	20	9556	32	17464	17894	18500	347	22877	22876	358	15225	352	291	325	150	16370	394	23632	22878	7293	13907
133	16	12994	13190	8134	20818	8111	7509	19926	13164	22478	8910	2206	1610	11710	18501	16810	2352
279	21	20718	4459	20777	10642	7295	2047	2046	10641	2694	9430	19589	9688	22514	20717	7496	14209	19590	4458	20843	7299	11927
279	21	20717	20777	4459	10641	7299	2046	2047	2694	18352	9429	19590	11927	22514	20718	10384	14207	19589	16804	13433	7295	9688
182	3	18676	9337	5139
182	2	10114	4985
102	24	16195	15549	10847	20427	1522	20665	16504	10645	10556	5003	8481	12503	22353	13981	1488	16722	17874	15676	18301	13614	18394	23018	11135	3213
102	3	17418	4650	14775
15	37	23342	2110	23339	2234	13433	7299	7311	17057	22610	14210	4217	18650	9687	16804	14211	10641	22512	14208	2233	14086	11927	4211	23352	8815	2111	22511	4215	2232	14209	4389	4218	4216	4460	17858	2229	20843	7391
15	26	8910	20818	8134	7995	22339	11612	14770	14680	19920	9343	19807	2397	19937	19722	1798	9382	15177	16120	4993	10114	18920	4556	7498	23779	13190	7350
132	6	24196	17791	14912	13900	13897	21998
132	6	22769	3458	16242	23164	758	17474
22	7	2110	17097	14210	2111	22511	4218	4216
22	5	23341	7836	2163	22513	7834
310	8	23528	2816	3181	15939	13058	19531	18912	3119
310	8	12318	6047	9934	8581	6234	8967	10747	4947
311	8	23528	2816	15939	13058	19531	18912	3181	3119
311	8	12318	6047	8581	6234	8967	10747	9934	4947
217	19	21932	7491	21598	21784	21530	20847	17017	20147	3077	21359	6193	17039	21563	12355	7874	7873	10073	7799	2945
217	4	20139	19147	4701	20552
9	2	14902	21243
9	2	5980	2848
304	9	17745	10268	810	5559	17212	18499	8380	840	18956
304	8	17440	19646	20579	17239	16615	6603	4658	5186
201	14	9447	18560	23114	18133	18790	8677	23725	1790	5343	13277	14781	4522	22143	10016
201	14	12067	23642	12323	18131	11747	3115	14411	8568	5342	8314	8715	17779	12937	3615
202	14	9447	18560	23114	18133	18790	8677	23725	1790	5343	13277	14781	4522	22143	10016
202	14	12067	23642	12323	18131	11747	3115	14411	8568	5342	8314	8715	17779	12937	3615
242	2	9653	21149
242	2	14305	16835
312	5	19669	10549	1790	9924	12335
312	5	3351	6519	19655	3993	19934
81	30	3578	22011	187	12813	77	84	118	12810	12832	68	12836	12809	210	12838	12820	12824	12822	12825	12811	12821	12837	12833	248	12819	12842	12823	12806	12815	281	12818
81	225	13639	976	1697	17526	5259	10976	11444	15477	7936	10991	5450	8214	4592	16443	3791	13750	13644	14515	18539	4829	13095	23957	13703	11436	24540	17856	6700	5801	5424	6428	5887	23290	3722	3107	19274	5881	15879	13495	16234	17535	12014	19248	1413	19247	5890	7290	18401	5672	14535	14673	23374	2975	6835	6090	20189	1046	5386	10260	14879	17527	19593	1722	6927	5910	10262	14447	24592	13230	19263	10577	13658	7684	22678	5204	7687	22285	11907	5657	17833	15180	20432	22335	10744	1061	13464	23019	19241	9895	8241	24264	15322	18709	14704	14719	18119	23319	5213	24248	8450	4379	18541	16094	5797	12571	15580	11363	20208	13869	1159	7808	16567	24326	1032	5042	15551	3157	8860	9828	20056	13834	14359	12159	14140	9041	14701	8812	14142	1878	14139	9970	14700	13819	12654	7183	7247	14150	19330	6291	14699	15537	13814	15320	7324	5230	6186	20072	6187	9909	15778	19702	14536	15321	6346	16570	14091	7806	1518	24309	1058	18380	22384	1969	12119	24307	6588	844	10186	10695	16987	7849	12015	1510	13637	15496	16334	1702	2385	4339	10204	24561	13161	6202	2355	19619	10897	10283	19231	20812	12217	7852	2622	14851	18708	1879	2322	11283	6383	15259	10201	20498	10882	1068	3312	11405	10537	4814	10540	5154	6978	5414	4973	5884	7182	23026	8811	1042	24617	22183	3409	12684	1307	15534	8018	20187	14718
271	10	20269	15644	7929	11225	23958	18807	947	16258	4121	2432
271	12	18985	3863	22702	23525	15199	17133	3776	13426	17308	3111	13847	12718
343	2	7835	7836
343	3	16030	18668	17097
70	1	3346
70	2	24178	20180
289	6	22753	1014	4195	8799	13478	11461
289	6	14674	12957	12169	12646	15286	11639
219	4	7728	11044	22115	3841
219	4	20561	1223	725	24432
123	10	11532	23451	23504	11554	11547	24202	23402	24201	23467	11474
123	5	21036	12230	22008	22943	4061
348	1	6021
348	1	8134
220	11	5234	12417	16842	8452	7804	6437	14032	6516	22665	10873	8206
220	11	5234	12417	2218	8452	21921	6437	2895	13050	22665	19513	24360
223	14	7646	24325	9975	3493	1222	2561	17727	23349	24153	9955	7899	7800	19579	17333
223	13	2311	24325	2860	1574	5058	10853	4915	12201	8313	8969	17870	7355	17333
16	7	19643	11316	20278	5549	3365	5605	11313
16	7	23952	11313	19603	5605	12153	5549	11316
92	7	20464	3591	4469	3590	14206	21959	1335
92	6	20463	8977	4469	7726	19127	1335
41	37	23459	11494	24483	23421	23505	23481	11574	23465	23495	11540	11572	11550	11565	11482	23439	23413	23426	11568	23489	23487	23401	11509	11519	11476	23509	23485	11484	11513	23116	11521	23457	11566	23494	11510	11569	23450	23438
41	13	23776	17174	24480	22943	23775	22885	4347	20999	674	5735	15115	11510	479
298	16	9641	11855	15423	3120	7803	2375	5133	15661	5010	19451	7923	3766	20131	22330	13529	18045
298	17	10098	3767	7398	12979	13935	17747	9092	19369	19092	19910	20978	3869	6958	17767	20180	5336	12274
178	3	5137	3135	7500
178	3	12017	20327	1612
240	2	24325	13010
240	2	24325	10914
294	11	78	91	103	101	112	114	104	127	93	64	73
294	6	4295	10855	950	10366	10848	13216
332	7	71	88	133	163	106	249	254
332	5	4295	13728	10366	950	5236
248	6	76	89	99	100	120	119
248	2	13728	950
333	3	83	91	79
333	2	19320	22729
114	1	81
114	1	22729
118	1	81
118	1	22729
296	2	81	83
296	1	22729
116	6	89	99	100	113	108	75
116	3	13728	950	4295
295	1	91
295	1	19920
113	9	112	120	119	127	73	75	64	78	100
113	4	950	10366	4295	13216
117	2	163	182
117	1	8134
249	1	182
249	1	8134
302	1	9838
302	2	8134	12994
6	169	23781	5838	19401	14911	4902	3445	23783	15613	18736	23829	21698	17207	19340	5961	19960	2253	9807	5563	24378	18555	6615	23678	10212	20783	9722	8885	15254	15981	21037	5763	23875	23673	20377	23874	4056	21031	8325	14788	23595	5532	540	1356	10000	14849	5740	14792	20396	19503	2611	7549	18969	12862	3237	20929	23869	20609	9725	9718	16400	18553	12469	11763	21400	11769	4900	3689	6134	9773	9721	6907	12680	9338	23917	12290	20346	3634	23881	13142	13455	6913	12894	5538	15050	17901	8947	6918	23822	22709	18105	1329	19398	23692	6911	7412	22253	20384	15621	21466	20491	17426	6445	5952	7695	6920	9824	23594	9825	17372	19969	20767	18280	11369	1927	9714	5947	18765	1423	18970	23920	22091	12091	9445	24388	2594	12629	20920	15995	9992	6974	19698	8455	22422	4553	20729	1227	20852	24389	22646	4667	23785	12037	10376	9102	17018	1190	6442	7765	2967	13041	21041	14898	7872	23529	19726	9100	11996	22655	11857	8185	5852	4446	5051	9112	17935	21481	16876	9657	23301	1228
6	161	23782	17109	21870	20120	16236	23704	22628	9558	9437	21531	61	6059	2298	14974	21170	4663	15382	21993	24094	9537	21687	22549	20909	22814	823	15000	19154	7482	17839	21505	7909	22261	1835	18075	9713	11496	19664	20872	16182	18382	18680	9994	10856	11766	9493	21205	4843	6074	6386	21304	21699	17205	14097	15870	17964	20157	6112	14664	21065	608	19496	15337	14915	12709	17409	23527	16399	6906	8254	11951	9567	21229	21187	21490	19347	9114	6685	6912	12893	15990	4940	11611	19173	17380	19290	7319	13132	2568	23689	6936	15248	9427	3452	3380	9883	21787	4718	6278	2545	17558	13049	11610	17933	5530	13522	23347	15972	21317	23187	9562	21760	4674	11630	2285	21358	14557	22090	3526	4898	9332	9707	9547	9486	9965	23797	13253	4552	5974	15041	13342	11949	20593	21941	3521	10377	11933	10081	13301	22653	13003	5836	37	3124	13104	2383	54	14784	9568	4442	17759	8161	14165	1797	15593	21101	9374	21895	2276	534	1433	9544
76	6	15167	4198	4977	17643	21040	16821
76	4	11786	8148	8164	23665
53	33	23550	23549	6300	13849	3345	12384	12168	16522	3880	19029	10215	9061	21441	16437	9069	9551	15873	12195	21670	17259	22318	6471	6619	22375	17059	10548	16412	1996	15030	15853	28	15133	642
53	22	2218	15363	8846	4060	23122	4059	20905	5332	479	11514	11485	5041	7840	15360	20710	11642	22943	6630	15571	9863	18658	11606
17	1	976
17	1	22011
253	5	14554	10533	11605	12840	12851
253	6	1450	1660	1871	17299	16460	5970
199	3	9337	2624	16953
199	3	7168	8547	16953
192	2	3894	7092
192	2	19781	16119
216	11	1326	6680	6681	1818	7262	7264	2069	5864	20740	6684	13209
216	9	1327	6682	6683	1819	7263	7265	2070	287	13210
272	1	7091
272	2	16224	24559
218	14	9745	2153	371	47	23136	156	322	327	406	8687	413	346	148	15685
218	14	1384	18037	8483	10963	14298	16500	5964	6635	9287	24426	8028	23089	18013	770
137	1	16967
137	1	16968
140	2	12356	5725
140	1	22073
331	5	18367	18364	18366	18582	18361
331	8	4175	1317	15876	4646	7782	23769	5124	23756
335	12	3716	14169	12718	15660	23323	13847	3111	3863	10733	22702	20789	2100
335	10	10942	3569	15887	809	2432	7591	23323	4121	16258	15644
64	19	17464	157	13722	8796	23008	13721	421	397	395	425	7997	45	305	17810	303	23632	148	357	328
64	15	17466	297	338	312	891	143	42	16652	328	9745	22878	373	44	147	15886
91	3	3591	3590	14206
91	2	8977	7726
46	12	6362	990	5430	7861	13196	1811	3672	8266	24583	18437	11226	2576
46	2	23095	4633
45	3	6362	5430	2576
45	1	17112
316	14	2708	4763	4645	15716	5725	17090	20089	14713	14854	3703	4069	2931	11819	13391
316	5	23343	2445	19679	9412	22169
191	1	1014
191	2	12957	9362
290	3	1014	1015	1016
290	2	16388	23803
340	12	2228	12233	15531	2637	2638	7622	13302	22990	1601	14203	4630	1901
340	2	12850	51
74	6	2906	10660	12536	6178	3977	3136
74	5	12994	14944	2714	4847	2719
85	2	23972	16150
85	2	4704	21478
30	16	6477	23888	2966	12593	17082	20900	12358	22047	6695	5819	5114	10359	15989	15332	1303	18583
30	16	6477	23888	2966	12593	17082	20900	12358	22047	6695	5819	5114	10359	15989	15332	1303	18583
31	20	6477	17805	17010	618	18615	23075	13062	15345	16902	14812	14813	14798	19112	14803	14799	14805	3707	15356	4448	14806
31	12	3794	6400	4095	6020	2727	23987	1505	23929	8038	5900	13072	6394
60	1	5392
60	1	2236
43	2	24610	23099
43	3	20772	7350	19956
21	2	14869	11819
21	2	18359	14578
341	3	5323	20999	1896
341	3	5324	21000	22881
159	1	4690
159	1	10078
51	1	22862
51	1	24585
148	5	8718	20579	11191	810	12301
148	3	20170	3614	811
12	1	6604
12	1	10080
322	1	6604
322	1	17825
258	10	1327	6682	6683	7263	1819	7265	2070	13210	200	7166
258	10	1326	6680	6681	7262	1818	7264	2069	13209	200	12247
28	9	11226	13196	1811	8266	1231	8277	16933	18437	7861
28	2	4633	23095
193	2	19377	14759
193	1	4697
347	5	2960	18619	1558	16557	8224
347	2	17418	22485
244	3	5242	40	9057
244	3	221	6815	21871
4	1	15594
4	1	20860
2	2	6052	10127
2	3	1436	12994	2397
338	1	12221
338	1	14124
124	6	1466	7232	7093	1140	12160	22198
124	3	15544	13718	1136
125	12	7232	14132	1121	7093	1140	1643	15544	12160	20754	20567	12769	22198
125	6	13718	1136	15544	10126	9381	20797
38	2	12778	15828
38	2	12778	15828
50	11	4187	191	188	203	18645	207	184	129	123	271	189
50	8	3389	18300	19445	15443	7663	11013	16733	11102
29	3	5312	15514	17228
29	2	12994	4851
33	6	13720	7637	6037	14742	20268	16593
33	7	15228	8667	4576	22931	22856	15114	9742
87	1	10405
87	1	1606
63	5	10405	24134	3776	8553	11423
63	3	15260	2926	2212
200	2	3462	12164
200	2	19937	19920
313	3	1867	13536	12840
313	4	8321	6517	8578	10054
291	1	16325
291	1	7571
324	5	16080	3980	15689	15888	1888
324	5	24252	18865	20576	10184	8813
143	6	16080	17686	21002	15689	16643	7348
143	3	2936	14985	6021
162	3	24252	18865	10184
162	3	16080	3980	15888
126	5	22024	12160	14226	15212	12769
126	5	12769	3606	15212	14226	22024
141	12	5186	23323	1966	8572	17550	9629	19568	19983	6141	9425	20352	17307
141	7	17088	19646	20939	17774	17239	20350	8429
84	13	5186	15199	810	17133	4983	15011	2801	1622	2180	14789	7405	17307	10333
84	11	15660	3596	23600	2880	20579	8572	668	12143	20350	12360	20571
181	1	20090
181	1	12920
8	1	12107
8	1	1404
44	3	22791	18678	17666
44	3	14090	3420	23627
303	2	19491	19490
303	1	23223
308	2	14728	2934
308	2	14728	2934
104	1	21283
104	1	10875
62	2	24551	16714
62	4	8941	20800	11845	20799
83	3	12269	8380	3836
83	3	7161	12451	5697
36	1	13697
36	1	19870
82	1	3606
82	1	12160
55	1	3606
55	1	13718
136	2	3095	4949
136	2	1555	10901
42	1	7322
42	1	14068
73	1	222
73	1	2633
34	2	23774	14972
34	2	15957	4178
146	25	184	109	208	131	125	205	213	214	201	183	230	226	227	236	231	136	82	242	245	102	264	282	259	267	105
146	14	20092	17393	17214	23037	20557	14181	12008	6792	6452	8134	10462	20705	11992	19662
39	2	10216	19584
39	2	20340	6886
292	1	8565
292	1	8636
107	2	1222	14595
107	2	5058	14595
120	3	3568	12247	200
120	3	12247	7166	200
299	1	2402
299	1	9586
156	2	11823	6215
156	2	17478	22921
318	1	14730
318	1	24512
211	1	7698
211	1	1708
77	1	1379
77	1	14942
78	1	23076
78	1	17488
267	1	6228
267	1	3100
235	1	2219
235	1	2218
27	1	18437
27	1	17112
305	2	20488	17669
305	2	17669	20488
